Time (Seconds),Unnamed: 1,X1,Y1,Z1,X2,Y2,Z2,Pxy,Pxz
140.87,138.17,2.906506,1.481904,6.85744,2.918528,1.48649,6.864637,-149.09304762724028,-159.11978214428876
140.88,138.18,2.882499,1.473947,6.845934,2.895594,1.478607,6.859464,-134.0639832184378,-160.41133832098285
140.89,138.19,2.863326,1.466342,6.833937,2.87451,1.470621,6.842538,-142.4380932463192,-159.06314217973173
140.9,138.2,2.843477,1.460028,6.817881,2.85502,1.464314,6.828031,-138.67416167600425,-159.62967170965013
140.91,138.21,2.82465,1.452737,6.800363,2.83554,1.456524,6.811741,-133.7445722289481,-160.8248692948372
140.92,138.22,2.805901,1.442832,6.783215,2.815951,1.446776,6.79331,-134.8720126190325,-158.5730802823485
140.93,138.23,2.785618,1.431538,6.766036,2.796057,1.436584,6.774868,-139.76684038664453,-154.20182308034572
140.94,138.24,2.787791,1.43052,6.765584,2.775946,1.426674,6.757133,35.50655122311895,17.988300743868813
140.95,138.25,2.755566,1.412411,6.740283,2.755593,1.41579,6.739089,91.29541243181973,-90.45781388690357
140.96,138.26,2.728086,1.404022,6.716568,2.736008,1.404476,6.720321,-154.65102603306232,-176.72003754671894
140.97,138.27,2.703486,1.39615,6.692249,2.7182,1.393273,6.70041,-150.98541638336505,168.9366461370937
140.98,138.28,2.695155,1.377779,6.669438,2.703178,1.382724,6.678944,-130.16414052703738,-148.35227174925953
140.99,138.29,2.680341,1.368366,6.646405,2.689885,1.372683,6.656559,-133.22625345093294,-155.66152050615477
141.0,138.3,2.665916,1.357224,6.622709,2.675551,1.361237,6.633082,-132.88758872977175,-157.38815819234765
141.01,138.31,2.65117,1.344664,6.599003,2.66065,1.349136,6.609096,-133.20615969649012,-154.7453441391727
141.02,138.32,2.636821,1.331453,6.575575,2.645794,1.33586,6.586079,-130.50547637592842,-153.84249480338534
141.03,138.33,2.621842,1.317357,6.55178,2.631175,1.322386,6.562205,-131.8365522170773,-151.68240674528886
141.04,138.34,2.607488,1.303536,6.527366,2.616675,1.308789,6.537512,-132.16021041917222,-150.23967346804062
141.05,138.35,2.594776,1.291057,6.502525,2.603508,1.296,6.513186,-129.31953805251987,-150.48671999183648
141.06,138.36,2.582824,1.27976,6.477255,2.591296,1.283707,6.488268,-127.57010054690988,-155.01977071982995
141.07,138.37,2.570443,1.268083,6.450887,2.579001,1.272156,6.462151,-127.22632091449952,-154.54887052455345
141.08,138.38,2.559058,1.256175,6.423951,2.567199,1.260036,6.435253,-125.76577135351009,-154.62660200129315
141.09,138.39,2.54733,1.242283,6.396212,2.555597,1.246244,6.407584,-126.0156881958537,-154.3993390239403
141.1,138.4,2.53696,1.226019,6.367977,2.544513,1.230414,6.378999,-124.42150882314374,-149.8053888857038
141.11,138.41,2.526963,1.208027,6.33906,2.533898,1.212982,6.350422,-121.39855091889706,-144.45450772641772
141.12,138.42,2.516777,1.188854,6.310486,2.523172,1.194242,6.32185,-119.36828501911266,-139.88474871761312
141.13,138.43,2.506362,1.169901,6.282475,2.512739,1.175284,6.293885,-119.20063723909104,-139.8313738386788
141.14,138.44,2.495723,1.151654,6.254344,2.502132,1.156676,6.266194,-118.40646794782111,-141.91826240023352
141.15,138.45,2.484825,1.134764,6.225745,2.490717,1.139462,6.237705,-116.22680013579505,-141.4328110551486
141.16,138.46,2.473419,1.119288,6.196529,2.479703,1.123522,6.208502,-117.69262602227585,-146.02890857622873
141.17,138.47,2.461513,1.10553,6.166247,2.468081,1.109255,6.178069,-119.05542708963442,-150.440532152746
141.18,138.48,2.449869,1.092286,6.134381,2.456325,1.096011,6.146244,-118.55561142219017,-150.01579970845913
141.19,138.49,2.437922,1.078271,6.102282,2.444511,1.081746,6.114359,-118.61611010451905,-152.19309826328666
141.2,138.5,2.426545,1.062748,6.069827,2.432556,1.065976,6.082042,-116.20179316054579,-151.76351348790246
141.21,138.51,2.4158,1.045593,6.036817,2.421533,1.048872,6.049092,-115.03477796919908,-150.23252191249014
141.22,138.52,2.405067,1.027265,6.003572,2.411007,1.030816,6.015635,-116.2163184499604,-149.12853456022322
141.23,138.53,2.393066,1.009139,5.970537,2.399226,1.013047,5.982768,-116.73157557190508,-147.60832154531363
141.24,138.54,2.382042,0.992298,5.937568,2.388487,0.995626,5.949801,-117.78266497585363,-152.68955929049173
141.25,138.55,2.369303,0.977613,5.904467,2.376652,0.980466,5.916563,-121.2810333457013,-158.7829869284567
141.26,138.56,2.356271,0.965759,5.87112,2.363574,0.967613,5.883016,-121.54592339751999,-165.75534880236083
141.27,138.57,2.342032,0.955492,5.836982,2.349633,0.956905,5.849024,-122.26042559908615,-169.46911885331508
141.28,138.58,2.327924,0.944237,5.802022,2.33498,0.945831,5.813971,-120.56226140469442,-167.27016132178343
141.29,138.59,2.312976,0.930486,5.766155,2.320152,0.933475,5.777993,-121.22355126915897,-157.3869386316324
141.3,138.6,2.298899,0.916008,5.730088,2.305908,0.919404,5.741987,-120.4998332334483,-154.14888822010326
141.31,138.61,2.284677,0.902091,5.694639,2.291497,0.90528,5.706354,-120.20623643497908,-154.93943000954428
141.32,138.62,2.270133,0.887796,5.659222,2.278549,0.890321,5.670209,-127.45197677278964,-163.29950660746263
141.33,138.63,2.255142,0.876161,5.624365,2.263321,0.878895,5.635444,-126.43635761975584,-161.5167286873868
141.34,138.64,2.238775,0.867663,5.590288,2.247458,0.869134,5.601322,-128.2003149013273,-170.38472968749826
141.35,138.65,2.22077,0.860874,5.555526,2.229773,0.861803,5.566602,-129.10554176918347,-174.10862393667287
141.36,138.66,2.201282,0.853581,5.520531,2.210421,0.854923,5.531289,-130.34814527630206,-171.64620707639372
141.37,138.67,2.181431,0.844455,5.485237,2.190264,0.846784,5.495876,-129.70105849450584,-165.22898198020826
141.38,138.68,2.161581,0.833723,5.4491,2.170248,0.837297,5.459672,-129.34514117842218,-157.59027912371408
141.39,138.69,2.142567,0.822597,5.413251,2.150846,0.827039,5.424002,-127.5987134182737,-151.78474114906982
141.4,138.7,2.123781,0.811858,5.37743,2.132789,0.815619,5.387533,-131.72071802958754,-157.33859707517604
141.41,138.71,2.104579,0.802987,5.342577,2.114271,0.806413,5.352061,-135.6214567577238,-160.53213968212555
141.42,138.72,2.084179,0.796911,5.30885,2.094184,0.799121,5.318251,-136.78272093717464,-167.54397575396501
141.43,138.73,2.062578,0.791788,5.275454,2.072469,0.794161,5.284558,-137.372519262899,-166.50886768117275
141.44,138.74,2.039297,0.789548,5.242009,2.049794,0.790179,5.251364,-138.2923507680563,-176.55995198989788
141.45,138.75,2.014931,0.785386,5.208307,2.025445,0.785883,5.217839,-137.8045252489797,-177.29362553692647
141.46,138.76,1.989882,0.778887,5.174418,2.000368,0.780041,5.183873,-137.95970096100896,-173.71978622765235
141.47,138.77,1.964985,0.770492,5.139903,1.97557,0.772397,5.149356,-138.2333544743492,-169.79759920022474
141.48,138.78,1.940928,0.761085,5.105327,1.95117,0.763826,5.114707,-137.5154024695733,-165.01741159235814
141.49,138.79,1.917121,0.752859,5.071242,1.927744,0.754897,5.080527,-138.84501888438515,-169.139881005459
141.5,138.8,1.893263,0.747173,5.038758,1.90428,0.747973,5.047567,-141.35478196192,-175.84675384670064
141.51,138.81,1.868492,0.742882,5.006376,1.87946,0.743378,5.015615,-139.89056763656478,-177.41070773031612
141.52,138.82,1.842912,0.740929,4.974352,1.85385,0.741276,4.9831,-141.3478582715209,-178.1829429787832
141.53,138.83,1.816726,0.740783,4.942111,1.827562,0.740949,4.951053,-140.47013328124294,-179.12233707283934
141.54,138.84,1.78957,0.740086,4.910226,1.800486,0.740188,4.919271,-140.35484694259287,-179.4646391140725
141.55,138.85,1.761726,0.737291,4.877876,1.772743,0.737642,4.886803,-140.98238569621773,-178.17518215002156
141.56,138.86,1.733812,0.732531,4.84473,1.744549,0.734004,4.853783,-139.86378055548343,-172.18840363096052
141.57,138.87,1.706762,0.727126,4.811496,1.717513,0.728527,4.820889,-138.85673735768873,-172.5754271676769
141.58,138.88,1.680602,0.722474,4.779149,1.691359,0.723099,4.788438,-139.18838317539462,-176.6747561697693
141.59,138.89,1.654483,0.719676,4.7476,1.664742,0.719107,4.757471,-136.10422305250407,176.82542833173977
141.6,138.9,1.627452,0.718227,4.716664,1.637709,0.717842,4.726401,-136.48980146565722,177.85039248666592
141.61,138.91,1.600827,0.718761,4.685819,1.610555,0.717833,4.695728,-134.47190291702438,174.55077387103574
141.62,138.92,1.574058,0.721934,4.654914,1.583738,0.720499,4.66473,-134.60032316253213,171.56766821369882
141.63,138.93,1.546825,0.725486,4.623634,1.557198,0.723961,4.63305,-137.76867832961645,171.63649916599024
141.64,138.94,1.518592,0.727031,4.592175,1.529244,0.72564,4.601421,-139.04182300179227,172.56008397274337
141.65,138.95,1.489886,0.726141,4.560081,1.500493,0.725539,4.569542,-138.26837390380084,176.75166434958075
141.66,138.96,1.461916,0.723578,4.52819,1.471891,0.723244,4.538126,-135.11222603301627,178.08224126607035
141.67,138.97,1.434398,0.721651,4.496547,1.443815,0.720569,4.506898,-132.2948963012615,173.44553832360012
141.68,138.98,1.407106,0.720234,4.464975,1.415966,0.719263,4.475601,-129.8214783379636,173.7457046514484
141.69,138.99,1.380963,0.720973,4.43338,1.389687,0.719925,4.444271,-128.69571790515846,173.14997539946015
141.7,139.0,1.354772,0.723189,4.402324,1.363873,0.722106,4.41307,-130.26192302119384,173.21383362923083
141.71,139.01,1.329692,0.727833,4.371264,1.338924,0.72673,4.381907,-130.93917319391647,173.1868400951957
141.72,139.02,1.304541,0.733979,4.33961,1.313535,0.732338,4.350349,-129.94644833286006,169.65983974814463
141.73,139.03,1.278644,0.739282,4.307818,1.287816,0.737664,4.318638,-130.28759317827254,169.9955838564871
141.74,139.04,1.252057,0.742629,4.275898,1.261173,0.741204,4.286546,-130.56759959469824,171.1155062654472
141.75,139.05,1.224995,0.744398,4.243731,1.234184,0.743336,4.254596,-130.222644623678,173.40740557180084
141.76,139.06,1.19883,0.74571,4.212044,1.207317,0.744345,4.223145,-127.39884243805112,170.86312510211604
141.77,139.07,1.174405,0.747199,4.180246,1.181734,0.744865,4.192096,-121.73600414581635,162.33535630658938
141.78,139.08,1.150007,0.748969,4.147467,1.157913,0.747016,4.159537,-123.22529707073024,166.1241576758347
141.79,139.09,1.127094,0.752544,4.115378,1.134935,0.750792,4.127303,-123.32596803124068,167.40467095616353
141.8,139.1,1.105377,0.758519,4.083572,1.113023,0.756411,4.095623,-122.3939083265114,164.58648354855552
141.81,139.11,1.084202,0.76682,4.051873,1.091868,0.763886,4.063616,-123.13708257252897,159.05670558677795
141.82,139.12,1.062747,0.774698,4.020378,1.070199,0.771644,4.031555,-123.69243340930645,157.71505985821838
141.83,139.13,1.040525,0.781053,3.986864,1.047597,0.778377,3.998894,-120.44972368219571,159.2736749637096
141.84,139.14,1.018674,0.785252,3.952817,1.024849,0.783224,3.965622,-115.7449222107152,161.81873102264126
141.85,139.15,0.997698,0.787953,3.919314,1.002947,0.785637,3.932681,-111.43911573374578,156.19163787223846
141.86,139.16,0.976794,0.790284,3.885968,0.982425,0.788912,3.899226,-113.01213009854783,166.30662557575897
141.87,139.17,0.955411,0.793418,3.85322,0.960996,0.791481,3.866351,-113.04147460984628,160.87233690113447
141.88,139.18,0.935139,0.797679,3.821175,0.940927,0.795822,3.834011,-114.27153183315691,162.21187787485468
141.89,139.19,0.915406,0.803315,3.78936,0.921853,0.801115,3.801846,-117.30903934248322,161.15810132079508
141.9,139.2,0.897229,0.81069,3.758078,0.903503,0.80783,3.770444,-116.9013638943087,155.49415144242275
141.91,139.21,0.879562,0.819864,3.726035,0.886008,0.815725,3.738035,-118.24320988057401,147.2953326724587
141.92,139.22,0.862171,0.827597,3.693144,0.868066,0.823769,3.70506,-116.32220040214085,147.00176217495527
141.93,139.23,0.844207,0.832973,3.657785,0.850789,0.830536,3.67013,-118.06525964682749,159.68281718631837
141.94,139.24,0.826166,0.836334,3.622685,0.832738,0.834758,3.63529,-117.53665349583144,166.51481867092767
141.95,139.25,0.807808,0.838955,3.587625,0.814808,0.837614,3.60007,-119.35666061246339,169.15515884748604
141.96,139.26,0.789812,0.841432,3.552832,0.796956,0.84093,3.565861,-118.73663247243891,175.98050379020233
141.97,139.27,0.773168,0.844315,3.51913,0.780041,0.843444,3.531882,-118.3235254574897,172.77753322042724
141.98,139.28,0.756293,0.84923,3.486648,0.763399,0.847614,3.499158,-119.59768312522344,167.18806717594973
141.99,139.29,0.739836,0.856217,3.454368,0.746917,0.853299,3.466834,-119.5976592366168,157.6039950067477
142.0,139.3,0.72395,0.864644,3.422445,0.730208,0.862077,3.434702,-117.04728361203546,157.6968090952531
142.01,139.31,0.707894,0.873544,3.388894,0.714756,0.870951,3.401231,-119.0833814846595,159.29951578582558
142.02,139.32,0.691198,0.881762,3.355312,0.698105,0.879304,3.367814,-118.91940387473736,160.4108379037046
142.03,139.33,0.673846,0.887586,3.320763,0.680756,0.886378,3.333224,-119.00968891019197,170.0838114658056
142.04,139.34,0.656719,0.891771,3.286926,0.663347,0.890635,3.299458,-117.87373886712867,170.27434093734976
142.05,139.35,0.63985,0.894978,3.252237,0.646879,0.893719,3.26526,-118.35739545051007,169.8451440188981
142.06,139.36,0.624376,0.897558,3.21836,0.630738,0.896917,3.231463,-115.89831940769832,174.2466095685717
142.07,139.37,0.609166,0.902562,3.185774,0.615948,0.900524,3.19865,-117.77651062707278,163.27440717988767
142.08,139.38,0.594345,0.908401,3.153577,0.601061,0.905866,3.165752,-118.88210291954016,159.32064381863893
142.09,139.39,0.579165,0.916187,3.121804,0.586353,0.913461,3.133744,-121.04836335113369,159.23110946675695
142.1,139.4,0.564334,0.925893,3.090269,0.57099,0.923592,3.102124,-119.31207009470646,160.92957238452004
142.11,139.41,0.548515,0.935714,3.058166,0.555279,0.933102,3.070337,-119.06299709401424,158.8853321571711
142.12,139.42,0.531672,0.943281,3.025491,0.538176,0.941151,3.03763,-118.18212646605058,161.86685592958557
142.13,139.43,0.514528,0.948791,2.992326,0.521081,0.947017,3.004426,-118.43865724840846,164.85221129257047
142.14,139.44,0.497743,0.953772,2.959174,0.504329,0.951968,2.971353,-118.40305503518873,164.6815938372836
142.15,139.45,0.482584,0.959651,2.926777,0.488568,0.956608,2.93946,-115.25853183017622,153.0456290196667
142.16,139.46,0.468634,0.966826,2.894915,0.474678,0.962765,2.906964,-116.6391847499686,146.10260881676822
142.17,139.47,0.455076,0.975157,2.863073,0.460781,0.971008,2.875439,-114.76603144852729,143.97322377561508
142.18,139.48,0.44148,0.985561,2.832227,0.44742,0.981314,2.844534,-115.7643800608854,144.4358702859078
142.19,139.49,0.427576,0.997577,2.801889,0.433759,0.993239,2.81385,-117.33579992247017,144.94645565731685
142.2,139.5,0.413542,1.010116,2.771341,0.419212,1.006411,2.783196,-115.5608202433765,146.8378270525079
142.21,139.51,0.398522,1.019675,2.739485,0.404538,1.01722,2.751719,-116.18539043482609,157.80068680999128
142.22,139.52,0.38357,1.027669,2.707177,0.389685,1.025361,2.719313,-116.74229098669657,159.32186131573187
142.23,139.53,0.369777,1.035487,2.675313,0.375169,1.032897,2.687619,-113.66112189437345,154.34310554662426
142.24,139.54,0.357082,1.044416,2.644205,0.361292,1.040496,2.657191,-107.96244986269177,137.04289474434
142.25,139.55,0.344603,1.054216,2.613404,0.349718,1.049986,2.626262,-111.69299972695063,140.40995021000725
142.26,139.56,0.332929,1.066288,2.584301,0.337661,1.062374,2.597437,-109.81061387482738,140.40467893758193
142.27,139.57,0.32222,1.081339,2.556589,0.326861,1.076219,2.568962,-110.56061235903891,132.19058703820642
142.28,139.58,0.310696,1.096854,2.528182,0.315338,1.091199,2.540682,-110.3729825931803,129.38142562472103
142.29,139.59,0.298949,1.110836,2.499187,0.302373,1.106064,2.511646,-105.36673800999789,125.66015294759394
142.3,139.6,0.287567,1.122542,2.46928,0.290077,1.11763,2.48182,-101.31871882259601,117.06673644108791
142.31,139.61,0.276583,1.133281,2.438332,0.277983,1.127548,2.450764,-96.42515823752544,103.72306482318743
142.32,139.62,0.265237,1.143542,2.407104,0.267825,1.138503,2.420045,-101.30908103658214,117.18475871695854
142.33,139.63,0.254337,1.154709,2.377993,0.256887,1.150345,2.391359,-100.80123727645322,120.29886759433073
142.34,139.64,0.243907,1.168334,2.350912,0.247207,1.163145,2.364009,-104.14221708091796,122.45475652970642
142.35,139.65,0.234406,1.183358,2.324712,0.237245,1.177693,2.337168,-102.83965014608665,116.61761980751619
142.36,139.66,0.225422,1.199671,2.299043,0.228011,1.19356,2.311411,-101.82303652649777,112.96053961810432
142.37,139.67,0.216363,1.215627,2.272583,0.219048,1.209854,2.285131,-102.07791702625973,114.94295646615895
142.38,139.68,0.206093,1.229132,2.243855,0.208794,1.224026,2.256749,-101.8310912450699,117.87819151799636
142.39,139.69,0.195981,1.241372,2.215629,0.198817,1.236252,2.228408,-102.51266577986642,118.98234261659772
142.4,139.7,0.185797,1.253552,2.186782,0.189119,1.248237,2.199793,-104.32289589914538,122.00635218795037
142.41,139.71,0.177738,1.266135,2.160306,0.180982,1.261378,2.173134,-104.19167558476393,124.29173527542025
142.42,139.72,0.170749,1.281116,2.136279,0.173363,1.274984,2.1487,-101.88447340539706,113.08798539570547
142.43,139.73,0.164146,1.297523,2.11291,0.166856,1.288948,2.123638,-104.17690179973788,107.5383586806262
142.44,139.74,0.158438,1.314742,2.089631,0.161509,1.307543,2.102031,-103.91005828674652,113.10246642251964
142.45,139.75,0.153939,1.332139,2.066047,0.156153,1.325864,2.078121,-100.39084726819881,109.434303291969
142.46,139.76,0.147307,1.347074,2.039687,0.149641,1.341184,2.052206,-100.56078579460718,111.61668254137784
142.47,139.77,0.140404,1.360331,2.013328,0.142824,1.354772,2.025779,-100.99898355765545,113.52494199721764
142.48,139.78,0.134328,1.373628,1.987787,0.137035,1.368399,2.000675,-101.86199320869376,117.37014206828526
142.49,139.79,0.130006,1.387678,1.964445,0.131881,1.382036,1.977287,-98.30679224073893,108.38314157935687
142.5,139.8,0.126656,1.402292,1.942542,0.127671,1.39536,1.954874,-94.70519193290983,98.33018975118875
142.51,139.81,0.124138,1.418165,1.920991,0.12429,1.410735,1.932376,-90.76490479526439,91.17197090873012
142.52,139.82,0.122395,1.435629,1.900156,0.122261,1.427539,1.910525,-89.25960004916679,89.05105903110375
142.53,139.83,0.120949,1.452192,1.878758,0.121017,1.444982,1.890038,-90.34539590526641,90.5403602625446
142.54,139.84,0.119245,1.466911,1.856485,0.119876,1.461476,1.868986,-92.88960718121972,96.62235493129836
142.55,139.85,0.11656,1.480082,1.832824,0.116947,1.475003,1.845909,-91.69407755371799,94.35729545741727
142.56,139.86,0.113144,1.491977,1.808067,0.113843,1.487183,1.822345,-92.80275946431186,98.2956821299949
142.57,139.87,0.111264,1.503741,1.785287,0.110928,1.499552,1.799184,-88.61497935006209,85.41411912900028
142.58,139.88,0.110157,1.515841,1.764355,0.108586,1.510827,1.776892,-82.85754749306787,72.60304207952699
142.59,139.89,0.109448,1.527816,1.743251,0.107599,1.522618,1.756258,-81.9093702858223,70.41882865876973
142.6,139.9,0.109206,1.54037,1.722533,0.107507,1.535478,1.735471,-82.51880600301254,70.84779797178413
142.61,139.91,0.10999,1.553975,1.702698,0.107764,1.549537,1.716,-80.4999639075931,63.36269693245319
142.62,139.92,0.111723,1.568427,1.683454,0.108602,1.564105,1.696708,-76.74960158531853,54.166219396044525
142.63,139.93,0.112956,1.58255,1.663151,0.10961,1.577963,1.676058,-75.4666233238538,53.89101403498056
142.64,139.94,0.114139,1.594521,1.641943,0.110484,1.590716,1.654736,-74.05519562486684,46.1519046877581
142.65,139.95,0.114953,1.604244,1.619897,0.111221,1.60104,1.632978,-74.07658953307916,40.64677950936809
142.66,139.96,0.115413,1.612578,1.597331,0.111713,1.60959,1.610534,-74.3450381371946,38.92321796835627
142.67,139.97,0.115935,1.620158,1.574849,0.112627,1.618226,1.588199,-76.08297943227484,30.286581501717517
142.68,139.98,0.117087,1.627048,1.552975,0.113509,1.626241,1.566528,-75.21129076911964,12.71010141473174
142.69,139.99,0.117827,1.634656,1.532903,0.113741,1.633379,1.545888,-72.53273480580826,17.355621486349435
142.7,140.0,0.119148,1.643537,1.513047,0.114626,1.640801,1.525625,-70.22564569812417,31.175700495739274
142.71,140.01,0.121075,1.652126,1.493202,0.116877,1.649764,1.505904,-71.71132412393985,29.364233060044814
142.72,140.02,0.123855,1.662265,1.474129,0.120113,1.660233,1.487057,-73.85695257166788,28.5030718179659
142.73,140.03,0.127344,1.672582,1.454267,0.12349,1.670728,1.467482,-73.74129370806601,25.690282945921297
142.74,140.04,0.130406,1.68129,1.43423,0.126123,1.679376,1.447516,-72.13226618535074,24.079057072824693
142.75,140.05,0.133602,1.689189,1.415909,0.129025,1.687029,1.42689,-67.37309612190599,25.263788713922015
142.76,140.06,0.136969,1.695545,1.398764,0.131093,1.692907,1.404903,-46.253964545027294,24.177451007844795
142.77,140.07,0.140722,1.700043,1.38121,0.133614,1.696519,1.383563,-18.316374291179645,26.371266866900704
142.78,140.08,0.145057,1.703405,1.362278,0.135723,1.700208,1.362008,1.6569046356485375,18.90690889506545
142.79,140.09,0.148106,1.706694,1.342193,0.137724,1.703804,1.34151,3.763890260207781,15.555416119386786
142.8,140.1,0.150958,1.709637,1.320706,0.140862,1.707564,1.322298,-8.960969284535956,11.603206503771354
142.81,140.11,0.151344,1.710688,1.288812,0.143822,1.710338,1.300425,-57.067966435245395,2.664061321117083
142.82,140.12,0.153621,1.713308,1.260078,0.149629,1.715246,1.283014,-80.12660275983748,-25.895225775577586
142.83,140.13,0.158104,1.717208,1.236567,0.155463,1.720034,1.264831,-84.6617586130918,-46.93811524729957
142.84,140.14,0.163616,1.721127,1.214111,0.161343,1.724318,1.245339,-85.83693980062888,-54.53712527212284
142.85,140.15,0.169701,1.723712,1.193026,0.167258,1.727707,1.224887,-85.61532168393914,-58.553613904329524
142.86,140.16,0.177873,1.727103,1.181614,0.173195,1.729808,1.203825,-78.10640178367039,-30.038156953287878
142.87,140.17,0.185953,1.728387,1.170009,0.179141,1.730228,1.182504,-61.40175027245066,-15.12337175720721
142.88,140.18,0.191856,1.726759,1.148539,0.185088,1.729677,1.161169,-61.81461234175176,-23.32312416932368
142.89,140.19,0.198002,1.724853,1.128263,0.190642,1.728386,1.140298,-58.55214378779989,-25.64227121281713
142.9,140.2,0.204796,1.723333,1.109258,0.196467,1.726804,1.120659,-53.850005486152234,-22.623284046069596
142.91,140.21,0.211994,1.722478,1.090329,0.202956,1.725672,1.10179,-51.741133656716926,-19.463243579676085
142.92,140.22,0.219723,1.722303,1.07194,0.210723,1.724132,1.083537,-52.186292305135815,-11.487340949086821
142.93,140.23,0.228588,1.722378,1.053999,0.219704,1.724421,1.065971,-53.42218992598533,-12.950804403791583
142.94,140.24,0.238426,1.722104,1.036641,0.229038,1.724302,1.047988,-50.39716651391379,-13.177231494069167
142.95,140.25,0.248241,1.720107,1.018389,0.238649,1.722492,1.029497,-49.18867653668505,-13.963135257051706
142.96,140.26,0.258211,1.715891,0.999275,0.24917,1.719835,1.012396,-55.431289863251564,-23.56851113225731
142.97,140.27,0.268129,1.710625,0.979831,0.259741,1.715764,0.995923,-62.469095503163274,-31.494174611495687
142.98,140.28,0.278421,1.705039,0.961094,0.270074,1.711127,0.979228,-65.28359367852637,-36.10565907066524
142.99,140.29,0.288707,1.700029,0.94386,0.277893,1.703867,0.95269,-39.232811041772344,-19.540298046938197
143.0,140.3,0.299623,1.694959,0.926567,0.28712,1.697869,0.929448,-12.975873211760561,-13.10200297206601
143.01,140.31,0.311277,1.690417,0.908962,0.298174,1.692542,0.909446,-2.115435797176478,-9.211832613753275
143.02,140.32,0.324159,1.686491,0.8922,0.311011,1.688706,0.892292,-0.4009070344243969,-9.562638995040084
143.03,140.33,0.337755,1.682113,0.875398,0.325298,1.684852,0.877721,-10.563270832185326,-12.400662146258385
143.04,140.34,0.351064,1.676581,0.858178,0.340418,1.680443,0.864987,-32.60228777108043,-19.939017559236042
143.05,140.35,0.365246,1.669256,0.840893,0.355739,1.674729,0.853033,-51.93501858418847,-29.92821990981031
143.06,140.36,0.379961,1.660236,0.82349,0.371077,1.667608,0.84152,-63.76894945018483,-39.68610444328867
143.07,140.37,0.394338,1.651314,0.806032,0.386231,1.660386,0.829667,-71.06760879901157,-48.2151104265948
143.08,140.38,0.409265,1.642975,0.790607,0.401025,1.652704,0.816486,-72.33827074815919,-49.73698844241558
143.09,140.39,0.424637,1.635008,0.775721,0.415819,1.644416,0.801954,-71.42036682595125,-46.85409356833999
143.1,140.4,0.441268,1.627557,0.760528,0.432071,1.635939,0.785522,-69.79798386840196,-42.345546022413295
143.11,140.41,0.459096,1.620354,0.745754,0.449124,1.628104,0.768043,-65.89646909436262,-37.85349743636811
143.12,140.42,0.477482,1.612946,0.731049,0.465649,1.618096,0.739639,-35.97724610880747,-23.51980869167695
143.13,140.43,0.496135,1.603864,0.716391,0.483268,1.607709,0.71637,0.09351133142543777,-16.637537024112703
143.14,140.44,0.51498,1.593444,0.701143,0.501992,1.597296,0.699408,7.608801889641097,-16.519380249306703
143.15,140.45,0.53387,1.582231,0.68698,0.521317,1.586874,0.687298,-1.4511401156072683,-20.29800977706297
143.16,140.46,0.553011,1.571184,0.673176,0.54061,1.576825,0.678146,-21.839635867734497,-24.459965409936185
143.17,140.47,0.572489,1.56133,0.660842,0.559948,1.567053,0.670083,-36.38513102584496,-24.52926236311251
143.18,140.48,0.59271,1.55171,0.649381,0.58056,1.557619,0.661649,-45.27687973437751,-25.935390049427077
143.19,140.49,0.614717,1.542683,0.637708,0.602725,1.548583,0.652635,-51.222425328249656,-26.196939869873066
143.2,140.5,0.637655,1.533534,0.626195,0.625612,1.540111,0.642707,-53.894920281858006,-28.640118106196923
143.21,140.51,0.661157,1.52285,0.614496,0.649334,1.530981,0.632488,-56.690068176463505,-34.517365912697315
143.22,140.52,0.684417,1.511054,0.603099,0.673142,1.520894,0.626804,-64.56246152115621,-41.11209043916705
143.23,140.53,0.707859,1.497941,0.591602,0.696706,1.5088,0.618124,-67.19233043223045,-44.234782954081695
143.24,140.54,0.731618,1.484928,0.581034,0.719544,1.495724,0.606547,-64.67419673099388,-41.801577175697666
143.25,140.55,0.755312,1.473731,0.571705,0.742852,1.482457,0.592774,-59.400346270366576,-35.00436297354529
143.26,140.56,0.779554,1.46286,0.563362,0.766749,1.4696,0.578256,-49.31296171291646,-27.76038471762104
143.27,140.57,0.805333,1.452196,0.555506,0.792307,1.458157,0.56515,-36.51496757277307,-24.589932237898495
143.28,140.58,0.832311,1.442771,0.548425,0.818531,1.446658,0.549306,-3.6581259011800635,-15.752457487412745
143.29,140.59,0.859493,1.431794,0.540434,0.845901,1.436596,0.541502,-4.492820882157782,-19.458113657172117
143.3,140.6,0.886595,1.419493,0.532179,0.873206,1.424132,0.533241,-4.5351399788698785,-19.110098833373332
143.31,140.61,0.914001,1.406362,0.525069,0.900397,1.411307,0.52531,-1.0149102197074023,-19.97600474550776
143.32,140.62,0.941002,1.39438,0.51927,0.927252,1.398242,0.518213,4.395837491034683,-15.688604256097467
143.33,140.63,0.969067,1.382515,0.514705,0.955258,1.386044,0.513801,3.745498066058464,-14.335565246049727
143.34,140.64,0.997569,1.372326,0.511172,0.98354,1.375505,0.510255,3.739795741631884,-12.767720552963592
143.35,140.65,1.026653,1.363649,0.508357,1.012702,1.36689,0.507654,2.884731740737669,-13.078572742544504
143.36,140.66,1.056556,1.354589,0.505645,1.042442,1.358056,0.50483,3.3048223819997857,-13.801030234605484
143.37,140.67,1.086111,1.344056,0.502609,1.072201,1.348004,0.501451,4.758869258216638,-15.845245684390267
143.38,140.68,1.116841,1.332438,0.500175,1.102766,1.336253,0.499026,4.6669408979733475,-15.16552412477308
143.39,140.69,1.146871,1.320319,0.49803,1.133235,1.323887,0.496633,5.84950987391981,-14.663285403297712
143.4,140.7,1.17645,1.309318,0.497671,1.162551,1.312113,0.49487,11.39393917254254,-11.370168711933042
143.41,140.71,1.20636,1.299369,0.49862,1.192191,1.301469,0.494913,14.66152574463303,-8.430486230798563
143.42,140.72,1.237151,1.290301,0.500478,1.222676,1.292484,0.49721,12.722290320312391,-8.576246274830211
143.43,140.73,1.268024,1.282699,0.503754,1.253528,1.284446,0.500632,12.15412812397808,-6.871916815692189
143.44,140.74,1.299368,1.274148,0.507079,1.285196,1.276356,0.503973,12.361752605307277,-8.855498265287912
143.45,140.75,1.331537,1.263396,0.510756,1.31747,1.266312,0.507674,12.35791387706727,-11.711186441446124
143.46,140.76,1.364187,1.251307,0.514578,1.350326,1.254732,0.511629,12.010889405773856,-13.879546437182169
143.47,140.77,1.39635,1.23887,0.518749,1.382654,1.242771,0.515877,11.843110232509398,-15.89842037989244
143.48,140.78,1.427817,1.227971,0.524047,1.414156,1.231754,0.520731,13.6437992175768,-15.47845837804319
143.49,140.79,1.458732,1.219361,0.530853,1.445029,1.222033,0.526802,16.469191295688457,-11.033866615204495
143.5,140.8,1.48882,1.212546,0.539595,1.475308,1.214682,0.534483,20.723152794108902,-8.983078234539008
143.51,140.81,1.519222,1.20646,0.5501,1.506112,1.207719,0.544076,24.678618681234152,-5.4854958485990215
143.52,140.82,1.551106,1.198416,0.560786,1.537957,1.200383,0.554852,24.28913634607129,-8.507965010113129
143.53,140.83,1.583722,1.188945,0.57078,1.570551,1.191276,0.565301,22.586806188784895,-10.036267884307694
143.54,140.84,1.616692,1.178023,0.58076,1.603652,1.181428,0.575791,20.85975657270793,-14.63428801511779
143.55,140.85,1.649579,1.166656,0.591379,1.636436,1.170387,0.586256,21.295301508196488,-15.84804334349628
143.56,140.86,1.681354,1.156403,0.602761,1.668283,1.15961,0.597259,22.827774974253025,-13.785341782504142
143.57,140.87,1.711931,1.147922,0.615333,1.699105,1.150504,0.608876,26.722079299200967,-11.382076060414926
143.58,140.88,1.741552,1.141294,0.629383,1.72932,1.142832,0.622137,30.64167937674567,-7.166520820030728
143.59,140.89,1.770399,1.136121,0.645188,1.758779,1.136606,0.636761,35.95019099611222,-2.390045888489865
143.6,140.9,1.800688,1.129973,0.661925,1.789333,1.1304,0.652946,38.33528955664032,-2.153568953330649
143.61,140.91,1.832414,1.121832,0.678777,1.821025,1.123347,0.670236,36.86748278558363,-7.57717765542312
143.62,140.92,1.86463,1.112198,0.695449,1.852926,1.114441,0.687342,34.70915201116881,-10.848845441569294
143.63,140.93,1.896361,1.101293,0.712134,1.884641,1.104163,0.704143,34.28718036625377,-13.759843861634767
143.64,140.94,1.927634,1.090278,0.729231,1.915973,1.093456,0.721463,33.66965294953113,-15.244724345289928
143.65,140.95,1.958232,1.080526,0.746987,1.94666,1.083524,0.739103,34.266592239947094,-14.524488505311545
143.66,140.96,1.987602,1.072753,0.76563,1.976385,1.075591,0.75692,37.8293375477435,-14.198380507027496
143.67,140.97,2.01598,1.06674,0.78561,2.005299,1.068974,0.776267,41.177189258155934,-11.81348061159766
143.68,140.98,2.044892,1.06182,0.807069,2.033937,1.063949,0.797868,40.02657935730454,-10.99780123649038
143.69,140.99,2.073936,1.056929,0.829201,2.062855,1.058762,0.820032,39.60613763832589,-9.392714231329068
143.7,141.0,2.103561,1.050107,0.851785,2.092451,1.052514,0.842757,39.09735343099721,-12.22430169109074
143.71,141.01,2.133291,1.041754,0.874642,2.122689,1.04463,0.865472,40.857548724773096,-15.17735202412726
143.72,141.02,2.162548,1.032909,0.897029,2.152342,1.0354,0.887631,42.639828516496756,-13.716136475508213
143.73,141.03,2.191223,1.024456,0.919465,2.181108,1.026053,0.909556,44.410581591335394,-8.972044860982598
143.74,141.04,2.219195,1.017292,0.942662,2.209382,1.017676,0.932554,45.84840216917137,-2.2409415405513164
143.75,141.05,2.247004,1.011144,0.966936,2.237106,1.011524,0.956802,45.67497895510471,-2.1985965630667925
143.76,141.06,2.274361,1.006675,0.992005,2.264255,1.007108,0.981874,45.07078093389157,-2.4533849213901417
143.77,141.07,2.30203,1.004233,1.017843,2.291608,1.004387,1.008007,43.343075987867024,-0.8465657208107693
143.78,141.08,2.329897,1.001263,1.04382,2.319348,1.001488,1.034325,41.989913074598036,-1.2218784733875596
143.79,141.09,2.35784,0.996403,1.070713,2.347515,0.997034,1.060922,43.479381467869736,-3.4972133109721697
143.8,141.1,2.385704,0.98978,1.098238,2.375491,0.99102,1.088383,43.97798915864313,-6.922619628595229
143.81,141.11,2.412927,0.982649,1.125496,2.402828,0.983989,1.115701,44.12453194846547,-7.5582214463916255
143.82,141.12,2.439866,0.976794,1.152538,2.429589,0.977055,1.142584,44.08531636683418,-1.454800489283042
143.83,141.13,2.46665,0.971966,1.179632,2.456591,0.971889,1.169608,44.90014687782117,0.438581255987681
143.84,141.14,2.493144,0.968979,1.206865,2.482951,0.968721,1.19693,44.26562491975587,1.4499318609978857
143.85,141.15,2.519178,0.967444,1.234542,2.508994,0.967013,1.224476,44.66613207604137,2.4233850585294174
143.86,141.16,2.545295,0.967772,1.26281,2.535127,0.966913,1.252901,44.26090632163771,4.828922713397837
143.87,141.17,2.57218,0.967631,1.29135,2.56185,0.966894,1.281673,43.130610934395975,4.080886706070012
143.88,141.18,2.599225,0.965884,1.320205,2.589181,0.965317,1.310383,44.359753668382105,3.2310099003680715
143.89,141.19,2.625805,0.962955,1.349605,2.616124,0.962309,1.339207,47.045103144272254,3.817610131696727
143.9,141.2,2.652205,0.958945,1.379328,2.642479,0.95847,1.369087,46.477477124795804,2.79599921379377
143.91,141.21,2.678255,0.955143,1.408807,2.668326,0.95462,1.398906,44.91909829751908,3.0152104916750773
143.92,141.22,2.704133,0.953315,1.438033,2.693793,0.952467,1.427927,44.34429095765997,4.688426347149409
143.93,141.23,2.729126,0.954041,1.466429,2.719021,0.953101,1.456533,44.401310829607716,5.314545669945143
143.94,141.24,2.754166,0.957756,1.494667,2.7438,0.95569,1.484672,43.95612287247547,11.271661586464035
143.95,141.25,2.779145,0.961839,1.522339,2.769375,0.959487,1.512504,45.18996235768244,13.53565106531416
143.96,141.26,2.806021,0.96441,1.550636,2.795937,0.962242,1.540659,44.694402558567646,12.133554321564947
143.97,141.27,2.832388,0.965724,1.579482,2.822475,0.963588,1.569649,44.767870085985365,12.15987037372544
143.98,141.28,2.858595,0.965867,1.608956,2.848847,0.964031,1.599054,45.44902643264518,10.666492212982444
143.99,141.29,2.884198,0.966639,1.638412,2.874357,0.964737,1.628511,45.174133126647114,10.938855364125732
144.0,141.3,2.90908,0.968528,1.667681,2.89895,0.966893,1.657876,44.06599052663308,9.168570885435678
144.01,141.31,2.933074,0.972779,1.695946,2.92297,0.97114,1.686031,44.459084839031306,9.2138638378744
144.02,141.32,2.956423,0.979959,1.723091,2.946616,0.977752,1.713002,45.812039001722155,12.682746817780426
144.03,141.33,2.980666,0.988211,1.750069,2.971102,0.985491,1.740081,46.24230786700119,15.875743111602226
144.04,141.34,3.005726,0.995273,1.776807,2.996031,0.99257,1.766606,46.456846414499566,15.578656623316931
144.05,141.35,3.031289,1.000531,1.804153,3.022121,0.997921,1.794011,47.8875626020998,15.890903994938421
144.06,141.36,3.056275,1.005633,1.831365,3.047037,1.002023,1.821483,46.929107635731526,21.34442606558105
144.07,141.37,3.080672,1.010507,1.859966,3.071574,1.006762,1.849467,49.089148952091335,22.373483101980344
144.08,141.38,3.104261,1.016599,1.8878,3.094474,1.013161,1.877135,47.45818622314034,19.35547316115961
144.09,141.39,3.126531,1.024303,1.914457,3.117162,1.021105,1.904615,46.41041223417043,18.84674656811965
144.1,141.4,3.147832,1.035456,1.940141,3.138411,1.031234,1.93041,45.92732564364756,24.139429851808202
144.11,141.41,3.169784,1.046937,1.965833,3.160481,1.042652,1.955841,47.04509073741964,24.730991465847598
144.12,141.42,3.192548,1.056962,1.992027,3.183853,1.053041,1.981959,49.18521245628673,24.272937950737184
144.13,141.43,3.215626,1.06551,2.019158,3.206719,1.061346,2.008968,48.843545306110016,25.05597005757942
144.14,141.44,3.237532,1.073919,2.046717,3.229233,1.068827,2.036353,51.313908043497754,31.531942162854836
144.15,141.45,3.259445,1.082443,2.074326,3.250831,1.077828,2.063699,50.97257650883611,28.180435878054624
144.16,141.46,3.280033,1.092256,2.100491,3.271551,1.087968,2.089909,51.28608809861696,26.818475238443483
144.17,141.47,3.299914,1.103776,2.125296,3.290981,1.099448,2.114943,49.21100598173371,25.84998823565976
144.18,141.48,3.318206,1.117257,2.149845,3.309814,1.1127,2.1393,51.48626436110645,28.502719555347912
144.19,141.49,3.336786,1.130651,2.174621,3.328589,1.125791,2.164055,52.196038082466586,30.663694993186724
144.2,141.5,3.356013,1.142487,2.200325,3.347847,1.137876,2.189421,53.170478737298254,29.451607310449464
144.21,141.51,3.375537,1.152741,2.226517,3.367829,1.1482,2.215708,54.50697360373624,30.503537309315167
144.22,141.52,3.395287,1.161807,2.25338,3.387318,1.158094,2.241849,55.35189836534325,24.982246556020357
144.23,141.53,3.414513,1.170811,2.279705,3.406779,1.167819,2.268401,55.620745523704855,21.149620163313795
144.24,141.54,3.432774,1.18086,2.306264,3.425182,1.177758,2.294075,58.08301002755049,22.224335056595557
144.25,141.55,3.450128,1.191527,2.331257,3.442557,1.188594,2.31903,58.2340675061357,21.176332234275403
144.26,141.56,3.466166,1.203454,2.355528,3.458878,1.200159,2.343292,59.221148043841175,24.328347216053153
144.27,141.57,3.481115,1.216669,2.37901,3.474812,1.212848,2.367031,62.247965107952325,31.225050564653838
144.28,141.58,3.495976,1.230011,2.404037,3.490005,1.226082,2.391423,64.66886052614724,33.34546550275388
144.29,141.59,3.511837,1.241747,2.429762,3.505699,1.238769,2.417233,63.89960821582984,25.881470667524916
144.3,141.6,3.528693,1.252228,2.455712,3.522324,1.250074,2.443136,63.14048371841912,18.68557078380976
144.31,141.61,3.545719,1.261371,2.48184,3.539391,1.259439,2.468787,64.13622799248844,16.977940598665278
144.32,141.62,3.56241,1.269367,2.50777,3.556078,1.267965,2.494704,64.14440317864442,12.484728144365755
144.33,141.63,3.578267,1.276829,2.534119,3.572285,1.276264,2.520574,66.17187787429029,5.395581013124684
144.34,141.64,3.593191,1.284475,2.558477,3.58768,1.283774,2.545231,67.41024108484666,7.249102216497669
144.35,141.65,3.606943,1.293383,2.583289,3.602748,1.291382,2.569959,72.53101952400503,25.500975141521813
144.36,141.66,3.619985,1.302509,2.608326,3.615596,1.30081,2.595101,71.64046769152527,21.16162604807269
144.37,141.67,3.631513,1.313038,2.633862,3.626824,1.311018,2.620073,71.21921060774372,23.306159039488957
144.38,141.68,3.641808,1.323282,2.659579,3.637746,1.321374,2.646009,73.33562464824978,25.16035244370769
144.39,141.69,3.652441,1.332599,2.685494,3.648604,1.330669,2.672275,73.81388856768834,26.702264880692283
144.4,141.7,3.66358,1.340094,2.71186,3.660202,1.33892,2.698655,75.65076266504701,19.164533746100986
144.41,141.71,3.675062,1.347149,2.738799,3.672418,1.345686,2.725204,78.9943158920992,28.956996391945527
144.42,141.72,3.686718,1.353001,2.76547,3.68445,1.351527,2.751884,80.522633068396,33.02031554070505
144.43,141.73,3.697927,1.358142,2.792359,3.69562,1.357304,2.778652,80.44619328404431,19.96316298846439
144.44,141.74,3.708345,1.363189,2.819289,3.706069,1.362111,2.805143,80.85981195001932,25.344011631910938
144.45,141.75,3.717813,1.369045,2.845034,3.715506,1.368043,2.831225,80.51547560283494,23.476766740586854
144.46,141.76,3.72456,1.376933,2.87048,3.722894,1.375164,2.856139,83.37362756119525,46.717524751518276
144.47,141.77,3.72921,1.385338,2.89507,3.729104,1.382637,2.880891,89.57167363783275,87.75259624147755
144.48,141.78,3.733554,1.392384,2.922027,3.733298,1.39047,2.907721,88.97482495165802,82.38182814891759
144.49,141.79,3.73874,1.397182,2.949477,3.737775,1.396699,2.936317,85.80610591132982,26.588795800468375
144.5,141.8,3.743799,1.401643,2.976941,3.743346,1.40105,2.963107,88.12449636871517,52.62334507163218
144.51,141.81,3.748466,1.406162,3.003624,3.748663,1.40533,2.989856,90.81976310004706,103.3210992465907
144.52,141.82,3.751015,1.411693,3.030061,3.752872,1.409961,3.015087,97.06943923883769,136.99472795729523
144.53,141.83,3.752026,1.417632,3.054824,3.754862,1.41539,3.040491,101.19226637636426,141.67186397226723
144.54,141.84,3.751515,1.423827,3.078912,3.75392,1.422381,3.064949,99.77278792810174,148.98372030884966
144.55,141.85,3.750569,1.429273,3.104516,3.751871,1.428858,3.090711,95.3878370150814,162.32081836482
144.56,141.86,3.75025,1.433807,3.130375,3.751308,1.433662,3.116261,94.28693308633116,172.19617123714622
144.57,141.87,3.749789,1.438222,3.156489,3.750887,1.437693,3.142449,94.47172218966446,154.27592738983077
144.58,141.88,3.747449,1.441972,3.18244,3.7498,1.441736,3.168331,99.46034660503159,174.26769112128088
144.59,141.89,3.743237,1.445215,3.206984,3.747007,1.444828,3.192812,104.896686366381,174.13897325561334
144.6,141.9,3.73763,1.448588,3.229859,3.742708,1.448136,3.21607,110.21696418807274,174.91342663221718
144.61,141.91,3.73083,1.452525,3.253474,3.735555,1.452105,3.239593,108.79823241167465,174.9203921399845
144.62,141.92,3.723123,1.456433,3.276719,3.727734,1.456321,3.262691,108.19568097715717,178.60857390261492
144.63,141.93,3.715033,1.459273,3.300054,3.719532,1.459137,3.286117,107.8905872502151,178.26853660117703
144.64,141.94,3.706819,1.459969,3.324446,3.711017,1.460356,3.310225,106.44645513623759,-174.73297473916278
144.65,141.95,3.699157,1.45858,3.3477,3.7024,1.460921,3.331032,101.01016518371354,-144.17589565503562
144.66,141.96,3.690655,1.457052,3.373748,3.694568,1.460625,3.350144,99.41271787088105,-137.6004791235988
144.67,141.97,3.68276,1.454908,3.398312,3.686049,1.46048,3.369698,96.55701464501102,-120.55219745770201
144.68,141.98,3.674719,1.451889,3.422405,3.677311,1.459692,3.390176,94.59808569195371,-108.37545166931955
144.69,141.99,3.665663,1.449271,3.446703,3.668272,1.458478,3.411944,94.2925545546166,-105.82121014355727
144.7,142.0,3.655951,1.447339,3.470169,3.658648,1.456408,3.435948,94.50623802761012,-106.56177778104004
144.71,142.01,3.645283,1.446122,3.494594,3.64847,1.453473,3.46167,95.52893054918634,-113.43897258935483
144.72,142.02,3.634259,1.444829,3.518248,3.637766,1.449666,3.488592,96.7442479426829,-125.9434705893857
144.73,142.03,3.622891,1.442417,3.541118,3.626565,1.444979,3.516198,98.38680158122827,-145.11067908041935
144.74,142.04,3.612903,1.436003,3.564203,3.614896,1.439404,3.543968,95.6250741827301,-120.37047824454272
144.75,142.05,3.599659,1.429729,3.588542,3.602788,1.432933,3.571387,100.33687941510054,-134.3214933543746
144.76,142.06,3.587048,1.421446,3.611369,3.590271,1.425559,3.597936,103.49202286353194,-128.08270855209247
144.77,142.07,3.57471,1.411096,3.63557,3.577558,1.417731,3.623878,103.68981238947049,-113.23089095512937
144.78,142.08,3.563514,1.400734,3.659147,3.565322,1.408529,3.648164,99.34807945282373,-103.05848208606771
144.79,142.09,3.552076,1.390918,3.683083,3.553632,1.398234,3.670765,97.19942641033107,-102.00701475737324
144.8,142.1,3.540365,1.380904,3.705936,3.542137,1.387705,3.693844,98.33696457335652,-104.60372521193966
144.81,142.11,3.528432,1.371132,3.729415,3.530369,1.376979,3.716491,98.52382831380254,-108.32905264703963
144.82,142.12,3.516288,1.359538,3.752872,3.517958,1.365756,3.740597,97.74746027748446,-105.03345457655344
144.83,142.13,3.504406,1.346952,3.77651,3.506279,1.354157,3.764777,99.06989692850472,-104.5719815674451
144.84,142.14,3.492743,1.33399,3.799333,3.494007,1.341898,3.788383,96.58472511672457,-99.08123420480258
144.85,142.15,3.479911,1.320779,3.822992,3.481934,1.328093,3.81191,100.3453339995551,-105.46106291083498
144.86,142.16,3.467437,1.307003,3.845611,3.469627,1.314092,3.834476,101.12675295107294,-107.16745261408953
144.87,142.17,3.453562,1.293652,3.869356,3.456611,1.30017,3.857245,104.13082208706369,-115.06932468396265
144.88,142.18,3.44056,1.280626,3.891896,3.443588,1.286464,3.879876,104.13938203765356,-117.41445031258844
144.89,142.19,3.427295,1.268802,3.915605,3.430549,1.274318,3.904018,105.6864396002563,-120.53721450304323
144.9,142.2,3.413288,1.258048,3.942124,3.416911,1.262893,3.92952,106.03721405833925,-126.78844976791086
144.91,142.21,3.399866,1.246433,3.968183,3.403161,1.250951,3.955778,104.87534494186697,-126.10345835091002
144.92,142.22,3.386298,1.232,3.993401,3.389322,1.237309,3.982263,105.1898070288839,-119.66578690744929
144.93,142.23,3.370472,1.216679,4.019516,3.374817,1.221757,4.007741,110.2541678859068,-130.55201076476027
144.94,142.24,3.355397,1.200219,4.044394,3.359598,1.204089,4.032072,108.82603547006863,-137.34844273959607
144.95,142.25,3.340435,1.184513,4.071223,3.344849,1.188178,4.058919,109.73520083991798,-140.2967221410351
144.96,142.26,3.326136,1.16869,4.09798,3.330721,1.172536,4.085567,110.27275879603519,-140.00932765383104
144.97,142.27,3.312875,1.154308,4.125078,3.316783,1.157912,4.112429,107.16891202575924,-137.31741451372426
144.98,142.28,3.299154,1.141666,4.154165,3.303137,1.144921,4.140279,106.00477934199446,-140.7435091312996
144.99,142.29,3.285767,1.13036,4.184175,3.289689,1.133643,4.171271,106.90595509652249,-140.0682111581912
145.0,142.3,3.272547,1.11842,4.215409,3.276421,1.121783,4.202105,106.23506439086876,-139.0389154606423
145.01,142.31,3.260031,1.10348,4.245921,3.26306,1.108004,4.233754,103.97972019177352,-123.80390005073396
145.02,142.32,3.246489,1.088693,4.277672,3.249025,1.092461,4.263517,100.1573104387892,-123.94197699981584
145.03,142.33,3.233395,1.073874,4.307899,3.234859,1.077178,4.294972,96.46129344490872,-113.8980972512851
145.04,142.34,3.219321,1.058625,4.339239,3.220966,1.062392,4.326369,97.28385898061553,-113.5902690792318
145.05,142.35,3.205538,1.04477,4.370447,3.207001,1.048298,4.357406,96.40094360999554,-112.52293153506878
145.06,142.36,3.192128,1.032677,4.403228,3.193986,1.035514,4.389779,97.86571083567833,-123.221477503392
145.07,142.37,3.179727,1.02269,4.435979,3.180903,1.025271,4.422842,95.11537751275532,-114.4957819427477
145.08,142.38,3.166736,1.014086,4.470151,3.167714,1.015071,4.456679,94.15210410411744,-134.7956858091766
145.09,142.39,3.15343,1.003213,4.506186,3.15503,1.004315,4.492169,96.51196241125534,-145.44287236504704
145.1,142.4,3.141401,0.989388,4.542911,3.142974,0.992033,4.528848,96.38222235546321,-120.74024537396366
145.11,142.41,3.130165,0.974833,4.578989,3.131031,0.978081,4.565152,93.58123237555685,-104.92922126447135
145.12,142.42,3.117496,0.960482,4.614809,3.119354,0.963877,4.601237,97.79530602419999,-118.69080343626456
145.13,142.43,3.103692,0.947114,4.650376,3.10649,0.948824,4.635188,100.4382434811536,-148.56877781536542
145.14,142.44,3.089418,0.936679,4.685927,3.093324,0.938392,4.67218,105.86168897490352,-156.31985474671097
145.15,142.45,3.075049,0.929389,4.721679,3.08028,0.929432,4.707701,110.5174038126265,-179.52902637575454
145.16,142.46,3.061404,0.923275,4.758314,3.066461,0.923182,4.744556,110.18181053164501,178.94642932423565
145.17,142.47,3.047644,0.917187,4.796434,3.053665,0.917239,4.783254,114.55227291403968,-179.50518079013906
145.18,142.48,3.033503,0.909269,4.835364,3.038744,0.909778,4.821726,111.02146249767948,-174.4528951979943
145.19,142.49,3.019566,0.898913,4.873837,3.024358,0.900771,4.860586,109.88166681064516,-158.80721623948472
145.2,142.5,3.00534,0.889341,4.911901,3.010054,0.89075,4.898483,109.35735054367336,-163.35875758657036
145.21,142.51,2.990679,0.882863,4.9491,2.996047,0.882412,4.935521,111.56969478664273,175.19749395741653
145.22,142.52,2.976678,0.878575,4.985942,2.982954,0.877401,4.972968,115.8147583249091,169.40459970419784
145.23,142.53,2.961836,0.876176,5.023314,2.968543,0.874821,5.010382,117.41287746542004,168.57839919483254
145.24,142.54,2.946756,0.875474,5.06065,2.952469,0.87373,5.047565,113.58640894865584,163.0242108234032
145.25,142.55,2.93035,0.874072,5.099236,2.936532,0.873172,5.086435,115.7773379216344,171.7168463962048
145.26,142.56,2.914652,0.869774,5.138559,2.920408,0.870408,5.126001,114.62450738867659,-173.7144401642987
145.27,142.57,2.899018,0.864604,5.177862,2.904084,0.865915,5.165183,111.77959053890685,-165.49106047809158
145.28,142.58,2.883451,0.860135,5.215878,2.888569,0.860328,5.203048,111.74749203707309,-177.84039698967268
145.29,142.59,2.866213,0.859281,5.252627,2.872813,0.858356,5.24008,117.74536452770806,172.02187548440799
145.3,142.6,2.849357,0.859744,5.288966,2.856173,0.858513,5.276381,118.43984858461201,169.7624836990545
145.31,142.61,2.832167,0.863137,5.325274,2.838973,0.86149,5.312603,118.24166989373313,166.39637897536537
145.32,142.62,2.814668,0.867672,5.361883,2.82107,0.866787,5.349474,117.28992707115827,172.12942510258486
145.33,142.63,2.796682,0.871643,5.39948,2.802537,0.870685,5.386755,114.70800436169037,170.7075578197684
145.34,142.64,2.778526,0.873228,5.437207,2.783858,0.872904,5.424491,112.7489985461572,176.52268667836123
145.35,142.65,2.760507,0.8734,5.475177,2.766011,0.873375,5.462717,113.83265589100817,179.73975569816437
145.36,142.66,2.741986,0.873739,5.512136,2.748507,0.87278,5.499899,118.05279875117168,171.6338609245194
145.37,142.67,2.722817,0.876428,5.547323,2.730151,0.873511,5.535165,121.09939707470315,158.3104751281531
145.38,142.68,2.703257,0.880449,5.581416,2.711573,0.877407,5.570047,126.18407980883246,159.90743658196877
145.39,142.69,2.683863,0.887186,5.615271,2.691316,0.883873,5.603776,122.95811899055589,156.03394470569648
145.4,142.7,2.663117,0.895706,5.649102,2.670795,0.892163,5.637177,122.77576138124594,155.22911856634917
145.41,142.71,2.64206,0.903598,5.683063,2.649611,0.900464,5.671199,122.47525446946105,157.4593815303642
145.42,142.72,2.62061,0.909707,5.718012,2.6281,0.907213,5.705955,121.84920717617736,161.5834122658619
145.43,142.73,2.599015,0.913534,5.752752,2.60666,0.911963,5.741197,123.48935247445915,168.38772553134933
145.44,142.74,2.577142,0.917152,5.7869,2.585405,0.915736,5.775117,125.04061711609387,170.27588574341152
145.45,142.75,2.555413,0.922513,5.818956,2.564042,0.920173,5.807807,127.7388233802847,164.82750398060904
145.46,142.76,2.533439,0.929372,5.849616,2.54229,0.926231,5.839091,130.06216143448697,160.4614904213848
145.47,142.77,2.511024,0.93816,5.879712,2.520078,0.935035,5.86903,130.2844131327918,160.95781848280163
145.48,142.78,2.488197,0.949281,5.908968,2.496741,0.945919,5.89823,128.50852573347112,158.5207339256445
145.49,142.79,2.464423,0.960975,5.938368,2.472538,0.957664,5.927426,126.56202611653572,157.80405624180528
145.5,142.8,2.440225,0.970973,5.968106,2.448402,0.967862,5.957104,126.62078349615867,159.17031315624757
145.51,142.81,2.415519,0.978869,5.998436,2.423961,0.975974,5.987475,127.60293217276134,161.0717118076598
145.52,142.82,2.391085,0.985656,6.028812,2.399239,0.982369,6.017671,126.20006906575051,158.04489529261306
145.53,142.83,2.366692,0.992497,6.058141,2.375189,0.988392,6.047315,128.1272962556548,154.21426891551002
145.54,142.84,2.342035,1.00027,6.086457,2.350191,0.996295,6.075416,126.45332680129782,154.0167265594009
145.55,142.85,2.317666,1.009733,6.112885,2.325951,1.00577,6.102023,127.33460879777759,154.43660904229623
145.56,142.86,2.293086,1.02101,6.138103,2.30112,1.016783,6.127224,126.44538552962423,152.2493960795455
145.57,142.87,2.268184,1.034401,6.161572,2.276215,1.029435,6.151155,127.630474240637,148.26926497065574
145.58,142.88,2.242844,1.047833,6.18518,2.251331,1.042102,6.17518,130.32126672555805,145.97010015884024
145.59,142.89,2.216672,1.059095,6.209297,2.225892,1.053921,6.20017,135.290426874044,150.70010724555638
145.6,142.9,2.189587,1.06832,6.234527,2.199129,1.063578,6.225446,136.41802938149576,153.57442454891753
145.61,142.91,2.16318,1.076406,6.259851,2.173055,1.071854,6.251121,138.52168937471302,155.25209283771315
145.62,142.92,2.137048,1.08489,6.284118,2.147821,1.079553,6.276441,144.52576262129423,153.64594672233918
145.63,142.93,2.110774,1.093701,6.307195,2.122145,1.088035,6.30028,148.69513087273262,153.51360744011404
145.64,142.94,2.085005,1.103513,6.32927,2.095762,1.098009,6.321925,145.67430128030392,152.90268044813365
145.65,142.95,2.059602,1.11508,6.350479,2.070372,1.109644,6.343102,145.59048606063942,153.2183065609413
145.66,142.96,2.034185,1.128772,6.370182,2.044551,1.122611,6.362365,142.9800559819682,149.27499826758125
145.67,142.97,2.007939,1.14295,6.389577,2.018468,1.137191,6.382251,145.17009028475985,151.32286109715014
145.68,142.98,1.980924,1.155326,6.410736,1.991443,1.150337,6.402289,141.23473096480103,154.62573353341818
145.69,142.99,1.9534,1.165621,6.432168,1.96465,1.16189,6.424076,144.27295508337275,161.6521848425235
145.7,143.0,1.925585,1.174446,6.453545,1.937619,1.171212,6.445987,147.8689664795767,164.95780981627416
145.71,143.01,1.89772,1.183033,6.474314,1.910445,1.180304,6.467437,151.61178375557418,167.89571089688184
145.72,143.02,1.871303,1.192388,6.493,1.884551,1.190096,6.487875,158.8509956272783,170.18457547736026
145.73,143.03,1.846079,1.203103,6.509909,1.859627,1.200083,6.505944,163.68719268718732,167.43358371406674
145.74,143.04,1.820369,1.215233,6.526078,1.833848,1.211705,6.521865,162.64282895948344,165.33241539029189
145.75,143.05,1.795036,1.229172,6.541211,1.808137,1.225202,6.536342,159.61236545489498,163.14160123226162
145.76,143.06,1.768853,1.243304,6.555982,1.781196,1.238639,6.550848,157.4154120456946,159.29606421184425
145.77,143.07,1.741648,1.255846,6.571249,1.754213,1.251229,6.566191,158.07290934642072,159.82418104637836
145.78,143.08,1.713589,1.266263,6.58711,1.726789,1.26203,6.582458,160.58630680422777,162.21989879480523
145.79,143.09,1.686028,1.275026,6.603481,1.698946,1.271289,6.59919,161.62494917077683,163.8655696799394
145.8,143.1,1.659092,1.284072,6.618028,1.672506,1.280321,6.615301,168.50865106170943,164.37724260303693
145.81,143.11,1.632448,1.293596,6.631847,1.646173,1.289167,6.629902,171.9341960859687,162.11532702621253
145.82,143.12,1.606504,1.304065,6.644576,1.619868,1.299708,6.642347,170.5307255175487,161.94272942069077
145.83,143.13,1.580755,1.316313,6.655722,1.594176,1.311763,6.6534,170.18428637563616,161.2722651707533
145.84,143.14,1.555093,1.329671,6.665131,1.568465,1.324729,6.662794,170.0866430526487,159.71678528357685
145.85,143.15,1.528041,1.341938,6.674566,1.541821,1.337473,6.672126,169.95881625686357,162.04662209002942
145.86,143.16,1.500209,1.352383,6.684956,1.514171,1.348866,6.682531,170.14683593213405,165.8614513661683
145.87,143.17,1.471924,1.361105,6.695444,1.486322,1.358459,6.693449,172.1112742208922,169.58663229698598
145.88,143.18,1.444265,1.369536,6.705659,1.458529,1.367383,6.70444,175.1153768388184,171.41660082172453
145.89,143.19,1.418042,1.378893,6.714087,1.432079,1.375872,6.714213,-179.4857110255757,167.85424052061893
145.9,143.2,1.392252,1.388648,6.721924,1.406116,1.385143,6.722004,-179.66938751527078,165.81216275402596
145.91,143.21,1.366863,1.40001,6.728687,1.380649,1.39561,6.728536,179.37245635081678,162.2987696842439
145.92,143.22,1.341047,1.412269,6.734055,1.355623,1.407887,6.734036,179.9253142704326,163.26758388372255
145.93,143.23,1.315926,1.424102,6.738882,1.329556,1.42007,6.738253,177.3577773765354,163.52083200600305
145.94,143.24,1.289834,1.434941,6.743801,1.303961,1.431555,6.743752,179.8012683558066,166.52144819643644
145.95,143.25,1.267854,1.445888,6.748912,1.275522,1.440387,6.749588,-174.9619103359725,144.34445741599842
145.96,143.26,1.234257,1.451232,6.755421,1.247858,1.448476,6.755678,-178.9174867137727,168.5451300228822
145.97,143.27,1.209444,1.459896,6.759845,1.222272,1.456671,6.761209,-173.93055057440986,165.88811442252893
145.98,143.28,1.180867,1.467466,6.763524,1.198047,1.465074,6.765485,-173.48819330571482,172.07357026957052
145.99,143.29,1.156684,1.477806,6.767104,1.171726,1.474051,6.768459,-174.85262576911714,165.98347568010365
146.0,143.3,1.132035,1.488344,6.769814,1.147227,1.485691,6.770666,-176.79009204247862,170.09424827948854
146.01,143.31,1.110025,1.501035,6.771528,1.1229,1.497446,6.772439,-175.95265187768263,164.42380090229773
146.02,143.32,1.085474,1.512347,6.773354,1.099776,1.509041,6.774649,-174.82616068412344,166.98431901444417
146.03,143.33,1.059838,1.521923,6.775453,1.074032,1.518927,6.776617,-175.31186526396377,168.08123660805353
146.04,143.34,1.033438,1.529002,6.777621,1.04803,1.52687,6.779016,-174.53910076726444,171.6874766235279
146.05,143.35,1.006686,1.536027,6.779622,1.022196,1.534344,6.780864,-175.42167401528638,173.80702904073064
146.06,143.36,0.979861,1.542762,6.781051,0.995472,1.541069,6.782903,-173.23437727042023,173.81050992593046
146.07,143.37,0.955403,1.550563,6.782161,0.969688,1.547855,6.784649,-170.11997519619254,169.26584240162902
146.08,143.38,0.93183,1.559589,6.78324,0.94622,1.556439,6.785157,-172.4118768808663,167.6526008974602
146.09,143.39,0.90902,1.570128,6.783708,0.923276,1.566462,6.784698,-176.02750405925005,165.5785806236085
146.1,143.4,0.886229,1.581273,6.783412,0.900528,1.577396,6.784102,-177.2373281436214,164.82967844600734
146.11,143.41,0.8627,1.590778,6.782978,0.878931,1.589278,6.784567,-174.4086134020333,174.71996529569475
146.12,143.42,0.838242,1.598761,6.783044,0.855254,1.5986,6.784417,-175.38578861522723,179.45777421151723
146.13,143.43,0.813312,1.605324,6.783236,0.831035,1.606189,6.784458,-176.05570137063714,-177.20580304317642
146.14,143.44,0.788453,1.610365,6.783283,0.80807,1.612165,6.783397,-179.66704157932827,-174.75738289545805
146.15,143.45,0.765042,1.615201,6.783143,0.7853,1.618297,6.781951,176.63254455485176,-171.31080487422162
146.16,143.46,0.741327,1.621261,6.781847,0.762855,1.624202,6.781071,177.93560556856627,-172.2208199780477
146.17,143.47,0.718527,1.628541,6.780205,0.734133,1.628839,6.783342,-168.63430144921944,-178.90605744487314
146.18,143.48,0.696682,1.636417,6.778721,0.712614,1.636316,6.782033,-168.25641445672443,179.63678155845489
146.19,143.49,0.675916,1.645171,6.775603,0.691282,1.644428,6.78071,-161.6154038655726,177.23170422020854
146.2,143.5,0.655191,1.65271,6.772695,0.669909,1.652124,6.778263,-159.27775452948936,177.7199618226954
146.21,143.51,0.632933,1.659143,6.769547,0.647319,1.658993,6.775306,-158.18279860856646,179.4026097947677
146.22,143.52,0.609894,1.664214,6.766821,0.625973,1.665082,6.771773,-162.88224821235968,-176.90997510363613
146.23,143.53,0.586928,1.66822,6.764359,0.603252,1.669162,6.769392,-162.8644733781442,-176.6973270338617
146.24,143.54,0.564316,1.671523,6.761714,0.580334,1.672745,6.767389,-160.49132757039737,-175.63740266718867
146.25,143.55,0.542415,1.67429,6.758243,0.557042,1.675658,6.764876,-155.6068272969393,-174.65691630503295
146.26,143.56,0.521612,1.677886,6.754315,0.5358,1.679027,6.761163,-154.235189865818,-175.40216417115235
146.27,143.57,0.502329,1.682839,6.750023,0.515053,1.682783,6.757509,-149.5301259401572,179.7478353555177
146.28,143.58,0.482355,1.688734,6.745443,0.496673,1.68901,6.752444,-153.94298799070185,-178.89567838383243
146.29,143.59,0.463233,1.69423,6.74079,0.476514,1.694391,6.748478,-149.9346483956804,-179.30546128549454
146.3,143.6,0.444145,1.698289,6.735246,0.456621,1.6979,6.743654,-146.02263210142476,178.21410390006002
146.31,143.61,0.420669,1.699841,6.730259,0.434343,1.700368,6.738346,-149.3993203254332,-177.79289607410686
146.32,143.62,0.401809,1.701739,6.723855,0.413476,1.702533,6.732387,-143.82224204200952,-176.10672752775594
146.33,143.63,0.380518,1.70354,6.718032,0.391845,1.704699,6.727066,-141.42542109280626,-174.15772028411237
146.34,143.64,0.362565,1.70642,6.711373,0.37216,1.707285,6.721444,-133.6134716233924,-174.8486465691708
146.35,143.65,0.343494,1.709287,6.704669,0.352488,1.709674,6.715412,-129.9359456259844,-177.53615773106637
146.36,143.66,0.326208,1.712394,6.696339,0.334536,1.71295,6.707123,-127.67730086645633,-176.18044563693874
146.37,143.67,0.306547,1.714948,6.688025,0.317092,1.716269,6.697927,-136.80119572820385,-172.8596033112655
146.38,143.68,0.290183,1.717384,6.679129,0.297586,1.718605,6.689621,-125.20622816177621,-170.63434447697017
146.39,143.69,0.27159,1.718636,6.671001,0.27919,1.720235,6.681674,-125.45380135696614,-168.1185611160863
146.4,143.7,0.249939,1.71853,6.663507,0.261475,1.721501,6.673311,-139.6400772173054,-165.55779913381448
146.41,143.71,0.232521,1.717301,6.654097,0.241028,1.720515,6.664457,-129.39075240901778,-159.3031085315615
146.42,143.72,0.215156,1.715048,6.644508,0.221424,1.718315,6.655416,-119.88271447153868,-152.47062317320422
146.43,143.73,0.196759,1.712642,6.635395,0.20342,1.71616,6.646187,-121.68356745145078,-152.15927383002781
146.44,143.74,0.179972,1.710388,6.625387,0.187236,1.714649,6.636124,-124.0798870931973,-149.6044802310537
146.45,143.75,0.164297,1.708408,6.614388,0.169931,1.71262,6.62567,-116.53660444868235,-143.2180691931946
146.46,143.76,0.149117,1.706166,6.602555,0.155763,1.71117,6.613966,-120.21739756051863,-143.0226625627378
146.47,143.77,0.133072,1.703272,6.589995,0.141159,1.708972,6.601646,-124.7646506209696,-144.82248198313508
146.48,143.78,0.122312,1.699217,6.576311,0.126833,1.705151,6.588012,-111.1253969722992,-127.30307553191273
146.49,143.79,0.106325,1.69372,6.563185,0.111784,1.699698,6.574408,-115.93883663067439,-132.40175543862068
146.5,143.8,0.08919,1.687011,6.550516,0.09576,1.693622,6.561294,-121.36544318768975,-134.8217798813601
146.51,143.81,0.073678,1.679593,6.537013,0.079501,1.686496,6.547739,-118.49693531089927,-130.14918080940438
146.52,143.82,0.058339,1.67183,6.523505,0.063904,1.678837,6.534169,-117.55776903907291,-128.45680634166993
146.53,143.83,0.044934,1.663683,6.50991,0.049991,1.670878,6.520799,-114.91079777851152,-125.10143547510714
146.54,143.84,0.028321,1.655182,6.495172,0.035997,1.662901,6.506777,-123.48220606081503,-134.83996673516057
146.55,143.85,0.018611,1.647847,6.479563,0.021031,1.654678,6.491501,-101.45937532110699,-109.507572130666
146.56,143.86,0.010986,1.64004,6.462709,0.013159,1.646848,6.474788,-100.19836826335012,-107.70221538201525
146.57,143.87,-0.000886,1.630462,6.444587,0.003864,1.637756,6.456774,-111.29382616695554,-123.07298688467439
146.58,143.88,-0.01203,1.619076,6.426708,-0.006854,1.627073,6.438214,-114.22070509990893,-122.91266908095658
146.59,143.89,-0.020834,1.606721,6.408614,-0.017536,1.614752,6.419844,-106.36633471582832,-112.32593107029523
146.6,143.9,-0.033205,1.593335,6.390903,-0.028539,1.60136,6.401944,-112.90924253957732,-120.1751332087738
146.61,143.91,-0.042916,1.579197,6.372724,-0.039464,1.587585,6.383743,-107.39457722084592,-112.36914041942218
146.62,143.92,-0.052565,1.565352,6.354638,-0.049634,1.573637,6.365716,-104.81965618408661,-109.48234728586709
146.63,143.93,-0.062889,1.551229,6.335723,-0.059468,1.559832,6.347345,-106.40208418599089,-111.68534021193256
146.64,143.94,-0.069354,1.538638,6.316163,-0.066706,1.546196,6.328248,-102.35902209628175,-109.30827865831098
146.65,143.95,-0.074574,1.525281,6.294662,-0.071798,1.532818,6.306657,-103.03054371712963,-110.21957498015679
146.66,143.96,-0.079528,1.511129,6.272508,-0.075832,1.519123,6.284766,-106.77897167893977,-114.81330806369446
146.67,143.97,-0.085455,1.495309,6.250103,-0.082313,1.503354,6.261903,-104.91026010319017,-111.33328693476383
146.68,143.98,-0.088845,1.478166,6.228049,-0.087753,1.48617,6.239449,-95.47163808663491,-97.76899928124922
146.69,143.99,-0.096183,1.459051,6.206086,-0.093661,1.467741,6.217412,-102.55344460360762,-106.18371379646244
146.7,144.0,-0.100368,1.440386,6.184052,-0.097657,1.449366,6.195721,-103.07921789395115,-106.79870276925593
146.71,144.01,-0.103766,1.42314,6.161523,-0.102903,1.43086,6.17384,-94.00792247969518,-96.37847417964728
146.72,144.02,-0.105863,1.405365,6.138145,-0.106138,1.412688,6.150644,-88.73959535364762,-87.84938700202675
146.73,144.03,-0.106801,1.388254,6.113542,-0.10634,1.395401,6.126168,-92.0910522981714,-93.69061338616754
146.74,144.04,-0.106937,1.372031,6.087636,-0.106145,1.37911,6.100337,-93.56818970618693,-96.38371673941553
146.75,144.05,-0.107141,1.354792,6.061454,-0.107207,1.361656,6.073767,-89.6928867674754,-89.44909602078145
146.76,144.06,-0.107196,1.335378,6.034854,-0.107068,1.342893,6.047012,-90.60319039599894,-90.97580182216936
146.77,144.07,-0.106085,1.314743,6.008419,-0.105827,1.322745,6.020352,-91.23858278751403,-91.84668733140195
146.78,144.08,-0.106095,1.293211,5.982205,-0.105341,1.301241,5.993934,-93.67820397297527,-95.36422417412449
146.79,144.09,-0.104193,1.273231,5.955105,-0.104255,1.280636,5.967381,-89.71062983655938,-89.52028962537676
146.8,144.1,-0.100879,1.254876,5.927948,-0.101666,1.26124,5.940843,-86.50748997090233,-82.9503450847832
146.81,144.11,-0.096132,1.236701,5.899728,-0.097353,1.242994,5.912789,-84.65925940949847,-79.01961191099504
146.82,144.12,-0.090706,1.219968,5.870498,-0.09454,1.224991,5.883564,-73.64655268742393,-52.64590886940111
146.83,144.13,-0.084524,1.203786,5.839685,-0.091002,1.207912,5.852345,-62.90161147793745,-32.49407856065757
146.84,144.14,-0.079506,1.186125,5.808478,-0.082052,1.19152,5.82156,-78.98684682460791,-64.73651112215158
146.85,144.15,-0.073935,1.166537,5.777373,-0.075514,1.172499,5.79001,-82.87777380349488,-75.1661242652464
146.86,144.16,-0.067481,1.146352,5.746676,-0.07027,1.152013,5.759173,-77.41926010281897,-63.77195504911878
146.87,144.17,-0.060393,1.126515,5.715705,-0.062332,1.131899,5.728791,-81.57160286045226,-70.19396407529764
146.88,144.18,-0.052198,1.108436,5.68447,-0.055077,1.11307,5.697738,-77.75727972869025,-58.14824530385871
146.89,144.19,-0.043305,1.092308,5.652959,-0.047914,1.095225,5.66641,-71.08591966776991,-32.32939926224696
146.9,144.2,-0.033322,1.076901,5.61963,-0.040154,1.07934,5.632558,-62.14510026422863,-19.64638601470518
146.91,144.21,-0.022696,1.062436,5.585418,-0.026511,1.065962,5.598922,-74.22454253057477,-42.745547755687085
146.92,144.22,-0.011928,1.047632,5.550861,-0.015556,1.051531,5.564067,-74.63847235070138,-47.06197055181331
146.93,144.23,-0.000885,1.030978,5.515812,-0.004146,1.035644,5.529021,-76.13228205673208,-55.05085659823121
146.94,144.24,0.010438,1.012729,5.480949,0.008043,1.018039,5.493667,-79.33519846670362,-65.72292170729735
146.95,144.25,0.022169,0.99395,5.446431,0.017873,0.999107,5.459293,-71.5303118905525,-50.20426565586616
146.96,144.26,0.033708,0.976919,5.411721,0.028549,0.980798,5.424694,-68.31366507935367,-36.939136152127446
146.97,144.27,0.045958,0.962354,5.376975,0.041129,0.965094,5.390303,-70.08353893300078,-29.570804446915187
146.98,144.28,0.059504,0.949001,5.341352,0.054895,0.951519,5.354695,-70.94383000643757,-28.64876887202096
146.99,144.29,0.073757,0.938193,5.304946,0.068988,0.939967,5.318257,-70.2886618461768,-20.404483383188197
147.0,144.3,0.08804,0.927689,5.267673,0.083717,0.929652,5.28142,-72.54327488743415,-24.42198247726035
147.01,144.31,0.102723,0.915658,5.230397,0.097738,0.917663,5.243454,-69.10376643663777,-21.910317869900133
147.02,144.32,0.117404,0.902079,5.192392,0.112462,0.904574,5.205566,-69.43728239433867,-26.78721642737542
147.03,144.33,0.132129,0.887591,5.154855,0.12764,0.890306,5.168123,-71.30763390104586,-31.166042196569283
147.04,144.34,0.147162,0.873679,5.118719,0.142345,0.875381,5.131793,-69.77412513632032,-19.459941939615018
147.05,144.35,0.163397,0.860477,5.081748,0.157566,0.860885,5.094688,-65.74280417650267,-4.002510651643919
147.06,144.36,0.179781,0.848134,5.044491,0.17452,0.849277,5.057763,-68.37670303924551,-12.257539298154924
147.07,144.37,0.196885,0.838048,5.007058,0.191117,0.838929,5.020335,-66.5181629722435,-8.68419749767483
147.08,144.38,0.213735,0.830002,4.968669,0.208434,0.831188,4.982257,-68.68806789853564,-12.611180131482683
147.09,144.39,0.230907,0.823745,4.929563,0.226052,0.824692,4.943161,-70.35151454713076,-11.03733546886895
147.1,144.4,0.248437,0.81633,4.890613,0.243285,0.817472,4.903448,-68.12935465325457,-12.498188410344948
147.11,144.41,0.266824,0.807227,4.851225,0.261335,0.808486,4.864254,-67.15474760568674,-12.918358712111056
147.12,144.42,0.285745,0.796508,4.812373,0.280072,0.798053,4.825115,-66.00038993884442,-15.234606476416753
147.13,144.43,0.30459,0.785638,4.773776,0.298557,0.786755,4.786743,-65.04942105191114,-10.48943651589957
147.14,144.44,0.322902,0.774243,4.734734,0.317299,0.775758,4.74766,-66.56483898103625,-15.13044616492652
147.15,144.45,0.340954,0.765034,4.695652,0.335455,0.766356,4.708976,-67.57337987857848,-13.517799367670396
147.16,144.46,0.359264,0.758065,4.656597,0.354331,0.759228,4.670325,-70.23467947914433,-13.2657651927898
147.17,144.47,0.378416,0.753632,4.617723,0.373068,0.754262,4.631359,-68.58503116094194,-6.71853908282895
147.18,144.48,0.397554,0.751314,4.577982,0.392282,0.751224,4.591785,-69.09584544777714,0.9780195964584786
147.19,144.49,0.416624,0.749057,4.538126,0.411086,0.748519,4.551486,-67.48496844464029,5.548700561380753
147.2,144.5,0.435758,0.744722,4.497549,0.430189,0.744389,4.510598,-66.88837386047784,3.4219435810096415
147.21,144.51,0.455525,0.738911,4.457069,0.450013,0.73953,4.469789,-66.57130719125428,-6.407495177061695
147.22,144.52,0.475692,0.732166,4.417283,0.469049,0.732972,4.429478,-61.42148053067973,-6.91792407177439
147.23,144.53,0.496153,0.724841,4.376846,0.488697,0.725675,4.389598,-59.68548979120425,-6.382359434956119
147.24,144.54,0.515985,0.717697,4.336853,0.509262,0.718839,4.349491,-61.98849254790813,-9.640507640258459
147.25,144.55,0.535077,0.71239,4.297107,0.528415,0.713506,4.310002,-62.67756999465366,-9.509734008522214
147.26,144.56,0.553244,0.709123,4.257272,0.547799,0.709974,4.270742,-67.98988365093936,-8.882906106773882
147.27,144.57,0.571597,0.708597,4.217401,0.566068,0.708561,4.230684,-67.40065898555322,0.3730546056698696
147.28,144.58,0.589709,0.70979,4.17659,0.584643,0.709609,4.190033,-69.35106196350802,2.046215306924364
147.29,144.59,0.607402,0.711722,4.13544,0.602589,0.71075,4.149127,-70.62590117055552,11.417489228978445
147.3,144.6,0.625141,0.711944,4.094942,0.620278,0.71108,4.107614,-69.00522190597493,10.074506660954713
147.31,144.61,0.643975,0.71089,4.053332,0.638768,0.710077,4.066272,-68.08035911578278,8.874281353438274
147.32,144.62,0.663539,0.707748,4.011914,0.65867,0.707827,4.024964,-69.53928155847035,-0.9295480488537963
147.33,144.63,0.682699,0.703741,3.970606,0.67829,0.704424,3.983783,-71.49985345884458,-8.805720248540013
147.34,144.64,0.701524,0.700653,3.928869,0.69673,0.701254,3.942833,-71.05207092815334,-7.1456088803800935
147.35,144.65,0.719311,0.698886,3.888616,0.714926,0.700345,3.902776,-72.79354651613632,-18.40358395428061
147.36,144.66,0.736472,0.699588,3.848753,0.732666,0.699676,3.862418,-74.43632249009805,-1.3245219122908605
147.37,144.67,0.753303,0.701911,3.808637,0.749454,0.701463,3.822578,-74.56559151943732,6.639004268044956
147.38,144.68,0.769983,0.706512,3.767722,0.766334,0.705492,3.782164,-75.82009058367174,15.617199760089823
147.39,144.69,0.786357,0.711971,3.727093,0.78297,0.711189,3.741167,-76.46870433576906,13.000793968027823
147.4,144.7,0.802677,0.716502,3.686057,0.799237,0.715798,3.700044,-76.18275832720936,11.565944083514134
147.41,144.71,0.819726,0.719266,3.644463,0.816232,0.718633,3.658142,-75.67142361928536,10.268766007846864
147.42,144.72,0.837485,0.720298,3.602685,0.833725,0.719936,3.616374,-74.6411635854755,5.4992930804206965
147.43,144.73,0.855035,0.720114,3.561875,0.851377,0.720029,3.574501,-73.84266013541236,1.3311276666114236
147.44,144.74,0.872508,0.718861,3.520429,0.869385,0.719685,3.533564,-76.62558840696317,-14.780582024790498
147.45,144.75,0.889724,0.71839,3.47897,0.886457,0.719073,3.49299,-76.88277357138425,-11.808202634817704
147.46,144.76,0.905607,0.718731,3.439023,0.902965,0.719662,3.452502,-78.91012962031847,-19.41167058320967
147.47,144.77,0.921633,0.72174,3.398297,0.918917,0.721345,3.412458,-79.14283823047202,8.27476599255027
147.48,144.78,0.936602,0.725479,3.358607,0.933951,0.724747,3.372278,-79.02574016743523,15.436011751661058
147.49,144.79,0.951273,0.731398,3.317702,0.948648,0.730276,3.331705,-79.38256814289055,23.143247567344268
147.5,144.8,0.965705,0.737562,3.276579,0.963169,0.736731,3.290588,-79.73906909205715,18.143006981762543
147.51,144.81,0.979808,0.743083,3.235776,0.977069,0.741989,3.249668,-78.84640266292894,21.772550568179128
147.52,144.82,0.994528,0.747081,3.194525,0.991605,0.745998,3.207936,-77.7043675529794,20.330159075335953
147.53,144.83,1.009491,0.748693,3.153057,1.0064,0.74831,3.166271,-76.83418150437024,7.063410461016871
147.54,144.84,1.024351,0.749089,3.111373,1.022036,0.749463,3.124767,-80.19395851956985,-9.177131044995747
147.55,144.85,1.038758,0.748809,3.070189,1.036748,0.750149,3.082825,-80.96172330931827,-33.69006752597906
147.56,144.86,1.053345,0.749373,3.029009,1.051473,0.750583,3.042086,-81.85333657697933,-32.87731481891259
147.57,144.87,1.06818,0.751163,2.988017,1.066598,0.752154,3.001433,-83.27480079951584,-32.06394454316372
147.58,144.88,1.082497,0.753754,2.948447,1.08091,0.754943,2.961445,-83.03888546328308,-36.84100416391937
147.59,144.89,1.097022,0.759563,2.907824,1.094561,0.75863,2.92208,-80.20561510362964,20.7624283773441
147.6,144.9,1.110278,0.765945,2.867893,1.108264,0.76476,2.882245,-82.01190957225411,30.471760830246396
147.61,144.91,1.123428,0.774197,2.827138,1.121519,0.772894,2.840984,-82.1499073714024,34.31573759522588
147.62,144.92,1.136161,0.781553,2.786473,1.134279,0.780572,2.800313,-82.25626498095444,27.53095805295425
147.63,144.93,1.149246,0.786592,2.74584,1.146479,0.786049,2.759084,-78.1992362483585,11.102715368398213
147.64,144.94,1.163181,0.79026,2.704266,1.160583,0.790217,2.717548,-78.93250706586164,0.9482269376609347
147.65,144.95,1.176874,0.792389,2.662934,1.175054,0.792627,2.676827,-82.53668259212277,-7.45024906865523
147.66,144.96,1.190471,0.794529,2.621936,1.189074,0.795537,2.634855,-83.82828466717925,-35.81218816505872
147.67,144.97,1.203848,0.797689,2.581842,1.202338,0.798759,2.594574,-83.23638249420871,-35.321739946864255
147.68,144.98,1.216953,0.802045,2.543205,1.215742,0.802967,2.555245,-84.25642708170035,-37.28398608301003
147.69,144.99,1.230746,0.810116,2.502318,1.228792,0.808547,2.51642,-82.11121829254132,38.763359032901946
147.7,145.0,1.243173,0.818615,2.463666,1.241055,0.816277,2.477675,-81.4026472276623,47.82649115366216
147.71,145.01,1.255044,0.829073,2.424191,1.25288,0.826501,2.438107,-81.16104411835602,49.923797191181784
147.72,145.02,1.266404,0.839001,2.384317,1.264071,0.836611,2.398303,-80.52970611288518,45.691446302646874
147.73,145.03,1.277783,0.846961,2.344029,1.275185,0.84522,2.357721,-79.25608864612957,33.827260066804946
147.74,145.04,1.289639,0.853503,2.303259,1.287187,0.852543,2.316936,-79.83604057838231,21.38119409642903
147.75,145.05,1.302429,0.859348,2.26259,1.299541,0.858371,2.276528,-78.2937763267678,18.690493080014058
147.76,145.06,1.315038,0.865632,2.222955,1.312098,0.864054,2.237021,-78.19430367106241,28.223998586904624
147.77,145.07,1.32706,0.872838,2.184506,1.324475,0.870652,2.198028,-79.17734946450432,40.219463056400976
147.78,145.08,1.338678,0.881768,2.146394,1.335852,0.879046,2.160205,-78.43579680526017,43.92608809304951
147.79,145.09,1.349184,0.892827,2.109283,1.346631,0.889598,2.123061,-79.50241772778334,51.668437299427296
147.8,145.1,1.358864,0.906008,2.072392,1.356653,0.90227,2.085957,-80.74259597512706,59.39599188741083
147.81,145.11,1.367799,0.91978,2.034839,1.366408,0.915845,2.048161,-84.03913233753045,70.5317897930939
147.82,145.12,1.376736,0.932275,1.996276,1.374671,0.928673,2.009597,-81.18823795538306,60.174671195514826
147.83,145.13,1.386058,0.944207,1.959292,1.384197,0.939524,1.970259,-80.36916875086041,68.32738281433163
147.84,145.14,1.395682,0.954498,1.922691,1.394514,0.948535,1.93125,-82.2291582336301,78.91752593406149
147.85,145.15,1.405864,0.963146,1.884315,1.405128,0.956995,1.892398,-84.79726263228807,83.17669458194037
147.86,145.16,1.416978,0.968384,1.841259,1.415851,0.966381,1.854805,-85.24405940191022,60.63545640965527
147.87,145.17,1.426267,0.980157,1.805419,1.425165,0.97788,1.819154,-85.41281502245688,64.17440421190945
147.88,145.18,1.435194,0.993723,1.770051,1.433679,0.990532,1.78422,-83.89691860777208,64.60290409074179
147.89,145.19,1.442391,1.009174,1.736406,1.442379,1.004952,1.749459,-89.94732634946345,89.83715123099846
147.9,145.2,1.449248,1.024774,1.701342,1.449441,1.020589,1.714117,-90.86553771115871,92.6404434988038
147.91,145.21,1.456713,1.039564,1.66494,1.455808,1.035591,1.67796,-86.02385451094774,77.16768779280164
147.92,145.22,1.463721,1.054524,1.632159,1.463703,1.049158,1.64077,-89.88023196735581,89.80780466586118
147.93,145.23,1.472373,1.065668,1.596038,1.47175,1.060281,1.604286,-85.68045369176167,83.40311890532664
147.94,145.24,1.478741,1.07611,1.559612,1.480563,1.07104,1.567875,-102.43479720811628,109.76685591495321
147.95,145.25,1.489372,1.086257,1.520525,1.488837,1.082714,1.533937,-87.71570241387579,81.41309695758605
147.96,145.26,1.49643,1.101044,1.48935,1.49639,1.095022,1.501813,-89.81610982016687,89.6194291803426
147.97,145.27,1.50261,1.117372,1.458731,1.50245,1.110238,1.470578,-89.22623724049556,88.71519650818365
147.98,145.28,1.508224,1.135084,1.427436,1.50815,1.128182,1.439486,-89.64814652400385,89.3857251180672
147.99,145.29,1.513693,1.1525,1.39476,1.51289,1.146171,1.40731,-86.3389737808361,82.76915896238013
148.0,145.3,1.51995,1.167344,1.361165,1.518477,1.162483,1.373957,-83.43131624942893,73.1419283694001
148.01,145.31,1.526227,1.181282,1.327114,1.525147,1.176533,1.340085,-85.24037952749113,77.18791219890308
148.02,145.32,1.533089,1.193725,1.293251,1.532007,1.190116,1.306466,-85.31925415069239,73.31095178116648
148.03,145.33,1.540144,1.206897,1.260858,1.53871,1.203797,1.274167,-83.85029717104767,65.17565236941807
148.04,145.34,1.546368,1.221927,1.230901,1.545046,1.218354,1.244326,-84.37604441190665,69.69566733830318
148.05,145.35,1.551925,1.239012,1.203154,1.550437,1.234593,1.216199,-83.49258580163647,71.39019176213425
148.06,145.36,1.556732,1.258222,1.177486,1.554628,1.252441,1.189799,-80.3031631974534,70.00097953138855
148.07,145.37,1.560905,1.27752,1.150748,1.558751,1.270813,1.162745,-79.82128602866013,72.19521503609153
148.08,145.38,1.565321,1.295102,1.121972,1.563211,1.288691,1.134029,-80.0736392216862,71.78249651555824
148.09,145.39,1.570416,1.310547,1.091644,1.568157,1.304937,1.104174,-79.78008202073241,68.06664578670133
148.1,145.4,1.57544,1.324842,1.061675,1.573451,1.319418,1.074399,-81.115494693105,69.86183429364132
148.11,145.41,1.58109,1.33899,1.033039,1.578688,1.333949,1.045477,-79.06971569819292,64.52253843989213
148.12,145.42,1.586266,1.354564,1.006458,1.583589,1.348634,1.018735,-77.69919314485225,65.70399430551049
148.13,145.43,1.591286,1.370977,0.982372,1.587784,1.364034,0.993711,-72.8369279468734,63.2339465102756
148.14,145.44,1.596156,1.389305,0.959704,1.592077,1.381603,0.970482,-69.27054510388379,62.09418475671617
148.15,145.45,1.600881,1.40825,0.938089,1.596014,1.39985,0.94805,-63.959608083902936,59.91179321917746
148.16,145.46,1.605638,1.426404,0.914314,1.600199,1.418068,0.924172,-61.11295729296374,56.87670888468494
148.17,145.47,1.610724,1.442928,0.888214,1.605096,1.435877,0.898945,-62.32470447970173,51.40366965524426
148.18,145.48,1.615805,1.457676,0.861936,1.610532,1.45104,0.87297,-64.45749268819343,51.52916409527201
148.19,145.49,1.621185,1.471706,0.835846,1.61597,1.46543,0.847497,-65.88665984781149,50.27534112829005
148.2,145.5,1.626149,1.486142,0.812077,1.621244,1.480075,0.823432,-66.63718636421382,51.04542875067642
148.21,145.51,1.630873,1.501213,0.790466,1.62592,1.494589,0.801548,-65.91817494454565,53.21323001365699
148.22,145.52,1.635495,1.517703,0.77078,1.630505,1.510433,0.781289,-64.60017831421293,55.53498177201554
148.23,145.53,1.640782,1.535717,0.753008,1.63493,1.52775,0.762869,-59.31303252010439,53.701603699937166
148.24,145.54,1.646158,1.553266,0.734567,1.640046,1.544967,0.744374,-58.06767128883835,53.62930972089684
148.25,145.55,1.65164,1.569117,0.714852,1.645433,1.561592,0.724353,-56.84342860314414,50.482465905694525
148.26,145.56,1.657566,1.583755,0.693164,1.650312,1.57662,0.703138,-53.97194348946233,44.52616287984553
148.27,145.57,1.663559,1.597405,0.672022,1.656078,1.590634,0.68178,-52.52431351445351,42.148021302327614
148.28,145.58,1.669247,1.611118,0.652002,1.661835,1.604254,0.662234,-54.08065120969018,42.80171762581676
148.29,145.59,1.67457,1.624763,0.633832,1.667406,1.617866,0.643717,-54.067862425131786,43.91215881785818
148.3,145.6,1.680002,1.639137,0.617492,1.672495,1.631915,0.62698,-51.64860437175123,43.89148892062561
148.31,145.61,1.68628,1.654534,0.603408,1.678302,1.646821,0.612368,-48.31807432884889,44.03244291324427
148.32,145.62,1.692919,1.66937,0.590191,1.68444,1.661685,0.598731,-45.205360337494426,42.18780551963152
148.33,145.63,1.700251,1.683089,0.575242,1.69137,1.676068,0.584059,-44.79280631118285,38.32863160301817
148.34,145.64,1.707833,1.695629,0.559126,1.698283,1.689768,0.568248,-43.6868948101263,31.538159640696605
148.35,145.65,1.714732,1.70816,0.543322,1.704547,1.702033,0.551587,-39.058897245556565,31.02989309060079
148.36,145.66,1.721382,1.720054,0.528612,1.711569,1.714267,0.536628,-39.24454686005393,30.529039421947754
148.37,145.67,1.728414,1.731847,0.515077,1.718412,1.725642,0.523248,-39.24664440023599,31.81446850124689
148.38,145.68,1.735209,1.743468,0.503272,1.724986,1.736826,0.510645,-35.79977828822346,33.012243136269824
148.39,145.69,1.7425,1.755536,0.492969,1.732318,1.748881,0.500408,-36.15197716127552,33.168807372292854
148.4,145.7,1.750474,1.767118,0.483905,1.740224,1.760662,0.491124,-35.15675638955912,32.204924930618255
148.41,145.71,1.75962,1.777387,0.474519,1.748746,1.771982,0.481546,-32.87136661015865,26.4300044751191
148.42,145.72,1.769321,1.786376,0.463848,1.757675,1.782214,0.471354,-32.8023120811747,19.665666278459415
148.43,145.73,1.778504,1.795121,0.452256,1.766856,1.791365,0.460744,-36.08115246369465,17.87237268530215
148.44,145.74,1.787396,1.803526,0.441776,1.775327,1.800049,0.44878,-30.127869452155522,16.071345277347113
148.45,145.75,1.796213,1.811563,0.433781,1.782796,1.807997,0.438495,-19.3586859742453,14.884095844823905
148.46,145.76,1.803847,1.81908,0.426096,1.790455,1.815501,0.429516,-14.325796426842901,14.962568340531309
148.47,145.77,1.812924,1.826861,0.419978,1.799632,1.822987,0.420098,-0.5172514863111034,16.24894836537157
148.48,145.78,1.822484,1.835006,0.415527,1.808986,1.830245,0.418243,-11.376853417865672,19.42871032300976
148.49,145.79,1.832626,1.841686,0.410263,1.819158,1.837979,0.414018,-15.578950182602119,15.389302296139084
148.5,145.8,1.843433,1.846596,0.405311,1.829883,1.84386,0.408643,-13.81515607444688,11.415605130876303
148.51,145.81,1.854788,1.849873,0.398252,1.840997,1.848228,0.401896,-14.80101213565689,6.802141600737938
148.52,145.82,1.866502,1.852902,0.393248,1.852495,1.851946,0.394728,-6.031575672478867,3.9044727701784705
148.53,145.83,1.87759,1.855395,0.387034,1.863317,1.855195,0.388924,-7.543100191287033,0.8028029140126716
148.54,145.84,1.887552,1.857484,0.383017,1.872967,1.858125,0.383524,-1.9908994154601658,-2.516487882535278
148.55,145.85,1.896669,1.859706,0.3796,1.881995,1.860309,0.378767,3.2490265817748276,-2.353136674517637
148.56,145.86,1.906493,1.86183,0.376681,1.892242,1.862246,0.374989,6.770945814194354,-1.6720425026401413
148.57,145.87,1.917458,1.864488,0.374608,1.903374,1.864425,0.372144,9.923482400002888,0.2562915389341394
148.58,145.88,1.92847,1.865965,0.373813,1.914627,1.866688,0.37023,14.511470228818755,-2.989759702933729
148.59,145.89,1.939606,1.865198,0.373294,1.925784,1.867292,0.369495,15.368350628665556,-8.614665822043598
148.6,145.9,1.950997,1.864074,0.372375,1.936793,1.866673,0.369528,11.333977975538074,-10.369083357225836
148.61,145.91,1.963273,1.861974,0.370953,1.949396,1.865424,0.367146,15.341026687539216,-13.96141439444741
148.62,145.92,1.975298,1.859048,0.369308,1.961816,1.862735,0.364979,17.80155394837184,-15.295026526689812
148.63,145.93,1.987819,1.854692,0.367404,1.974072,1.858982,0.363201,17.000458618179916,-17.331476775129985
148.64,145.94,1.999594,1.849356,0.366242,1.986359,1.854407,0.362173,17.089647115951802,-20.8888344592694
148.65,145.95,2.010142,1.84385,0.366118,1.997577,1.849659,0.360971,22.27547444323418,-24.81185398818412
148.66,145.96,2.020129,1.838186,0.367689,2.008541,1.844205,0.360685,31.149536096263827,-27.448115374054424
148.67,145.97,2.030235,1.832443,0.370385,2.018878,1.838674,0.362717,34.02636775155855,-28.75130463819529
148.68,145.98,2.040622,1.826701,0.374336,2.028965,1.832343,0.366891,32.56523325471977,-25.827029910828728
148.69,145.99,2.050739,1.818859,0.378073,2.039402,1.825336,0.370758,32.83141954755466,-29.73998268660499
148.7,146.0,2.060823,1.809476,0.381047,2.050073,1.816672,0.373752,34.16099789252589,-33.79816800654367
148.71,146.01,2.071891,1.799492,0.383724,2.060981,1.806564,0.376516,33.45187323401722,-32.95181741575612
148.72,146.02,2.083323,1.788628,0.386481,2.072702,1.796215,0.379292,34.09275824921844,-35.539718930517274
148.73,146.03,2.094074,1.777423,0.389665,2.08405,1.785511,0.382075,37.132377667853376,-38.89879401712637
148.74,146.04,2.103483,1.766017,0.393778,2.093676,1.774099,0.385359,40.645049123508976,-39.49211345029544
148.75,146.05,2.112634,1.754186,0.399337,2.102756,1.762661,0.389923,43.62222075417732,-40.628511045439446
148.76,146.06,2.121804,1.742236,0.406145,2.111841,1.750479,0.396684,43.51955930196756,-39.603037173182145
148.77,146.07,2.130604,1.730138,0.414062,2.121405,1.738181,0.404432,46.311284153874716,-41.16431127533179
148.78,146.08,2.139707,1.71604,0.422008,2.13119,1.724573,0.412823,47.16107948822675,-45.05376728463995
148.79,146.09,2.148795,1.700152,0.43,2.139518,1.709278,0.421489,42.534210238748244,-44.529888140169376
148.8,146.1,2.157688,1.682374,0.43778,2.150398,1.691916,0.429537,48.51088133425388,-52.620506107019786
148.81,146.11,2.166514,1.664276,0.44593,2.158869,1.673727,0.437656,47.262724270425004,-51.03028890083619
148.82,146.12,2.175045,1.646547,0.454602,2.167893,1.655749,0.446099,49.932308718548356,-52.14485053074939
148.83,146.13,2.18304,1.62886,0.464116,2.176336,1.637548,0.454608,54.81270171916444,-52.34482005133886
148.84,146.14,2.191024,1.609813,0.474833,2.183521,1.618666,0.46503,52.57035355095536,-49.71841322553661
148.85,146.15,2.198498,1.591708,0.487028,2.191125,1.600067,0.476885,53.98639988081269,-48.58631076686926
148.86,146.16,2.205665,1.573936,0.500844,2.198638,1.582307,0.490774,55.09207578207359,-49.988366086640994
148.87,146.17,2.212402,1.555261,0.515379,2.20613,1.563853,0.505632,57.23952754092342,-53.87125190345083
148.88,146.18,2.219075,1.534738,0.52995,2.213241,1.543317,0.520295,58.85767654071135,-55.78301916002089
148.89,146.19,2.224813,1.511974,0.544435,2.220732,1.521016,0.535109,66.36611035925219,-65.70852513912241
148.9,146.2,2.2308,1.488201,0.558655,2.224612,1.498073,0.549546,55.810629200367025,-57.91955413016037
148.91,146.21,2.236827,1.465431,0.57388,2.232144,1.474114,0.56393,64.79582596309896,-61.66069565823464
148.92,146.22,2.242618,1.44215,0.589754,2.237587,1.450773,0.579411,64.06097337291646,-59.73901860155508
148.93,146.23,2.247884,1.419244,0.606425,2.244348,1.426871,0.595957,71.33547572761216,-65.12680166570009
148.94,146.24,2.253175,1.397274,0.625102,2.249177,1.404746,0.61404,70.12925921626015,-61.85035725487643
148.95,146.25,2.258471,1.375948,0.645484,2.254257,1.383371,0.634034,69.7946219865865,-60.41663913812997
148.96,146.26,2.264131,1.354541,0.666631,2.259714,1.361741,0.655289,68.72219628242313,-58.47204061178857
148.97,146.27,2.269387,1.331731,0.687737,2.265088,1.338718,0.676639,68.82527163611813,-58.39661570344664
148.98,146.28,2.273544,1.306936,0.709645,2.270395,1.314093,0.698244,74.55964295119847,-66.25104207490436
148.99,146.29,2.27784,1.281315,0.731241,2.274965,1.288189,0.719991,75.66456458048005,-67.30323833324837
149.0,146.3,2.282714,1.255003,0.753512,2.279424,1.261822,0.741774,74.3425461193654,-64.24383242010792
149.01,146.31,2.287316,1.22933,0.776388,2.283602,1.236,0.764747,72.30498969470317,-60.88999541891329
149.02,146.32,2.292421,1.205235,0.800816,2.289092,1.211358,0.788863,74.43708195054958,-61.46761691449393
149.03,146.33,2.297613,1.182775,0.826367,2.293508,1.188547,0.81411,71.48375278727606,-54.57986824342907
149.04,146.34,2.30319,1.161623,0.853095,2.298975,1.166967,0.840781,71.104267005425,-51.735918120487746
149.05,146.35,2.308948,1.140386,0.880636,2.305147,1.14521,0.868169,73.04432799009675,-51.764176272004335
149.06,146.36,2.314323,1.116724,0.909051,2.310948,1.122215,0.897107,74.22137126367355,-58.42336361492935
149.07,146.37,2.31863,1.091606,0.937879,2.315247,1.097721,0.926165,73.8912969817473,-61.0473257416528
149.08,146.38,2.323303,1.066419,0.966647,2.319753,1.072829,0.954679,73.47836200235193,-61.02134466279215
149.09,146.39,2.328519,1.041428,0.995842,2.324357,1.04707,0.983719,71.05191772618727,-53.5844839592012
149.1,146.4,2.335323,1.018463,1.025641,2.331023,1.024362,1.013697,70.20044418174041,-53.91030408423581
149.11,146.41,2.342423,0.997691,1.05637,2.337018,1.00297,1.044597,65.34008162316128,-44.324322954451
149.12,146.42,2.350355,0.979312,1.088455,2.344906,0.983855,1.076425,65.63180522228829,-39.81901376619936
149.13,146.43,2.358896,0.960533,1.121426,2.353253,0.964947,1.109387,64.88626251691433,-38.03280354198484
149.14,146.44,2.367995,0.939036,1.15519,2.362537,0.944734,1.143457,65.05292034654192,-46.23241899371419
149.15,146.45,2.377269,0.916743,1.189045,2.37146,0.922913,1.177529,63.23231558743391,-46.72614727973706
149.16,146.46,2.386186,0.894857,1.222736,2.380209,0.900421,1.211079,62.854010535674604,-42.95051869972096
149.17,146.47,2.394918,0.874061,1.257072,2.38947,0.879305,1.245261,65.23778113968511,-43.906947155707215
149.18,146.48,2.404187,0.855756,1.291897,2.39852,0.860794,1.279908,64.70068100195031,-41.63730437842502
149.19,146.49,2.414715,0.839924,1.327201,2.408586,0.844107,1.315222,62.90365410072999,-34.313265459857
149.2,146.5,2.426249,0.826561,1.362998,2.420777,0.829402,1.350697,66.01849842177383,-27.437824702662297
149.21,146.51,2.439035,0.811858,1.40004,2.433034,0.814952,1.387753,63.969006852330914,-27.274759894076958
149.22,146.52,2.452128,0.795324,1.437301,2.446148,0.799113,1.425109,63.872715987502,-32.35883924924077
149.23,146.53,2.465246,0.777557,1.47468,2.459344,0.781735,1.462654,63.85958093114475,-35.29451023082929
149.24,146.54,2.477992,0.759584,1.512111,2.471974,0.763605,1.500095,63.39681519826083,-33.74934808602068
149.25,146.55,2.49044,0.742348,1.549605,2.484523,0.74588,1.537501,63.948457412509455,-30.833996022839845
149.26,146.56,2.50281,0.726948,1.587366,2.497177,0.730252,1.575158,65.23051454024338,-30.39348094956327
149.27,146.57,2.515943,0.71484,1.62488,2.510171,0.717106,1.612484,65.0317085923241,-21.43422186788561
149.28,146.58,2.529908,0.704587,1.663289,2.524345,0.706324,1.650689,66.1781610435051,-17.34053541078499
149.29,146.59,2.544492,0.695146,1.702728,2.538588,0.697074,1.690257,64.6662674248337,-18.084877133247605
149.3,146.6,2.559225,0.685163,1.742593,2.553406,0.687036,1.730061,65.09308197723672,-17.842152805386533
149.31,146.61,2.573679,0.673152,1.783193,2.568105,0.675757,1.770444,66.3845334755272,-25.048960433683725
149.32,146.62,2.587708,0.660139,1.823929,2.582425,0.663387,1.811262,67.36054609330566,-31.583291825660613
149.33,146.63,2.601868,0.646428,1.864443,2.596262,0.649733,1.851674,66.29698702542925,-30.521344362980454
149.34,146.64,2.615899,0.633761,1.904442,2.610805,0.636761,1.891777,68.08947512678515,-30.495028671044466
149.35,146.65,2.630311,0.623848,1.944208,2.625346,0.626082,1.931105,69.24725690566027,-24.225346117769423
149.36,146.66,2.644268,0.61612,1.983541,2.639674,0.616733,1.970633,70.40918715273979,-7.600361836357494
149.37,146.67,2.658468,0.609683,2.024323,2.654516,0.60996,2.010899,73.59567175055892,-4.009366709280787
149.38,146.68,2.673487,0.604807,2.065645,2.668109,0.603478,2.050301,70.68467569462506,13.880719208688765
149.39,146.69,2.688934,0.600258,2.107945,2.683831,0.60106,2.095004,68.47928871353604,-8.931685825538151
149.4,146.7,2.704552,0.594596,2.149865,2.699596,0.595228,2.1369,69.08014780035296,-7.267259799251648
149.41,146.71,2.720098,0.587102,2.192453,2.71514,0.587932,2.179144,69.5681349463637,-9.503544882228548
149.42,146.72,2.735359,0.578469,2.234814,2.730111,0.579584,2.221948,67.80961062938705,-11.994810103461747
149.43,146.73,2.750241,0.569526,2.276553,2.744598,0.570698,2.263309,66.92212881908202,-11.733009282871395
149.44,146.74,2.764777,0.561777,2.317695,2.75974,0.561869,2.304589,68.9768449270706,-1.0463819070979046
149.45,146.75,2.779016,0.555395,2.359835,2.7741,0.555439,2.346598,69.62584704056779,-0.5128045124335211
149.46,146.76,2.793272,0.550711,2.40212,2.788038,0.550873,2.388947,68.33069640919433,-1.7728226935980864
149.47,146.77,2.807496,0.548873,2.44447,2.802418,0.546727,2.428595,72.26187647896826,22.90927548840231
149.48,146.78,2.82202,0.54934,2.487053,2.816317,0.548905,2.474096,66.24339276822069,4.361826589785436
149.49,146.79,2.836632,0.549949,2.530057,2.831053,0.549017,2.51687,67.06832478298566,9.483970905875978
149.5,146.8,2.851738,0.548338,2.573492,2.850447,0.545445,2.564848,81.50554000549495,65.95120290708125
149.51,146.81,2.866708,0.544969,2.617596,2.861289,0.545131,2.604152,68.04664966764642,-1.7123367189891985
149.52,146.82,2.881267,0.539865,2.661333,2.875859,0.540641,2.648388,67.32641438398313,-8.16569715979455
149.53,146.83,2.895437,0.534589,2.704799,2.889881,0.535586,2.691718,66.98721581618871,-10.173205311885887
149.54,146.84,2.909066,0.530666,2.747877,2.904249,0.531177,2.734688,69.93636072513453,-6.055439395527429
149.55,146.85,2.922165,0.529032,2.790308,2.917736,0.528369,2.776716,71.95162229944407,8.513684864869099
149.56,146.86,2.935037,0.528304,2.833255,2.930783,0.527633,2.819509,72.80417579069236,8.963635135912135
149.57,146.87,2.947703,0.529693,2.876446,2.943152,0.528448,2.862749,71.6202856873445,15.299851066998329
149.58,146.88,2.960433,0.533113,2.920442,2.956407,0.531492,2.906425,73.9747351153111,21.931337225056126
149.59,146.89,2.973814,0.536613,2.964516,2.968332,0.536031,2.951077,67.80860492047232,6.060142489692843
149.6,146.9,2.986893,0.53882,3.008875,2.982076,0.538354,2.995445,70.26837874547066,5.525639478924669
149.61,146.91,2.999641,0.538948,3.054131,2.99508,0.53826,3.040824,71.08074966128174,8.578059615571652
149.62,146.92,3.012126,0.537282,3.099341,3.007504,0.536997,3.086054,70.81931948072119,3.5284830676464702
149.63,146.93,3.024241,0.535623,3.144622,3.019886,0.535578,3.130524,72.83360717665714,0.5920133919682429
149.64,146.94,3.035719,0.535875,3.187554,3.032334,0.535372,3.172878,77.0119413012903,8.452118387259205
149.65,146.95,3.047303,0.537987,3.230249,3.044594,0.535045,3.216756,78.6476104907629,47.36106161153266
149.66,146.96,3.059201,0.540871,3.273906,3.055618,0.537321,3.260245,75.30351701529597,44.73492959000251
149.67,146.97,3.071098,0.544838,3.318032,3.067527,0.542003,3.303762,75.950531013963,38.445894537721
149.68,146.98,3.08355,0.551581,3.362385,3.079531,0.548776,3.34873,73.5995561359195,34.91252923911995
149.69,146.99,3.09674,0.558585,3.407387,3.092584,0.557162,3.39356,73.2707277294984,18.901026159110792
149.7,147.0,3.109713,0.564439,3.451886,3.1055,0.563232,3.438461,72.57722969218368,15.98669985643285
149.71,147.01,3.122442,0.568778,3.496142,3.118015,0.5679,3.483296,70.98497873362493,11.217813149495424
149.72,147.02,3.134621,0.571687,3.541529,3.130402,0.571389,3.528755,71.72263067217483,4.040254252609422
149.73,147.03,3.146919,0.573777,3.586931,3.142889,0.573926,3.572945,73.92591294005048,-2.1174154666240126
149.74,147.04,3.158828,0.576855,3.631053,3.154809,0.575923,3.617111,73.9195444327428,13.056031498539578
149.75,147.05,3.170025,0.581901,3.67334,3.166399,0.580267,3.65914,75.67550693715603,24.257961143665067
149.76,147.06,3.18166,0.58788,3.716594,3.17779,0.584971,3.702774,74.35621577260181,36.931437270517534
149.77,147.07,3.19413,0.594886,3.759007,3.189657,0.592725,3.74528,71.95158537710573,25.78616131019305
149.78,147.08,3.206499,0.605003,3.80145,3.202276,0.602292,3.788134,72.4042379399515,32.698868039965866
149.79,147.09,3.219736,0.6159,3.843924,3.214913,0.613263,3.830774,69.85857576779242,28.667859411356226
149.8,147.1,3.233048,0.625709,3.886724,3.228056,0.623172,3.873333,69.55516393566234,26.94027574008507
149.81,147.11,3.24635,0.633694,3.930478,3.241984,0.631492,3.916668,72.45576889459959,26.76417600382914
149.82,147.12,3.259439,0.639803,3.974695,3.255049,0.638368,3.961032,72.18749125015512,18.10149546630702
149.83,147.13,3.272008,0.644705,4.018992,3.267668,0.643407,4.004519,73.3076566839489,16.650785008002178
149.84,147.14,3.284172,0.649758,4.06205,3.279908,0.64791,4.047126,74.0546040990776,23.431709487492704
149.85,147.15,3.296422,0.654311,4.104175,3.293225,0.652399,4.090889,76.47018267190454,30.88198460817606
149.86,147.16,3.308028,0.66113,4.146753,3.304154,0.658809,4.132052,75.2370629197162,30.92676765437525
149.87,147.17,3.320252,0.669165,4.187029,3.315753,0.667534,4.173687,71.3655944684855,19.926846959647932
149.88,147.18,3.332275,0.680311,4.227728,3.3282,0.677821,4.214314,73.10189579866716,31.42672186957834
149.89,147.19,3.344432,0.693629,4.267617,3.340321,0.69022,4.254391,72.7333363615802,39.66683401042171
149.9,147.2,3.357277,0.706501,4.307593,3.3534,0.702933,4.29408,73.99134335889445,42.62333909646131
149.91,147.21,3.370235,0.717546,4.348687,3.366431,0.714402,4.335138,74.31745002015357,39.573677858562085
149.92,147.22,3.382547,0.726851,4.390231,3.378883,0.723179,4.376229,75.33582484624458,45.0624817413304
149.93,147.23,3.39442,0.734158,4.432329,3.390911,0.730549,4.419181,75.0569205803868,45.80488916050645
149.94,147.24,3.406504,0.741634,4.474977,3.402183,0.738732,4.461267,72.50663869407319,33.885459206790394
149.95,147.25,3.418344,0.750537,4.515549,3.414021,0.74795,4.500963,73.49122513962945,30.897442002064263
149.96,147.26,3.430419,0.760833,4.553421,3.42545,0.758243,4.5403,69.25802793997806,27.529951126715783
149.97,147.27,3.441512,0.77058,4.586034,3.436799,0.771268,4.577733,60.41369625571166,-8.3053286640497
149.98,147.28,3.451354,0.780465,4.615724,3.448975,0.787344,4.61517,13.108895251824817,-70.92281568854759
149.99,147.29,3.466897,0.807004,4.665919,3.461756,0.802857,4.652302,69.31633309901162,38.891466564168226
150.0,147.3,3.479835,0.821355,4.704447,3.47481,0.817305,4.690751,69.85214289711423,38.8677775023216
150.01,147.31,3.491834,0.833729,4.74209,3.487144,0.829497,4.729464,69.62219756266263,42.061370403133495
150.02,147.32,3.503656,0.845147,4.780618,3.499118,0.841356,4.768315,69.75334632331763,39.875046052321395
150.03,147.33,3.515796,0.856747,4.819546,3.510807,0.853918,4.807182,68.02542209256738,29.555296265422804
150.04,147.34,3.527508,0.869772,4.856474,3.521934,0.866542,4.844316,65.37026924777197,30.09126844281396
150.05,147.35,3.538042,0.884798,4.89242,3.533602,0.880949,4.879913,70.45507664770416,40.92175169390662
150.06,147.36,3.550697,0.90156,4.926408,3.545037,0.897274,4.914363,64.8309562133267,37.13460103722914
150.07,147.37,3.56284,0.920249,4.959281,3.557624,0.916159,4.947439,66.22813359003882,38.10090862269579
150.08,147.38,3.575723,0.939212,4.993191,3.570534,0.934627,4.981031,66.89075001783243,41.46381222674901
150.09,147.39,3.588326,0.956287,5.027501,3.583871,0.951504,5.015241,70.0300278260687,47.03346228186515
150.1,147.4,3.601096,0.971768,5.06215,3.59669,0.966354,5.050107,69.90466646733951,50.86075107403474
150.11,147.41,3.613488,0.98611,5.096977,3.609559,0.980599,5.08455,72.45479520174707,54.5134949561715
150.12,147.42,3.625663,1.00028,5.132065,3.621641,0.995224,5.119752,71.91054777162167,51.49808437620987
150.13,147.43,3.637429,1.014833,5.165456,3.632949,1.010196,5.153393,69.625830643462,45.98656886562825
150.14,147.44,3.648662,1.031002,5.197672,3.644138,1.026642,5.185409,69.75024489229993,43.94243125998453
150.15,147.45,3.659632,1.049071,5.228267,3.655062,1.044496,5.215899,69.72063081309565,45.03132628419996
150.16,147.46,3.670234,1.069088,5.257848,3.665762,1.064314,5.24561,69.92672669297934,46.87077395187066
150.17,147.47,3.681207,1.089345,5.287487,3.677047,1.084209,5.275335,71.10236142028373,50.993605246589574
150.18,147.48,3.692645,1.108055,5.317834,3.688939,1.102649,5.305527,73.24140537324548,55.568014209007934
150.19,147.49,3.70483,1.124933,5.348889,3.701442,1.119493,5.336368,74.8591666516898,58.085592481807964
150.2,147.5,3.716621,1.140159,5.379911,3.713777,1.13488,5.367794,76.79111117925297,61.68694830815454
150.21,147.51,3.728294,1.154911,5.412125,3.72493,1.150301,5.399228,75.38093450463711,53.881097530152815
150.22,147.52,3.739329,1.169699,5.44277,3.735748,1.165488,5.429966,74.3748509626333,49.62243241529365
150.23,147.53,3.749899,1.185047,5.471875,3.745898,1.181396,5.459496,72.08871818148704,42.38113492162739
150.24,147.54,3.75949,1.1994,5.497366,3.755113,1.198361,5.487852,65.29478635352032,13.353557963966244
150.25,147.55,3.767706,1.218976,5.525651,3.763136,1.216566,5.515247,66.28631882600384,27.80502594338995
150.26,147.56,3.775434,1.236768,5.550681,3.770886,1.235768,5.542451,61.074416237890155,12.400689157355414
150.27,147.57,3.783178,1.254882,5.578857,3.779331,1.254293,5.569923,66.70318250071146,8.704748219053275
150.28,147.58,3.791792,1.271956,5.607488,3.788125,1.27177,5.598344,68.1478327775176,2.903705933184859
150.29,147.59,3.801521,1.288291,5.636568,3.797047,1.287833,5.62744,63.88866746501163,5.844965045409425
150.3,147.6,3.808708,1.306514,5.669569,3.80656,1.302342,5.656328,80.78555489058618,62.75782855040376
150.31,147.61,3.816689,1.320842,5.697521,3.815639,1.316379,5.684267,85.47041014859879,76.7609112091751
150.32,147.62,3.822993,1.335371,5.724304,3.822578,1.329904,5.711456,88.14994674197666,85.65900237421201
150.33,147.63,3.828774,1.350337,5.751181,3.828536,1.344565,5.738556,88.92001738551271,87.63882966458401
150.34,147.64,3.833623,1.365798,5.777559,3.833366,1.360346,5.764522,88.87066745696876,87.30115127271009
150.35,147.65,3.836685,1.382755,5.803819,3.836966,1.377153,5.790382,91.19801798353029,92.87158716023032
150.36,147.66,3.839844,1.399114,5.829355,3.839513,1.393659,5.816477,88.52766513403449,86.52764821784137
150.37,147.67,3.844014,1.414068,5.856592,3.84345,1.40919,5.843299,87.57049199590998,83.40468098009674
150.38,147.68,3.847021,1.427791,5.884665,3.84785,1.423985,5.871313,93.5528241409044,102.28789626672128
150.39,147.69,3.851731,1.4401,5.912876,3.851676,1.436309,5.899352,89.7669882800778,89.1688085453335
150.4,147.7,3.856377,1.45189,5.94096,3.85555,1.448912,5.927155,86.5717457873926,74.47985829813355
150.41,147.71,3.859459,1.46377,5.967705,3.85913,1.461096,5.953799,88.64470045007072,82.98577135610057
150.42,147.72,3.861506,1.476513,5.992461,3.86122,1.472801,5.978868,88.79466081711479,85.59421264023874
150.43,147.73,3.862093,1.489234,6.017163,3.862748,1.485234,6.003854,92.81752799685067,99.29964957410132
150.44,147.74,3.859944,1.503331,6.041485,3.861834,1.498443,6.028403,98.22082999560466,111.13955288450006
150.45,147.75,3.85742,1.517065,6.06639,3.859584,1.512812,6.053285,99.37651405224825,116.96777963953527
150.46,147.76,3.856523,1.529343,6.092343,3.857319,1.525523,6.078628,93.32164304985865,101.77068474132086
150.47,147.77,3.854653,1.540427,6.118892,3.854929,1.537762,6.104659,91.11091501765695,95.91274260152869
150.48,147.78,3.854242,1.550512,6.145701,3.852575,1.548335,6.131258,83.41609789950694,52.55753976740635
150.49,147.79,3.853421,1.559572,6.172376,3.850814,1.558017,6.157678,79.94199226888395,30.814852581572826
150.5,147.8,3.851889,1.568354,6.198369,3.853135,1.566494,6.184452,95.11609568059079,123.81783292759113
150.51,147.81,3.848791,1.577553,6.222225,3.854886,1.574866,6.209376,115.3776038579625,156.20956466072508
150.52,147.82,3.843795,1.587519,6.244164,3.855145,1.583102,6.233475,136.71791644231217,158.73585374279088
150.53,147.83,3.837975,1.5977,6.266764,3.853394,1.592766,6.257207,148.20854968174447,162.25559803576917
150.54,147.84,3.836884,1.607301,6.290256,3.848917,1.60301,6.280618,141.30652829554643,160.37362959557794
150.55,147.85,3.829803,1.617024,6.313967,3.842775,1.612888,6.304591,144.14106572031727,162.31560797344255
150.56,147.86,3.822186,1.625373,6.339488,3.834349,1.621942,6.328521,137.95999904330804,164.2470361860841
150.57,147.87,3.814355,1.632018,6.36437,3.824297,1.629901,6.352961,131.06945745907657,167.97925470372923
150.58,147.88,3.808946,1.637334,6.390244,3.814341,1.636814,6.377411,112.8019104821743,174.4945221420209
150.59,147.89,3.803398,1.642318,6.415164,3.805659,1.64328,6.401381,99.31597918236267,-156.95143817119774
150.6,147.9,3.797834,1.647604,6.438627,3.798082,1.649193,6.424084,90.97696322605513,-98.87075932694489
150.61,147.91,3.782378,1.655161,6.457209,3.791653,1.655309,6.446035,129.6944340192529,-179.08581608992432
150.62,147.92,3.77417,1.662451,6.477578,3.784512,1.661191,6.467404,135.46916922478144,173.0536998464956
150.63,147.93,3.771856,1.668232,6.499051,3.777057,1.66734,6.488636,116.53643740612222,170.26814078392331
150.64,147.94,3.75309,1.674981,6.519887,3.768421,1.672428,6.51102,149.9561729567117,170.5455564994811
150.65,147.95,3.742407,1.678544,6.543012,3.757178,1.677318,6.533684,147.72727458346822,175.25529874377094
150.66,147.96,3.732769,1.680929,6.566507,3.744665,1.680718,6.556046,138.67253265197766,178.98384819032088
150.67,147.97,3.722598,1.682868,6.589531,3.732102,1.683294,6.578459,130.64218125522203,-177.4335358238611
150.68,147.98,3.713124,1.685107,6.611399,3.720424,1.686038,6.599796,122.17595332613142,-172.7320607645845
150.69,147.99,3.704515,1.687898,6.631093,3.709886,1.688306,6.619812,115.4595990928302,-175.6559544969598
150.7,148.0,3.68299,1.693043,6.64471,3.70015,1.690951,6.639431,162.9003212247797,173.04928936220264
150.71,148.01,3.668322,1.696482,6.662937,3.688599,1.694283,6.658535,167.75153344445133,173.81057647671346
150.72,148.02,3.653081,1.699102,6.681681,3.675112,1.696884,6.677446,169.11881367353382,174.25104283697763
150.73,148.03,3.638087,1.700015,6.701544,3.660423,1.698722,6.697179,168.94236580763052,176.68692445183405
150.74,148.04,3.623625,1.699523,6.721623,3.643477,1.699279,6.716417,165.30560246578617,179.29581572225754
150.75,148.05,3.607793,1.698523,6.741205,3.629143,1.700642,6.738613,173.07787341289693,-174.33192316690526
150.76,148.06,3.61478,1.701483,6.735409,3.610772,1.698596,6.754395,-78.07971086593076,35.765559830046364
