Time (Seconds),,X1,Y1,Z1,X2,Y2,Z2
69.92,67.49,0.944993,1.876297,7.058556,0.939496,1.887961,7.064475
69.93,67.5,0.950726,1.857584,7.053674,0.944876,1.869111,7.060315
69.94,67.51,0.956228,1.836954,7.048895,0.95067,1.848505,7.055792
69.95,67.52,0.960283,1.814644,7.044675,0.956156,1.826373,7.050871
69.96,67.53,0.965868,1.791605,7.040466,0.961459,1.80327,7.046778
69.97,67.54,0.971213,1.768114,7.036309,0.965748,1.779467,7.042495
69.98,67.55,0.977303,1.744898,7.031301,0.971872,1.755859,7.038377
69.99,67.56,0.982553,1.721647,7.024746,0.977189,1.731952,7.033129
70,67.57,0.989475,1.69825,7.016942,0.985564,1.708383,7.025456
70.01,67.58,0.997627,1.675454,7.008031,0.992352,1.684891,7.017198
70.02,67.59,1.006886,1.65122,6.997733,1.002788,1.660843,7.006789
70.03,67.6,1.015645,1.624645,6.987446,1.011587,1.634677,6.996105
70.04,67.61,1.024313,1.596277,6.976737,1.021281,1.606719,6.9851
70.05,67.62,1.032222,1.567245,6.965818,1.02906,1.577683,6.97394
70.06,67.63,1.041155,1.538145,6.954371,1.037017,1.548018,6.962949
70.07,67.64,1.050516,1.508932,6.9428,1.045667,1.518544,6.95172
70.08,67.65,1.060986,1.480417,6.930005,1.054173,1.489236,6.939645
70.09,67.66,1.072759,1.452641,6.915986,1.063274,1.46062,6.926104
70.1,67.67,1.08555,1.426365,6.90028,1.081833,1.435034,6.909809
70.11,67.68,1.099487,1.399799,6.883057,1.098158,1.40856,6.892206
70.12,67.69,1.114195,1.37063,6.865048,1.113099,1.380439,6.873805
70.13,67.7,1.128074,1.340066,6.847315,1.125112,1.349757,6.856196
70.14,67.71,1.142482,1.30881,6.829095,1.137125,1.317823,6.83825
70.15,67.72,1.156551,1.277742,6.810906,1.152564,1.286698,6.820048
70.16,67.73,1.17107,1.247688,6.792125,1.167221,1.255955,6.801776
70.17,67.74,1.186315,1.218292,6.771788,1.182185,1.226328,6.781792
70.18,67.75,1.20338,1.190817,6.750169,1.198392,1.198081,6.760586
70.19,67.76,1.22169,1.164325,6.727135,1.218218,1.171755,6.737465
70.2,67.77,1.241232,1.136669,6.702709,1.237749,1.144797,6.712976
70.21,67.78,1.260246,1.107429,6.67809,1.257537,1.115739,6.688312
70.22,67.79,1.278883,1.076982,6.652888,1.277143,1.085537,6.663235
70.23,67.8,1.297067,1.046864,6.627696,1.293576,1.05453,6.638481
70.24,67.81,1.316123,1.017752,6.60207,1.311604,1.023904,6.613318
70.25,67.82,1.336569,0.989878,6.57572,1.333935,0.996765,6.586849
70.26,67.83,1.357987,0.963858,6.548433,1.355514,0.970869,6.559584
70.27,67.84,1.381374,0.940389,6.519617,1.377833,0.946928,6.530928
70.28,67.85,1.406231,0.918096,6.489424,1.402518,0.924357,6.500518
70.29,67.86,1.431519,0.89423,6.458866,1.427252,0.900891,6.469994
70.3,67.87,1.45666,0.869281,6.428184,1.453163,0.876028,6.439474
70.31,67.88,1.482132,0.842875,6.397627,1.478636,0.849921,6.408762
70.32,67.89,1.50754,0.816657,6.367416,1.503365,0.823366,6.378259
70.33,67.9,1.533481,0.792486,6.336421,1.526946,0.797559,6.347248
70.34,67.91,1.559923,0.771436,6.304826,1.555417,0.777283,6.316059
70.35,67.92,1.587239,0.753857,6.272352,1.580645,0.757124,6.283761
70.36,67.93,1.61616,0.737955,6.238997,1.60977,0.740336,6.250612
70.37,67.94,1.647058,0.720647,6.204728,1.640461,0.724054,6.216109
70.38,67.95,1.677679,0.702116,6.170201,1.671092,0.705665,6.181533
70.39,67.96,1.708479,0.681888,6.135341,1.701923,0.686239,6.146695
70.4,67.97,1.738685,0.661197,6.100794,1.732231,0.665369,6.111851
70.41,67.98,1.768515,0.641501,6.06683,1.762252,0.64527,6.078428
70.42,67.99,1.799006,0.624277,6.033,1.792523,0.626851,6.044616
70.43,68,1.830521,0.60938,5.998383,1.823984,0.611898,6.010099
70.44,68.01,1.862847,0.597706,5.963339,1.856084,0.599992,5.974916
70.45,68.02,1.896154,0.588598,5.92805,1.889153,0.590787,5.939302
70.46,68.03,1.930321,0.580268,5.892885,1.923039,0.582372,5.904152
70.47,68.04,1.964334,0.570706,5.857663,1.957163,0.572428,5.869104
70.48,68.05,1.99829,0.559724,5.822188,1.991649,0.560636,5.833734
70.49,68.06,2.032274,0.547272,5.786568,2.02586,0.548321,5.798371
70.5,68.07,2.066495,0.534645,5.751326,2.059587,0.53646,5.763035
70.51,68.08,2.100805,0.524061,5.716575,2.0935,0.525741,5.727827
70.52,68.09,2.134978,0.516746,5.682051,2.12767,0.518778,5.693442
70.53,68.1,2.16908,0.513854,5.648105,2.16171,0.514518,5.659617
70.54,68.11,2.202882,0.514181,5.614722,2.195958,0.513064,5.626312
70.55,68.12,2.238127,0.513918,5.580481,2.23145,0.512921,5.59225
70.56,68.13,2.274074,0.511888,5.545174,2.267806,0.511598,5.557229
70.57,68.14,2.310112,0.508487,5.510134,2.30373,0.508896,5.522178
70.58,68.15,2.345715,0.50429,5.475341,2.339282,0.504655,5.487391
70.59,68.16,2.381062,0.499915,5.441186,2.374397,0.500405,5.453239
70.6,68.17,2.415667,0.49712,5.407855,2.409477,0.496453,5.419818
70.61,68.18,2.450388,0.496338,5.375237,2.44405,0.49519,5.387174
70.62,68.19,2.484462,0.498005,5.342737,2.477902,0.496596,5.354857
70.63,68.2,2.518973,0.501962,5.310476,2.51177,0.50048,5.322371
70.64,68.21,2.553206,0.508307,5.278094,2.546153,0.506716,5.289689
70.65,68.22,2.588517,0.514195,5.245514,2.580566,0.512717,5.257022
70.66,68.23,2.62402,0.518686,5.213037,2.615841,0.516575,5.223895
70.67,68.24,2.659399,0.521574,5.180383,2.651264,0.519281,5.19112
70.68,68.25,2.694971,0.523282,5.147111,2.687082,0.5212,5.158219
70.69,68.26,2.730365,0.524187,5.114084,2.722351,0.522739,5.125325
70.7,68.27,2.76549,0.52532,5.081373,2.757375,0.524308,5.092558
70.71,68.28,2.799697,0.528023,5.049011,2.791609,0.527328,5.060423
70.72,68.29,2.832897,0.53292,5.017781,2.825125,0.531821,5.029158
70.73,68.3,2.864774,0.540808,4.987391,2.857399,0.538136,4.998438
70.74,68.31,2.896489,0.551075,4.95689,2.88924,0.547547,4.967689
70.75,68.32,2.929005,0.561956,4.925043,2.922071,0.558915,4.936167
70.76,68.33,2.962394,0.57129,4.892551,2.954857,0.568356,4.903935
70.77,68.34,2.995843,0.578832,4.859629,2.988133,0.576766,4.871037
70.78,68.35,3.029409,0.584876,4.826869,3.02123,0.583783,4.838385
70.79,68.36,3.062719,0.590181,4.794635,3.055127,0.589088,4.806264
70.8,68.37,3.09481,0.595567,4.763572,3.087931,0.593749,4.77521
70.81,68.38,3.126452,0.601736,4.73314,3.120418,0.598626,4.744836
70.82,68.39,3.157914,0.609043,4.70243,3.151856,0.605859,4.714234
70.83,68.4,3.188178,0.617984,4.671852,3.182142,0.614861,4.683638
70.84,68.41,3.217334,0.629361,4.641489,3.211662,0.625939,4.653409
70.85,68.42,3.24564,0.642932,4.611283,3.240459,0.63898,4.623415
70.86,68.43,3.272975,0.656264,4.580948,3.269542,0.651964,4.593104
70.87,68.44,3.302261,0.668185,4.549284,3.298199,0.664273,4.561639
70.88,68.45,3.331459,0.678435,4.517253,3.326932,0.675179,4.529529
70.89,68.46,3.361009,0.687102,4.485305,3.355721,0.684663,4.497775
70.9,68.47,3.390507,0.695588,4.454048,3.384606,0.693304,4.466331
70.91,68.48,3.41866,0.704391,4.42395,3.413836,0.701078,4.436192
70.92,68.49,3.44613,0.713801,4.394378,3.441397,0.710002,4.406693
70.93,68.5,3.472395,0.724685,4.364888,3.468007,0.720412,4.376731
70.94,68.51,3.496956,0.737057,4.335444,3.493156,0.732757,4.347463
70.95,68.52,3.521448,0.751728,4.305565,3.516979,0.747532,4.317997
70.96,68.53,3.545305,0.76643,4.275682,3.540928,0.762681,4.287864
70.97,68.54,3.569203,0.780698,4.245473,3.564449,0.776929,4.257676
70.98,68.55,3.593864,0.79347,4.214855,3.58933,0.789821,4.227229
70.99,68.56,3.619122,0.804885,4.184166,3.61467,0.801532,4.196827
71,68.57,3.643914,0.815605,4.15338,3.639657,0.812229,4.166388
71.01,68.58,3.667968,0.82583,4.12365,3.663626,0.82286,4.13643
71.02,68.59,3.68985,0.837523,4.094788,3.686512,0.833753,4.107614
71.03,68.6,3.709299,0.850747,4.066955,3.707819,0.845435,4.078857
71.04,68.61,3.72792,0.86572,4.038061,3.726394,0.860599,4.050364
71.05,68.62,3.745387,0.881656,4.008907,3.744022,0.876527,4.020734
71.06,68.63,3.763772,0.896945,3.978383,3.761347,0.892148,3.990966
71.07,68.64,3.782721,0.91038,3.947492,3.779617,0.90608,3.960405
71.08,68.65,3.800963,0.922757,3.916945,3.798232,0.918743,3.929959
71.09,68.66,3.817338,0.936036,3.888901,3.816604,0.931468,3.90111
71.1,68.67,3.832166,0.951472,3.861293,3.831756,0.946875,3.873758
71.11,68.68,3.84358,0.967859,3.83375,3.843699,0.963039,3.846008
71.12,68.69,3.853307,0.983952,3.80542,3.853695,0.979681,3.817496
71.13,68.7,3.863562,0.999218,3.776376,3.862829,0.995607,3.789218
71.14,68.71,3.873829,1.014209,3.747492,3.873879,1.010553,3.7603
71.15,68.72,3.882563,1.029294,3.719797,3.883621,1.025442,3.732355
71.16,68.73,3.888894,1.045002,3.693522,3.89123,1.041008,3.705925
71.17,68.74,3.89318,1.060565,3.667796,3.895832,1.05671,3.680254
71.18,68.75,3.895279,1.076102,3.642096,3.897785,1.072172,3.654319
71.19,68.76,3.896795,1.090516,3.614307,3.898748,1.087419,3.627664
71.2,68.77,3.898888,1.103512,3.58712,3.900895,1.100725,3.599845
71.21,68.78,3.902241,1.115698,3.558418,3.903854,1.113362,3.571257
71.22,68.79,3.905253,1.127221,3.530303,3.906147,1.125251,3.543092
71.23,68.8,3.907177,1.138612,3.502615,3.908593,1.136664,3.515267
71.24,68.81,3.907382,1.150056,3.475745,3.909564,1.148268,3.48822
71.25,68.82,3.907016,1.16105,3.450109,3.909229,1.159781,3.462239
71.26,68.83,3.905757,1.172199,3.424076,3.907986,1.171486,3.436603
71.27,68.84,3.903836,1.183412,3.397119,3.907186,1.18183,3.410657
71.28,68.85,3.902516,1.193018,3.370656,3.906339,1.191261,3.383263
71.29,68.86,3.901272,1.200829,3.342696,3.904925,1.199098,3.35549
71.3,68.87,3.899922,1.206609,3.31397,3.903575,1.205382,3.326796
71.31,68.88,3.89885,1.211225,3.285137,3.902938,1.210572,3.297833
71.32,68.89,3.897779,1.214858,3.257046,3.902185,1.214131,3.269553
71.33,68.9,3.896523,1.217509,3.227698,3.901205,1.217447,3.240222
71.34,68.91,3.894556,1.219326,3.200115,3.899099,1.219674,3.212499
71.35,68.92,3.893505,1.220399,3.171889,3.897776,1.221371,3.184479
71.36,68.93,3.892036,1.221452,3.144039,3.896146,1.222663,3.156643
71.37,68.94,3.889793,1.222776,3.116765,3.894398,1.223991,3.12898
71.38,68.95,3.887734,1.224857,3.089842,3.892113,1.225821,3.102059
71.39,68.96,3.886528,1.227825,3.062955,3.890444,1.227205,3.075795
71.4,68.97,3.886216,1.230439,3.036696,3.88993,1.229816,3.049402
71.41,68.98,3.886425,1.232584,3.00891,3.889447,1.232702,3.022312
71.42,68.99,3.886769,1.233388,2.979974,3.889241,1.234548,2.993497
71.43,69,3.886731,1.23276,2.950479,3.889122,1.234863,2.963842
71.44,69.01,3.885919,1.230909,2.920895,3.888981,1.232772,2.934
71.45,69.02,3.885271,1.227856,2.89096,3.888106,1.229924,2.904833
71.46,69.03,3.884886,1.225406,2.862588,3.88701,1.227677,2.875696
71.47,69.04,3.884895,1.222859,2.833894,3.886991,1.224658,2.847288
71.48,69.05,3.885078,1.221099,2.805555,3.887532,1.2224,2.818915
71.49,69.06,3.885471,1.220531,2.776888,3.887045,1.222045,2.790176
71.5,69.07,3.885254,1.221839,2.749102,3.888727,1.222063,2.761966
71.51,69.08,3.886322,1.222978,2.719416,3.889902,1.223272,2.732687
71.52,69.09,3.887681,1.222562,2.688187,3.891132,1.223419,2.701569
71.53,69.1,3.888196,1.220142,2.657032,3.892465,1.22147,2.669404
71.54,69.11,3.888339,1.216657,2.624094,3.892412,1.21788,2.638752
71.55,69.12,3.888827,1.212147,2.593198,3.892895,1.214072,2.606534
71.56,69.13,3.889641,1.208179,2.562565,3.893359,1.210063,2.575203
71.57,69.14,3.890444,1.205494,2.531846,3.894111,1.20685,2.545642
71.58,69.15,3.891504,1.204056,2.501566,3.894592,1.204863,2.515354
71.59,69.16,3.892751,1.203393,2.47175,3.894927,1.204345,2.484898
71.6,69.17,3.893893,1.203898,2.440837,3.896519,1.204157,2.454112
71.61,69.18,3.896009,1.20271,2.409415,3.898937,1.203557,2.422631
71.62,69.19,3.898345,1.199764,2.376147,3.901196,1.201571,2.389444
71.63,69.2,3.900615,1.195473,2.343002,3.903121,1.197617,2.356054
71.64,69.21,3.902797,1.190561,2.309137,3.905299,1.193138,2.322595
71.65,69.22,3.904904,1.185543,2.276428,3.907411,1.188408,2.289635
71.66,69.23,3.906947,1.181431,2.24442,3.909372,1.18407,2.257518
71.67,69.24,3.908652,1.178988,2.21268,3.911801,1.180308,2.226376
71.68,69.25,3.910257,1.177917,2.180985,3.913655,1.178806,2.194606
71.69,69.26,3.911271,1.178346,2.149162,3.915019,1.178778,2.162841
71.7,69.27,3.912552,1.178275,2.116227,3.915938,1.17947,2.129595
71.71,69.28,3.913668,1.176661,2.08296,3.916747,1.178447,2.095324
71.72,69.29,3.914604,1.173397,2.04786,3.917579,1.176112,2.060639
71.73,69.3,3.915608,1.169566,2.013582,3.918436,1.172596,2.026076
71.74,69.31,3.916941,1.165632,1.978994,3.919501,1.169028,1.991827
71.75,69.32,3.9187,1.161859,1.945866,3.921122,1.165459,1.957834
71.76,69.33,3.919433,1.159939,1.912509,3.92216,1.16269,1.92496
71.77,69.34,3.919131,1.159799,1.880032,3.923319,1.161643,1.892828
71.78,69.35,3.917734,1.161081,1.848028,3.921909,1.162189,1.860928
71.79,69.36,3.915374,1.162309,1.815195,3.920064,1.163538,1.828083
71.8,69.37,3.913086,1.162289,1.781444,3.918072,1.163558,1.794082
71.81,69.38,3.911483,1.160966,1.747283,3.916405,1.162193,1.75969
71.82,69.39,3.910013,1.159209,1.713153,3.915349,1.160029,1.725455
71.83,69.4,3.908455,1.156782,1.678954,3.914294,1.157769,1.691293
71.84,69.41,3.906747,1.154453,1.645107,3.912701,1.155564,1.657423
71.85,69.42,3.904217,1.153334,1.611993,3.910587,1.154145,1.624242
71.86,69.43,3.900353,1.153978,1.579251,3.907347,1.154754,1.591386
71.87,69.44,3.895083,1.155938,1.547607,3.902748,1.156365,1.559462
71.88,69.45,3.888991,1.157283,1.515899,3.896867,1.157944,1.527286
71.89,69.46,3.882876,1.156985,1.482773,3.890975,1.158311,1.494046
71.9,69.47,3.876828,1.155813,1.44922,3.885322,1.158039,1.460672
71.91,69.48,3.871588,1.154429,1.415898,3.879505,1.156567,1.427058
71.92,69.49,3.865871,1.153459,1.383205,3.874349,1.155516,1.393953
71.93,69.5,3.859724,1.153583,1.352801,3.869775,1.154401,1.362453
71.94,69.51,3.851938,1.154388,1.322781,3.862953,1.154477,1.331247
71.95,69.52,3.843071,1.155889,1.292082,3.853671,1.155949,1.301443
71.96,69.53,3.833028,1.15665,1.261934,3.843147,1.157577,1.271336
71.97,69.54,3.822917,1.156034,1.231236,3.832863,1.158082,1.240784
71.98,69.55,3.813151,1.155023,1.200323,3.822719,1.157282,1.209997
71.99,69.56,3.803882,1.153573,1.169425,3.813301,1.156047,1.178803
72,69.57,3.792897,1.152501,1.138928,3.801936,1.15498,1.148125
72.01,69.58,3.78109,1.152914,1.110344,3.791067,1.154942,1.119273
72.02,69.59,3.76771,1.154069,1.082994,3.778248,1.155938,1.091455
72.03,69.6,3.752956,1.155017,1.056404,3.763429,1.157364,1.065265
72.04,69.61,3.737653,1.154323,1.029441,3.747831,1.157382,1.038207
72.05,69.62,3.722354,1.152959,1.002481,3.732642,1.156382,1.010756
72.06,69.63,3.706932,1.152139,0.976115,3.717776,1.1557,0.983308
72.07,69.64,3.69088,1.151598,0.950505,3.702223,1.154881,0.957265
72.08,69.65,3.673359,1.153097,0.926484,3.68528,1.155317,0.932826
72.09,69.66,3.654995,1.154587,0.903623,3.66626,1.157207,0.910236
72.1,69.67,3.635025,1.15468,0.882102,3.646485,1.158124,0.888686
72.11,69.68,3.614498,1.153277,0.860231,3.625736,1.157646,0.866559
72.12,69.69,3.593432,1.15171,0.8383,3.604827,1.156225,0.84421
72.13,69.7,3.572643,1.150388,0.817577,3.584544,1.15488,0.821895
72.14,69.71,3.551466,1.149324,0.797665,3.563595,1.153319,0.8012
72.15,69.72,3.529592,1.149376,0.779563,3.541668,1.152943,0.783162
72.16,69.73,3.506513,1.149683,0.763259,3.518543,1.153258,0.766604
72.17,69.74,3.481981,1.148641,0.747961,3.494264,1.15272,0.75184
72.18,69.75,3.457617,1.145912,0.732645,3.469323,1.150792,0.736378
72.19,69.76,3.432604,1.142354,0.717189,3.444584,1.147453,0.720064
72.2,69.77,3.407751,1.138879,0.702686,3.419743,1.143986,0.704531
72.21,69.78,3.382109,1.135681,0.689236,3.394249,1.140709,0.690714
72.22,69.79,3.356528,1.133655,0.677339,3.369235,1.140479,0.685635
72.23,69.8,3.331025,1.131717,0.667309,3.342706,1.136814,0.667787
72.24,69.81,3.302668,1.129635,0.659112,3.320201,1.132466,0.657633
72.25,69.82,3.274709,1.126035,0.651167,3.28669,1.131483,0.652162
72.26,69.83,3.246055,1.120345,0.642886,3.257927,1.126362,0.642817
72.27,69.84,3.217829,1.114286,0.634622,3.229534,1.119949,0.63352
72.28,69.85,3.189016,1.107168,0.626589,3.200952,1.112742,0.625348
72.29,69.86,3.160525,1.100178,0.618783,3.172261,1.105604,0.616841
72.3,69.87,3.131077,1.093654,0.612287,3.142925,1.099159,0.609967
72.31,69.88,3.101806,1.088014,0.607075,3.113577,1.093471,0.604359
72.32,69.89,3.072784,1.083068,0.604414,3.084129,1.088582,0.600519
72.33,69.9,3.042525,1.078095,0.603494,3.053573,1.083401,0.599148
72.34,69.91,3.011086,1.071042,0.602379,3.02218,1.076859,0.598065
72.35,69.92,2.97924,1.06301,0.600428,2.990939,1.068765,0.597237
72.36,69.93,2.947279,1.053906,0.598495,2.958878,1.059664,0.595312
72.37,69.94,2.916086,1.04371,0.596927,2.927166,1.049641,0.592985
72.38,69.95,2.884837,1.033956,0.596654,2.895887,1.03951,0.591647
72.39,69.96,2.853606,1.023874,0.596404,2.864141,1.029298,0.59054
72.4,69.97,2.821964,1.014688,0.596952,2.832769,1.019676,0.590472
72.41,69.98,2.790245,1.006385,0.599183,2.801241,1.010836,0.592078
72.42,69.99,2.758564,0.998819,0.602301,2.769096,1.00318,0.595101
72.43,70,2.725159,0.990675,0.606368,2.735606,0.995267,0.598992
72.44,70.01,2.691264,0.980723,0.61079,2.701651,0.985975,0.603608
72.45,70.02,2.657608,0.969571,0.615234,2.66774,0.974879,0.608065
72.46,70.03,2.623517,0.95733,0.61965,2.633985,0.962831,0.612715
72.47,70.04,2.590061,0.944647,0.623862,2.600229,0.949753,0.616876
72.48,70.05,2.555937,0.931566,0.628472,2.566454,0.936945,0.621411
72.49,70.06,2.522424,0.91971,0.633713,2.532423,0.924553,0.626094
72.5,70.07,2.488605,0.908942,0.640255,2.498854,0.913703,0.632582
72.51,70.08,2.455036,0.899862,0.648163,2.465223,0.904314,0.640384
72.52,70.09,2.420825,0.891724,0.657708,2.430905,0.896019,0.649873
72.53,70.1,2.38564,0.882815,0.668246,2.395904,0.887255,0.66028
72.54,70.11,2.350158,0.872135,0.678659,2.360438,0.876843,0.67113
72.55,70.12,2.314464,0.860101,0.688995,2.324882,0.864984,0.681625
72.56,70.13,2.278803,0.847254,0.69917,2.288918,0.852234,0.691947
72.57,70.14,2.243308,0.83451,0.709468,2.253372,0.83936,0.70184
72.58,70.15,2.208035,0.82242,0.72032,2.218163,0.827063,0.712287
72.59,70.16,2.172789,0.811935,0.731788,2.18292,0.816313,0.723629
72.6,70.17,2.137997,0.803251,0.744814,2.147813,0.807437,0.736158
72.61,70.18,2.103235,0.796652,0.759388,2.113137,0.80002,0.750771
72.62,70.19,2.067976,0.789284,0.775053,2.077705,0.792742,0.766337
72.63,70.2,2.031432,0.779641,0.791051,2.04108,0.784019,0.782652
72.64,70.21,1.994808,0.768835,0.806719,2.004126,0.773387,0.79811
72.65,70.22,1.958025,0.757349,0.822515,1.967401,0.762042,0.813645
72.66,70.23,1.921984,0.745943,0.838025,1.930781,0.750687,0.829085
72.67,70.24,1.886403,0.735902,0.853648,1.894935,0.739663,0.843807
72.68,70.25,1.850835,0.726658,0.870317,1.858974,0.73004,0.860039
72.69,70.26,1.816033,0.719078,0.888181,1.823959,0.72191,0.877764
72.7,70.27,1.781282,0.713396,0.907134,1.788927,0.715676,0.896456
72.71,70.28,1.746301,0.707586,0.927148,1.753683,0.7096,0.916318
72.72,70.29,1.710241,0.700175,0.94812,1.718005,0.702926,0.937382
72.73,70.3,1.674456,0.691245,0.969616,1.681743,0.695081,0.959018
72.74,70.31,1.638701,0.682111,0.990698,1.646034,0.686292,0.980178
72.75,70.32,1.602963,0.673182,1.011412,1.610367,0.677146,1.00071
72.76,70.33,1.56778,0.664884,1.031782,1.575287,0.668484,1.02116
72.77,70.34,1.532961,0.657259,1.052383,1.540359,0.660843,1.041715
72.78,70.35,1.499243,0.651479,1.074136,1.506119,0.654503,1.063335
72.79,70.36,1.466347,0.647314,1.097444,1.47268,0.649555,1.086517
72.8,70.37,1.433192,0.643117,1.123018,1.439812,0.645892,1.112079
72.81,70.38,1.400313,0.638839,1.149265,1.407374,0.641877,1.138457
72.82,70.39,1.367389,0.633369,1.175974,1.374385,0.636886,1.165155
72.83,70.4,1.333564,0.626271,1.201887,1.340762,0.630385,1.191103
72.84,70.41,1.299883,0.619202,1.227285,1.30681,0.622955,1.216516
72.85,70.42,1.266598,0.61203,1.253759,1.27281,0.616118,1.242478
72.86,70.43,1.235155,0.606824,1.280937,1.240642,0.610586,1.269632
72.87,70.44,1.205851,0.604354,1.309364,1.210811,0.607722,1.297486
72.88,70.45,1.178743,0.604296,1.339151,1.183333,0.6062,1.327244
72.89,70.46,1.151816,0.602345,1.370848,1.156191,0.604882,1.358779
72.9,70.47,1.123657,0.598368,1.40342,1.128134,0.601705,1.391232
72.91,70.48,1.094892,0.593708,1.434881,1.099447,0.596927,1.422655
72.92,70.49,1.066462,0.588859,1.466013,1.070387,0.592453,1.45414
72.93,70.5,1.038358,0.584967,1.498154,1.042459,0.589168,1.486258
72.94,70.51,1.013644,0.58346,1.530573,1.017333,0.587488,1.518575
72.95,70.52,0.991581,0.584458,1.563855,0.994748,0.587212,1.551606
72.96,70.53,0.972204,0.586243,1.598978,0.974365,0.588175,1.586247
72.97,70.54,0.952482,0.585361,1.635421,0.954018,0.58783,1.622525
72.98,70.55,0.931113,0.583043,1.671849,0.93339,0.586066,1.659513
72.99,70.56,0.909237,0.58041,1.708321,0.911203,0.583204,1.695662
73,70.57,0.887763,0.577692,1.744677,0.889447,0.580558,1.732298
73.01,70.58,0.86809,0.575905,1.78106,0.869652,0.57891,1.768603
73.02,70.59,0.850955,0.575448,1.817662,0.851777,0.578136,1.804703
73.03,70.6,0.836402,0.576486,1.854161,0.837032,0.579119,1.84159
73.04,70.61,0.824862,0.579475,1.892584,0.824199,0.58076,1.8796
73.05,70.62,0.813045,0.58018,1.932336,0.81238,0.582032,1.919114
73.06,70.63,0.799809,0.579253,1.972429,0.799728,0.581597,1.959534
73.07,70.64,0.786364,0.577407,2.012923,0.7864,0.579822,2.000073
73.08,70.65,0.772299,0.574142,2.053228,0.772398,0.577043,2.040326
73.09,70.66,0.759198,0.571726,2.092539,0.758559,0.574242,2.079721
73.1,70.67,0.747676,0.570101,2.1316,0.745541,0.57181,2.11874
73.11,70.68,0.737475,0.568826,2.171371,0.735139,0.570345,2.15839
73.12,70.69,0.728816,0.568546,2.210733,0.72624,0.569667,2.198247
73.13,70.7,0.721626,0.569216,2.251666,0.719207,0.571013,2.239156
73.14,70.71,0.715677,0.571382,2.293558,0.713248,0.573006,2.281212
73.15,70.72,0.709654,0.572404,2.335759,0.707113,0.574065,2.323277
73.16,70.73,0.703874,0.571775,2.378464,0.701047,0.573478,2.365879
73.17,70.74,0.697886,0.569557,2.421113,0.694246,0.570857,2.408933
73.18,70.75,0.691155,0.565578,2.464292,0.687343,0.567507,2.451997
73.19,70.76,0.684278,0.561461,2.506952,0.680972,0.563532,2.494814
73.2,70.77,0.678295,0.557311,2.549527,0.674705,0.559261,2.537275
73.21,70.78,0.672937,0.553939,2.591594,0.669358,0.555885,2.579463
73.22,70.79,0.668436,0.552495,2.633806,0.665274,0.554135,2.621481
73.23,70.8,0.665251,0.552952,2.676149,0.662011,0.554112,2.663479
73.24,70.81,0.663337,0.555671,2.719745,0.65981,0.556394,2.70644
73.25,70.82,0.661889,0.559039,2.76287,0.658711,0.559395,2.750367
73.26,70.83,0.660694,0.560485,2.807409,0.657566,0.560671,2.794777
73.27,70.84,0.659447,0.558962,2.853024,0.656338,0.559972,2.840201
73.28,70.85,0.657767,0.556235,2.898329,0.654883,0.557589,2.885609
73.29,70.86,0.655729,0.553088,2.944147,0.652944,0.554607,2.931262
73.3,70.87,0.654011,0.550279,2.989457,0.65111,0.552162,2.976173
73.31,70.88,0.65267,0.548658,3.032898,0.649473,0.550257,3.019937
73.32,70.89,0.651765,0.549734,3.075793,0.648781,0.549941,3.063246
73.33,70.9,0.651995,0.552903,3.118516,0.648113,0.551784,3.106102
73.34,70.91,0.652318,0.55763,3.163238,0.64878,0.556844,3.150908
73.35,70.92,0.652307,0.563369,3.209236,0.649286,0.56249,3.196543
73.36,70.93,0.652544,0.56778,3.255462,0.649483,0.567414,3.242788
73.37,70.94,0.653516,0.569953,3.302085,0.649379,0.569688,3.28947
73.38,70.95,0.654028,0.570203,3.349155,0.650337,0.570113,3.336379
73.39,70.96,0.654225,0.570364,3.395223,0.650787,0.569467,3.3821
73.4,70.97,0.654819,0.570227,3.441132,0.651075,0.56904,3.428393
73.41,70.98,0.655013,0.57189,3.486283,0.651691,0.569921,3.47365
73.42,70.99,0.654912,0.575014,3.531582,0.652274,0.572807,3.519779
73.43,71,0.655146,0.58111,3.576211,0.652282,0.578412,3.564369
73.44,71.01,0.654377,0.590273,3.6206,0.651884,0.587314,3.608948
73.45,71.02,0.653539,0.600495,3.665349,0.650891,0.597758,3.653341
73.46,71.03,0.65266,0.609674,3.710654,0.649575,0.607417,3.698297
73.47,71.04,0.652299,0.615869,3.757132,0.649557,0.613872,3.744391
73.48,71.05,0.652279,0.620873,3.803569,0.649573,0.618371,3.791025
73.49,71.06,0.652022,0.62509,3.850842,0.649219,0.623303,3.837662
73.5,71.07,0.651472,0.628889,3.896654,0.648774,0.628118,3.883769
73.51,71.08,0.650525,0.634689,3.941518,0.648225,0.633138,3.928821
73.52,71.09,0.649432,0.642968,3.986006,0.647151,0.640058,3.974075
73.53,71.1,0.647868,0.652577,4.02848,0.645391,0.649806,4.01644
73.54,71.11,0.645394,0.665265,4.070979,0.643189,0.661857,4.059188
73.55,71.12,0.642477,0.680666,4.113112,0.639884,0.676047,4.1021
73.56,71.13,0.639113,0.692246,4.158987,0.636429,0.688759,4.146879
73.57,71.14,0.63653,0.703073,4.203987,0.63409,0.700224,4.191264
73.58,71.15,0.634125,0.711226,4.249609,0.631591,0.709113,4.236872
73.59,71.16,0.631888,0.718959,4.295837,0.630278,0.718859,4.278482
73.6,71.17,0.629801,0.726475,4.340021,0.628227,0.728011,4.320024
73.61,71.18,0.62714,0.735387,4.383244,0.625454,0.73558,4.363511
73.62,71.19,0.623441,0.745458,4.424956,0.622287,0.74429,4.40528
73.63,71.2,0.620095,0.756712,4.466428,0.617603,0.752503,4.453964
73.64,71.21,0.616279,0.769194,4.50843,0.613888,0.765329,4.495664
73.65,71.22,0.612997,0.783738,4.550659,0.610374,0.780301,4.537513
73.66,71.23,0.608854,0.798981,4.593317,0.606118,0.796209,4.579892
73.67,71.24,0.604703,0.81335,4.63488,0.602103,0.810316,4.622236
73.68,71.25,0.600638,0.82544,4.67695,0.598548,0.822103,4.664609
73.69,71.26,0.596429,0.835896,4.720408,0.593674,0.832259,4.707771
73.7,71.27,0.591744,0.84528,4.763959,0.589792,0.842892,4.751182
73.71,71.28,0.587509,0.854906,4.80664,0.5856,0.852798,4.793684
73.72,71.29,0.58403,0.86555,4.847626,0.580584,0.862148,4.834659
73.73,71.3,0.581538,0.877236,4.886583,0.577409,0.872065,4.87445
73.74,71.31,0.578154,0.890517,4.926385,0.574954,0.884992,4.914089
73.75,71.32,0.576862,0.906034,4.965467,0.573184,0.900652,4.953301
73.76,71.33,0.575508,0.922505,5.005009,0.571782,0.917881,4.992465
73.77,71.34,0.574346,0.938613,5.043902,0.571322,0.934502,5.031451
73.78,71.35,0.573372,0.952541,5.083643,0.568907,0.948689,5.071242
73.79,71.36,0.571816,0.965823,5.123762,0.567088,0.962006,5.111471
73.8,71.37,0.570208,0.97884,5.163247,0.566072,0.975114,5.151101
73.81,71.38,0.569081,0.991504,5.202397,0.564653,0.988063,5.189866
73.82,71.39,0.568796,1.005867,5.239467,0.563975,1.001978,5.227399
73.83,71.4,0.570499,1.021603,5.273445,0.564174,1.017447,5.261764
73.84,71.41,0.573684,1.038902,5.306582,0.56654,1.034445,5.295287
73.85,71.42,0.577886,1.057091,5.340755,0.571196,1.052982,5.329093
73.86,71.43,0.58262,1.074808,5.37538,0.576792,1.070632,5.363121
73.87,71.44,0.586735,1.090162,5.411402,0.583179,1.087943,5.398014
73.88,71.45,0.591076,1.105621,5.446358,0.586015,1.102567,5.434003
73.89,71.46,0.594656,1.120329,5.481028,0.590024,1.117651,5.468379
73.9,71.47,0.598925,1.134764,5.51417,0.59397,1.131947,5.502068
73.91,71.48,0.605607,1.149625,5.546378,0.599579,1.146708,5.534042
73.92,71.49,0.613102,1.164875,5.576914,0.60616,1.161792,5.564739
73.93,71.5,0.621457,1.18043,5.605639,0.614132,1.177118,5.593466
73.94,71.51,0.631295,1.196599,5.634352,0.622961,1.193133,5.622015
73.95,71.52,0.641973,1.211794,5.66374,0.633538,1.209082,5.651932
73.96,71.53,0.653321,1.22476,5.693582,0.644858,1.222605,5.682486
73.97,71.54,0.664139,1.237388,5.723907,0.655536,1.234837,5.713412
73.98,71.55,0.674643,1.248894,5.75444,0.665384,1.246262,5.744413
73.99,71.56,0.684775,1.259764,5.785727,0.675079,1.257632,5.775116
74,71.57,0.694956,1.269627,5.815897,0.685506,1.267574,5.805221
74.01,71.58,0.706233,1.279032,5.845484,0.696642,1.277329,5.834829
74.02,71.59,0.718179,1.288462,5.87428,0.709655,1.28681,5.86372
74.03,71.6,0.730692,1.298731,5.901672,0.721706,1.297119,5.890626
74.04,71.61,0.743168,1.309989,5.927375,0.733431,1.308007,5.916556
74.05,71.62,0.757112,1.322169,5.952724,0.746968,1.320244,5.942571
74.06,71.63,0.772078,1.333802,5.978417,0.761827,1.332082,5.967996
74.07,71.64,0.787795,1.343761,6.005026,0.778031,1.343296,5.99541
74.08,71.65,0.803092,1.351758,6.033062,0.792772,1.351628,6.023107
74.09,71.66,0.817662,1.358836,6.061161,0.807803,1.358957,6.050981
74.1,71.67,0.832533,1.365488,6.088842,0.822466,1.366055,6.078849
74.11,71.68,0.847673,1.371753,6.115749,0.836951,1.372076,6.105386
74.12,71.69,0.863114,1.377776,6.140682,0.851595,1.378478,6.131502
74.13,71.7,0.878298,1.38478,6.165606,0.866192,1.384845,6.156454
74.14,71.71,0.897748,1.394028,6.187622,0.881597,1.392589,6.18037
74.15,71.72,0.912569,1.401943,6.209167,0.900096,1.40116,6.203167
74.16,71.73,0.932188,1.409794,6.230961,0.919024,1.409847,6.225135
74.17,71.74,0.951702,1.416526,6.254142,0.939608,1.417124,6.248001
74.18,71.75,0.971128,1.421444,6.28032,0.960364,1.422711,6.27182
74.19,71.76,0.990495,1.425817,6.304307,0.979474,1.427011,6.296488
74.2,71.77,1.009713,1.429009,6.32866,0.999262,1.430329,6.321418
74.21,71.78,1.030967,1.431702,6.353178,1.020672,1.434022,6.345166
74.22,71.79,1.048745,1.434301,6.375586,1.037796,1.436377,6.369035
74.23,71.8,1.068266,1.437821,6.396586,1.056921,1.439373,6.391261
74.24,71.81,1.091874,1.442999,6.416044,1.075717,1.442864,6.412977
74.25,71.82,1.111375,1.447004,6.435371,1.098083,1.448021,6.431617
74.26,71.83,1.137256,1.452451,6.453949,1.120807,1.45237,6.450579
74.27,71.84,1.157444,1.454997,6.473918,1.144455,1.456471,6.469493
74.28,71.85,1.180967,1.457324,6.493547,1.168736,1.459044,6.489298
74.29,71.86,1.204452,1.457094,6.515245,1.192423,1.459743,6.510241
74.3,71.87,1.229757,1.456856,6.535738,1.216076,1.459507,6.531252
74.31,71.88,1.252964,1.456092,6.556077,1.240528,1.458845,6.551235
74.32,71.89,1.27757,1.455923,6.574528,1.26319,1.457735,6.570762
74.33,71.9,1.299661,1.456288,6.591709,1.285982,1.457503,6.589991
74.34,71.91,1.324367,1.456888,6.608754,1.310509,1.458114,6.607049
74.35,71.92,1.348842,1.458185,6.625263,1.336193,1.459631,6.622464
74.36,71.93,1.380887,1.461351,6.640307,1.363116,1.461938,6.637833
74.37,71.94,1.40595,1.460865,6.655987,1.392502,1.463542,6.652277
74.38,71.95,1.431479,1.459468,6.672705,1.419529,1.462903,6.66831
74.39,71.96,1.46179,1.457615,6.68861,1.447083,1.460853,6.68497
74.4,71.97,1.489427,1.454557,6.704669,1.477254,1.458357,6.701322
74.41,71.98,1.516547,1.451434,6.720481,1.50336,1.454922,6.717719
74.42,71.99,1.542204,1.448977,6.734795,1.528794,1.451287,6.734225
74.43,72,1.569915,1.446867,6.748406,1.55622,1.44864,6.748286
74.44,72.01,1.598384,1.445589,6.761387,1.584793,1.447391,6.760544
74.45,72.02,1.627567,1.445389,6.772855,1.613754,1.447275,6.772157
74.46,72.03,1.658513,1.444957,6.783692,1.645069,1.447659,6.781968
74.47,72.04,1.689466,1.442926,6.794877,1.674833,1.445906,6.793305
74.48,72.05,1.720878,1.439663,6.806676,1.707579,1.442902,6.804495
74.49,72.06,1.751883,1.435202,6.81836,1.737181,1.438298,6.817728
74.5,72.07,1.781212,1.430848,6.829345,1.767457,1.434091,6.829795
74.51,72.08,1.811545,1.426825,6.839314,1.797352,1.429476,6.840943
74.52,72.09,1.84199,1.423137,6.848753,1.828023,1.425546,6.849977
74.53,72.1,1.873046,1.420858,6.857093,1.858877,1.422979,6.857871
74.54,72.11,1.904431,1.419759,6.863706,1.890213,1.422144,6.86487
74.55,72.12,1.936322,1.418888,6.868982,1.922415,1.421446,6.870294
74.56,72.13,1.969443,1.416043,6.874123,1.955627,1.419749,6.875403
74.57,72.14,2.003099,1.411861,6.879583,1.989246,1.41604,6.880765
74.58,72.15,2.035765,1.407029,6.88552,2.022835,1.410973,6.887317
74.59,72.16,2.068457,1.402334,6.890589,2.055113,1.406248,6.893743
74.6,72.17,2.101189,1.39781,6.89514,2.088037,1.401511,6.899195
74.61,72.18,2.133559,1.394539,6.898885,2.120069,1.397706,6.902672
74.62,72.19,2.166052,1.392405,6.901246,2.152534,1.395449,6.9048
74.63,72.2,2.198478,1.391816,6.901341,2.185656,1.394347,6.90578
74.64,72.21,2.231521,1.390739,6.899913,2.218646,1.393128,6.905335
74.65,72.22,2.265546,1.387793,6.898487,2.252662,1.391102,6.9029
74.66,72.23,2.300117,1.38334,6.897712,2.28743,1.387084,6.902408
74.67,72.24,2.334159,1.378073,6.897155,2.322252,1.381967,6.902601
74.68,72.25,2.367423,1.37307,6.896266,2.356051,1.376678,6.902469
74.69,72.26,2.400999,1.36822,6.894532,2.39063,1.371294,6.902262
74.7,72.27,2.434023,1.364098,6.892059,2.423641,1.366849,6.899903
74.71,72.28,2.467154,1.361029,6.888483,2.456947,1.363646,6.896359
74.72,72.29,2.499957,1.359384,6.883216,2.489622,1.361977,6.891048
74.73,72.3,2.532934,1.357993,6.876144,2.522684,1.360831,6.884021
74.74,72.31,2.566561,1.355024,6.868484,2.556334,1.358707,6.876129
74.75,72.32,2.600761,1.350801,6.861263,2.590606,1.355017,6.868709
74.76,72.33,2.635034,1.345776,6.854589,2.625235,1.350153,6.862457
74.77,72.34,2.668238,1.341004,6.847934,2.659643,1.344816,6.856924
74.78,72.35,2.701411,1.336036,6.840365,2.693244,1.339723,6.850042
74.79,72.36,2.73386,1.332046,6.831973,2.725815,1.335013,6.841969
74.8,72.37,2.765824,1.329382,6.822138,2.757989,1.331951,6.832256
74.81,72.38,2.797046,1.327952,6.810186,2.789264,1.330136,6.820455
74.82,72.39,2.827869,1.325722,6.796267,2.820021,1.328424,6.806419
74.83,72.4,2.859189,1.321552,6.781658,2.851162,1.325406,6.791603
74.84,72.41,2.891036,1.316779,6.767795,2.882752,1.320581,6.777552
74.85,72.42,2.923102,1.311407,6.754176,2.914721,1.315262,6.764001
74.86,72.43,2.954816,1.306113,6.740558,2.946376,1.309825,6.75037
74.87,72.44,2.985536,1.30156,6.726104,2.977371,1.304981,6.736258
74.88,72.45,3.015229,1.29791,6.710236,3.007531,1.301356,6.720567
74.89,72.46,3.042675,1.295096,6.692361,3.035716,1.298409,6.703097
74.9,72.47,3.069231,1.292794,6.672574,3.06268,1.295518,6.683641
74.91,72.48,3.097166,1.288192,6.651717,3.090381,1.291566,6.66251
74.92,72.49,3.125714,1.281759,6.630783,3.118837,1.286064,6.641554
74.93,72.5,3.154263,1.274695,6.610209,3.147374,1.279092,6.620676
74.94,72.51,3.182315,1.267241,6.589386,3.175511,1.271604,6.599984
74.95,72.52,3.209199,1.260539,6.568398,3.202748,1.264575,6.579237
74.96,72.53,3.235215,1.254253,6.546248,3.228765,1.25841,6.557345
74.97,72.54,3.259832,1.24917,6.522923,3.253589,1.253113,6.534002
74.98,72.55,3.281807,1.245519,6.497173,3.277078,1.249144,6.508684
74.99,72.56,3.305191,1.240965,6.470315,3.299355,1.245139,6.481523
75,72.57,3.327261,1.234947,6.442434,3.321535,1.239469,6.453439
75.01,72.58,3.349161,1.22831,6.414675,3.344649,1.232524,6.425854
75.02,72.59,3.373121,1.219748,6.387377,3.368052,1.224325,6.398373
75.03,72.6,3.395792,1.210816,6.35964,3.391946,1.215209,6.370962
75.04,72.61,3.418974,1.201682,6.332075,3.41454,1.206476,6.34345
75.05,72.62,3.43965,1.194231,6.303816,3.435363,1.198726,6.315268
75.06,72.63,3.458855,1.186899,6.274614,3.455735,1.19153,6.286469
75.07,72.64,3.475826,1.181135,6.24461,3.473791,1.185901,6.256403
75.08,72.65,3.492421,1.175649,6.211851,3.490329,1.180259,6.223974
75.09,72.66,3.509788,1.169155,6.17877,3.507156,1.173801,6.190669
75.1,72.67,3.527391,1.160613,6.145174,3.525455,1.165438,6.156933
75.11,72.68,3.545098,1.150652,6.111825,3.542178,1.156025,6.123497
75.12,72.69,3.562169,1.140119,6.078401,3.55962,1.145278,6.09019
75.13,72.7,3.57906,1.129513,6.045234,3.577385,1.134358,6.057381
75.14,72.71,3.594943,1.119467,6.012174,3.593962,1.123956,6.024488
75.15,72.72,3.610405,1.110319,5.978128,3.609077,1.11456,5.990557
75.16,72.73,3.624472,1.102546,5.943273,3.623999,1.106314,5.955898
75.17,72.74,3.637598,1.095707,5.907625,3.63728,1.099442,5.920109
75.18,72.75,3.649358,1.089129,5.870375,3.649274,1.093103,5.882792
75.19,72.76,3.660911,1.082301,5.832398,3.660755,1.086234,5.845023
75.2,72.77,3.672663,1.073654,5.794093,3.672715,1.077586,5.806643
75.21,72.78,3.68489,1.063546,5.755796,3.683325,1.068113,5.768149
75.22,72.79,3.697032,1.052479,5.717326,3.695874,1.056931,5.729912
75.23,72.8,3.709167,1.040611,5.679018,3.707827,1.045508,5.691411
75.24,72.81,3.720529,1.029151,5.640957,3.719099,1.033954,5.653273
75.25,72.82,3.731049,1.018668,5.602889,3.730289,1.022945,5.615296
75.26,72.83,3.740352,1.010421,5.564735,3.741883,1.013351,5.57749
75.27,72.84,3.74842,1.003504,5.526477,3.751407,1.005656,5.53934
75.28,72.85,3.755655,0.997383,5.486211,3.759536,0.999629,5.499037
75.29,72.86,3.763486,0.991399,5.445014,3.766992,0.993497,5.457608
75.3,72.87,3.770951,0.98396,5.402947,3.77451,0.98677,5.415356
75.31,72.88,3.778736,0.975077,5.360442,3.782067,0.978537,5.373037
75.32,72.89,3.786482,0.965634,5.318746,3.789975,0.968903,5.331064
75.33,72.9,3.794359,0.955308,5.277004,3.798719,0.958391,5.289414
75.34,72.91,3.80197,0.944999,5.23526,3.806159,0.948128,5.247708
75.35,72.92,3.808885,0.936076,5.193933,3.812726,0.938842,5.206614
75.36,72.93,3.815086,0.929203,5.152338,3.818743,0.931553,5.165022
75.37,72.94,3.819996,0.924258,5.110951,3.823733,0.926247,5.123631
75.38,72.95,3.824075,0.921999,5.069269,3.82756,0.922988,5.082002
75.39,72.96,3.827532,0.920491,5.026675,3.831281,0.920957,5.039394
75.4,72.97,3.831215,0.916911,4.982506,3.834547,0.917991,4.99527
75.41,72.98,3.834983,0.912045,4.938041,3.838029,0.913298,4.950838
75.42,72.99,3.839162,0.905505,4.893462,3.841699,0.907597,4.906147
75.43,73,3.842971,0.898621,4.84907,3.845498,0.900811,4.861828
75.44,73.01,3.846642,0.891447,4.805234,3.849514,0.893749,4.817911
75.45,73.02,3.84984,0.885383,4.762147,3.852767,0.887471,4.774963
75.46,73.03,3.852263,0.882102,4.720022,3.854911,0.883237,4.732906
75.47,73.04,3.853575,0.880245,4.677888,3.856632,0.880576,4.690723
75.48,73.05,3.853841,0.880002,4.634511,3.857238,0.880116,4.647624
75.49,73.06,3.853878,0.881117,4.590289,3.856928,0.881499,4.603354
75.5,73.07,3.853757,0.881672,4.545684,3.85666,0.882507,4.558485
75.51,73.08,3.853598,0.880864,4.501037,3.856543,0.881937,4.513774
75.52,73.09,3.852904,0.879118,4.456256,3.856477,0.879838,4.468968
75.53,73.1,3.852576,0.87629,4.412202,3.856356,0.876785,4.424911
75.54,73.11,3.852125,0.872702,4.367706,3.855753,0.873483,4.380417
75.55,73.12,3.851337,0.869408,4.323584,3.855293,0.870107,4.336517
75.56,73.13,3.850279,0.867177,4.27971,3.854203,0.867799,4.293012
75.57,73.14,3.848614,0.866571,4.236216,3.85243,0.8673,4.249544
75.58,73.15,3.845887,0.868084,4.19357,3.849775,0.868472,4.206572
75.59,73.16,3.842329,0.871747,4.150324,3.846383,0.871395,4.163514
75.6,73.17,3.837686,0.875389,4.107084,3.842265,0.874753,4.12008
75.61,73.18,3.83292,0.876759,4.062596,3.83727,0.876716,4.075452
75.62,73.19,3.827891,0.876897,4.017376,3.832114,0.877323,4.030499
75.63,73.2,3.823165,0.875674,3.972197,3.827775,0.87657,3.985233
75.64,73.21,3.818864,0.873888,3.927505,3.823729,0.875077,3.940109
75.65,73.22,3.814409,0.872682,3.883513,3.819415,0.873087,3.896426
75.66,73.23,3.80987,0.871908,3.840886,3.814988,0.871451,3.853648
75.67,73.24,3.804844,0.872449,3.797704,3.809907,0.87159,3.810593
75.68,73.25,3.799042,0.874566,3.755085,3.804246,0.873509,3.767706
75.69,73.26,3.792887,0.878539,3.712698,3.79794,0.877458,3.724937
75.7,73.27,3.786261,0.884571,3.669869,3.791539,0.882694,3.681471
75.71,73.28,3.779462,0.890599,3.62714,3.784289,0.889399,3.639602
75.72,73.29,3.772547,0.894876,3.583384,3.7768,0.894495,3.595881
75.73,73.3,3.76544,0.898597,3.539793,3.77014,0.89774,3.552408
75.74,73.31,3.758488,0.901215,3.496873,3.763223,0.900466,3.509215
75.75,73.32,3.751382,0.903587,3.453422,3.756297,0.903091,3.466254
75.76,73.33,3.744464,0.907402,3.411432,3.749504,0.906029,3.423429
75.77,73.34,3.73631,0.913061,3.371235,3.74237,0.910391,3.382027
75.78,73.35,3.729165,0.92106,3.331547,3.734948,0.91825,3.343156
75.79,73.36,3.72149,0.930496,3.292518,3.726739,0.927456,3.303648
75.8,73.37,3.71263,0.939667,3.25259,3.718182,0.937383,3.264234
75.81,73.38,3.704211,0.946859,3.212037,3.709029,0.945764,3.224355
75.82,73.39,3.696241,0.954099,3.171034,3.701249,0.952645,3.183491
75.83,73.4,3.688131,0.960667,3.131531,3.694069,0.959807,3.143663
75.84,73.41,3.679357,0.967583,3.092056,3.685706,0.966742,3.104157
75.85,73.42,3.670094,0.9757,3.054082,3.676054,0.974358,3.066212
75.86,73.43,3.660554,0.985118,3.017235,3.666669,0.983517,3.029219
75.87,73.44,3.650633,0.996035,2.981843,3.656554,0.994426,2.994323
75.88,73.45,3.640293,1.008642,2.94605,3.646103,1.006784,2.958717
75.89,73.46,3.629584,1.021116,2.910045,3.635416,1.01922,2.922514
75.9,73.47,3.6188,1.032405,2.873381,3.624758,1.030187,2.885631
75.91,73.48,3.607834,1.041368,2.834936,3.613964,1.040065,2.847357
75.92,73.49,3.596778,1.049044,2.796893,3.602904,1.048048,2.809309
75.93,73.5,3.585516,1.056256,2.758715,3.591568,1.055804,2.770939
75.94,73.51,3.574229,1.063471,2.721431,3.580188,1.063389,2.734007
75.95,73.52,3.563024,1.070563,2.68549,3.56947,1.069385,2.698289
75.96,73.53,3.551967,1.07793,2.650048,3.558283,1.076107,2.662328
75.97,73.54,3.540325,1.086577,2.614705,3.546781,1.084469,2.627347
75.98,73.55,3.528395,1.096103,2.58075,3.535011,1.09399,2.593123
75.99,73.56,3.516345,1.106805,2.546459,3.52306,1.104766,2.558865
76,73.57,3.503883,1.118652,2.512014,3.51028,1.116592,2.524545
76.01,73.58,3.490494,1.129474,2.476916,3.497261,1.127914,2.48948
76.02,73.59,3.476894,1.138582,2.441393,3.484109,1.13751,2.453846
76.03,73.6,3.463538,1.146643,2.405829,3.470631,1.145993,2.418076
76.04,73.61,3.450087,1.153383,2.370363,3.457432,1.152863,2.382443
76.05,73.62,3.43689,1.159596,2.334806,3.444426,1.159215,2.346973
76.06,73.63,3.423885,1.165358,2.299907,3.431305,1.165215,2.311766
76.07,73.64,3.411027,1.170885,2.265795,3.418639,1.170341,2.277504
76.08,73.65,3.39768,1.177572,2.231976,3.404963,1.176715,2.244339
76.09,73.66,3.383866,1.185086,2.199161,3.391629,1.184237,2.211281
76.1,73.67,3.370248,1.194192,2.168331,3.378455,1.192009,2.179784
76.11,73.68,3.355937,1.204332,2.137214,3.364559,1.201783,2.147458
76.12,73.69,3.34072,1.21438,2.103664,3.348902,1.212576,2.114757
76.13,73.7,3.325026,1.22307,2.070198,3.33322,1.221587,2.081714
76.14,73.71,3.309304,1.229779,2.035943,3.317686,1.228984,2.047445
76.15,73.72,3.293456,1.23518,2.001784,3.301981,1.234952,2.013294
76.16,73.73,3.27783,1.239898,1.968422,3.28646,1.239495,1.979435
76.17,73.74,3.262808,1.243862,1.934566,3.271307,1.243632,1.945672
76.18,73.75,3.247454,1.247656,1.901573,3.256304,1.24736,1.912525
76.19,73.76,3.231908,1.251017,1.868746,3.240971,1.250702,1.879893
76.2,73.77,3.216385,1.255014,1.836473,3.224999,1.25445,1.847574
76.21,73.78,3.200559,1.260229,1.804547,3.208975,1.259786,1.81585
76.22,73.79,3.184342,1.266811,1.774143,3.193235,1.26591,1.78508
76.23,73.8,3.168226,1.274946,1.743692,3.17704,1.273423,1.754345
76.24,73.81,3.150985,1.282664,1.712471,3.160193,1.281333,1.722967
76.25,73.82,3.13369,1.289396,1.680872,3.142817,1.288214,1.691322
76.26,73.83,3.115467,1.293954,1.648783,3.12455,1.293522,1.659048
76.27,73.84,3.098185,1.297354,1.615851,3.107059,1.296861,1.626542
76.28,73.85,3.080869,1.300267,1.583479,3.089483,1.299992,1.594207
76.29,73.86,3.063364,1.302768,1.551192,3.072363,1.302926,1.561897
76.3,73.87,3.046143,1.305254,1.519879,3.05485,1.305058,1.530787
76.31,73.88,3.029231,1.308536,1.489616,3.037422,1.307342,1.500753
76.32,73.89,3.011637,1.312901,1.45994,3.019251,1.311502,1.471378
76.33,73.9,2.993034,1.318616,1.4309,3.001321,1.317219,1.442265
76.34,73.91,2.974628,1.325966,1.402338,2.982601,1.324231,1.413473
76.35,73.92,2.955027,1.333084,1.373249,2.963491,1.332087,1.384202
76.36,73.93,2.93581,1.338899,1.344099,2.944679,1.337799,1.354769
76.37,73.94,2.916085,1.34338,1.314657,2.925133,1.342,1.324942
76.38,73.95,2.89627,1.346368,1.284224,2.905078,1.34538,1.295207
76.39,73.96,2.876731,1.348692,1.254347,2.885056,1.348078,1.265115
76.4,73.97,2.856636,1.350933,1.224916,2.865798,1.350459,1.235765
76.41,73.98,2.837607,1.353793,1.196533,2.846864,1.353314,1.207002
76.42,73.99,2.817905,1.358119,1.169194,2.827546,1.35737,1.179422
76.43,74,2.797972,1.364136,1.143358,2.808457,1.362933,1.152759
76.44,74.01,2.777316,1.370885,1.118148,2.787619,1.369625,1.127076
76.45,74.02,2.755801,1.377235,1.092088,2.766603,1.376491,1.100256
76.46,74.03,2.733439,1.3819,1.064883,2.744571,1.382004,1.072824
76.47,74.04,2.710969,1.38521,1.037569,2.722126,1.385443,1.045815
76.48,74.05,2.689109,1.388136,1.010342,2.700069,1.38825,1.018667
76.49,74.06,2.667076,1.390486,0.983207,2.678174,1.390999,0.991196
76.5,74.07,2.645413,1.393048,0.956934,2.656791,1.393847,0.964959
76.51,74.08,2.624144,1.396778,0.93153,2.635532,1.397259,0.939494
76.52,74.09,2.602734,1.402529,0.908059,2.614058,1.402375,0.915338
76.53,74.1,2.580484,1.409291,0.886035,2.592438,1.40845,0.892083
76.54,74.11,2.557433,1.415769,0.862925,2.569395,1.415317,0.869357
76.55,74.12,2.532727,1.420877,0.839146,2.545068,1.420738,0.846388
76.56,74.13,2.508925,1.424409,0.815024,2.520898,1.424847,0.822433
76.57,74.14,2.485301,1.426995,0.790849,2.496716,1.427919,0.798152
76.58,74.15,2.461848,1.429129,0.767158,2.473403,1.430136,0.773885
76.59,74.16,2.438613,1.432213,0.744271,2.450971,1.432506,0.750269
76.6,74.17,2.414526,1.436038,0.723522,2.42759,1.435912,0.728172
76.61,74.18,2.390899,1.441283,0.702834,2.403365,1.441033,0.707891
76.62,74.19,2.366654,1.447897,0.683384,2.379221,1.447506,0.688162
76.63,74.2,2.341462,1.453768,0.664033,2.354104,1.453893,0.668595
76.64,74.21,2.31577,1.457684,0.643323,2.328147,1.458534,0.648789
76.65,74.22,2.289285,1.460669,0.623019,2.301813,1.461696,0.628444
76.66,74.23,2.262473,1.463144,0.603256,2.275308,1.464121,0.607918
76.67,74.24,2.236711,1.465947,0.584052,2.249639,1.466865,0.58765
76.68,74.25,2.21178,1.470199,0.567115,2.225219,1.469924,0.567923
76.69,74.26,2.186429,1.474981,0.550245,2.199815,1.474476,0.550862
76.7,74.27,2.160601,1.481174,0.534059,2.173709,1.480474,0.535127
76.71,74.28,2.133844,1.487616,0.518839,2.146927,1.487331,0.519927
76.72,74.29,2.106694,1.4924,0.503608,2.119321,1.492934,0.504708
76.73,74.3,2.078707,1.496221,0.487731,2.091282,1.496518,0.488814
76.74,74.31,2.050218,1.498989,0.471468,2.063376,1.499218,0.472305
76.75,74.32,2.022,1.50097,0.455316,2.034833,1.501729,0.455903
76.76,74.33,1.994705,1.504043,0.44038,2.007846,1.504552,0.439961
76.77,74.34,1.968198,1.507876,0.426725,1.981176,1.508427,0.42489
76.78,74.35,1.941203,1.513003,0.414604,1.953995,1.513123,0.412758
76.79,74.36,1.913794,1.51883,0.403897,1.926795,1.518946,0.402298
76.8,74.37,1.88541,1.52402,0.393275,1.89829,1.524706,0.392674
76.81,74.38,1.85592,1.528083,0.382434,1.869297,1.529123,0.381891
76.82,74.39,1.826302,1.530856,0.371412,1.83937,1.532427,0.37069
76.83,74.4,1.79678,1.533107,0.361229,1.809619,1.534701,0.359598
76.84,74.41,1.767412,1.535101,0.349816,1.780486,1.536991,0.348895
76.85,74.42,1.738966,1.538026,0.340211,1.752331,1.539804,0.338113
76.86,74.43,1.711351,1.542514,0.332241,1.724603,1.543431,0.328937
76.87,74.44,1.683274,1.547433,0.325292,1.696263,1.548256,0.321716
76.88,74.45,1.655204,1.552785,0.319327,1.668177,1.553621,0.316248
76.89,74.46,1.625435,1.557236,0.313087,1.639157,1.558538,0.310714
76.9,74.47,1.596432,1.560363,0.307143,1.609654,1.561878,0.304776
76.91,74.48,1.56612,1.562357,0.301658,1.579303,1.564303,0.298521
76.92,74.49,1.536,1.564278,0.29575,1.54922,1.566385,0.292139
76.93,74.5,1.506774,1.566175,0.290663,1.519716,1.568379,0.286137
76.94,74.51,1.477573,1.568888,0.286803,1.490128,1.571421,0.281188
76.95,74.52,1.44957,1.571848,0.284034,1.461818,1.574851,0.2787
76.96,74.53,1.422093,1.576065,0.282726,1.434492,1.578635,0.277674
76.97,74.54,1.394005,1.579671,0.282123,1.406586,1.582361,0.277681
76.98,74.55,1.365352,1.582041,0.281406,1.378219,1.584904,0.276996
76.99,74.56,1.335912,1.583254,0.280763,1.348465,1.585888,0.276182
77,74.57,1.306519,1.58417,0.280586,1.318525,1.587379,0.274545
77.01,74.58,1.27714,1.585157,0.280631,1.288692,1.589243,0.273245
77.02,74.59,1.249152,1.586171,0.281703,1.260081,1.59067,0.274317
77.03,74.6,1.222785,1.588925,0.284327,1.233958,1.592574,0.277003
77.04,74.61,1.197198,1.592167,0.288546,1.208539,1.595397,0.281097
77.05,74.62,1.171402,1.594513,0.29341,1.18275,1.597614,0.286202
77.06,74.63,1.145324,1.595586,0.298094,1.156242,1.598684,0.290884
77.07,74.64,1.117172,1.595243,0.302377,1.128406,1.598409,0.29554
77.08,74.65,1.090962,1.595196,0.308739,1.100475,1.598088,0.299313
77.09,74.66,1.06579,1.594828,0.314912,1.073581,1.597996,0.304612
77.1,74.67,1.040377,1.595685,0.322265,1.048244,1.598426,0.311614
77.11,74.68,1.015136,1.596918,0.330937,1.023559,1.599269,0.320197
77.12,74.69,0.990633,1.597286,0.34012,0.999227,1.600381,0.330396
77.13,74.7,0.965385,1.59597,0.350449,0.974377,1.600113,0.341186
77.14,74.71,0.940269,1.594039,0.360937,0.949496,1.598693,0.351777
77.15,74.72,0.915318,1.591267,0.371566,0.92328,1.596271,0.362161
77.16,74.73,0.891059,1.588809,0.382324,0.898491,1.594211,0.372766
77.17,74.74,0.868232,1.587318,0.394302,0.874416,1.592639,0.384184
77.18,74.75,0.847428,1.586716,0.407426,0.852065,1.591249,0.39652
77.19,74.76,0.826363,1.58534,0.422546,0.831221,1.589919,0.411447
77.2,74.77,0.805274,1.582835,0.438028,0.811122,1.588168,0.427487
77.21,74.78,0.784138,1.579447,0.453906,0.789972,1.58493,0.443376
77.22,74.79,0.762244,1.575049,0.469934,0.768445,1.580545,0.459644
77.23,74.8,0.740756,1.569854,0.48622,0.746642,1.575752,0.475705
77.24,74.81,0.719988,1.564191,0.502533,0.724718,1.57058,0.49228
77.25,74.82,0.700737,1.55963,0.519405,0.704349,1.565614,0.508554
77.26,74.83,0.683211,1.555894,0.537175,0.685884,1.561492,0.526279
77.27,74.84,0.666597,1.551271,0.557143,0.668697,1.557259,0.545991
77.28,74.85,0.650252,1.545995,0.577801,0.652894,1.55222,0.566721
77.29,74.86,0.633781,1.539562,0.59867,0.636675,1.546122,0.587921
77.3,74.87,0.616726,1.532244,0.619665,0.619435,1.538542,0.609219
77.31,74.88,0.599693,1.523239,0.641308,0.60216,1.530264,0.630673
77.32,74.89,0.583286,1.514252,0.66288,0.585629,1.521361,0.652219
77.33,74.9,0.568113,1.505792,0.684804,0.569318,1.512393,0.673881
77.34,74.91,0.554629,1.498146,0.706991,0.555179,1.505078,0.695756
77.35,74.92,0.543104,1.491053,0.730547,0.542169,1.497431,0.719229
77.36,74.93,0.532534,1.483481,0.75549,0.532878,1.489915,0.744146
77.37,74.94,0.521382,1.473708,0.7802,0.521772,1.480984,0.769838
77.38,74.95,0.509732,1.462771,0.806223,0.510184,1.469962,0.795521
77.39,74.96,0.497733,1.450926,0.831987,0.498283,1.458132,0.821477
77.4,74.97,0.486407,1.438231,0.857602,0.486304,1.445554,0.847314
77.41,74.98,0.476679,1.426189,0.883933,0.475905,1.43358,0.873177
77.42,74.99,0.468201,1.415902,0.910203,0.466695,1.42248,0.899005
77.43,75,0.461799,1.405517,0.936982,0.459612,1.412274,0.926023
77.44,75.01,0.457077,1.395958,0.96553,0.454114,1.401771,0.9545
77.45,75.02,0.452393,1.384762,0.994666,0.451434,1.391508,0.983948
77.46,75.03,0.446738,1.37156,1.024835,0.443958,1.378126,1.014081
77.47,75.04,0.441422,1.357203,1.054727,0.439226,1.364047,1.044481
77.48,75.05,0.435879,1.341597,1.084808,0.433975,1.348744,1.074303
77.49,75.06,0.431638,1.327143,1.114459,0.429135,1.333436,1.103886
77.5,75.07,0.428404,1.31258,1.145069,0.425367,1.318537,1.133875
77.51,75.08,0.425663,1.299555,1.176055,0.422723,1.305419,1.164512
77.52,75.09,0.424979,1.287396,1.207904,0.421989,1.293446,1.196593
77.53,75.1,0.42645,1.276123,1.240231,0.423183,1.281868,1.229262
77.54,75.11,0.428682,1.263389,1.273422,0.424776,1.269086,1.262523
77.55,75.12,0.430289,1.249012,1.306923,0.426959,1.255011,1.296285
77.56,75.13,0.431886,1.233263,1.342363,0.428055,1.238954,1.330247
77.57,75.14,0.433049,1.216575,1.376296,0.429332,1.222768,1.364783
77.58,75.15,0.434356,1.20022,1.41033,0.430465,1.206236,1.399037
77.59,75.16,0.437043,1.185122,1.443986,0.432532,1.190264,1.432729
77.6,75.17,0.441688,1.171397,1.478246,0.436128,1.176182,1.46684
77.61,75.18,0.447481,1.158998,1.513386,0.442234,1.163702,1.501672
77.62,75.19,0.454452,1.147898,1.549682,0.449473,1.151848,1.537626
77.63,75.2,0.461759,1.135281,1.586512,0.456843,1.140238,1.575074
77.64,75.21,0.469298,1.120617,1.624186,0.464296,1.126316,1.613102
77.65,75.22,0.476882,1.104541,1.662112,0.471575,1.110238,1.651183
77.66,75.23,0.484327,1.087972,1.699172,0.479165,1.093609,1.687963
77.67,75.24,0.492244,1.07187,1.736434,0.48662,1.076844,1.724939
77.68,75.25,0.500256,1.056194,1.773766,0.495277,1.060968,1.762035
77.69,75.26,0.508515,1.042383,1.812002,0.503979,1.046937,1.799595
77.7,75.27,0.517924,1.030471,1.849742,0.512935,1.034903,1.838092
77.71,75.28,0.528337,1.020918,1.888928,0.523794,1.024706,1.876859
77.72,75.29,0.539153,1.011805,1.929303,0.53399,1.015167,1.917284
77.73,75.3,0.550052,1.000766,1.970564,0.544895,1.004712,1.958794
77.74,75.31,0.561335,0.987806,2.011829,0.556296,0.992336,2.000385
77.75,75.32,0.57259,0.973342,2.053232,0.567822,0.978191,2.04195
77.76,75.33,0.583831,0.958591,2.094933,0.579031,0.963467,2.082815
77.77,75.34,0.594736,0.944213,2.135328,0.590275,0.948888,2.123759
77.78,75.35,0.605661,0.930659,2.176321,0.601536,0.934907,2.164593
77.79,75.36,0.616273,0.918548,2.217459,0.61241,0.922459,2.205538
77.8,75.37,0.627091,0.908097,2.259537,0.623301,0.911801,2.247278
77.81,75.38,0.637685,0.89915,2.302172,0.634052,0.902439,2.28984
77.82,75.39,0.648135,0.891382,2.345941,0.644823,0.894658,2.333626
77.83,75.4,0.659347,0.883404,2.389636,0.655233,0.886551,2.377655
77.84,75.41,0.671267,0.874385,2.433359,0.666173,0.876661,2.421292
77.85,75.42,0.683472,0.86358,2.477548,0.677922,0.86574,2.465945
77.86,75.43,0.695054,0.850758,2.522618,0.689759,0.853388,2.510403
77.87,75.44,0.705831,0.838029,2.567153,0.701145,0.841491,2.555344
77.88,75.45,0.716172,0.827266,2.611481,0.711779,0.830454,2.599585
77.89,75.46,0.725171,0.819073,2.655971,0.721124,0.821772,2.643497
77.9,75.47,0.733579,0.813462,2.70022,0.729746,0.81612,2.687791
77.91,75.48,0.741112,0.81075,2.745722,0.737519,0.812554,2.733285
77.92,75.49,0.747651,0.809005,2.792178,0.74393,0.809924,2.779775
77.93,75.5,0.753884,0.80497,2.839363,0.750709,0.806113,2.826914
77.94,75.51,0.761121,0.798875,2.887747,0.757658,0.800511,2.875281
77.95,75.52,0.768703,0.791137,2.935828,0.765864,0.793787,2.922787
77.96,75.53,0.775698,0.783872,2.983023,0.773228,0.786404,2.970245
77.97,75.54,0.782216,0.777583,3.029912,0.781517,0.780942,3.017522
77.98,75.55,0.787874,0.773945,3.076402,0.784831,0.77621,3.063501
77.99,75.56,0.792176,0.773731,3.121811,0.789998,0.775135,3.108942
78,75.57,0.795485,0.776608,3.167457,0.793261,0.776521,3.154591
78.01,75.58,0.797253,0.780852,3.214995,0.794995,0.78049,3.201996
78.02,75.59,0.798993,0.783723,3.263339,0.796445,0.782995,3.250037
78.03,75.6,0.801411,0.784542,3.311913,0.798856,0.784099,3.298887
78.04,75.61,0.804361,0.783435,3.361222,0.80177,0.784243,3.348214
78.05,75.62,0.806845,0.78185,3.409571,0.804675,0.783311,3.395998
78.06,75.63,0.809151,0.781346,3.456638,0.807429,0.782492,3.444132
78.07,75.64,0.810886,0.782722,3.503721,0.808931,0.782859,3.490265
78.08,75.65,0.811067,0.786091,3.549663,0.809571,0.784874,3.537479
78.09,75.66,0.811095,0.792421,3.594767,0.809559,0.790324,3.583083
78.1,75.67,0.810248,0.801599,3.639898,0.808532,0.798801,3.627918
78.11,75.68,0.808508,0.811202,3.685181,0.806671,0.808253,3.673128
78.12,75.69,0.80699,0.81845,3.731318,0.805353,0.815368,3.718662
78.13,75.7,0.805733,0.823881,3.779387,0.803937,0.821776,3.766175
78.14,75.71,0.80433,0.82795,3.826071,0.802811,0.826396,3.81356
78.15,75.72,0.802872,0.831449,3.872527,0.801749,0.830563,3.859998
78.16,75.73,0.801655,0.835738,3.918945,0.800301,0.834307,3.906153
78.17,75.74,0.800178,0.840569,3.964151,0.798804,0.839213,3.951161
78.18,75.75,0.798346,0.847606,4.008361,0.796825,0.845094,3.996111
78.19,75.76,0.796479,0.85693,4.050527,0.794751,0.853077,4.038349
78.2,75.77,0.793453,0.868075,4.093762,0.791903,0.864153,4.081336
78.21,75.78,0.790319,0.880749,4.137733,0.78858,0.877369,4.125752
78.22,75.79,0.787849,0.891787,4.182479,0.785837,0.889125,4.169511
78.23,75.8,0.78535,0.901262,4.226995,0.783577,0.898858,4.214452
78.24,75.81,0.78284,0.90846,4.27235,0.781057,0.906578,4.259789
78.25,75.82,0.780209,0.915311,4.317553,0.778084,0.9132,4.304667
78.26,75.83,0.776802,0.921906,4.361659,0.774806,0.919346,4.348791
78.27,75.84,0.77343,0.928397,4.40481,0.771052,0.925485,4.392373
78.28,75.85,0.770404,0.935808,4.448233,0.767852,0.933022,4.43557
78.29,75.86,0.767648,0.944242,4.49113,0.765559,0.941552,4.478481
78.3,75.87,0.76603,0.954384,4.532589,0.763466,0.95147,4.519927
78.31,75.88,0.764899,0.966788,4.573305,0.762403,0.963457,4.561021
78.32,75.89,0.764899,0.980052,4.614464,0.761906,0.97669,4.602055
78.33,75.9,0.764291,0.992201,4.655881,0.761381,0.989159,4.643212
78.34,75.91,0.763992,1.0025,4.698389,0.760377,0.99967,4.685515
78.35,75.92,0.762829,1.010622,4.741123,0.75909,1.008187,4.728545
78.36,75.93,0.761629,1.018548,4.784464,0.758227,1.016466,4.771704
78.37,75.94,0.759768,1.025173,4.827111,0.75733,1.024498,4.813848
78.38,75.95,0.758655,1.03244,4.868937,0.755332,1.030999,4.855871
78.39,75.96,0.758069,1.040675,4.910115,0.754343,1.03864,4.897034
78.4,75.97,0.757643,1.04947,4.949841,0.753876,1.047438,4.937075
78.41,75.98,0.758454,1.059285,4.988609,0.755614,1.056815,4.976082
78.42,75.99,0.759856,1.070745,5.026941,0.756351,1.067175,5.014695
78.43,76,0.762055,1.084254,5.066585,0.757,1.081,5.053944
78.44,76.01,0.764537,1.096751,5.106439,0.759726,1.094008,5.094054
78.45,76.02,0.76716,1.107312,5.147038,0.763083,1.104965,5.13455
78.46,76.03,0.76943,1.116251,5.188403,0.765888,1.11468,5.175484
78.47,76.04,0.77163,1.124442,5.229839,0.768605,1.123214,5.216527
78.48,76.05,0.774178,1.131704,5.270704,0.770833,1.131038,5.25788
78.49,76.06,0.775977,1.138305,5.311065,0.772679,1.138017,5.298419
78.5,76.07,0.779148,1.145705,5.350644,0.775131,1.144939,5.337344
78.51,76.08,0.781925,1.153278,5.38958,0.777216,1.152808,5.376945
78.52,76.09,0.786493,1.16235,5.427527,0.781905,1.161559,5.41499
78.53,76.1,0.79142,1.172684,5.46399,0.786463,1.171325,5.451499
78.54,76.11,0.796521,1.184878,5.500276,0.791724,1.182814,5.487854
78.55,76.12,0.803101,1.197314,5.537003,0.797931,1.195076,5.524216
78.56,76.13,0.810081,1.208077,5.574546,0.805278,1.206662,5.56216
78.57,76.14,0.816659,1.217344,5.612763,0.810893,1.215342,5.600067
78.58,76.15,0.822773,1.225737,5.649892,0.818302,1.223908,5.638278
78.59,76.16,0.828912,1.233096,5.688764,0.824198,1.231502,5.676656
78.6,76.17,0.834676,1.240387,5.726128,0.828061,1.238139,5.71396
78.61,76.18,0.840825,1.24839,5.762315,0.833942,1.24554,5.75046
78.62,76.19,0.847705,1.257699,5.797964,0.839708,1.254741,5.786173
78.63,76.2,0.856536,1.268873,5.831699,0.848983,1.265842,5.820362
78.64,76.21,0.866611,1.281556,5.863796,0.858235,1.278262,5.853019
78.65,76.22,0.877495,1.293545,5.897011,0.869387,1.290738,5.885611
78.66,76.23,0.887603,1.303798,5.931745,0.880502,1.301686,5.91986
78.67,76.24,0.898221,1.313334,5.966293,0.890065,1.310945,5.955219
78.68,76.25,0.908388,1.321998,6.001058,0.898967,1.319644,5.989838
78.69,76.26,0.918136,1.331179,6.03458,0.909158,1.328795,6.023865
78.7,76.27,0.928479,1.341159,6.066439,0.919293,1.338605,6.055699
78.71,76.28,0.939545,1.352624,6.096948,0.93051,1.349983,6.086476
78.72,76.29,0.952524,1.365509,6.125451,0.946283,1.363076,6.114995
78.73,76.3,0.967063,1.379006,6.153171,0.958215,1.376072,6.143285
78.74,76.31,0.983683,1.390881,6.182939,0.972289,1.388539,6.172294
78.75,76.32,0.998791,1.401508,6.213148,0.988457,1.3996,6.202653
78.76,76.33,1.012144,1.411251,6.243536,1.001872,1.40921,6.23362
78.77,76.34,1.025386,1.420538,6.272811,1.014669,1.418466,6.263649
78.78,76.35,1.039615,1.429803,6.302006,1.02906,1.427643,6.292397
78.79,76.36,1.054233,1.439087,6.330803,1.044494,1.436934,6.321131
78.8,76.37,1.069596,1.44915,6.357007,1.059391,1.447117,6.34753
78.81,76.38,1.08614,1.459983,6.381663,1.076001,1.458098,6.372517
78.82,76.39,1.104077,1.471691,6.405595,1.09267,1.469359,6.396523
78.83,76.4,1.122889,1.482653,6.428367,1.11518,1.481429,6.419318
78.84,76.41,1.142268,1.492357,6.45346,1.131777,1.491326,6.444083
78.85,76.42,1.161672,1.500511,6.478806,1.153761,1.500382,6.469087
78.86,76.43,1.181095,1.507815,6.503743,1.171258,1.507767,6.49524
78.87,76.44,1.203825,1.515317,6.528883,1.189566,1.514875,6.520937
78.88,76.45,1.220306,1.521359,6.553227,1.210825,1.521964,6.54537
78.89,76.46,1.237217,1.527284,6.576759,1.227212,1.527275,6.568717
78.9,76.47,1.258583,1.534265,6.598639,1.246992,1.533778,6.590767
78.91,76.48,1.276511,1.541388,6.619161,1.264588,1.540891,6.611862
78.92,76.49,1.297535,1.549809,6.637315,1.284877,1.548767,6.631007
78.93,76.5,1.319532,1.557453,6.655053,1.307254,1.556591,6.64899
78.94,76.51,1.34337,1.563737,6.672437,1.329897,1.563334,6.667612
78.95,76.52,1.36999,1.569361,6.690971,1.352944,1.568577,6.687249
78.96,76.53,1.389625,1.572107,6.712284,1.376482,1.572626,6.706885
78.97,76.54,1.413073,1.575318,6.731777,1.400028,1.575888,6.726204
78.98,76.55,1.435674,1.578278,6.750798,1.422571,1.579222,6.7451
78.99,76.56,1.46015,1.581705,6.767414,1.446523,1.582406,6.762518
79,76.57,1.480636,1.585777,6.783015,1.469333,1.586384,6.778576
79.01,76.58,1.506958,1.591522,6.795768,1.490821,1.591425,6.793778
79.02,76.59,1.530033,1.596005,6.808252,1.516154,1.596668,6.806519
79.03,76.6,1.558373,1.600123,6.820474,1.542696,1.600713,6.818161
79.04,76.61,1.585089,1.602492,6.83419,1.570071,1.603384,6.830884
79.05,76.62,1.61083,1.603357,6.848914,1.595836,1.604423,6.845905
79.06,76.63,1.637002,1.603899,6.862869,1.622673,1.605082,6.86017
79.07,76.64,1.660792,1.603458,6.876036,1.646826,1.60517,6.875154
79.08,76.65,1.686815,1.603172,6.888226,1.67237,1.604498,6.887749
79.09,76.66,1.712712,1.60325,6.90009,1.698606,1.604118,6.899348
79.1,76.67,1.739437,1.603862,6.911016,1.725374,1.604881,6.909864
79.11,76.68,1.765812,1.605685,6.919603,1.752092,1.60654,6.919393
79.12,76.69,1.793546,1.606559,6.926936,1.779376,1.608156,6.927281
79.13,76.7,1.821878,1.605887,6.934908,1.808097,1.608438,6.934689
79.14,76.71,1.85236,1.604511,6.943294,1.839052,1.606932,6.941493
79.15,76.72,1.881182,1.601095,6.952303,1.867903,1.604211,6.950611
79.16,76.73,1.910437,1.59694,6.961082,1.897336,1.600392,6.959631
79.17,76.74,1.939557,1.592317,6.969011,1.925288,1.596442,6.969285
79.18,76.75,1.967865,1.588288,6.975881,1.95356,1.592545,6.977894
79.19,76.76,1.996074,1.584791,6.981569,1.981697,1.589038,6.984511
79.2,76.77,2.0246,1.582579,6.986216,2.010442,1.586199,6.98873
79.21,76.78,2.053603,1.580728,6.989232,2.039851,1.584383,6.991749
79.22,76.79,2.083672,1.578199,6.991277,2.06985,1.582231,6.99382
79.23,76.8,2.114201,1.574128,6.993297,2.100464,1.578882,6.995553
79.24,76.81,2.145,1.568927,6.995909,2.131928,1.574131,6.998516
79.25,76.82,2.175417,1.563199,6.998089,2.162678,1.56849,7.00172
79.26,76.83,2.206008,1.556661,6.999657,2.194457,1.561832,7.004799
79.27,76.84,2.235088,1.550176,7.001438,2.223105,1.55476,7.006287
79.28,76.85,2.265396,1.543965,7.002178,2.253454,1.548292,7.007399
79.29,76.86,2.295651,1.538305,7.001705,2.283722,1.542763,7.006952
79.3,76.87,2.325148,1.533986,6.99935,2.314613,1.538149,7.005455
79.31,76.88,2.354911,1.529714,6.995234,2.343891,1.533744,7.001611
79.32,76.89,2.385683,1.523786,6.990595,2.374844,1.528435,6.997019
79.33,76.9,2.416979,1.516088,6.985996,2.406391,1.521321,6.992539
79.34,76.91,2.448192,1.507484,6.981774,2.43812,1.512887,6.988521
79.35,76.92,2.47954,1.498498,6.977325,2.469253,1.503991,6.984072
79.36,76.93,2.510647,1.489027,6.972476,2.500246,1.494818,6.979069
79.37,76.94,2.541151,1.479851,6.96695,2.531033,1.485276,6.97386
79.38,76.95,2.571033,1.471534,6.960607,2.561255,1.476568,6.968096
79.39,76.96,2.600557,1.464537,6.952783,2.591311,1.469093,6.96108
79.4,76.97,2.629221,1.458564,6.943007,2.621029,1.462627,6.952475
79.41,76.98,2.658242,1.451862,6.931641,2.650615,1.455999,6.941554
79.42,76.99,2.688639,1.443179,6.920232,2.68089,1.447924,6.929842
79.43,77,2.719626,1.433268,6.909333,2.711352,1.43841,6.918367
79.44,77.01,2.750913,1.422598,6.898559,2.742468,1.427853,6.90735
79.45,77.02,2.781889,1.411398,6.887468,2.773599,1.416879,6.896401
79.46,77.03,2.811932,1.400467,6.875861,2.804286,1.406055,6.885165
79.47,77.04,2.84071,1.391147,6.863194,2.833875,1.396112,6.873405
79.48,77.05,2.868732,1.382918,6.848776,2.862549,1.38747,6.859482
79.49,77.06,2.896501,1.375442,6.832549,2.890393,1.379772,6.843479
79.5,77.07,2.924609,1.3672,6.815057,2.918043,1.371977,6.825554
79.51,77.08,2.953408,1.356973,6.797278,2.946467,1.362618,6.807221
79.52,77.09,2.982487,1.345864,6.779612,2.975491,1.351794,6.789328
79.53,77.1,3.011292,1.334261,6.761888,3.004752,1.340294,6.771769
79.54,77.11,3.038979,1.322896,6.743738,3.033309,1.328866,6.753993
79.55,77.12,3.06538,1.313133,6.724819,3.060497,1.318379,6.735904
79.56,77.13,3.090987,1.304095,6.70443,3.087124,1.309106,6.716112
79.57,77.14,3.116341,1.295879,6.682559,3.112555,1.30065,6.694183
79.58,77.15,3.141702,1.287548,6.659056,3.137677,1.292367,6.670464
79.59,77.16,3.167603,1.277701,6.634638,3.163133,1.283063,6.645683
79.6,77.17,3.192297,1.266716,6.610111,3.189065,1.27221,6.621139
79.61,77.18,3.219766,1.253657,6.585876,3.215035,1.259742,6.596762
79.62,77.19,3.245449,1.241376,6.561512,3.241135,1.247163,6.572541
79.63,77.2,3.269841,1.229718,6.536819,3.266293,1.23517,6.548419
79.64,77.21,3.293532,1.219318,6.511083,3.290543,1.224287,6.522978
79.65,77.22,3.316506,1.209876,6.483934,3.313345,1.214606,6.495962
79.66,77.23,3.338536,1.201451,6.455208,3.335371,1.206309,6.467257
79.67,77.24,3.360036,1.193843,6.424885,3.357428,1.1982,6.436669
79.68,77.25,3.381037,1.184583,6.393712,3.377393,1.18957,6.405065
79.69,77.26,3.402728,1.17389,6.362357,3.399035,1.17889,6.37372
79.7,77.27,3.423724,1.162488,6.331118,3.420499,1.167137,6.342814
79.71,77.28,3.445383,1.149728,6.299816,3.441878,1.154378,6.311662
79.72,77.29,3.466709,1.137591,6.26854,3.462547,1.142065,6.28026
79.73,77.3,3.485918,1.12675,6.236909,3.482517,1.13053,6.24877
79.74,77.31,3.505822,1.117013,6.204173,3.502435,1.120427,6.216164
79.75,77.32,3.523067,1.109539,6.17059,3.51961,1.112549,6.1828
79.76,77.33,3.539346,1.102966,6.135647,3.536192,1.105841,6.147889
79.77,77.34,3.556277,1.09522,6.099329,3.552578,1.098552,6.111506
79.78,77.35,3.572734,1.086076,6.062553,3.569201,1.089485,6.074629
79.79,77.36,3.589228,1.075428,6.025584,3.586237,1.079597,6.037557
79.8,77.37,3.60594,1.063881,5.989105,3.602923,1.068322,6.001049
79.81,77.38,3.621562,1.05266,5.952879,3.61934,1.056854,5.965044
79.82,77.39,3.635978,1.042901,5.916536,3.634776,1.04645,5.929017
79.83,77.4,3.650277,1.034537,5.879248,3.64873,1.037916,5.892119
79.84,77.41,3.663342,1.027898,5.841827,3.661767,1.030742,5.854806
79.85,77.42,3.676124,1.022178,5.803034,3.673434,1.025531,5.815713
79.86,77.43,3.688081,1.01705,5.763602,3.686347,1.020277,5.775496
79.87,77.44,3.699763,1.010467,5.721789,3.698757,1.01364,5.734761
79.88,77.45,3.71178,1.002066,5.681268,3.710925,1.005313,5.69407
79.89,77.46,3.723732,0.993028,5.640896,3.723498,0.995753,5.653759
79.9,77.47,3.736374,0.982668,5.600148,3.735835,0.985747,5.612919
79.91,77.48,3.748616,0.972736,5.559752,3.748242,0.975554,5.572666
79.92,77.49,3.760112,0.963606,5.519163,3.759906,0.966103,5.532035
79.93,77.5,3.770813,0.95627,5.478084,3.770321,0.958717,5.491104
79.94,77.51,3.780276,0.950938,5.43708,3.779997,0.952819,5.450242
79.95,77.52,3.788509,0.947325,5.395339,3.788246,0.949057,5.408483
79.96,77.53,3.796094,0.944639,5.352468,3.796676,0.94625,5.365558
79.97,77.54,3.803603,0.94066,5.309059,3.80463,0.942135,5.322111
79.98,77.55,3.811052,0.934844,5.264979,3.812537,0.936658,5.278021
79.99,77.56,3.819014,0.927942,5.221041,3.820331,0.93013,5.234098
80,77.57,3.827481,0.920376,5.177356,3.828529,0.922638,5.190285
80.01,77.58,3.835444,0.912694,5.133687,3.836801,0.915143,5.146593
80.02,77.59,3.842441,0.90628,5.090659,3.844587,0.908268,5.103551
80.03,77.6,3.848511,0.902239,5.048586,3.850824,0.903151,5.061589
80.04,77.61,3.853236,0.900052,5.006915,3.856379,0.899841,5.019937
80.05,77.62,3.856885,0.899603,4.963469,3.860155,0.899484,4.976434
80.06,77.63,3.86044,0.9003,4.919279,3.863135,0.900061,4.932375
80.07,77.64,3.863566,0.900003,4.874609,3.866051,0.90017,4.887414
80.08,77.65,3.867154,0.897756,4.828968,3.869103,0.899054,4.841908
80.09,77.66,3.870579,0.894758,4.783757,3.872769,0.896194,4.796742
80.1,77.67,3.873979,0.891169,4.739333,3.876374,0.89272,4.752123
80.11,77.68,3.876624,0.888224,4.695579,3.879795,0.889091,4.708449
80.12,77.69,3.878639,0.886149,4.651989,3.881936,0.88671,4.665046
80.13,77.7,3.87988,0.886128,4.608781,3.882889,0.886491,4.621815
80.14,77.71,3.879834,0.888093,4.565964,3.882937,0.888123,4.578944
80.15,77.72,3.878428,0.892138,4.522752,3.881537,0.891795,4.535651
80.16,77.73,3.875783,0.89648,4.478991,3.879235,0.896078,4.491773
80.17,77.74,3.872821,0.899027,4.435031,3.876565,0.89871,4.447549
80.18,77.75,3.869971,0.900414,4.390802,3.874333,0.899956,4.403306
80.19,77.76,3.867451,0.900246,4.345881,3.871791,0.900234,4.358449
80.2,77.77,3.865206,0.899284,4.301069,3.869508,0.899813,4.314335
80.21,77.78,3.862736,0.89853,4.256982,3.867246,0.899145,4.269902
80.22,77.79,3.859768,0.898679,4.213385,3.864293,0.898965,4.226622
80.23,77.8,3.855835,0.900938,4.171449,3.860599,0.900141,4.184628
80.24,77.81,3.850788,0.904045,4.129856,3.855545,0.902847,4.142768
80.25,77.82,3.844516,0.908523,4.087247,3.849076,0.907409,4.100237
80.26,77.83,3.83748,0.913952,4.044031,3.841978,0.913173,4.057219
80.27,77.84,3.8304,0.918635,4.000803,3.834895,0.918222,4.013863
80.28,77.85,3.822447,0.921978,3.957404,3.827741,0.922012,3.970201
80.29,77.86,3.814717,0.923943,3.914118,3.820935,0.92398,3.926699
80.3,77.87,3.807132,0.924905,3.871161,3.813602,0.924793,3.883458
80.31,77.88,3.799643,0.925058,3.827015,3.805677,0.925481,3.839733
80.32,77.89,3.791993,0.924985,3.783906,3.797978,0.925512,3.79604
80.33,77.9,3.784568,0.925076,3.741013,3.790711,0.925865,3.753113
80.34,77.91,3.776772,0.926315,3.698363,3.782592,0.927044,3.710452
80.35,77.92,3.768422,0.929363,3.657047,3.774304,0.929317,3.669361
80.36,77.93,3.759718,0.933916,3.616839,3.765543,0.932876,3.629269
80.37,77.94,3.750317,0.93993,3.575477,3.755971,0.938823,3.588033
80.38,77.95,3.740827,0.946498,3.533871,3.746531,0.945592,3.545807
80.39,77.96,3.730685,0.952061,3.491605,3.736563,0.951622,3.503879
80.4,77.97,3.721278,0.95618,3.448889,3.726909,0.955957,3.461154
80.41,77.98,3.711816,0.959432,3.406519,3.717863,0.958467,3.417889
80.42,77.99,3.702825,0.96117,3.364333,3.708144,0.961067,3.376354
80.43,78,3.693358,0.962853,3.321838,3.699089,0.962489,3.333997
80.44,78.01,3.683573,0.964651,3.280906,3.688868,0.964686,3.292869
80.45,78.02,3.673072,0.967588,3.240096,3.678819,0.966874,3.25235
80.46,78.03,3.662363,0.972038,3.200856,3.668334,0.970975,3.212921
80.47,78.04,3.65091,0.978138,3.16179,3.656396,0.977333,3.174171
80.48,78.05,3.638573,0.986074,3.122799,3.644356,0.985137,3.134968
80.49,78.06,3.625716,0.994145,3.082838,3.631733,0.993559,3.094945
80.5,78.07,3.612468,1.001005,3.043865,3.618725,1.00055,3.056028
80.51,78.08,3.599028,1.006846,3.00412,3.605135,1.006632,3.016201
80.52,78.09,3.585537,1.011063,2.96453,3.592283,1.011136,2.975894
80.53,78.1,3.571992,1.014909,2.925284,3.57922,1.014641,2.937183
80.54,78.11,3.558544,1.018154,2.885823,3.565827,1.018202,2.897344
80.55,78.12,3.545294,1.021832,2.847172,3.552614,1.021462,2.858686
80.56,78.13,3.532045,1.026459,2.808643,3.538791,1.026511,2.820865
80.57,78.14,3.518087,1.032595,2.771466,3.525514,1.032045,2.783448
80.58,78.15,3.503914,1.040795,2.735851,3.511073,1.039291,2.747379
80.59,78.16,3.48923,1.050561,2.699837,3.496529,1.048138,2.711111
80.6,78.17,3.473405,1.059466,2.662408,3.481011,1.057739,2.673823
80.61,78.18,3.457615,1.066839,2.624639,3.464859,1.065516,2.636123
80.62,78.19,3.441689,1.072835,2.586387,3.449,1.071816,2.59832
80.63,78.2,3.425741,1.077452,2.54807,3.433211,1.077164,2.560116
80.64,78.21,3.410131,1.081874,2.510054,3.417895,1.081411,2.522187
80.65,78.22,3.394643,1.08583,2.473046,3.40233,1.085317,2.485079
80.66,78.23,3.37908,1.090026,2.436568,3.38696,1.088852,2.448414
80.67,78.24,3.363719,1.095035,2.400206,3.371384,1.093854,2.412005
80.68,78.25,3.348558,1.101633,2.365087,3.355919,1.100263,2.3769
80.69,78.26,3.332808,1.109407,2.330628,3.340556,1.107547,2.341812
80.7,78.27,3.316744,1.118849,2.295868,3.32455,1.116704,2.306738
80.71,78.28,3.300419,1.128653,2.260648,3.308102,1.126844,2.272059
80.72,78.29,3.283766,1.137435,2.225175,3.291589,1.13565,2.236531
80.73,78.3,3.267384,1.144533,2.189421,3.274715,1.143057,2.201209
80.74,78.31,3.250435,1.15029,2.153618,3.258074,1.148819,2.165044
80.75,78.32,3.233655,1.154863,2.117277,3.241544,1.153508,2.128893
80.76,78.33,3.216731,1.159014,2.081061,3.224894,1.158283,2.092527
80.77,78.34,3.200369,1.16255,2.045451,3.208687,1.161968,2.056974
80.78,78.35,3.183922,1.166528,2.010442,3.191921,1.165839,2.022176
80.79,78.36,3.167512,1.171739,1.976033,3.175357,1.171011,1.98784
80.8,78.37,3.151175,1.178604,1.942597,3.159393,1.177602,1.954078
80.81,78.38,3.13448,1.187148,1.91008,3.142685,1.185524,1.921539
80.82,78.39,3.11747,1.196781,1.877128,3.1256,1.194861,1.888378
80.83,78.4,3.099596,1.205292,1.843795,3.108222,1.203602,1.854499
80.84,78.41,3.081464,1.212053,1.809473,3.090288,1.210859,1.820336
80.85,78.42,3.06366,1.217248,1.774769,3.072188,1.216251,1.785778
80.86,78.43,3.046216,1.221431,1.739911,3.05471,1.220383,1.751112
80.87,78.44,3.028178,1.225047,1.705233,3.036908,1.224787,1.716338
80.88,78.45,3.01054,1.228691,1.671122,3.019562,1.228522,1.68208
80.89,78.46,2.99341,1.233015,1.638391,3.00244,1.232213,1.648928
80.9,78.47,2.975859,1.238907,1.606489,2.985314,1.23754,1.616829
80.91,78.48,2.957993,1.246001,1.575866,2.96776,1.244029,1.585816
80.92,78.49,2.939256,1.254376,1.544957,2.948874,1.25221,1.555125
80.93,78.5,2.920063,1.263204,1.513687,2.929386,1.261513,1.523902
80.94,78.51,2.90058,1.271179,1.481449,2.909568,1.270042,1.492088
80.95,78.52,2.881248,1.277732,1.449021,2.889986,1.277102,1.459555
80.96,78.53,2.861423,1.282966,1.416351,2.870435,1.282591,1.426775
80.97,78.54,2.841672,1.287185,1.383737,2.850935,1.286914,1.393962
80.98,78.55,2.822029,1.29071,1.351714,2.831592,1.291048,1.361666
80.99,78.56,2.802623,1.294693,1.320535,2.812822,1.294706,1.330208
81,78.57,2.7837,1.299771,1.29046,2.794575,1.299074,1.299438
81.01,78.58,2.764238,1.306239,1.261192,2.775362,1.304965,1.269474
81.02,78.59,2.744139,1.31446,1.233219,2.75565,1.312475,1.24108
81.03,78.6,2.723008,1.323485,1.205163,2.734283,1.321635,1.212668
81.04,78.61,2.701296,1.331626,1.176714,2.712039,1.330175,1.185149
81.05,78.62,2.679059,1.337943,1.147661,2.68965,1.337111,1.156268
81.06,78.63,2.656377,1.342804,1.11809,2.667202,1.342227,1.126682
81.07,78.64,2.63438,1.346971,1.088499,2.644998,1.346611,1.096751
81.08,78.65,2.61289,1.350866,1.059582,2.62394,1.350476,1.067361
81.09,78.66,2.591262,1.354984,1.031708,2.603351,1.354189,1.038083
81.1,78.67,2.569728,1.359996,1.004475,2.581673,1.359179,1.01086
81.11,78.68,2.547765,1.366254,0.978173,2.559551,1.3653,0.985126
81.12,78.69,2.525019,1.373841,0.953243,2.536906,1.372997,0.959964
81.13,78.7,2.501364,1.382394,0.928355,2.51334,1.38124,0.935111
81.14,78.71,2.477309,1.389678,0.903267,2.488918,1.389024,0.91022
81.15,78.72,2.452003,1.395107,0.877294,2.464098,1.394964,0.884341
81.16,78.73,2.427374,1.39944,0.851416,2.439413,1.399636,0.857816
81.17,78.74,2.402686,1.403298,0.827915,2.414844,1.403331,0.83142
81.18,78.75,2.378098,1.406549,0.800946,2.390602,1.406699,0.805715
81.19,78.76,2.354156,1.410248,0.775097,2.366504,1.410774,0.781225
81.2,78.77,2.330194,1.415748,0.751705,2.342432,1.415769,0.757733
81.21,78.78,2.305494,1.423003,0.730089,2.317741,1.422734,0.735413
81.22,78.79,2.28008,1.43091,0.709362,2.292406,1.43058,0.714341
81.23,78.8,2.253127,1.438293,0.688788,2.265769,1.43815,0.693643
81.24,78.81,2.226124,1.443838,0.666595,2.238489,1.444087,0.67205
81.25,78.82,2.198594,1.448007,0.644151,2.210963,1.448845,0.649657
81.26,78.83,2.171666,1.451849,0.621706,2.184277,1.452343,0.626848
81.27,78.84,2.145317,1.456386,0.60114,2.158413,1.456061,0.603989
81.28,78.85,2.119582,1.461289,0.581694,2.132808,1.460311,0.582711
81.29,78.86,2.09315,1.466776,0.56241,2.106025,1.465354,0.56397
81.3,78.87,2.06615,1.473934,0.544798,2.079328,1.472323,0.545669
81.31,78.88,2.038282,1.481176,0.527676,2.051264,1.48054,0.528734
81.32,78.89,2.009558,1.48779,0.51131,2.022581,1.487721,0.51244
81.33,78.9,1.980307,1.493496,0.493429,1.993038,1.493493,0.495489
81.34,78.91,1.950969,1.498062,0.475476,1.963738,1.498296,0.477166
81.35,78.92,1.921891,1.502208,0.457494,1.934888,1.50244,0.458757
81.36,78.93,1.893772,1.507024,0.441958,1.906605,1.506811,0.440522
81.37,78.94,1.865908,1.511487,0.426024,1.878872,1.511092,0.424507
81.38,78.95,1.837689,1.517552,0.411758,1.8506,1.516824,0.410315
81.39,78.96,1.809316,1.525025,0.399436,1.82217,1.524051,0.398157
81.4,78.97,1.780191,1.53231,0.388206,1.793095,1.53164,0.387302
81.41,78.98,1.750249,1.53803,0.377672,1.763295,1.538006,0.377216
81.42,78.99,1.719404,1.542744,0.366385,1.733072,1.543038,0.365794
81.43,79,1.68897,1.546677,0.354421,1.702338,1.547058,0.353666
81.44,79.01,1.658622,1.550296,0.342469,1.672276,1.550938,0.341217
81.45,79.02,1.628173,1.554033,0.332354,1.64322,1.554933,0.329968
81.46,79.03,1.599912,1.558526,0.322528,1.613284,1.559086,0.320424
81.47,79.04,1.57124,1.564042,0.31479,1.584663,1.563991,0.312407
81.48,79.05,1.542649,1.570055,0.308528,1.555792,1.570157,0.306153
81.49,79.06,1.512789,1.575388,0.302979,1.525981,1.575982,0.301149
81.5,79.07,1.48218,1.579327,0.297296,1.495439,1.580588,0.295498
81.51,79.08,1.451151,1.582345,0.291364,1.464444,1.583786,0.289454
81.52,79.09,1.420398,1.584772,0.285833,1.433528,1.586311,0.283256
81.53,79.1,1.390224,1.586847,0.280739,1.403109,1.588507,0.276773
81.54,79.11,1.360223,1.588969,0.276633,1.372855,1.590686,0.272508
81.55,79.12,1.330955,1.592484,0.2732,1.343644,1.593244,0.269354
81.56,79.13,1.302222,1.596718,0.271011,1.314736,1.59733,0.267104
81.57,79.14,1.273735,1.601,0.270293,1.286335,1.601488,0.265778
81.58,79.15,1.244344,1.603973,0.270147,1.256852,1.60525,0.266453
81.59,79.16,1.21427,1.606064,0.271158,1.226656,1.607516,0.266464
81.6,79.17,1.183491,1.606672,0.270374,1.196246,1.608739,0.265138
81.61,79.18,1.152626,1.607208,0.269924,1.16525,1.609703,0.264921
81.62,79.19,1.122588,1.607267,0.270414,1.134655,1.610193,0.2639
81.63,79.2,1.093412,1.607529,0.271627,1.104728,1.610972,0.26491
81.64,79.21,1.065098,1.609088,0.274223,1.076636,1.612119,0.267211
81.65,79.22,1.038303,1.61167,0.278202,1.049529,1.614244,0.270786
81.66,79.23,1.011149,1.613933,0.282762,1.022234,1.617118,0.276298
81.67,79.24,0.982863,1.614775,0.287301,0.994768,1.617572,0.281049
81.68,79.25,0.954848,1.614999,0.293417,0.965928,1.617576,0.285983
81.69,79.26,0.927491,1.61489,0.298716,0.937027,1.617663,0.291005
81.7,79.27,0.898814,1.614838,0.303732,0.908716,1.617706,0.295438
81.71,79.28,0.872647,1.615581,0.311813,0.88173,1.617845,0.301461
81.72,79.29,0.846937,1.616749,0.320185,0.856318,1.618961,0.31029
81.73,79.3,0.821845,1.617786,0.330338,0.831207,1.620252,0.320463
81.74,79.31,0.79673,1.617569,0.340517,0.806232,1.620715,0.33153
81.75,79.32,0.770676,1.616471,0.350952,0.780278,1.619872,0.342235
81.76,79.33,0.744661,1.614585,0.361861,0.753553,1.618177,0.35262
81.77,79.34,0.718413,1.612468,0.373287,0.727194,1.616386,0.363262
81.78,79.35,0.694393,1.611294,0.385182,0.702188,1.615218,0.374869
81.79,79.36,0.672308,1.610139,0.398421,0.678633,1.61446,0.387467
81.8,79.37,0.650802,1.609416,0.41277,0.657285,1.613628,0.402266
81.81,79.38,0.629494,1.607879,0.428768,0.636696,1.612858,0.418539
81.82,79.39,0.608064,1.605261,0.444822,0.61517,1.610337,0.434732
81.83,79.4,0.585945,1.60178,0.461248,0.593228,1.607229,0.451259
81.84,79.41,0.564105,1.597743,0.477724,0.570542,1.60338,0.467588
81.85,79.42,0.543834,1.593402,0.49503,0.549258,1.599162,0.484377
81.86,79.43,0.524809,1.590049,0.512633,0.529394,1.595728,0.501758
81.87,79.44,0.507508,1.587281,0.531121,0.511547,1.592253,0.520237
81.88,79.45,0.490678,1.582824,0.55149,0.494805,1.588556,0.540573
81.89,79.46,0.473797,1.576806,0.571956,0.478158,1.583665,0.561522
81.9,79.47,0.456933,1.569911,0.592445,0.46116,1.577497,0.582639
81.91,79.48,0.439618,1.562449,0.613807,0.444038,1.570132,0.60391
81.92,79.49,0.423644,1.555319,0.635,0.426724,1.562773,0.625145
81.93,79.5,0.409747,1.549311,0.656986,0.411189,1.555993,0.646339
81.94,79.51,0.397315,1.542747,0.679172,0.397166,1.549305,0.668224
81.95,79.52,0.385506,1.536502,0.702785,0.385886,1.543118,0.691808
81.96,79.53,0.374808,1.529081,0.727469,0.37528,1.536218,0.716335
81.97,79.54,0.363896,1.520266,0.75236,0.364856,1.527676,0.741775
81.98,79.55,0.352927,1.51052,0.777587,0.354156,1.517939,0.76704
81.99,79.56,0.342051,1.499532,0.803182,0.342756,1.507021,0.792606
82,79.57,0.332396,1.488601,0.828577,0.331886,1.495714,0.817913
82.01,79.58,0.323381,1.477627,0.853652,0.321733,1.484586,0.842812
82.02,79.59,0.31525,1.466902,0.879829,0.31334,1.473551,0.868699
82.03,79.6,0.308301,1.45764,0.906769,0.305119,1.463424,0.895289
82.04,79.61,0.302922,1.447461,0.934546,0.299991,1.453679,0.923376
82.05,79.62,0.299148,1.437019,0.962614,0.29682,1.44326,0.9521
82.06,79.63,0.295089,1.424116,0.990835,0.293352,1.431074,0.980441
82.07,79.64,0.291083,1.41096,1.019656,0.290408,1.418109,1.009101
82.08,79.65,0.287151,1.396434,1.04853,0.286085,1.403851,1.03786
82.09,79.66,0.284045,1.382624,1.077012,0.282281,1.38996,1.066413
82.1,79.67,0.28183,1.370007,1.106338,0.279695,1.376704,1.095466
82.11,79.68,0.281304,1.358513,1.135991,0.277689,1.364758,1.125184
82.12,79.69,0.283171,1.347887,1.165952,0.278992,1.353682,1.155425
82.13,79.7,0.286884,1.335856,1.196813,0.284515,1.342825,1.186121
82.14,79.71,0.29064,1.321937,1.22796,0.285316,1.329043,1.217415
82.15,79.72,0.293397,1.307016,1.259065,0.289554,1.313529,1.2489
82.16,79.73,0.296078,1.290873,1.290944,0.29249,1.297455,1.280312
82.17,79.74,0.299073,1.274277,1.322902,0.297374,1.28146,1.312089
82.18,79.75,0.302664,1.258066,1.354698,0.297651,1.26482,1.343954
82.19,79.76,0.307831,1.243441,1.386566,0.302849,1.249579,1.375879
82.2,79.77,0.315126,1.230631,1.418418,0.308005,1.236593,1.407627
82.21,79.78,0.324256,1.218783,1.450707,0.317012,1.224053,1.44003
82.22,79.79,0.334044,1.20636,1.484264,0.32764,1.211533,1.473374
82.23,79.8,0.343605,1.191662,1.518316,0.337395,1.1975,1.508137
82.24,79.81,0.353754,1.17602,1.553406,0.347752,1.182333,1.542923
82.25,79.82,0.363834,1.159166,1.587637,0.35719,1.165334,1.577098
82.26,79.83,0.373849,1.142418,1.621713,0.367816,1.147663,1.610965
82.27,79.84,0.384493,1.126445,1.65611,0.377934,1.130987,1.644899
82.28,79.85,0.395817,1.111699,1.690025,0.389808,1.116088,1.6787
82.29,79.86,0.408684,1.099607,1.724365,0.401582,1.103741,1.713467
82.3,79.87,0.423098,1.089472,1.758958,0.41507,1.092767,1.74822
82.31,79.88,0.438267,1.077915,1.794516,0.431233,1.081958,1.783448
82.32,79.89,0.453819,1.064412,1.830661,0.446974,1.068885,1.819562
82.33,79.9,0.469936,1.049264,1.866462,0.462908,1.054209,1.855908
82.34,79.91,0.485627,1.033365,1.902378,0.478948,1.038383,1.891655
82.35,79.92,0.501562,1.017439,1.937901,0.494856,1.022356,1.927215
82.36,79.93,0.517633,1.002171,1.973881,0.510714,1.007155,1.963478
82.37,79.94,0.533202,0.989082,2.009946,0.527112,0.993584,1.998582
82.38,79.95,0.549756,0.977625,2.046238,0.543241,0.981542,2.035166
82.39,79.96,0.566531,0.967676,2.083732,0.560138,0.971353,2.072456
82.4,79.97,0.583774,0.958682,2.122734,0.577582,0.96226,2.111168
82.41,79.98,0.601696,0.948418,2.161735,0.594756,0.951928,2.150652
82.42,79.99,0.619832,0.936591,2.200458,0.612702,0.939858,2.189727
82.43,80,0.638621,0.922359,2.239708,0.631499,0.926109,2.22908
82.44,80.01,0.657528,0.9077,2.279159,0.650655,0.911488,2.268401
82.45,80.02,0.675657,0.892803,2.318358,0.669126,0.897277,2.30761
82.46,80.03,0.693282,0.880035,2.358055,0.686957,0.883926,2.34706
82.47,80.04,0.709586,0.869801,2.39817,0.703811,0.873179,2.386313
82.48,80.05,0.724808,0.862681,2.438201,0.719146,0.864786,2.42638
82.49,80.06,0.739295,0.857663,2.480038,0.733713,0.85881,2.468133
82.5,80.07,0.753505,0.851932,2.523649,0.747516,0.853421,2.511859
82.51,80.08,0.767911,0.844734,2.567626,0.761787,0.846218,2.556082
82.52,80.09,0.783029,0.835264,2.612037,0.776939,0.837667,2.600632
82.53,80.1,0.798599,0.824764,2.656613,0.792556,0.827697,2.644664
82.54,80.11,0.813458,0.814582,2.699836,0.808063,0.817903,2.688457
82.55,80.12,0.827598,0.806207,2.743177,0.822308,0.809084,2.731112
82.56,80.13,0.839858,0.800866,2.786083,0.835311,0.802673,2.773782
82.57,80.14,0.851229,0.797251,2.830141,0.846855,0.798859,2.817333
82.58,80.15,0.861729,0.796031,2.874514,0.857166,0.796731,2.862001
82.59,80.16,0.871133,0.795816,2.920836,0.866504,0.796674,2.908278
82.6,80.17,0.879951,0.794357,2.967587,0.875299,0.794961,2.955123
82.61,80.18,0.889515,0.790852,3.014745,0.885209,0.791846,3.00216
82.62,80.19,0.900049,0.785824,3.061786,0.895737,0.78666,3.049128
82.63,80.2,0.91055,0.780367,3.107524,0.906448,0.780706,3.094799
82.64,80.21,0.920111,0.775034,3.153711,0.916596,0.775311,3.1407
82.65,80.22,0.928753,0.771528,3.199465,0.925451,0.771318,3.186522
82.66,80.23,0.936486,0.769879,3.245532,0.933527,0.770269,3.232189
82.67,80.24,0.943191,0.771177,3.291255,0.940367,0.771495,3.278316
82.68,80.25,0.948486,0.775176,3.337343,0.945627,0.774751,3.324373
82.69,80.26,0.953368,0.779526,3.383744,0.9499,0.778481,3.371219
82.7,80.27,0.958137,0.781898,3.431152,0.954797,0.780578,3.418285
82.71,80.28,0.963317,0.782301,3.479551,0.960348,0.781959,3.466299
82.72,80.29,0.969092,0.782143,3.527391,0.966688,0.782996,3.511447
82.73,80.3,0.974502,0.781319,3.574551,0.971701,0.781306,3.561495
82.74,80.31,0.979115,0.781417,3.620874,0.97644,0.781192,3.608059
82.75,80.32,0.982192,0.783912,3.66592,0.980215,0.782487,3.652303
82.76,80.33,0.984426,0.788802,3.710345,0.982932,0.786331,3.696923
82.77,80.34,0.985582,0.795129,3.754993,0.984417,0.792207,3.742397
82.78,80.35,0.985996,0.803947,3.798945,0.985201,0.800729,3.786781
82.79,80.36,0.986373,0.812953,3.843411,0.98479,0.810326,3.830583
82.8,80.37,0.986612,0.81975,3.888314,0.985153,0.817488,3.875342
82.81,80.38,0.987358,0.825689,3.933522,0.985655,0.822983,3.920461
82.82,80.39,0.987753,0.829725,3.978509,0.986448,0.827098,3.965631
82.83,80.4,0.988096,0.833639,4.024019,0.986521,0.831023,4.010636
82.84,80.41,0.988315,0.836334,4.068417,0.986901,0.83447,4.055652
82.85,80.42,0.9881,0.83954,4.112777,0.986581,0.837892,4.099236
82.86,80.43,0.987469,0.84509,4.155365,0.985865,0.841884,4.143252
82.87,80.44,0.985423,0.852162,4.196239,0.984719,0.848091,4.183517
82.88,80.45,0.982533,0.860619,4.23723,0.98171,0.856722,4.224295
82.89,80.46,0.979256,0.871357,4.277976,0.978451,0.867202,4.265181
82.9,80.47,0.976333,0.881909,4.318766,0.975176,0.877893,4.306149
82.91,80.48,0.973043,0.89021,4.360271,0.971944,0.886605,4.347549
82.92,80.49,0.969939,0.897724,4.402275,0.968537,0.893567,4.38975
82.93,80.5,0.967053,0.903212,4.444944,0.96538,0.899911,4.431781
82.94,80.51,0.963437,0.908712,4.486276,0.962323,0.905261,4.473223
82.95,80.52,0.958851,0.914427,4.526325,0.958566,0.910751,4.513252
82.96,80.53,0.954187,0.921676,4.565677,0.953436,0.917893,4.552881
82.97,80.54,0.950346,0.929609,4.604086,0.948976,0.925635,4.591507
82.98,80.55,0.946187,0.938818,4.641798,0.944803,0.934522,4.629366
82.99,80.56,0.941702,0.948641,4.678966,0.940181,0.944294,4.666275
83,80.57,0.936474,0.958033,4.716643,0.935501,0.954441,4.703869
83.01,80.58,0.930971,0.966013,4.755236,0.92938,0.963133,4.742364
83.02,80.59,0.92519,0.972429,4.794234,0.924045,0.970707,4.781145
83.03,80.6,0.919419,0.978631,4.832433,0.91791,0.976907,4.819625
83.04,80.61,0.91367,0.98461,4.870197,0.911976,0.983107,4.857164
83.05,80.62,0.907271,0.990451,4.907511,0.905801,0.988539,4.894221
83.06,80.63,0.901762,0.997103,4.94347,0.900084,0.994804,4.93061
83.07,80.64,0.896973,1.00478,4.978764,0.894765,1.002308,4.96602
83.08,80.65,0.893107,1.013261,5.013683,0.890784,1.010303,5.000538
83.09,80.66,0.890233,1.022487,5.048395,0.887608,1.019501,5.035854
83.1,80.67,0.887998,1.031827,5.084747,0.885814,1.029952,5.071305
83.11,80.68,0.884194,1.039974,5.120714,0.882693,1.039468,5.107562
83.12,80.69,0.880862,1.047115,5.157161,0.879212,1.046769,5.144105
83.13,80.7,0.877445,1.053136,5.193767,0.875663,1.052655,5.18098
83.14,80.71,0.874085,1.058112,5.230357,0.871944,1.058116,5.217317
83.15,80.72,0.870382,1.062839,5.266206,0.868152,1.062808,5.253096
83.16,80.73,0.867424,1.06803,5.301001,0.865258,1.067769,5.287741
83.17,80.74,0.864881,1.074809,5.335084,0.863522,1.074629,5.322375
83.18,80.75,0.863653,1.082402,5.368558,0.862091,1.082115,5.356029
83.19,80.76,0.864046,1.092566,5.401713,0.861725,1.090616,5.388456
83.2,80.77,0.864567,1.103189,5.435079,0.861876,1.101433,5.422496
83.21,80.78,0.86539,1.111974,5.470123,0.862175,1.110436,5.45709
83.22,80.79,0.865169,1.118194,5.505643,0.863003,1.116988,5.492824
83.23,80.8,0.865403,1.123759,5.541438,0.862793,1.121807,5.528994
83.24,80.81,0.865194,1.128341,5.577499,0.862732,1.126972,5.564716
83.25,80.82,0.865545,1.133471,5.612737,0.862513,1.131887,5.599879
83.26,80.83,0.865595,1.139001,5.646466,0.862858,1.137623,5.634608
83.27,80.84,0.866943,1.146693,5.68107,0.863488,1.144858,5.668331
83.28,80.85,0.869702,1.155683,5.713525,0.865586,1.154017,5.700888
83.29,80.86,0.872748,1.166441,5.746072,0.868554,1.164623,5.733456
83.3,80.87,0.876586,1.176081,5.779942,0.872707,1.175188,5.767229
83.31,80.88,0.880153,1.183846,5.815218,0.876655,1.183791,5.802273
83.32,80.89,0.883236,1.190544,5.850564,0.879389,1.190436,5.83793
83.33,80.9,0.886269,1.196783,5.886065,0.883943,1.197086,5.873819
83.34,80.91,0.889697,1.202995,5.920613,0.884908,1.202924,5.908665
83.35,80.92,0.893892,1.210208,5.953438,0.88844,1.209766,5.941398
83.36,80.93,0.899153,1.219469,5.984809,0.894522,1.218327,5.972802
83.37,80.94,0.904638,1.230276,6.015165,0.9016,1.229098,6.00331
83.38,80.95,0.91236,1.241986,6.045442,0.908121,1.240274,6.03369
83.39,80.96,0.921242,1.2522,6.077281,0.916178,1.251039,6.065644
83.4,80.97,0.929424,1.260789,6.109926,0.924518,1.26028,6.098304
83.41,80.98,0.936792,1.268886,6.14239,0.928632,1.267405,6.13184
83.42,80.99,0.944322,1.276575,6.174978,0.93513,1.27504,6.164402
83.43,81,0.952927,1.284925,6.206033,0.943785,1.283628,6.195787
83.44,81.01,0.962252,1.294687,6.234744,0.95178,1.293032,6.225722
83.45,81.02,0.971031,1.305442,6.261755,0.961214,1.303965,6.253697
83.46,81.03,0.984154,1.316994,6.288426,0.973932,1.315927,6.28023
83.47,81.04,0.997244,1.327023,6.316194,0.986679,1.327386,6.307326
83.48,81.05,1.009926,1.336609,6.344297,0.999302,1.33675,6.335949
83.49,81.06,1.021576,1.34585,6.373026,1.012659,1.346121,6.364147
83.5,81.07,1.033278,1.355138,6.400493,1.022526,1.354835,6.392012
83.51,81.08,1.045929,1.365429,6.4263,1.036101,1.364996,6.417804
83.52,81.09,1.057916,1.376526,6.448651,1.046917,1.375187,6.442545
83.53,81.1,1.074288,1.38896,6.469777,1.061225,1.387343,6.465382
83.54,81.11,1.095823,1.401753,6.49109,1.080518,1.399838,6.485308
83.55,81.12,1.1094,1.411095,6.51581,1.098546,1.410816,6.507524
83.56,81.13,1.124642,1.420141,6.540338,1.114255,1.419495,6.532243
83.57,81.14,1.146115,1.429643,6.565106,1.128571,1.427942,6.557786
83.58,81.15,1.161813,1.438214,6.587135,1.1457,1.437699,6.58221
83.59,81.16,1.178613,1.447041,6.608072,1.162962,1.446533,6.604205
83.6,81.17,1.19427,1.455622,6.627626,1.180482,1.455059,6.624054
83.61,81.18,1.213122,1.465524,6.64546,1.200327,1.465124,6.641572
83.62,81.19,1.23441,1.475419,6.662055,1.221629,1.475662,6.657584
83.63,81.2,1.257765,1.483782,6.679728,1.244359,1.485058,6.674266
83.64,81.21,1.28003,1.491169,6.698006,1.266854,1.492545,6.6923
83.65,81.22,1.301167,1.497545,6.716861,1.289719,1.4996,6.711581
83.66,81.23,1.322725,1.503667,6.735111,1.310434,1.505983,6.73188
83.67,81.24,1.348555,1.509817,6.751331,1.334099,1.511851,6.748268
83.68,81.25,1.370168,1.515643,6.766646,1.356664,1.517233,6.763737
83.69,81.26,1.392164,1.522066,6.780418,1.378127,1.523545,6.778375
83.7,81.27,1.417533,1.529667,6.792071,1.402215,1.530507,6.790148
83.71,81.28,1.441492,1.535514,6.802592,1.428153,1.537035,6.800799
83.72,81.29,1.469141,1.540186,6.813673,1.455352,1.542701,6.810568
83.73,81.3,1.496052,1.543896,6.825733,1.482316,1.546478,6.822612
83.74,81.31,1.522133,1.546375,6.838378,1.50703,1.549237,6.837312
83.75,81.32,1.548745,1.547536,6.850821,1.533994,1.550983,6.849656
83.76,81.33,1.574856,1.549201,6.862134,1.561664,1.552616,6.860625
83.77,81.34,1.600566,1.551114,6.871873,1.586723,1.554618,6.871891
83.78,81.35,1.627426,1.553539,6.88007,1.613769,1.557455,6.881465
83.79,81.36,1.654161,1.556416,6.885651,1.640754,1.560405,6.887757
83.8,81.37,1.682568,1.558302,6.889445,1.668938,1.562909,6.891765
83.81,81.38,1.711868,1.558781,6.893878,1.698171,1.563752,6.895936
83.82,81.39,1.74143,1.558401,6.899786,1.727389,1.563228,6.901154
83.83,81.4,1.771445,1.556459,6.905722,1.757266,1.561192,6.907304
83.84,81.41,1.801331,1.553336,6.912063,1.787311,1.558154,6.913615
83.85,81.42,1.830926,1.549959,6.917614,1.817004,1.554973,6.919712
83.86,81.43,1.859658,1.546665,6.921778,1.846296,1.551415,6.924921
83.87,81.44,1.88923,1.54292,6.925362,1.875324,1.547566,6.928617
83.88,81.45,1.919016,1.539689,6.928087,1.90555,1.544096,6.930727
83.89,81.46,1.948978,1.536649,6.929257,1.935823,1.541529,6.931946
83.9,81.47,1.979842,1.533846,6.92867,1.966364,1.538823,6.932026
83.91,81.48,2.011177,1.53,6.927178,1.998139,1.535568,6.930723
83.92,81.49,2.04272,1.524881,6.925916,2.030137,1.53073,6.929928
83.93,81.5,2.074537,1.518252,6.925074,2.062343,1.52429,6.929641
83.94,81.51,2.106738,1.510179,6.924935,2.094209,1.51634,6.929494
83.95,81.52,2.138087,1.50127,6.925474,2.125814,1.507346,6.929262
83.96,81.53,2.170547,1.491733,6.925292,2.158002,1.497892,6.928729
83.97,81.54,2.202046,1.482014,6.924273,2.189737,1.487932,6.928369
83.98,81.55,2.233126,1.472413,6.922232,2.221171,1.477886,6.927327
83.99,81.56,2.264139,1.463628,6.918672,2.253673,1.468677,6.925189
84,81.57,2.294934,1.455891,6.913789,2.285528,1.460485,6.921583
84.01,81.58,2.326958,1.447852,6.90698,2.318121,1.4527,6.915333
84.02,81.59,2.360141,1.439051,6.89954,2.351121,1.444275,6.907586
84.03,81.6,2.394353,1.428792,6.892071,2.384754,1.434689,6.899293
84.04,81.61,2.428146,1.417168,6.885008,2.418441,1.4235,6.891705
84.05,81.62,2.46183,1.404551,6.877891,2.452484,1.410957,6.884841
84.06,81.63,2.495278,1.39125,6.870716,2.486458,1.397993,6.878218
84.07,81.64,2.528171,1.377966,6.863208,2.520088,1.384545,6.871525
84.08,81.65,2.560965,1.3647,6.855167,2.553369,1.370941,6.864049
84.09,81.66,2.593801,1.352492,6.845711,2.586263,1.35841,6.854902
84.1,81.67,2.626451,1.341303,6.834417,2.618906,1.346941,6.843864
84.11,81.68,2.658701,1.331131,6.821089,2.651431,1.336293,6.830814
84.12,81.69,2.691151,1.320717,6.806168,2.683921,1.325458,6.816164
84.13,81.7,2.724338,1.307998,6.790657,2.716862,1.313383,6.800374
84.14,81.71,2.757607,1.293637,6.77541,2.7501,1.299544,6.784744
84.15,81.72,2.790919,1.278502,6.76017,2.7836,1.284731,6.76938
84.16,81.73,2.82427,1.263314,6.745028,2.816973,1.269664,6.75419
84.17,81.74,2.856702,1.249195,6.72917,2.849785,1.255273,6.7388
84.18,81.75,2.887946,1.236811,6.711601,2.881931,1.242413,6.721982
84.19,81.76,2.918498,1.225143,6.692091,2.913081,1.230511,6.702777
84.2,81.77,2.949115,1.214309,6.670414,2.943628,1.219442,6.681262
84.21,81.78,2.980189,1.202931,6.647323,2.974313,1.20844,6.65789
84.22,81.79,3.011821,1.189918,6.62389,3.005644,1.196046,6.633837
84.23,81.8,3.043406,1.175673,6.600384,3.037178,1.182304,6.610377
84.24,81.81,3.074366,1.161464,6.577031,3.068405,1.167647,6.587175
84.25,81.82,3.104147,1.147484,6.553219,3.098986,1.153251,6.56403
84.26,81.83,3.133769,1.13425,6.52873,3.128631,1.139545,6.539849
84.27,81.84,3.162976,1.122765,6.502694,3.157753,1.127572,6.513917
84.28,81.85,3.191181,1.112817,6.474844,3.186211,1.117367,6.486156
84.29,81.86,3.218289,1.103795,6.444768,3.213306,1.108103,6.456307
84.3,81.87,3.244962,1.093258,6.413662,3.240042,1.098355,6.425044
84.31,81.88,3.271115,1.082159,6.382339,3.267466,1.086679,6.393519
84.32,81.89,3.29886,1.069258,6.351302,3.294132,1.074234,6.362485
84.33,81.9,3.326164,1.056747,6.320261,3.321514,1.061475,6.331636
84.34,81.91,3.351074,1.046008,6.288318,3.347796,1.04981,6.299928
84.35,81.92,3.376413,1.036208,6.255992,3.372616,1.040169,6.267479
84.36,81.93,3.399263,1.028706,6.222344,3.395125,1.032549,6.234275
84.37,81.94,3.420745,1.022545,6.186742,3.41731,1.025915,6.19899
84.38,81.95,3.442346,1.015521,6.150121,3.438455,1.019012,6.162163
84.39,81.96,3.463736,1.006586,6.11288,3.460044,1.010505,6.124746
84.4,81.97,3.486335,0.995796,6.07589,3.482332,1.000438,6.087697
84.41,81.98,3.508373,0.984785,6.038967,3.504186,0.989432,6.05066
84.42,81.99,3.527807,0.975632,6.00213,3.525658,0.97928,6.014207
84.43,82,3.549033,0.96663,5.965318,3.54628,0.970332,5.977625
84.44,82.01,3.567363,0.959438,5.927258,3.564668,0.963462,5.939768
84.45,82.02,3.584621,0.954513,5.888371,3.582386,0.957833,5.900856
84.46,82.03,3.601174,0.9508,5.84787,3.598716,0.95378,5.86036
84.47,82.04,3.61736,0.946749,5.806668,3.613788,0.949949,5.819438
84.48,82.05,3.632747,0.942099,5.765475,3.63074,0.944066,5.778442
84.49,82.06,3.649194,0.934631,5.723387,3.647164,0.937222,5.736632
84.5,82.07,3.665859,0.926637,5.682162,3.663997,0.928758,5.695197
84.51,82.08,3.682784,0.91771,5.640629,3.680876,0.920279,5.653591
84.52,82.09,3.698652,0.909018,5.599301,3.697312,0.911695,5.612157
84.53,82.1,3.713561,0.901613,5.558115,3.713039,0.903923,5.57127
84.54,82.11,3.726856,0.89663,5.517301,3.727905,0.89811,5.530609
84.55,82.12,3.738832,0.893278,5.475845,3.741165,0.894097,5.489004
84.56,82.13,3.750867,0.891144,5.432608,3.752624,0.891731,5.445796
84.57,82.14,3.762408,0.889217,5.388725,3.763546,0.889975,5.401949
84.58,82.15,3.773268,0.886337,5.344089,3.774323,0.887116,5.357199
84.59,82.16,3.784184,0.881309,5.299153,3.784891,0.882997,5.312328
84.6,82.17,3.79457,0.875544,5.254552,3.796544,0.877057,5.267624
84.61,82.18,3.805264,0.868991,5.210135,3.80817,0.870766,5.223072
84.62,82.19,3.816501,0.862652,5.166078,3.819316,0.864473,5.179078
84.63,82.2,3.827131,0.857951,5.122538,3.82992,0.859561,5.135555
84.64,82.21,3.836556,0.855719,5.07915,3.839236,0.856657,5.092102
84.65,82.22,3.844371,0.855824,5.036072,3.847414,0.855828,5.048995
84.66,82.23,3.851057,0.858261,4.992998,3.854485,0.857405,5.005723
84.67,82.24,3.85751,0.860531,4.948113,3.860445,0.860008,4.960985
84.68,82.25,3.864017,0.861142,4.90225,3.866322,0.86091,4.915301
84.69,82.26,3.871236,0.860053,4.856238,3.872811,0.860815,4.869432
84.7,82.27,3.878653,0.858519,4.810544,3.880136,0.859502,4.823611
84.71,82.28,3.886084,0.856298,4.76544,3.887708,0.857388,4.778447
84.72,82.29,3.892559,0.854948,4.721391,3.894936,0.855299,4.73441
84.73,82.3,3.897707,0.854766,4.677845,3.900533,0.854417,4.690742
84.74,82.31,3.901999,0.856441,4.633973,3.904343,0.855876,4.647265
84.75,82.32,3.905344,0.859958,4.590431,3.907859,0.859128,4.603679
84.76,82.33,3.908005,0.865485,4.546733,3.91074,0.864597,4.559737
84.77,82.34,3.909801,0.871354,4.502647,3.912715,0.870643,4.515649
84.78,82.35,3.910897,0.876044,4.458344,3.914229,0.875418,4.471107
84.79,82.36,3.911728,0.879582,4.413696,3.915439,0.878988,4.426459
84.8,82.37,3.912868,0.881923,4.36946,3.917163,0.881143,4.381967
84.81,82.38,3.914511,0.883121,4.324483,3.918516,0.882942,4.337297
84.82,82.39,3.916066,0.88429,4.280095,3.919787,0.883988,4.292907
84.83,82.4,3.917418,0.885378,4.236133,3.921196,0.885348,4.249277
84.84,82.41,3.917454,0.888258,4.193341,3.921972,0.888125,4.206179
84.85,82.42,3.91593,0.892506,4.151508,3.92221,0.891825,4.163437
84.86,82.43,3.913699,0.898508,4.109979,3.919138,0.897493,4.122861
84.87,82.44,3.910831,0.906721,4.067771,3.916205,0.904719,4.080108
84.88,82.45,3.907432,0.91505,4.025771,3.913123,0.912946,4.037823
84.89,82.46,3.904071,0.922246,3.983317,3.91005,0.921255,3.995803
84.9,82.47,3.90014,0.927758,3.940154,3.905915,0.927172,3.95268
84.91,82.48,3.896253,0.932101,3.897273,3.901472,0.931658,3.910164
84.92,82.49,3.892804,0.935905,3.854415,3.897848,0.935301,3.866982
84.93,82.5,3.889207,0.939224,3.811436,3.894472,0.938712,3.824135
84.94,82.51,3.885378,0.942765,3.770422,3.890867,0.941812,3.782801
84.95,82.52,3.880917,0.946711,3.729176,3.886117,0.945801,3.742163
84.96,82.53,3.875785,0.951833,3.688607,3.880932,0.950763,3.701088
84.97,82.54,3.870007,0.958455,3.648936,3.87519,0.957174,3.661695
84.98,82.55,3.86359,0.966649,3.60937,3.868788,0.965497,3.622116
84.99,82.56,3.856659,0.975877,3.569861,3.862386,0.974502,3.582047
85,82.57,3.849421,0.984011,3.530356,3.855553,0.982314,3.541644
85.01,82.58,3.841931,0.990272,3.489188,3.847663,0.98973,3.5013
85.02,82.59,3.834663,0.995412,3.448017,3.840105,0.99508,3.460289
85.03,82.6,3.827859,0.999652,3.406408,3.832987,0.999537,3.419365
85.04,82.61,3.820905,1.003525,3.366759,3.826711,1.003275,3.378754
85.05,82.62,3.813328,1.007651,3.328578,3.819813,1.006964,3.340432
85.06,82.63,3.805138,1.012338,3.289888,3.811913,1.010994,3.301275
85.07,82.64,3.796221,1.01874,3.251803,3.802568,1.017653,3.263914
85.08,82.65,3.78629,1.026699,3.214363,3.792972,1.025547,3.226169
85.09,82.66,3.774975,1.035864,3.177218,3.781982,1.034969,3.188927
85.1,82.67,3.763379,1.044557,3.139934,3.769814,1.044092,3.152055
85.11,82.68,3.750943,1.051959,3.102195,3.757857,1.052022,3.114103
85.12,82.69,3.739013,1.058133,3.064122,3.746372,1.058497,3.075759
85.13,82.7,3.727196,1.06361,3.026501,3.734804,1.063694,3.037917
85.14,82.71,3.71546,1.068376,2.988631,3.722446,1.068862,3.000945
85.15,82.72,3.70347,1.07354,2.951854,3.710538,1.073879,2.964276
85.16,82.73,3.690886,1.079873,2.915933,3.69806,1.080077,2.9283
85.17,82.74,3.677327,1.087508,2.881757,3.684766,1.087598,2.893775
85.18,82.75,3.662863,1.096768,2.847994,3.670935,1.095904,2.860001
85.19,82.76,3.647018,1.106665,2.81421,3.655232,1.105558,2.825816
85.2,82.77,3.630746,1.114904,2.779443,3.638726,1.114376,2.790741
85.21,82.78,3.614567,1.121741,2.744139,3.622185,1.121252,2.755527
85.22,82.79,3.597179,1.126834,2.708242,3.605292,1.126989,2.719491
85.23,82.8,3.580261,1.130908,2.672503,3.588267,1.131406,2.68362
85.24,82.81,3.563646,1.134511,2.636579,3.571455,1.135261,2.648095
85.25,82.82,3.546963,1.137959,2.602139,3.555144,1.138401,2.613749
85.26,82.83,3.5308,1.14128,2.567762,3.538992,1.141468,2.579294
85.27,82.84,3.514133,1.146309,2.533702,3.522284,1.145995,2.545034
85.28,82.85,3.497095,1.152469,2.500513,3.505721,1.151989,2.511794
85.29,82.86,3.479908,1.160544,2.467576,3.488553,1.159381,2.478958
85.3,82.87,3.462325,1.16886,2.434185,3.47067,1.168031,2.445657
85.31,82.88,3.444369,1.175803,2.400124,3.452425,1.17546,2.411693
85.32,82.89,3.425731,1.180843,2.365028,3.433615,1.181313,2.376881
85.33,82.9,3.407254,1.184659,2.330438,3.414727,1.18509,2.341878
85.34,82.91,3.389186,1.187893,2.295794,3.396439,1.188417,2.307611
85.35,82.92,3.37104,1.190954,2.261362,3.37803,1.191306,2.273722
85.36,82.93,3.353667,1.193661,2.227583,3.360162,1.193593,2.240253
85.37,82.94,3.33582,1.196352,2.193892,3.34199,1.196263,2.206873
85.38,82.95,3.31825,1.200383,2.160719,3.324594,1.200338,2.17333
85.39,82.96,3.301184,1.205643,2.128226,3.307107,1.205405,2.141129
85.4,82.97,3.284019,1.211798,2.096393,3.289525,1.211557,2.109116
85.41,82.98,3.266609,1.218797,2.063736,3.271764,1.218724,2.076676
85.42,82.99,3.249319,1.225492,2.031295,3.254303,1.225471,2.043984
85.43,83,3.230625,1.231414,1.997896,3.23628,1.23167,2.010657
85.44,83.01,3.212657,1.235661,1.964594,3.21781,1.236401,1.977475
85.45,83.02,3.194931,1.238808,1.931573,3.198863,1.239505,1.944478
85.46,83.03,3.175098,1.241038,1.898624,3.180109,1.242127,1.91136
85.47,83.04,3.157479,1.243375,1.866367,3.162423,1.244214,1.879147
85.48,83.05,3.140972,1.245778,1.834596,3.145077,1.246635,1.84718
85.49,83.06,3.122996,1.249903,1.803208,3.127987,1.250443,1.815437
85.5,83.07,3.10386,1.256221,1.772799,3.111531,1.255329,1.784575
85.51,83.08,3.08762,1.263352,1.743195,3.095817,1.260701,1.754403
85.52,83.09,3.071032,1.270496,1.711898,3.079117,1.267619,1.723108
85.53,83.1,3.053671,1.275683,1.679021,3.061422,1.273821,1.690561
85.54,83.11,3.036114,1.27943,1.645674,3.04379,1.278709,1.657076
85.55,83.12,3.018251,1.281881,1.612389,3.025917,1.281486,1.624048
85.56,83.13,3.000806,1.284451,1.58013,3.008636,1.283726,1.591705
85.57,83.14,2.983898,1.287063,1.548087,2.991963,1.285981,1.559592
85.58,83.15,2.967264,1.290214,1.516983,2.975486,1.288731,1.528245
85.59,83.16,2.95101,1.294989,1.486414,2.959592,1.293231,1.497247
85.6,83.17,2.934551,1.301382,1.456848,2.943627,1.299531,1.467126
85.61,83.18,2.91797,1.308941,1.42785,2.927086,1.306712,1.438007
85.62,83.19,2.900507,1.316044,1.397564,2.909356,1.314364,1.408089
85.63,83.2,2.882931,1.321903,1.366732,2.892011,1.320777,1.377353
85.64,83.21,2.865326,1.326498,1.335509,2.874761,1.32598,1.345611
85.65,83.22,2.848346,1.330687,1.304543,2.857795,1.329858,1.314138
85.66,83.23,2.83132,1.334861,1.273837,2.841199,1.334002,1.284013
85.67,83.24,2.814639,1.339713,1.244132,2.824663,1.33866,1.253854
85.68,83.25,2.797859,1.34581,1.215402,2.808017,1.344541,1.225152
85.69,83.26,2.780952,1.353666,1.188372,2.791142,1.352124,1.197822
85.7,83.27,2.763388,1.362704,1.162458,2.773664,1.360594,1.171277
85.71,83.28,2.744395,1.370624,1.135626,2.754881,1.368759,1.144561
85.72,83.29,2.725368,1.377069,1.108346,2.735918,1.375844,1.116663
85.73,83.3,2.706212,1.382262,1.080687,2.717199,1.381171,1.088399
85.74,83.31,2.68732,1.386599,1.052017,2.698329,1.386043,1.060241
85.75,83.32,2.668827,1.391242,1.02397,2.679754,1.390831,1.032378
85.76,83.33,2.650561,1.396321,0.996909,2.661586,1.39576,1.005176
85.77,83.34,2.632333,1.402454,0.970708,2.643481,1.401409,0.978513
85.78,83.35,2.613786,1.409682,0.946873,2.625407,1.408334,0.954333
85.79,83.36,2.594197,1.418344,0.925124,2.60645,1.415917,0.930421
85.8,83.37,2.572755,1.425642,0.902344,2.584878,1.424203,0.907924
85.81,83.38,2.551029,1.43155,0.877945,2.563012,1.431003,0.88432
85.82,83.39,2.529222,1.436133,0.852793,2.541371,1.436066,0.859914
85.83,83.4,2.508047,1.440007,0.827912,2.519679,1.439849,0.834957
85.84,83.41,2.4869,1.443912,0.803299,2.499173,1.444127,0.808983
85.85,83.42,2.46687,1.447851,0.780805,2.479274,1.447426,0.784937
85.86,83.43,2.445628,1.451308,0.75846,2.45829,1.450854,0.761411
85.87,83.44,2.423808,1.45584,0.736873,2.43671,1.454881,0.740179
85.88,83.45,2.401658,1.461418,0.716437,2.414317,1.460647,0.719577
85.89,83.46,2.37858,1.467,0.696781,2.391448,1.466463,0.699702
85.9,83.47,2.353986,1.471122,0.675694,2.366448,1.471942,0.680287
85.91,83.48,2.329232,1.47369,0.654984,2.342112,1.475424,0.659142
85.92,83.49,2.304402,1.475934,0.635296,2.317458,1.477688,0.637499
85.93,83.5,2.27985,1.477002,0.613181,2.29268,1.479027,0.616683
85.94,83.51,2.255717,1.478046,0.592106,2.268241,1.480235,0.596339
85.95,83.52,2.230887,1.479817,0.573271,2.24407,1.481463,0.576697
85.96,83.53,2.207165,1.482442,0.554961,2.219901,1.483995,0.558316
85.97,83.54,2.182395,1.485952,0.538308,2.195287,1.487078,0.541373
85.98,83.55,2.156539,1.48994,0.522998,2.169797,1.490907,0.5254
85.99,83.56,2.129937,1.491758,0.507606,2.142578,1.493677,0.509823
86,83.57,2.102216,1.493082,0.492178,2.114915,1.495415,0.493666
86.01,83.58,2.074534,1.493241,0.476018,2.087347,1.495585,0.477237
86.02,83.59,2.046468,1.493012,0.460298,2.059434,1.495361,0.461148
86.03,83.6,2.01928,1.492325,0.445052,2.031906,1.495066,0.44552
86.04,83.61,1.991699,1.492192,0.430872,2.004865,1.494441,0.430549
86.05,83.62,1.964536,1.492919,0.417707,1.977136,1.495028,0.41708
86.06,83.63,1.936363,1.494665,0.406396,1.949489,1.496636,0.405565
86.07,83.64,1.908274,1.49664,0.396914,1.920884,1.498774,0.395574
86.08,83.65,1.878732,1.49706,0.387689,1.891556,1.499689,0.385895
86.09,83.66,1.848824,1.495821,0.377805,1.861328,1.499159,0.375581
86.1,83.67,1.819013,1.494132,0.367969,1.831428,1.49762,0.365293
86.11,83.68,1.789279,1.492233,0.35775,1.801781,1.495833,0.35503
86.12,83.69,1.76017,1.49108,0.349153,1.772579,1.49437,0.344773
86.13,83.7,1.731048,1.490402,0.341706,1.742912,1.493571,0.336741
86.14,83.71,1.701726,1.490478,0.335525,1.714189,1.493139,0.33098
86.15,83.72,1.671805,1.490529,0.330672,1.683816,1.493658,0.326797
86.16,83.73,1.643144,1.489941,0.327597,1.654063,1.493255,0.323076
86.17,83.74,1.61119,1.487384,0.323235,1.622803,1.491932,0.318953
86.18,83.75,1.579735,1.484248,0.318654,1.592483,1.489193,0.315066
86.19,83.76,1.548852,1.481281,0.314567,1.561059,1.486014,0.310137
86.2,83.77,1.518782,1.479355,0.311885,1.530446,1.483682,0.306277
86.21,83.78,1.489573,1.478644,0.311368,1.500769,1.482375,0.304175
86.22,83.79,1.461029,1.478091,0.312353,1.47161,1.481641,0.304315
86.23,83.8,1.431473,1.47705,0.314722,1.442392,1.480669,0.30667
86.24,83.81,1.402001,1.474358,0.316665,1.413017,1.478338,0.309523
86.25,83.82,1.371039,1.471262,0.319273,1.382477,1.475324,0.312058
86.26,83.83,1.340316,1.467338,0.321844,1.351834,1.471193,0.314025
86.27,83.84,1.310501,1.463368,0.324433,1.320561,1.468322,0.316823
86.28,83.85,1.281245,1.461026,0.32888,1.291112,1.465602,0.320413
86.29,83.86,1.253692,1.459682,0.335344,1.263088,1.463556,0.325695
86.3,83.87,1.227042,1.458273,0.343517,1.235593,1.462358,0.333683
86.31,83.88,1.199355,1.454768,0.352404,1.208464,1.460071,0.343464
86.32,83.89,1.17202,1.450958,0.360755,1.180437,1.455933,0.351999
86.33,83.9,1.14295,1.446424,0.369447,1.150938,1.45133,0.360531
86.34,83.91,1.113706,1.441623,0.379125,1.122035,1.446898,0.369556
86.35,83.92,1.086715,1.437848,0.39016,1.094658,1.443013,0.380183
86.36,83.93,1.061663,1.435098,0.401754,1.069212,1.439818,0.392206
86.37,83.94,1.03719,1.4323,0.41578,1.044599,1.436945,0.405691
86.38,83.95,1.012615,1.428091,0.431008,1.020231,1.433639,0.421257
86.39,83.96,0.988392,1.422507,0.445964,0.994755,1.428645,0.436291
86.4,83.97,0.963146,1.416391,0.461861,0.969605,1.422399,0.45168
86.41,83.98,0.938345,1.410337,0.477281,0.944206,1.415873,0.466938
86.42,83.99,0.914094,1.404237,0.493747,0.919377,1.409859,0.483146
86.43,84,0.891339,1.39887,0.511392,0.896687,1.404801,0.500991
86.44,84.01,0.869963,1.394612,0.530492,0.875303,1.400292,0.519809
86.45,84.02,0.849892,1.389719,0.551011,0.854871,1.395305,0.540221
86.46,84.03,0.829783,1.382783,0.572144,0.834731,1.389273,0.561651
86.47,84.04,0.808978,1.374529,0.593097,0.813578,1.381092,0.582763
86.48,84.05,0.788534,1.366182,0.614517,0.7922,1.372633,0.603909
86.49,84.06,0.769078,1.357468,0.636147,0.771815,1.364257,0.625383
86.5,84.07,0.750696,1.350098,0.658861,0.753122,1.356166,0.647692
86.51,84.08,0.733081,1.343243,0.682569,0.735542,1.349291,0.671342
86.52,84.09,0.717219,1.336748,0.707526,0.719523,1.342855,0.696669
86.53,84.1,0.702712,1.329343,0.734343,0.705014,1.33562,0.723434
86.54,84.11,0.687989,1.319799,0.761193,0.690535,1.326752,0.750715
86.55,84.12,0.672919,1.309435,0.788314,0.675289,1.316571,0.777722
86.56,84.13,0.657966,1.298768,0.815337,0.659375,1.305708,0.804576
86.57,84.14,0.644159,1.288144,0.84298,0.644407,1.294541,0.831568
86.58,84.15,0.630751,1.277819,0.870517,0.631096,1.284056,0.859259
86.59,84.16,0.618602,1.26881,0.899224,0.61877,1.274504,0.887801
86.6,84.17,0.608226,1.259545,0.929223,0.608201,1.265692,0.917508
86.61,84.18,0.600559,1.251068,0.959838,0.600304,1.256781,0.948721
86.62,84.19,0.593279,1.240795,0.991717,0.592404,1.246653,0.980434
86.63,84.2,0.585541,1.228633,1.023459,0.584483,1.234902,1.012486
86.64,84.21,0.577052,1.215192,1.055579,0.576164,1.221777,1.044766
86.65,84.22,0.568593,1.201405,1.087626,0.567555,1.207355,1.076628
86.66,84.23,0.560635,1.18751,1.120157,0.559385,1.193794,1.108925
86.67,84.24,0.554105,1.175063,1.152449,0.55254,1.181177,1.141238
86.68,84.25,0.549619,1.163989,1.185394,0.547278,1.169658,1.174048
86.69,84.26,0.54783,1.154243,1.219085,0.544335,1.159911,1.207687
86.7,84.27,0.547277,1.144254,1.254228,0.543986,1.149638,1.243001
86.71,84.28,0.546605,1.13233,1.290468,0.543549,1.138109,1.279092
86.72,84.29,0.545169,1.118494,1.327246,0.542152,1.124562,1.31557
86.73,84.3,0.543585,1.103683,1.363609,0.540398,1.109748,1.351968
86.74,84.31,0.542122,1.088148,1.399205,0.538834,1.093987,1.388285
86.75,84.32,0.541587,1.073395,1.435024,0.537421,1.078931,1.423921
86.76,84.33,0.542286,1.060051,1.470539,0.537221,1.065013,1.459383
86.77,84.34,0.544215,1.047842,1.507756,0.539249,1.052352,1.495915
86.78,84.35,0.547289,1.037045,1.544997,0.54244,1.041193,1.533229
86.79,84.36,0.551267,1.026788,1.583929,0.546964,1.031212,1.57236
86.8,84.37,0.555487,1.015441,1.623314,0.551386,1.020479,1.611703
86.81,84.38,0.560106,1.002706,1.662783,0.55549,1.007992,1.651211
86.82,84.39,0.564773,0.987988,1.702281,0.560029,0.992978,1.690772
86.83,84.4,0.569542,0.972999,1.741641,0.564511,0.977158,1.729848
86.84,84.41,0.574388,0.95683,1.781311,0.569352,0.961459,1.769255
86.85,84.42,0.579337,0.941746,1.820544,0.574548,0.94599,1.808643
86.86,84.43,0.583981,0.928796,1.860927,0.58017,0.932242,1.848131
86.87,84.44,0.589326,0.91728,1.90109,0.58541,0.920916,1.888931
86.88,84.45,0.59498,0.908593,1.942265,0.590843,0.911591,1.929841
86.89,84.46,0.601209,0.901498,1.98429,0.597295,0.903816,1.971821
86.9,84.47,0.607255,0.891955,2.028247,0.60309,0.895076,2.015725
86.91,84.48,0.613357,0.880607,2.072242,0.609322,0.884133,2.059917
86.92,84.49,0.619898,0.867315,2.11626,0.615763,0.871622,2.104197
86.93,84.5,0.626169,0.853549,2.16045,0.62214,0.857938,2.147729
86.94,84.51,0.632219,0.839993,2.203528,0.628415,0.844479,2.191557
86.95,84.52,0.638443,0.827794,2.246342,0.634661,0.831571,2.234268
86.96,84.53,0.644227,0.817813,2.28933,0.641023,0.820369,2.276836
86.97,84.54,0.650235,0.809215,2.332967,0.646958,0.811762,2.32057
86.98,84.55,0.655918,0.803011,2.377704,0.65284,0.805162,2.364969
86.99,84.56,0.661486,0.799065,2.423879,0.658471,0.801035,2.411434
87,84.57,0.666693,0.794645,2.470837,0.663255,0.797207,2.458484
87.01,84.58,0.671775,0.788781,2.518024,0.66846,0.791242,2.505419
87.02,84.59,0.677426,0.781388,2.56469,0.674204,0.783307,2.552404
87.03,84.6,0.683435,0.773189,2.61213,0.679952,0.774473,2.598337
87.04,84.61,0.688878,0.764358,2.657537,0.685608,0.765091,2.64501
87.05,84.62,0.694062,0.756901,2.704328,0.690943,0.756994,2.691278
87.06,84.63,0.69863,0.751375,2.75096,0.69598,0.751686,2.737378
87.07,84.64,0.70261,0.748152,2.79714,0.700211,0.748751,2.784426
87.08,84.65,0.706171,0.748745,2.844065,0.703878,0.748998,2.831275
87.09,84.66,0.709042,0.751815,2.891817,0.706724,0.751771,2.879122
87.1,84.67,0.711709,0.754005,2.94008,0.708885,0.753777,2.927134
87.11,84.68,0.714978,0.754074,2.988304,0.711905,0.753294,2.975361
87.12,84.69,0.718865,0.751465,3.037586,0.715828,0.751489,3.024881
87.13,84.7,0.722369,0.74835,3.086768,0.719643,0.74934,3.073354
87.14,84.71,0.725291,0.745506,3.134954,0.722955,0.746377,3.122158
87.15,84.72,0.727801,0.744593,3.182525,0.72505,0.745032,3.169552
87.16,84.73,0.729853,0.746134,3.229191,0.727425,0.74638,3.216459
87.17,84.74,0.731908,0.749867,3.275526,0.729389,0.749503,3.262616
87.18,84.75,0.733206,0.757022,3.321735,0.7309,0.754689,3.309085
87.19,84.76,0.734641,0.76535,3.368499,0.732158,0.762449,3.356071
87.2,84.77,0.735592,0.771879,3.416977,0.732344,0.770086,3.404106
87.21,84.78,0.737463,0.776106,3.465669,0.734381,0.775003,3.45292
87.22,84.79,0.739518,0.778936,3.514801,0.736396,0.778088,3.501874
87.23,84.8,0.741257,0.781587,3.563182,0.738169,0.780693,3.549971
87.24,84.81,0.742654,0.78382,3.61035,0.739328,0.783072,3.597914
87.25,84.82,0.743213,0.787928,3.65672,0.740268,0.786291,3.643674
87.26,84.83,0.743555,0.793899,3.702269,0.74087,0.790601,3.689889
87.27,84.84,0.743479,0.800814,3.747779,0.741022,0.797849,3.735352
87.28,84.85,0.743492,0.810586,3.793387,0.741323,0.807468,3.780963
87.29,84.86,0.743533,0.822349,3.839569,0.741245,0.819488,3.827172
87.3,84.87,0.743333,0.833327,3.885093,0.740744,0.831661,3.872734
87.31,84.88,0.743275,0.842228,3.932058,0.740714,0.84092,3.918999
87.32,84.89,0.743702,0.850952,3.978469,0.741042,0.848701,3.965823
87.33,84.9,0.744007,0.857421,4.024801,0.741435,0.854957,4.012221
87.34,84.91,0.743306,0.863694,4.071637,0.740894,0.861015,4.058171
87.35,84.92,0.742597,0.869602,4.116789,0.739678,0.867393,4.104248
87.36,84.93,0.741858,0.876308,4.162348,0.739323,0.874169,4.149479
87.37,84.94,0.741615,0.884776,4.207616,0.73932,0.882134,4.195221
87.38,84.95,0.741616,0.895603,4.250758,0.738959,0.892321,4.23835
87.39,84.96,0.741123,0.908373,4.29289,0.738914,0.90467,4.280419
87.4,84.97,0.740626,0.922711,4.3348,0.738434,0.918563,4.322757
87.41,84.98,0.740099,0.935845,4.378779,0.737621,0.932643,4.366096
87.42,84.99,0.739776,0.947964,4.423197,0.736898,0.94496,4.410825
87.43,85,0.739571,0.957875,4.468664,0.736999,0.955605,4.455531
87.44,85.01,0.738773,0.966741,4.512619,0.736627,0.964929,4.499845
87.45,85.02,0.738155,0.97526,4.556657,0.735615,0.973673,4.543863
87.46,85.03,0.737316,0.983152,4.600172,0.7344,0.981523,4.587291
87.47,85.04,0.73679,0.991494,4.642725,0.733745,0.989084,4.629904
87.48,85.05,0.736303,1.000296,4.685072,0.732709,0.997187,4.672201
87.49,85.06,0.736833,1.00972,4.7264,0.733125,1.007055,4.714033
87.5,85.07,0.738015,1.020278,4.76741,0.734323,1.017823,4.754939
87.51,85.08,0.740094,1.032529,4.807868,0.736576,1.029849,4.795339
87.52,85.09,0.743234,1.046806,4.848014,0.738485,1.044096,4.835331
87.53,85.1,0.746521,1.060773,4.887317,0.741708,1.058178,4.874977
87.54,85.11,0.749874,1.073432,4.927878,0.746118,1.070713,4.915437
87.55,85.12,0.753357,1.084567,4.969414,0.74882,1.082199,4.95681
87.56,85.13,0.756298,1.094215,5.010759,0.751767,1.092285,4.997877
87.57,85.14,0.759141,1.103479,5.051293,0.754533,1.101379,5.038574
87.58,85.15,0.762449,1.111986,5.091066,0.757319,1.109812,5.078753
87.59,85.16,0.765719,1.120411,5.131021,0.760124,1.11823,5.118679
87.6,85.17,0.769572,1.129254,5.170965,0.763593,1.126913,5.157672
87.61,85.18,0.773725,1.139217,5.209175,0.76889,1.137093,5.196368
87.62,85.19,0.778973,1.149743,5.245708,0.773891,1.147551,5.233635
87.63,85.2,0.784693,1.16224,5.282382,0.778964,1.159533,5.270359
87.64,85.21,0.791617,1.176245,5.318629,0.785461,1.173084,5.306595
87.65,85.22,0.799195,1.189109,5.356078,0.793045,1.186466,5.343401
87.66,85.23,0.806981,1.200474,5.393583,0.800964,1.19841,5.381471
87.67,85.24,0.814782,1.210384,5.431872,0.808427,1.208894,5.419263
87.68,85.25,0.821628,1.219136,5.469973,0.81496,1.218187,5.457847
87.69,85.26,0.828358,1.227493,5.508368,0.822005,1.227087,5.496151
87.7,85.27,0.834874,1.235684,5.545106,0.828454,1.234798,5.532866
87.71,85.28,0.841966,1.244591,5.580952,0.834846,1.243187,5.569119
87.72,85.29,0.85029,1.25476,5.615404,0.842686,1.2529,5.60335
87.73,85.3,0.859724,1.266439,5.647864,0.850725,1.263816,5.636222
87.74,85.31,0.870609,1.280228,5.679152,0.8616,1.277052,5.668459
87.75,85.32,0.882144,1.293646,5.708431,0.872339,1.290581,5.700032
87.76,85.33,0.894493,1.305988,5.744377,0.885172,1.303475,5.73351
87.77,85.34,0.906386,1.316015,5.779001,0.896981,1.313813,5.767881
87.78,85.35,0.91763,1.325088,5.813776,0.908246,1.323257,5.802499
87.79,85.36,0.9292,1.333798,5.848255,0.920504,1.332395,5.836868
87.8,85.37,0.939835,1.342744,5.881423,0.931295,1.341509,5.870307
87.81,85.38,0.951706,1.352663,5.912775,0.942377,1.351246,5.901665
87.82,85.39,0.964042,1.36382,5.942657,0.954771,1.361912,5.93171
87.83,85.4,0.977821,1.376231,5.97075,0.968195,1.374161,5.960761
87.84,85.41,0.993496,1.389407,5.999239,0.983252,1.386971,5.988676
87.85,85.42,1.009662,1.401282,6.027715,0.999881,1.399337,6.017179
87.86,85.43,1.02566,1.411662,6.057645,1.015267,1.410024,6.047513
87.87,85.44,1.04126,1.42123,6.088125,1.031227,1.419029,6.07754
87.88,85.45,1.056834,1.429842,6.118423,1.047141,1.42811,6.107816
87.89,85.46,1.072527,1.438276,6.147387,1.062714,1.436628,6.136938
87.9,85.47,1.088028,1.447329,6.175427,1.077981,1.445228,6.165366
87.91,85.48,1.104339,1.457089,6.20154,1.094348,1.454428,6.191481
87.92,85.49,1.123927,1.468449,6.226179,1.111114,1.46512,6.216324
87.93,85.5,1.139562,1.480195,6.249442,1.129402,1.477079,6.24014
87.94,85.51,1.160922,1.492023,6.273198,1.148356,1.488822,6.263697
87.95,85.52,1.177931,1.501581,6.298498,1.168833,1.499348,6.28868
87.96,85.53,1.1973,1.510172,6.323606,1.188034,1.507887,6.31373
87.97,85.54,1.21638,1.517755,6.349553,1.209412,1.516039,6.339411
87.98,85.55,1.237592,1.524989,6.374979,1.226803,1.522923,6.364982
87.99,85.56,1.256295,1.531619,6.399458,1.245268,1.529836,6.390193
88,85.57,1.27505,1.538188,6.422812,1.26532,1.536639,6.413617
88.01,85.58,1.295044,1.545656,6.445253,1.283561,1.543922,6.435888
88.02,85.59,1.314726,1.554248,6.465557,1.303424,1.552673,6.456736
88.03,85.6,1.33434,1.56392,6.484171,1.322536,1.561602,6.476895
88.04,85.61,1.35561,1.57281,6.504499,1.344038,1.571139,6.496982
88.05,85.62,1.377636,1.580722,6.525603,1.366544,1.579447,6.516913
88.06,85.63,1.398983,1.587477,6.547136,1.388203,1.586171,6.538152
88.07,85.64,1.421087,1.593405,6.568467,1.410619,1.591905,6.559173
88.08,85.65,1.443228,1.599099,6.588855,1.432083,1.597287,6.57966
88.09,85.66,1.464711,1.604986,6.607599,1.453309,1.602061,6.598679
88.1,85.67,1.483803,1.610965,6.624879,1.473418,1.607584,6.617364
88.11,85.68,1.506187,1.618161,6.641275,1.494611,1.614419,6.634027
88.12,85.69,1.527737,1.625993,6.657053,1.516593,1.621981,6.649477
88.13,85.7,1.550885,1.63281,6.672553,1.539802,1.629661,6.664561
88.14,85.71,1.573398,1.638291,6.688558,1.562892,1.635477,6.680338
88.15,85.72,1.597246,1.642799,6.704382,1.585945,1.640091,6.69703
88.16,85.73,1.621712,1.646503,6.719229,1.609605,1.644355,6.712855
88.17,85.74,1.646256,1.650237,6.73419,1.633131,1.648178,6.728131
88.18,85.75,1.668441,1.6547,6.747943,1.656156,1.652786,6.742017
88.19,85.76,1.692514,1.66028,6.759806,1.678172,1.658505,6.755316
88.2,85.77,1.714603,1.666951,6.76999,1.700693,1.665063,6.766259
88.21,85.78,1.737559,1.673393,6.779169,1.723503,1.671724,6.776073
88.22,85.79,1.763541,1.678937,6.788872,1.749859,1.677557,6.784764
88.23,85.8,1.787909,1.683097,6.799851,1.773191,1.681358,6.796071
88.24,85.81,1.812482,1.686356,6.811377,1.798324,1.684967,6.80759
88.25,85.82,1.836445,1.68912,6.822463,1.820565,1.688453,6.82041
88.26,85.83,1.860001,1.690999,6.832528,1.845082,1.690564,6.830556
88.27,85.84,1.884085,1.693161,6.841384,1.86972,1.692098,6.838919
88.28,85.85,1.908234,1.695139,6.849498,1.892348,1.694323,6.847506
88.29,85.86,1.932084,1.697287,6.856848,1.916277,1.69681,6.854487
88.3,85.87,1.953558,1.698576,6.863691,1.941542,1.699203,6.860242
88.31,85.88,1.977929,1.700032,6.869533,1.966264,1.701234,6.866073
88.32,85.89,2.002738,1.700381,6.875311,1.992215,1.702603,6.871723
88.33,85.9,2.030936,1.699199,6.881383,2.018258,1.702451,6.878271
88.34,85.91,2.056672,1.6968,6.887537,2.044404,1.700817,6.885195
88.35,85.92,2.083062,1.69351,6.893699,2.06962,1.698034,6.892771
88.36,85.93,2.108905,1.689563,6.899697,2.096005,1.694577,6.898527
88.37,85.94,2.134084,1.686005,6.904962,2.120886,1.690567,6.903798
88.38,85.95,2.158185,1.681725,6.909741,2.144794,1.685984,6.909538
88.39,85.96,2.183464,1.678006,6.913522,2.169171,1.682086,6.913999
88.4,85.97,2.208688,1.675049,6.916194,2.194003,1.679176,6.916632
88.41,85.98,2.234206,1.67294,6.917387,2.219711,1.676647,6.918924
88.42,85.99,2.260501,1.67,6.918198,2.246036,1.673894,6.919755
88.43,86,2.287963,1.665274,6.918912,2.273591,1.669644,6.920406
88.44,86.01,2.315362,1.658823,6.919886,2.301878,1.663766,6.922152
88.45,86.02,2.342858,1.651333,6.921164,2.330557,1.656864,6.924738
88.46,86.03,2.370044,1.64312,6.9224,2.358985,1.648809,6.927247
88.47,86.04,2.397829,1.634179,6.923334,2.387072,1.64012,6.928667
88.48,86.05,2.42474,1.625254,6.924023,2.413771,1.630847,6.929427
88.49,86.06,2.451798,1.616074,6.924327,2.440596,1.621486,6.929752
88.5,86.07,2.47981,1.607053,6.923765,2.46853,1.612815,6.928925
88.51,86.08,2.507459,1.598905,6.921782,2.496307,1.604716,6.927171
88.52,86.09,2.534462,1.591527,6.918365,2.524027,1.596938,6.924606
88.53,86.1,2.5625,1.583563,6.913972,2.552626,1.589202,6.920862
88.54,86.11,2.591665,1.573725,6.909422,2.58245,1.580371,6.916476
88.55,86.12,2.621043,1.562157,6.905079,2.612121,1.569736,6.911754
88.56,86.13,2.650201,1.550229,6.901158,2.641019,1.557721,6.907387
88.57,86.14,2.679462,1.537331,6.897078,2.670287,1.545066,6.903157
88.58,86.15,2.708278,1.524099,6.89265,2.699506,1.531982,6.899027
88.59,86.16,2.73648,1.511037,6.887752,2.728368,1.518772,6.894959
88.6,86.17,2.76417,1.498934,6.881886,2.757095,1.506037,6.89052
88.61,86.18,2.792021,1.487242,6.874036,2.785674,1.494109,6.883417
88.62,86.19,2.819875,1.476018,6.864336,2.81346,1.482528,6.874077
88.63,86.2,2.848593,1.463953,6.853287,2.84186,1.470642,6.86253
88.64,86.21,2.877892,1.450031,6.841887,2.871035,1.457578,6.850535
88.65,86.22,2.907303,1.435131,6.830629,2.900558,1.44296,6.839013
88.66,86.23,2.936626,1.419622,6.819415,2.930297,1.427597,6.827927
88.67,86.24,2.965336,1.404193,6.808127,2.959731,1.412083,6.817151
88.68,86.25,2.993806,1.388591,6.796023,2.988789,1.396361,6.805579
88.69,86.26,3.021743,1.374136,6.78255,3.016808,1.381188,6.792733
88.7,86.27,3.049536,1.36058,6.767066,3.044455,1.367301,6.777417
88.71,86.28,3.076242,1.347905,6.74937,3.071506,1.354201,6.759923
88.72,86.29,3.102573,1.334258,6.730074,3.097954,1.340778,6.740602
88.73,86.3,3.128732,1.318238,6.710495,3.124592,1.325332,6.72058
88.74,86.31,3.155455,1.300978,6.691299,3.151549,1.308354,6.701397
88.75,86.32,3.181738,1.283633,6.672001,3.178759,1.290907,6.682343
88.76,86.33,3.208243,1.266159,6.651955,3.205328,1.273519,6.662629
88.77,86.34,3.234292,1.250139,6.631235,3.231364,1.256962,6.642165
88.78,86.35,3.259506,1.234493,6.608683,3.25655,1.241448,6.619435
88.79,86.36,3.283295,1.219928,6.584023,3.280569,1.227036,6.59501
88.8,86.37,3.306025,1.206203,6.55728,3.303209,1.212849,6.568298
88.81,86.38,3.328302,1.191234,6.529589,3.325642,1.19816,6.540678
88.82,86.39,3.350833,1.174523,6.502087,3.347961,1.181596,6.512627
88.83,86.4,3.373055,1.156783,6.474481,3.370982,1.163612,6.485174
88.84,86.41,3.395747,1.137958,6.446666,3.393206,1.145142,6.457403
88.85,86.42,3.418247,1.120128,6.418778,3.416497,1.126528,6.429839
88.86,86.43,3.439988,1.103192,6.390022,3.43825,1.109159,6.401302
88.87,86.44,3.460773,1.08748,6.359776,3.458508,1.093446,6.371011
88.88,86.45,3.478853,1.073443,6.327877,3.477467,1.079269,6.339553
88.89,86.46,3.496504,1.061649,6.294663,3.495375,1.066237,6.306729
88.9,86.47,3.513109,1.047864,6.25991,3.512628,1.052735,6.272025
88.91,86.48,3.531635,1.03209,6.224622,3.530055,1.037473,6.236537
88.92,86.49,3.550379,1.015349,6.189626,3.548465,1.021089,6.201491
88.93,86.5,3.568862,0.998167,6.15501,3.566826,1.003956,6.166723
88.94,86.51,3.586739,0.981666,6.120474,3.585245,0.98696,6.13227
88.95,86.52,3.602975,0.966315,6.085486,3.602225,0.971474,6.097764
88.96,86.53,3.617991,0.952999,6.049136,3.617552,0.957633,6.061512
88.97,86.54,3.632044,0.94118,6.011547,3.631471,0.945288,6.023967
88.98,86.55,3.645104,0.930646,5.97231,3.644376,0.934737,5.984877
88.99,86.56,3.658912,0.918562,5.932424,3.658024,0.922858,5.944808
89,86.57,3.671667,0.904595,5.891932,3.670977,0.909524,5.904239
89.01,86.58,3.684383,0.88977,5.852049,3.682848,0.894783,5.864467
89.02,86.59,3.697505,0.874353,5.811851,3.696028,0.879272,5.824251
89.03,86.6,3.710035,0.859048,5.771954,3.708805,0.863673,5.78438
89.04,86.61,3.722122,0.844987,5.731633,3.720904,0.849357,5.743966
89.05,86.62,3.733105,0.832675,5.69039,3.733521,0.836507,5.703072
89.06,86.63,3.742405,0.822503,5.649097,3.743485,0.825781,5.661911
89.07,86.64,3.750597,0.814254,5.606698,3.750749,0.817697,5.619557
89.08,86.65,3.758313,0.807185,5.56361,3.760259,0.809409,5.576631
89.09,86.66,3.766131,0.79749,5.519252,3.768097,0.800276,5.532345
89.1,86.67,3.775114,0.78698,5.474745,3.776075,0.790002,5.48773
89.11,86.68,3.783938,0.775641,5.430577,3.785062,0.778564,5.443527
89.12,86.69,3.791958,0.763572,5.386558,3.793734,0.766655,5.399422
89.13,86.7,3.799647,0.752082,5.342802,3.801649,0.754911,5.355741
89.14,86.71,3.806099,0.742742,5.299753,3.808506,0.744715,5.312829
89.15,86.72,3.811612,0.735085,5.256272,3.814417,0.736452,5.269152
89.16,86.73,3.81645,0.729343,5.211888,3.818963,0.730475,5.224889
89.17,86.74,3.820544,0.726159,5.166604,3.823181,0.72682,5.179596
89.18,86.75,3.824125,0.723006,5.12051,3.826597,0.724237,5.133445
89.19,86.76,3.827407,0.718381,5.074186,3.829827,0.719701,5.087113
89.2,86.77,3.830778,0.712157,5.027427,3.833081,0.713919,5.040427
89.21,86.78,3.834156,0.704935,4.980835,3.8367,0.706934,4.993659
89.22,86.79,3.837334,0.697957,4.935194,3.840633,0.699293,4.948021
89.23,86.8,3.840355,0.691188,4.889598,3.843734,0.692297,4.902462
89.24,86.81,3.842835,0.686457,4.844147,3.84601,0.687465,4.857249
89.25,86.82,3.844485,0.683666,4.799231,3.847778,0.684306,4.812065
89.26,86.83,3.845038,0.683144,4.754134,3.848121,0.683561,4.76708
89.27,86.84,3.844944,0.685147,4.708619,3.847754,0.685238,4.72155
89.28,86.85,3.843739,0.687891,4.66295,3.847068,0.687537,4.675889
89.29,86.86,3.842665,0.688579,4.616512,3.846034,0.688118,4.629279
89.3,86.87,3.842052,0.68756,4.569095,3.845094,0.687663,4.582176
89.31,86.88,3.841544,0.685697,4.521809,3.844291,0.685966,4.53494
89.32,86.89,3.841098,0.683248,4.475247,3.843887,0.683793,4.48821
89.33,86.9,3.839931,0.68126,4.429467,3.843641,0.681494,4.442382
89.34,86.91,3.837888,0.680531,4.384521,3.841646,0.679984,4.397529
89.35,86.92,3.835137,0.681552,4.33931,3.838496,0.680905,4.352608
89.36,86.93,3.831783,0.684628,4.294952,3.835217,0.683893,4.308144
89.37,86.94,3.82794,0.690474,4.250613,3.831455,0.689464,4.263994
89.38,86.95,3.823265,0.69776,4.206766,3.827141,0.696353,4.219876
89.39,86.96,3.817919,0.703956,4.162804,3.822505,0.702408,4.175837
89.4,86.97,3.812664,0.708412,4.118121,3.817693,0.706772,4.130915
89.41,86.98,3.807423,0.711142,4.072118,3.812274,0.709995,4.085233
89.42,86.99,3.802412,0.712802,4.026315,3.806844,0.712228,4.039445
89.43,87,3.797291,0.714068,3.980966,3.801834,0.714055,3.99404
89.44,87.01,3.792362,0.716171,3.936711,3.796861,0.716577,3.94968
89.45,87.02,3.786658,0.720255,3.893312,3.791043,0.720385,3.906566
89.46,87.03,3.780002,0.726236,3.851633,3.784543,0.725785,3.864529
89.47,87.04,3.772525,0.734177,3.810486,3.777488,0.732658,3.823268
89.48,87.05,3.764624,0.743699,3.767976,3.769486,0.742043,3.780949
89.49,87.06,3.756388,0.752708,3.724847,3.761242,0.751402,3.737385
89.5,87.07,3.748124,0.76033,3.681436,3.753128,0.759034,3.693611
89.51,87.08,3.739848,0.766106,3.637567,3.744833,0.765731,3.64986
89.52,87.09,3.731818,0.771045,3.593482,3.736899,0.770767,3.60627
89.53,87.1,3.723656,0.775463,3.550731,3.729178,0.774683,3.562633
89.54,87.11,3.715299,0.779192,3.507873,3.721111,0.77819,3.52008
89.55,87.12,3.706685,0.782917,3.46543,3.712499,0.782106,3.47761
89.56,87.13,3.698333,0.787538,3.423054,3.703683,0.786795,3.435814
89.57,87.14,3.689492,0.793604,3.382164,3.694642,0.79302,3.39413
89.58,87.15,3.680003,0.801331,3.341883,3.685687,0.799977,3.353918
89.59,87.16,3.66978,0.811105,3.301769,3.675624,0.808607,3.313135
89.6,87.17,3.658836,0.822238,3.262331,3.664863,0.819162,3.273271
89.61,87.18,3.648059,0.831897,3.221658,3.654157,0.829884,3.233483
89.62,87.19,3.636854,0.839481,3.17939,3.642983,0.838192,3.191401
89.63,87.2,3.626027,0.845276,3.137234,3.631712,0.844933,3.149542
89.64,87.21,3.615217,0.850238,3.094787,3.621066,0.849948,3.106904
89.65,87.22,3.604457,0.855017,3.053102,3.610349,0.854698,3.065218
89.66,87.23,3.59377,0.859807,3.012597,3.599813,0.859805,3.024884
89.67,87.24,3.583258,0.865832,2.97334,3.58901,0.865394,2.986248
89.68,87.25,3.572187,0.87371,2.934974,3.578311,0.872552,2.947536
89.69,87.26,3.560425,0.882383,2.896621,3.567189,0.880642,2.908446
89.7,87.27,3.547992,0.893166,2.857828,3.554516,0.891354,2.870144
89.71,87.28,3.535273,0.904392,2.818668,3.54168,0.903151,2.830746
89.72,87.29,3.522116,0.914355,2.779188,3.528756,0.913436,2.791356
89.73,87.3,3.509329,0.922753,2.739239,3.515895,0.921972,2.751136
89.74,87.31,3.496508,0.929592,2.699007,3.502903,0.92906,2.71104
89.75,87.32,3.483568,0.935726,2.659463,3.490108,0.934736,2.671072
89.76,87.33,3.470541,0.941324,2.619328,3.477258,0.940396,2.63178
89.77,87.34,3.457796,0.94729,2.580807,3.4644,0.945678,2.59305
89.78,87.35,3.444684,0.9543,2.542498,3.451235,0.952612,2.554826
89.79,87.36,3.431491,0.962892,2.5048,3.438118,0.961333,2.5171
89.8,87.37,3.417917,0.973427,2.468161,3.42509,0.971624,2.480137
89.81,87.38,3.404043,0.985669,2.431327,3.411114,0.983726,2.443265
89.82,87.39,3.389925,0.997783,2.394029,3.397029,0.995806,2.405491
89.83,87.4,3.375785,1.007914,2.356113,3.382258,1.006571,2.368108
89.84,87.41,3.360956,1.016729,2.318352,3.367834,1.015303,2.329956
89.85,87.42,3.3457,1.023918,2.279452,3.353479,1.022438,2.290675
89.86,87.43,3.331,1.030594,2.240454,3.338618,1.029618,2.252459
89.87,87.44,3.316628,1.036787,2.202133,3.32383,1.036513,2.214573
89.88,87.45,3.302253,1.043395,2.164994,3.309889,1.042678,2.176845
89.89,87.46,3.287594,1.050958,2.128303,3.295349,1.049812,2.140316
89.9,87.47,3.273115,1.059815,2.092909,3.281172,1.058162,2.104756
89.91,87.48,3.258702,1.070509,2.059551,3.267188,1.067414,2.069711
89.92,87.49,3.243227,1.082415,2.024987,3.25171,1.079409,2.034832
89.93,87.5,3.227381,1.094251,1.989044,3.235703,1.091908,1.999842
89.94,87.51,3.21096,1.10459,1.95325,3.218978,1.102754,1.964548
89.95,87.52,3.194311,1.113151,1.916868,3.202656,1.111629,1.927982
89.96,87.53,3.177901,1.120625,1.879998,3.186252,1.119558,1.891471
89.97,87.54,3.161891,1.127196,1.843588,3.170146,1.126372,1.855146
89.98,87.55,3.14621,1.133891,1.808264,3.154728,1.132562,1.819461
89.99,87.56,3.130293,1.1405,1.773667,3.139159,1.13882,1.784409
90,87.57,3.114417,1.148098,1.739527,3.123378,1.14602,1.750137
90.01,87.58,3.098195,1.157055,1.706319,3.107089,1.154862,1.717045
90.02,87.59,3.081881,1.16764,1.674365,3.090967,1.165188,1.684818
90.03,87.6,3.064822,1.179752,1.642759,3.073845,1.177115,1.652976
90.04,87.61,3.047485,1.191372,1.610565,3.056076,1.188968,1.620992
90.05,87.62,3.029756,1.201534,1.577614,3.038381,1.199386,1.588204
90.06,87.63,3.011966,1.21016,1.544079,3.020688,1.208106,1.555001
90.07,87.64,2.99434,1.217605,1.510151,3.002852,1.215759,1.52116
90.08,87.65,2.976923,1.224706,1.476756,2.985442,1.223122,1.487844
90.09,87.66,2.959672,1.231793,1.443972,2.968312,1.230191,1.455236
90.1,87.67,2.942824,1.239307,1.412592,2.951391,1.237351,1.423428
90.11,87.68,2.925685,1.248312,1.382549,2.93495,1.246024,1.39271
90.12,87.69,2.908215,1.258903,1.354044,2.918038,1.255538,1.363715
90.13,87.7,2.88985,1.270561,1.326612,2.899956,1.266737,1.335328
90.14,87.71,2.870318,1.282676,1.297916,2.879859,1.279735,1.307181
90.15,87.72,2.8503,1.293542,1.268449,2.859941,1.290987,1.278292
90.16,87.73,2.830618,1.30267,1.238606,2.839907,1.300571,1.248829
90.17,87.74,2.811088,1.310424,1.208432,2.820535,1.308839,1.219008
90.18,87.75,2.791193,1.317692,1.178116,2.801008,1.316384,1.187944
90.19,87.76,2.77132,1.324824,1.148321,2.78142,1.324192,1.158154
90.2,87.77,2.751852,1.331864,1.119533,2.761762,1.331739,1.129574
90.21,87.78,2.732739,1.340299,1.092403,2.742495,1.339851,1.102394
90.22,87.79,2.712884,1.350353,1.067658,2.723129,1.349212,1.077329
90.23,87.8,2.692453,1.361639,1.044139,2.702382,1.359742,1.053592
90.24,87.81,2.670982,1.372512,1.020416,2.680927,1.370729,1.029799
90.25,87.82,2.648723,1.38203,0.995568,2.65899,1.380464,1.004639
90.26,87.83,2.625912,1.390161,0.969899,2.63695,1.388753,0.978621
90.27,87.84,2.603622,1.39699,0.944631,2.615239,1.395872,0.951799
90.28,87.85,2.581331,1.403435,0.919798,2.593276,1.402458,0.926024
90.29,87.86,2.559134,1.409606,0.895531,2.571125,1.408812,0.901063
90.3,87.87,2.537126,1.416026,0.87115,2.54906,1.415202,0.877678
90.31,87.88,2.514318,1.423268,0.847371,2.526287,1.422719,0.855073
90.32,87.89,2.492403,1.4322,0.826591,2.504494,1.431222,0.83341
90.33,87.9,2.469532,1.442168,0.806893,2.481673,1.440633,0.812899
90.34,87.91,2.445033,1.451236,0.787056,2.457261,1.449973,0.792726
90.35,87.92,2.419468,1.45874,0.766363,2.43205,1.458254,0.772297
90.36,87.93,2.39412,1.464342,0.744974,2.406446,1.464936,0.750623
90.37,87.94,2.369232,1.468909,0.723096,2.38151,1.470174,0.728775
90.38,87.95,2.344424,1.472852,0.701416,2.356738,1.474658,0.706257
90.39,87.96,2.319779,1.476835,0.680196,2.332018,1.47903,0.685548
90.4,87.97,2.295463,1.482166,0.66097,2.308064,1.48364,0.666035
90.41,87.98,2.270964,1.488773,0.643021,2.283782,1.489418,0.647753
90.42,87.99,2.246176,1.496049,0.626675,2.259145,1.496175,0.631058
90.43,88,2.220547,1.503817,0.61217,2.233619,1.503474,0.614955
90.44,88.01,2.193454,1.509773,0.595631,2.206114,1.510242,0.600044
90.45,88.02,2.165629,1.514156,0.579168,2.178504,1.515259,0.583579
90.46,88.03,2.137964,1.517965,0.562569,2.151132,1.518903,0.56648
90.47,88.04,2.11109,1.521505,0.547898,2.123906,1.522311,0.549162
90.48,88.05,2.08357,1.524056,0.531867,2.0964,1.525107,0.532276
90.49,88.06,2.055802,1.526682,0.516757,2.069281,1.527687,0.517439
90.5,88.07,2.029425,1.530443,0.502925,2.042374,1.531145,0.503247
90.51,88.08,2.002388,1.535149,0.48953,2.01541,1.53564,0.489833
90.52,88.09,1.975206,1.540746,0.478295,1.988419,1.541051,0.478351
90.53,88.1,1.946833,1.545357,0.468185,1.959752,1.546164,0.467686
90.54,88.11,1.917407,1.548321,0.457229,1.930381,1.549519,0.457429
90.55,88.12,1.887595,1.549915,0.445576,1.900611,1.551501,0.445921
90.56,88.13,1.857912,1.550844,0.433962,1.870969,1.552958,0.433864
90.57,88.14,1.828973,1.551714,0.423475,1.841937,1.554014,0.422093
90.58,88.15,1.800095,1.552808,0.41368,1.81305,1.555377,0.4111
90.59,88.16,1.771686,1.554623,0.405182,1.784249,1.557266,0.402283
90.6,88.17,1.742982,1.558293,0.39818,1.756435,1.560042,0.395435
90.61,88.18,1.714349,1.561753,0.392608,1.727521,1.563555,0.389893
90.62,88.19,1.685301,1.563589,0.387756,1.698462,1.566164,0.385093
90.63,88.2,1.65546,1.564158,0.382578,1.668557,1.567054,0.379896
90.64,88.21,1.624393,1.563738,0.377188,1.637623,1.567258,0.374103
90.65,88.22,1.594476,1.563486,0.372012,1.607341,1.567008,0.368431
90.66,88.23,1.565567,1.563494,0.368142,1.577692,1.567248,0.362952
90.67,88.24,1.536973,1.564685,0.365687,1.548609,1.568214,0.359388
90.68,88.25,1.50833,1.566386,0.36495,1.520069,1.569643,0.357936
90.69,88.26,1.480277,1.567899,0.365623,1.491999,1.571111,0.358902
90.7,88.27,1.451717,1.567984,0.3669,1.463361,1.571663,0.361081
90.71,88.28,1.422404,1.566851,0.368027,1.434503,1.570791,0.362034
90.72,88.29,1.392927,1.565175,0.368708,1.404735,1.569234,0.362413
90.73,88.3,1.363345,1.563511,0.370191,1.374761,1.567646,0.363076
90.74,88.31,1.335498,1.562419,0.372729,1.345795,1.566639,0.364582
90.75,88.32,1.30864,1.562069,0.377009,1.317995,1.566105,0.368056
90.76,88.33,1.282001,1.561258,0.383326,1.291126,1.565489,0.373817
90.77,88.34,1.255297,1.559882,0.38996,1.264391,1.564434,0.381343
90.78,88.35,1.227721,1.557122,0.397172,1.23739,1.562586,0.389332
90.79,88.36,1.200111,1.553693,0.404749,1.209462,1.559249,0.397061
90.8,88.37,1.171771,1.549689,0.41247,1.180715,1.555397,0.40449
90.81,88.38,1.144192,1.545779,0.420403,1.152371,1.551549,0.412145
90.82,88.39,1.117999,1.542956,0.429578,1.126095,1.548391,0.421098
90.83,88.4,1.093753,1.540802,0.441346,1.101143,1.545962,0.43189
90.84,88.41,1.070741,1.538424,0.454899,1.077782,1.543769,0.445313
90.85,88.42,1.047074,1.534223,0.469379,1.054009,1.540094,0.459593
90.86,88.43,1.023172,1.529071,0.483494,1.029436,1.534801,0.473818
90.87,88.44,0.997194,1.522737,0.49752,1.003949,1.528601,0.487681
90.88,88.45,0.972281,1.515974,0.511955,0.97862,1.522243,0.501987
90.89,88.46,0.94832,1.5097,0.526927,0.9547,1.516028,0.517125
90.9,88.47,0.926465,1.504557,0.543344,0.932087,1.510607,0.532892
90.91,88.48,0.90655,1.500415,0.5612,0.911029,1.505866,0.550216
90.92,88.49,0.887609,1.495318,0.580692,0.891643,1.500925,0.569973
90.93,88.5,0.867894,1.488283,0.600932,0.872274,1.494422,0.590254
90.94,88.51,0.847115,1.479666,0.621054,0.851434,1.486126,0.610672
90.95,88.52,0.825783,1.470009,0.641712,0.830263,1.476729,0.63095
90.96,88.53,0.804914,1.459944,0.662005,0.809043,1.466912,0.651724
90.97,88.54,0.785899,1.451046,0.682931,0.789041,1.457983,0.672635
90.98,88.55,0.768951,1.443321,0.704997,0.770961,1.449901,0.694059
90.99,88.56,0.753363,1.435882,0.72858,0.75461,1.442209,0.717353
91,88.57,0.738723,1.427793,0.753341,0.739922,1.434297,0.742461
91.01,88.58,0.723778,1.418066,0.779284,0.72543,1.425308,0.768677
91.02,88.59,0.708208,1.407238,0.805452,0.710386,1.414567,0.794886
91.03,88.6,0.692784,1.395182,0.831832,0.694575,1.402366,0.821234
91.04,88.61,0.677318,1.382287,0.857803,0.678675,1.389672,0.847612
91.05,88.62,0.663656,1.370002,0.883968,0.663927,1.377383,0.87366
91.06,88.63,0.651545,1.358982,0.910994,0.650706,1.365957,0.900044
91.07,88.64,0.64034,1.348374,0.939188,0.639414,1.355198,0.928228
91.08,88.65,0.630455,1.338325,0.968491,0.629579,1.345185,0.957398
91.09,88.66,0.622086,1.328519,0.998761,0.62098,1.334856,0.987903
91.1,88.67,0.613014,1.315369,1.029848,0.612352,1.322585,1.019475
91.11,88.68,0.603884,1.301183,1.06111,0.603439,1.308612,1.05068
91.12,88.69,0.594358,1.286318,1.092279,0.593828,1.293414,1.081672
91.13,88.7,0.585261,1.271368,1.122976,0.584143,1.278222,1.112384
91.14,88.71,0.578173,1.257286,1.153999,0.575483,1.263516,1.142735
91.15,88.72,0.571825,1.244242,1.18586,0.569094,1.249732,1.174594
91.16,88.73,0.5665,1.232197,1.21862,0.563708,1.237364,1.207264
91.17,88.74,0.563113,1.221006,1.252695,0.560412,1.22641,1.241445
91.18,88.75,0.560573,1.209352,1.287585,0.557808,1.215094,1.276347
91.19,88.76,0.558398,1.195971,1.323501,0.555498,1.202118,1.312196
91.2,88.77,0.555718,1.180997,1.359675,0.552377,1.186996,1.348221
91.21,88.78,0.553368,1.165006,1.394275,0.549265,1.17083,1.383371
91.22,88.79,0.550595,1.148275,1.429892,0.547153,1.154299,1.418435
91.23,88.8,0.548249,1.132759,1.465393,0.545214,1.13843,1.453777
91.24,88.81,0.546678,1.118671,1.501248,0.543627,1.123652,1.489758
91.25,88.82,0.546643,1.105993,1.53836,0.543381,1.110849,1.526389
91.26,88.83,0.548338,1.095213,1.575485,0.544909,1.09986,1.563476
91.27,88.84,0.551296,1.084941,1.613668,0.547602,1.089353,1.602033
91.28,88.85,0.554742,1.072927,1.653207,0.550591,1.077634,1.641544
91.29,88.86,0.557602,1.058695,1.693313,0.55422,1.063833,1.68125
91.3,88.87,0.560494,1.043084,1.733103,0.556878,1.048371,1.721308
91.31,88.88,0.563117,1.026904,1.773149,0.55961,1.032348,1.760987
91.32,88.89,0.566097,1.011201,1.812268,0.562389,1.01603,1.80053
91.33,88.9,0.569869,0.996233,1.851263,0.565788,1.000548,1.838999
91.34,88.91,0.574092,0.983506,1.891397,0.570526,0.987237,1.878878
91.35,88.92,0.578878,0.972475,1.931706,0.575301,0.976228,1.919393
91.36,88.93,0.584131,0.964229,1.973244,0.580725,0.967393,1.96069
91.37,88.94,0.589664,0.95694,2.015776,0.585704,0.959329,2.003005
91.38,88.95,0.594815,0.947022,2.059385,0.591014,0.950092,2.047157
91.39,88.96,0.600003,0.935049,2.103405,0.596521,0.939138,2.09133
91.4,88.97,0.605181,0.921925,2.147088,0.601981,0.926258,2.135173
91.41,88.98,0.610949,0.908334,2.190971,0.607846,0.912943,2.178802
91.42,88.99,0.616938,0.895061,2.233613,0.613572,0.899817,2.221814
91.43,89,0.62323,0.882994,2.276385,0.619629,0.887095,2.264241
91.44,89.01,0.629111,0.872902,2.31962,0.625943,0.875823,2.307065
91.45,89.02,0.635024,0.863737,2.363053,0.63195,0.866618,2.35086
91.46,89.03,0.641189,0.857019,2.407601,0.638023,0.859679,2.395364
91.47,89.04,0.647277,0.852098,2.453626,0.644336,0.854738,2.441381
91.48,89.05,0.653615,0.846281,2.500117,0.650203,0.849279,2.487962
91.49,89.06,0.660635,0.838994,2.546583,0.656319,0.841729,2.534737
91.5,89.07,0.668293,0.829853,2.593203,0.662889,0.83228,2.581516
91.51,89.08,0.675624,0.81898,2.64084,0.670161,0.822022,2.628686
91.52,89.09,0.681782,0.808986,2.686422,0.677184,0.812277,2.674721
91.53,89.1,0.687503,0.800728,2.732574,0.682777,0.803428,2.720861
91.54,89.11,0.692579,0.795503,2.778675,0.688052,0.797674,2.766258
91.55,89.12,0.697731,0.792854,2.823808,0.692749,0.794026,2.811538
91.56,89.13,0.70244,0.792847,2.870312,0.697682,0.793103,2.857996
91.57,89.14,0.706404,0.794041,2.918819,0.702355,0.794649,2.906402
91.58,89.15,0.710779,0.793802,2.967959,0.706346,0.794304,2.955403
91.59,89.16,0.715599,0.791235,3.017194,0.711309,0.792435,3.004338
91.6,89.17,0.720628,0.786547,3.06667,0.716605,0.788477,3.054221
91.61,89.18,0.725845,0.781568,3.115378,0.721983,0.783287,3.102834
91.62,89.19,0.730142,0.778216,3.1626,0.726467,0.778757,3.149804
91.63,89.2,0.734103,0.77641,3.209433,0.730518,0.7757,3.196679
91.64,89.21,0.737331,0.776475,3.256767,0.734224,0.775669,3.244111
91.65,89.22,0.740176,0.778893,3.304478,0.73669,0.777951,3.291612
91.66,89.23,0.742326,0.783712,3.35283,0.739068,0.782867,3.339873
91.67,89.24,0.743926,0.789277,3.401652,0.740119,0.788489,3.38884
91.68,89.25,0.745321,0.793317,3.450867,0.741362,0.792431,3.438045
91.69,89.26,0.747414,0.795391,3.499964,0.742951,0.79443,3.487469
91.7,89.27,0.749322,0.795613,3.549895,0.745236,0.795621,3.537296
91.71,89.28,0.751333,0.796187,3.599151,0.747727,0.796095,3.58662
91.72,89.29,0.753098,0.79725,3.647937,0.7496,0.796998,3.635109
91.73,89.3,0.753999,0.799713,3.695335,0.751402,0.800492,3.679614
91.74,89.31,0.754341,0.805131,3.741458,0.751862,0.804269,3.728642
91.75,89.32,0.754461,0.81223,3.787723,0.752185,0.809824,3.775481
91.76,89.33,0.753586,0.822565,3.833121,0.751266,0.819424,3.821003
91.77,89.34,0.751531,0.833719,3.880274,0.749308,0.830952,3.867277
91.78,89.35,0.750024,0.843561,3.927182,0.747584,0.8406,3.914795
91.79,89.36,0.748425,0.850464,3.975841,0.746176,0.8488,3.96304
91.8,89.37,0.746803,0.856146,4.024395,0.745,0.855506,4.011472
91.81,89.38,0.745384,0.861801,4.070074,0.743844,0.860922,4.059432
91.82,89.39,0.744314,0.866818,4.119761,0.742337,0.865917,4.106572
91.83,89.4,0.74277,0.872322,4.165844,0.740844,0.870725,4.15249
91.84,89.41,0.740732,0.879319,4.210821,0.738953,0.876528,4.198005
91.85,89.42,0.738876,0.887845,4.256443,0.737057,0.884832,4.243514
91.86,89.43,0.73688,0.897409,4.300835,0.734701,0.894093,4.288949
91.87,89.44,0.734706,0.909082,4.345979,0.732557,0.905764,4.333975
91.88,89.45,0.732707,0.922203,4.390659,0.730443,0.91908,4.378638
91.89,89.46,0.730348,0.934818,4.435199,0.728224,0.932665,4.422284
91.9,89.47,0.727702,0.945749,4.480335,0.725786,0.943488,4.467173
91.91,89.48,0.724637,0.955198,4.525551,0.722449,0.952278,4.512647
91.92,89.49,0.722309,0.962992,4.571298,0.719689,0.960591,4.5583
91.93,89.5,0.719768,0.970322,4.616796,0.717004,0.968546,4.603784
91.94,89.51,0.716884,0.977605,4.661511,0.71447,0.975836,4.648577
91.95,89.52,0.714635,0.985205,4.705472,0.712183,0.983583,4.692626
91.96,89.53,0.712806,0.994237,4.749243,0.709743,0.992357,4.736123
91.97,89.54,0.711284,1.004893,4.791174,0.708499,1.002523,4.778468
91.98,89.55,0.711624,1.016996,4.832517,0.708331,1.014107,4.820148
91.99,89.56,0.71263,1.031295,4.873817,0.709544,1.028099,4.861308
92,89.57,0.714142,1.045905,4.915716,0.710308,1.043046,4.903025
92.01,89.58,0.715694,1.058475,4.958255,0.711914,1.056059,4.945397
92.02,89.59,0.716664,1.069962,5.001436,0.714083,1.067861,4.988266
92.03,89.6,0.717626,1.080141,5.044217,0.713695,1.077997,5.031261
92.04,89.61,0.718137,1.0886,5.087409,0.714336,1.087028,5.074368
92.05,89.62,0.719012,1.097152,5.129953,0.716369,1.096348,5.116763
92.06,89.63,0.720178,1.105294,5.171488,0.716536,1.104425,5.157743
92.07,89.64,0.721491,1.113672,5.212199,0.717722,1.112917,5.199525
92.08,89.65,0.723854,1.123917,5.252364,0.719067,1.122241,5.239608
92.09,89.66,0.726822,1.134775,5.291125,0.722026,1.133145,5.278569
92.1,89.67,0.731108,1.147674,5.329856,0.725675,1.145674,5.317005
92.11,89.68,0.735908,1.161958,5.36788,0.73026,1.159315,5.354968
92.12,89.69,0.740707,1.176052,5.405968,0.735259,1.172973,5.393505
92.13,89.7,0.746386,1.188192,5.445369,0.741508,1.185148,5.432991
92.14,89.71,0.751802,1.198523,5.484973,0.747177,1.195748,5.47261
92.15,89.72,0.756591,1.208254,5.524877,0.752121,1.205542,5.512469
92.16,89.73,0.761292,1.217477,5.564711,0.757815,1.215643,5.55197
92.17,89.74,0.765998,1.226099,5.60392,0.762378,1.224077,5.591281
92.18,89.75,0.771535,1.234985,5.64197,0.767887,1.23261,5.629554
92.19,89.76,0.776882,1.244152,5.679533,0.773522,1.241663,5.666569
92.2,89.77,0.784499,1.254438,5.715968,0.778723,1.251526,5.703133
92.21,89.78,0.791169,1.265445,5.751147,0.786615,1.262476,5.738652
92.22,89.79,0.798307,1.27844,5.78554,0.794073,1.274391,5.773365
92.23,89.8,0.805464,1.292166,5.819861,0.802069,1.28758,5.807809
92.24,89.81,0.814177,1.303115,5.856255,0.810478,1.299818,5.843565
92.25,89.82,0.82281,1.313167,5.892429,0.818813,1.310111,5.879716
92.26,89.83,0.830316,1.322179,5.928791,0.826753,1.319071,5.915917
92.27,89.84,0.838229,1.330524,5.964566,0.835018,1.32758,5.95205
92.28,89.85,0.846346,1.338522,5.999695,0.843841,1.336032,5.987147
92.29,89.86,0.85487,1.346574,6.033858,0.852024,1.34291,6.021092
92.3,89.87,0.863342,1.354931,6.068378,0.860364,1.350743,6.0555
92.31,89.88,0.871323,1.364717,6.101638,0.868014,1.36074,6.089334
92.32,89.89,0.877728,1.376073,6.134518,0.874817,1.371948,6.122136
92.33,89.9,0.884585,1.388294,6.167356,0.882652,1.38457,6.155128
92.34,89.91,0.890574,1.399384,6.201075,0.886184,1.395535,6.188871
92.35,89.92,0.896403,1.409111,6.235022,0.893315,1.405399,6.222938
92.36,89.93,0.902445,1.416959,6.269791,0.901893,1.413842,6.257359
92.37,89.94,0.911343,1.424261,6.304393,0.90641,1.420582,6.29252
92.38,89.95,0.917376,1.43226,6.337755,0.91311,1.428206,6.325824
92.39,89.96,0.923085,1.442053,6.369386,0.91879,1.437512,6.358082
92.4,89.97,0.929588,1.453953,6.398574,0.925663,1.449412,6.387083
92.41,89.98,0.935897,1.467886,6.426907,0.931669,1.462505,6.415763
92.42,89.99,0.939314,1.480396,6.458041,0.934076,1.475237,6.446557
92.43,90,0.943641,1.492292,6.489823,0.941753,1.487766,6.47791
92.44,90.01,0.951446,1.504134,6.521392,0.945141,1.498447,6.509692
92.45,90.02,0.952373,1.515101,6.551298,0.952849,1.510071,6.539774
92.46,90.03,0.957706,1.528244,6.578335,0.958818,1.521992,6.567367
92.47,90.04,0.962129,1.54234,6.603944,0.95632,1.534254,6.594368
92.48,90.05,0.965288,1.557858,6.628466,0.966736,1.551684,6.617749
92.49,90.06,0.970765,1.573382,6.653428,0.973034,1.567665,6.642316
92.5,90.07,0.976149,1.588147,6.679002,0.973953,1.581568,6.66821
92.51,90.08,0.979672,1.602769,6.705168,0.978831,1.595963,6.694014
92.52,90.09,0.984112,1.617108,6.729702,0.982828,1.609939,6.719362
92.53,90.1,0.987934,1.632464,6.752583,0.986206,1.624749,6.742537
92.54,90.11,0.993561,1.647893,6.771925,0.989949,1.639152,6.763072
92.55,90.12,0.998461,1.664229,6.790586,0.994889,1.655764,6.781565
92.56,90.13,1.003718,1.680038,6.809276,1.0004,1.672049,6.799625
92.57,90.14,1.010306,1.695178,6.828847,1.006216,1.687799,6.819011
92.58,90.15,1.015203,1.710005,6.848585,1.011961,1.702511,6.838718
92.59,90.16,1.021834,1.724965,6.866632,1.017691,1.716962,6.857365
92.6,90.17,1.026907,1.73932,6.883407,1.023336,1.730631,6.874484
92.61,90.18,1.032578,1.753602,6.899044,1.027899,1.744494,6.891106
92.62,90.19,1.038738,1.767204,6.913247,1.034026,1.758073,6.905617
92.63,90.2,1.045461,1.780983,6.925397,1.041019,1.771574,6.917856
92.64,90.21,1.052776,1.794239,6.936611,1.047076,1.785003,6.929224
92.65,90.22,1.059691,1.806458,6.949034,1.053878,1.797482,6.941124
92.66,90.23,1.066856,1.818146,6.962492,1.061233,1.809822,6.954051
92.67,90.24,1.075011,1.829343,6.975455,1.068318,1.821782,6.967151
92.68,90.25,1.083417,1.839194,6.988032,1.075602,1.832847,6.979429
92.69,90.26,1.092543,1.848466,6.997999,1.083488,1.8423,6.989863
92.7,90.27,1.102149,1.856485,7.005836,1.091759,1.851966,6.998435
92.71,90.28,1.111089,1.864029,7.011492,1.09957,1.860442,7.004866
92.72,90.29,1.119748,1.870546,7.015322,1.108637,1.866857,7.008752
92.73,90.3,1.129818,1.875608,7.01968,1.117321,1.872584,7.013803
92.74,90.31,1.139363,1.879506,7.026104,1.127409,1.8781,7.019847
92.75,90.32,1.14962,1.882914,7.03285,1.136712,1.883329,7.027808
92.76,90.33,1.160139,1.885205,7.039089,1.147586,1.886587,7.034061
92.77,90.34,1.169295,1.886358,7.04433,1.156998,1.888902,7.039022
