Time (Seconds),Unnamed: 1,X1,Y1,Z1,X2,Y2,Z2,Pxy,Pxz
3.64,1.26,1.595857,0.74136,6.004549,1.583672,0.745626,6.010749,-26.96800798093289,-19.29528230637842
3.65,1.27,1.632528,0.742725,5.985774,1.626105,0.740418,5.986803,-9.101757576708406,19.757169478084116
3.66,1.28,1.670291,0.746223,5.967017,1.657772,0.74889,5.973511,-27.417193104346524,-12.026289923947136
3.67,1.29,1.708716,0.750042,5.94822,1.697201,0.752477,5.954967,-30.367376541552122,-11.940055618227875
3.68,1.3,1.749059,0.749445,5.927617,1.738005,0.752489,5.935596,-35.822510313392115,-15.39624750445631
3.69,1.31,1.78893,0.745941,5.906667,1.778197,0.749666,5.914291,-35.38742033284153,-19.13986633642704
3.7,1.32,1.827765,0.743985,5.885879,1.817821,0.74797,5.893179,-36.28280274161589,-21.838156644460586
3.71,1.33,1.865701,0.74499,5.866377,1.85493,0.74817,5.872632,-30.144850316304606,-16.448561527488028
3.72,1.34,1.903537,0.748675,5.847173,1.892275,0.749375,5.854826,-34.197747225696396,-3.5566964795089793
3.73,1.35,1.941504,0.75349,5.827678,1.929286,0.755524,5.834483,-29.116282183863337,-9.451675544757473
3.74,1.36,1.976856,0.759914,5.808583,1.968234,0.76217,5.814014,-32.20683636754659,-14.663066471654176
3.75,1.37,2.016092,0.764129,5.791138,2.010047,0.769499,5.79462,-29.942511884624874,-41.615885422629034
3.76,1.38,2.061968,0.770422,5.766622,2.0506,0.773388,5.774037,-33.11518536462049,-14.62292568882112
3.77,1.39,2.102341,0.771019,5.744899,2.092042,0.774188,5.753145,-38.682867906763896,-17.10311989841062
3.78,1.4,2.141805,0.773214,5.723204,2.131363,0.776518,5.731376,-38.04704253182556,-17.55812547564181
3.79,1.41,2.180958,0.777879,5.703549,2.169413,0.780432,5.710044,-29.361287774072355,-12.469415347224906
3.8,1.42,2.218869,0.784323,5.684509,2.208307,0.786755,5.6908,-30.7791202968,-12.96688063160984
3.81,1.43,2.25771,0.794313,5.664445,2.245651,0.795733,5.670835,-27.918878653821647,-6.715901515948108
3.82,1.44,2.296274,0.805756,5.643963,2.284543,0.80625,5.650616,-29.55886524688254,-2.4113376722746773
3.83,1.45,2.336614,0.815572,5.622603,2.324712,0.817483,5.629484,-30.033844190497522,-9.121628763334531
3.84,1.46,2.377218,0.821402,5.600751,2.365545,0.823699,5.608235,-32.665461796782076,-11.13236542936673
3.85,1.47,2.417076,0.82541,5.578493,2.405997,0.827716,5.586437,-35.64174256064877,-11.757756088227708
3.86,1.48,2.456342,0.831135,5.556451,2.445559,0.833515,5.56428,-35.981535506779295,-12.446640686507978
3.87,1.49,2.495276,0.839604,5.536392,2.483164,0.841254,5.542729,-27.618570338270743,-7.757566380785104
3.88,1.5,2.533592,0.850476,5.515941,2.522093,0.851586,5.52307,-31.79754512383752,-5.513685936606623
3.89,1.51,2.570811,0.863566,5.495495,2.559057,0.864246,5.502818,-31.923812197734577,-3.3110218173731893
3.9,1.52,2.609854,0.877809,5.473835,2.598053,0.878569,5.481077,-31.53647524095019,-3.684835241444821
3.91,1.53,2.650374,0.888822,5.452566,2.638488,0.89079,5.459773,-31.23025975966675,-9.40133933162121
3.92,1.54,2.691391,0.895935,5.430638,2.679795,0.89877,5.437939,-32.19507868997334,-13.738236858908987
3.93,1.55,2.730714,0.90357,5.408632,2.719617,0.905703,5.416643,-35.825774820953995,-10.880356422102672
3.94,1.56,2.768303,0.913917,5.386798,2.757307,0.915534,5.3948,-36.0441000897183,-8.36558610607452
3.95,1.57,2.805869,0.926701,5.36622,2.794337,0.92799,5.373514,-32.31338856439639,-6.377815661877819
3.96,1.58,2.842194,0.942696,5.345211,2.830454,0.943251,5.3526,-32.185765916741246,-2.706601404207773
3.97,1.59,2.877878,0.959585,5.32237,2.866401,0.959451,5.330556,-35.49846291465867,0.6689279094702805
3.98,1.6,2.915956,0.974017,5.298204,2.905133,0.97595,5.306478,-37.397299341844416,-10.126320670985699
3.99,1.61,2.954856,0.984254,5.273663,2.943788,0.987294,5.28204,-37.120863822786916,-15.358442581372657
4.0,1.62,2.992527,0.994332,5.248882,2.982507,0.997194,5.258062,-42.494907132758044,-15.940864440990085
4.01,1.63,3.027744,1.007383,5.225241,3.017214,1.009668,5.23457,-41.5391749959453,-12.243311673995413
4.02,1.64,3.061941,1.023472,5.202875,3.051204,1.024333,5.212427,-41.657378225479775,-4.584737906839115
4.03,1.65,3.093884,1.042468,5.180321,3.084706,1.042603,5.190806,-48.80285750860427,-0.842707830749684
4.04,1.66,3.127189,1.061223,5.15632,3.11806,1.061293,5.166417,-47.882321887967215,-0.4393280714083043
4.05,1.67,3.163499,1.077162,5.129478,3.153403,1.079474,5.13927,-44.124267870107296,-12.898421802935646
4.06,1.68,3.198843,1.090332,5.103564,3.188613,1.092846,5.112872,-42.29821129727232,-13.806713323256101
4.07,1.69,3.232749,1.104563,5.077897,3.22284,1.105681,5.088342,-46.50847213261129,-6.43727195584028
4.08,1.7,3.263967,1.12158,5.053827,3.253987,1.120756,5.064219,-46.15858254737316,4.71992767649157
4.09,1.71,3.294514,1.140048,5.029213,3.285038,1.139015,5.039602,-47.63147547705328,6.221374712981934
4.1,1.72,3.323498,1.160728,5.003165,3.314029,1.159259,5.013772,-48.24431641297693,8.81844396295307
4.11,1.73,3.350786,1.182146,4.976261,3.341476,1.179769,4.986766,-48.451205135746115,14.322597050683113
4.12,1.74,3.380378,1.201965,4.948309,3.370424,1.200591,4.958493,-45.654357748337205,7.859156590300321
4.13,1.75,3.411472,1.219439,4.921136,3.401575,1.218283,4.931433,-46.13475859989399,6.662135405847075
4.14,1.76,3.442517,1.235741,4.894271,3.433091,1.235141,4.904846,-48.28786429687338,3.642175905924263
4.15,1.77,3.471844,1.25261,4.867335,3.462365,1.251554,4.877949,-48.23305005692031,6.35677671989077
4.16,1.78,3.498234,1.270046,4.840194,3.489338,1.268558,4.851282,-51.25962118272278,9.49574056498983
4.17,1.79,3.521899,1.288232,4.813109,3.514224,1.286451,4.825335,-57.881020820328104,13.06438463522575
4.18,1.8,3.544054,1.308017,4.786636,3.536508,1.304828,4.798441,-57.412445468836054,22.909308473748617
4.19,1.81,3.564817,1.32805,4.757133,3.557296,1.325828,4.769373,-58.430906049357105,16.45921861711003
4.2,1.82,3.58575,1.348961,4.726461,3.577504,1.347413,4.738223,-54.96680731010376,10.632240379082438
4.21,1.83,3.606096,1.367652,4.696332,3.598101,1.366142,4.708316,-56.29118024621031,10.695357470042214
4.22,1.84,3.626997,1.384659,4.665974,3.61991,1.383462,4.678487,-60.4740433686206,9.586823923223967
4.23,1.85,3.648689,1.400336,4.634977,3.641726,1.399793,4.64807,-61.99546823271608,4.459108078365428
4.24,1.86,3.668886,1.415229,4.605614,3.66209,1.415697,4.617576,-60.397688912650004,-3.939399361112543
4.25,1.87,3.68812,1.43188,4.576527,3.680674,1.431708,4.588702,-58.55083183593525,1.3232771694549132
4.26,1.88,3.704318,1.44958,4.547408,3.697708,1.448428,4.560111,-62.509806905176625,9.886290883865245
4.27,1.89,3.718866,1.467038,4.519282,3.712734,1.465537,4.532161,-64.53976340500289,13.754488476917247
4.28,1.9,3.73103,1.485292,4.489844,3.725895,1.483111,4.503067,-68.77689182803016,23.012495857060845
4.29,1.91,3.74389,1.503646,4.458341,3.738209,1.502245,4.471635,-66.86125464895588,13.853372585370199
4.3,1.92,3.757617,1.520294,4.425846,3.751052,1.51965,4.438785,-63.09763823336757,5.602559771711654
4.31,1.93,3.771349,1.535117,4.394678,3.76505,1.535133,4.407336,-63.54368653108239,-0.14553587880950486
4.32,1.94,3.785445,1.548902,4.363204,3.782625,1.548524,4.3763,-77.84788861342032,7.634565170597921
4.33,1.95,3.799044,1.561974,4.330952,3.797265,1.561991,4.344745,-82.65065216980418,-0.5474978107281151
4.34,1.96,3.812275,1.574533,4.299182,3.81142,1.574845,4.313159,-86.4994688411654,-20.047646939002934
4.35,1.97,3.824525,1.587317,4.26871,3.821892,1.587222,4.281902,-78.71262064316367,2.066364963211732
4.36,1.98,3.833958,1.600371,4.23702,3.831809,1.600548,4.250662,-81.04786350846936,-4.708475349684815
4.37,1.99,3.841574,1.613676,4.206835,3.841694,1.612735,4.220691,-90.49619815616889,97.26735651249048
4.38,2.0,3.846518,1.62692,4.176993,3.848238,1.625055,4.191334,-96.83914993922008,132.68385992473065
4.39,2.01,3.851609,1.640242,4.145302,3.855967,1.639161,4.15988,-106.64369922234337,166.06898282242562
4.4,2.02,3.857445,1.653563,4.112104,3.859812,1.652578,4.126409,-99.39540992521664,157.4059215032427
4.41,2.03,3.864177,1.664879,4.079727,3.865404,1.66485,4.093929,-94.93788072637624,178.64607308919543
4.42,2.04,3.870815,1.674821,4.04764,3.871746,1.675038,4.061701,-93.78811071669207,-166.87959684701516
4.43,2.05,3.87701,1.683428,4.014713,3.877646,1.683943,4.02913,-92.52594192064136,-141.0012321192485
4.44,2.06,3.882699,1.691154,3.982312,3.882457,1.693115,3.995786,-88.97104883401362,-82.96490162422029
4.45,2.07,3.887118,1.699324,3.951067,3.885976,1.701831,3.964329,-85.07836153878993,-65.50957104925573
4.46,2.08,3.889261,1.709714,3.920252,3.889686,1.710616,3.93387,-91.78754627613763,-115.2286491059373
4.47,2.09,3.889645,1.72052,3.890671,3.891074,1.720596,3.904174,-96.04103142697248,-176.9556468952846
4.48,2.1,3.888753,1.730934,3.860263,3.890376,1.730934,3.874144,-96.66888097730569,180.0
4.49,2.11,3.887835,1.740093,3.827455,3.888565,1.741535,3.841308,-93.01647788579054,-116.85041794615141
4.5,2.12,3.887368,1.747963,3.79409,3.887105,1.750715,3.808201,-88.9322482073679,-84.54100100901466
4.51,2.13,3.887256,1.75336,3.761611,3.887228,1.75703,3.775204,-89.88197752098041,-89.56287446866132
4.52,2.14,3.886552,1.757028,3.728496,3.887412,1.761909,3.742023,-93.63777203266449,-99.9925771704798
4.53,2.15,3.885335,1.760161,3.695441,3.885926,1.765759,3.708477,-92.59578359522546,-96.02658723273628
4.54,2.16,3.883791,1.764587,3.664042,3.884178,1.769511,3.676633,-91.76050258760166,-94.49390314946966
4.55,2.17,3.881155,1.770853,3.632972,3.882211,1.77425,3.646438,-94.4839426624096,-107.2685114790526
4.56,2.18,3.877414,1.778266,3.603548,3.879938,1.780843,3.616532,-101.00070613440361,-134.40471141994013
4.57,2.19,3.872581,1.785758,3.572713,3.876834,1.788089,3.585861,-107.92490306493342,-151.27357049322526
4.58,2.2,3.866724,1.791884,3.540745,3.874343,1.793834,3.553834,-120.20333535409776,-165.64393822623057
4.59,2.21,3.861192,1.796109,3.508626,3.865455,1.799577,3.520866,-109.20242562125846,-140.8712453726972
4.6,2.22,3.855402,1.798807,3.476236,3.859601,1.803653,3.488307,-109.18066490432432,-130.90853106188857
4.61,2.23,3.849701,1.800579,3.443828,3.854036,1.80541,3.455924,-109.71681312641904,-131.9025729289008
4.62,2.24,3.843495,1.802315,3.411208,3.847694,1.807366,3.423971,-108.21109618204935,-129.7374429679973
4.63,2.25,3.835978,1.805977,3.380575,3.840742,1.81004,3.393382,-110.40439932818566,-139.5406393138829
4.64,2.26,3.827663,1.810552,3.351133,3.832268,1.81411,3.363788,-109.99582882007668,-142.30894664557155
4.65,2.27,3.818371,1.816451,3.321728,3.823496,1.819427,3.334382,-112.04845314183326,-149.85699625068256
4.66,2.28,3.80785,1.821821,3.292484,3.813629,1.824676,3.304963,-114.84876042977386,-153.70924137718004
4.67,2.29,3.797571,1.825641,3.262295,3.80335,1.829,3.274684,-115.00727193563586,-149.83302861087955
4.68,2.3,3.787437,1.826478,3.230323,3.792961,1.830794,3.242674,-114.09663966717436,-141.9988522900472
4.69,2.31,3.776912,1.825979,3.198218,3.781956,1.830727,3.210474,-112.3697886090842,-136.7314530037258
4.7,2.32,3.766241,1.825042,3.166995,3.770998,1.830549,3.17895,-111.6980458258944,-130.820771822456
4.71,2.33,3.754343,1.825844,3.137405,3.759749,1.831137,3.148656,-115.66384819229876,-135.6051203252573
4.72,2.34,3.741821,1.828221,3.108667,3.74766,1.83213,3.119893,-117.48037722217094,-146.19911780279648
4.73,2.35,3.72833,1.831147,3.07942,3.734578,1.834954,3.091411,-117.52210303201356,-148.6454225014319
4.74,2.36,3.714243,1.834197,3.050841,3.720581,1.838044,3.062516,-118.49618011814498,-148.743345848833
4.75,2.37,3.698851,1.836747,3.020084,3.704716,1.84122,3.031602,-116.98533031624119,-142.66868857817448
4.76,2.38,3.683461,1.838462,2.989423,3.688717,1.8438,3.001227,-114.00210886923124,-134.55652632645985
4.77,2.39,3.668036,1.837745,2.95858,3.673906,1.843557,2.96991,-117.3883828508985,-135.28446566569338
4.78,2.4,3.652118,1.834766,2.928241,3.658288,1.841695,2.940809,-116.14777631702276,-131.68379832952627
4.79,2.41,3.636228,1.832082,2.898339,3.644426,1.839581,2.908547,-128.76779473233427,-137.549742533605
4.8,2.42,3.619486,1.83042,2.869112,3.627384,1.836149,2.880669,-124.34851936868326,-144.04386313624576
4.81,2.43,3.603463,1.828519,2.83961,3.610338,1.834149,2.85212,-118.79145042828823,-140.68564149512235
4.82,2.44,3.58709,1.82889,2.809711,3.593123,1.833572,2.821944,-116.25132615154925,-142.1862135956127
4.83,2.45,3.569853,1.83056,2.780023,3.576609,1.835096,2.79227,-118.88311873257202,-146.1224622898152
4.84,2.46,3.552275,1.832624,2.750298,3.559115,1.836846,2.76268,-118.91691006164424,-148.3149802014593
4.85,2.47,3.533434,1.832709,2.719894,3.540843,1.837646,2.731571,-122.39492930508798,-146.322426491348
4.86,2.48,3.514087,1.830229,2.689143,3.521744,1.836241,2.70033,-124.38989114417686,-141.8622763888082
4.87,2.49,3.495098,1.826274,2.658498,3.502668,1.832569,2.669084,-125.5683851169135,-140.25403825434066
4.88,2.5,3.477404,1.821968,2.62833,3.484575,1.827073,2.63961,-122.44522003821979,-144.55312128604635
4.89,2.51,3.456422,1.817896,2.598033,3.465398,1.823252,2.609556,-127.91730034327708,-149.17537450915148
4.9,2.52,3.437886,1.815923,2.56901,3.446978,1.820214,2.581281,-126.53600119149789,-154.73487467923397
4.91,2.53,3.418685,1.815094,2.539403,3.426915,1.819498,2.551309,-124.65409349911084,-151.84807706374036
4.92,2.54,3.399325,1.816027,2.509495,3.407321,1.820339,2.521063,-124.65289317298362,-151.66336282724603
4.93,2.55,3.37955,1.817384,2.479577,3.387493,1.821257,2.491404,-123.885265272054,-154.0061768500323
4.94,2.56,3.359335,1.817199,2.44879,3.366893,1.822055,2.45998,-124.03605516977886,-147.2793356448419
4.95,2.57,3.338568,1.815048,2.416812,3.346019,1.820851,2.428124,-123.37213892763955,-142.087769840721
4.96,2.58,3.317998,1.811748,2.385583,3.324394,1.817927,2.39658,-120.18284641349835,-135.98862427310763
4.97,2.59,3.295462,1.806631,2.356723,3.302938,1.81382,2.366266,-128.07520032797999,-136.12115853132107
4.98,2.6,3.274382,1.804191,2.326787,3.281735,1.810248,2.336785,-126.33251443079341,-140.52016649382887
4.99,2.61,3.254133,1.802872,2.296483,3.261461,1.807429,2.307662,-123.24543466694705,-148.12411605463535
5.0,2.62,3.233372,1.802309,2.266468,3.240027,1.807609,2.278324,-119.30633241316234,-141.4664052827685
5.01,2.63,3.213256,1.803563,2.235836,3.220145,1.807759,2.247962,-119.60169055605414,-148.65495130606573
5.02,2.64,3.193083,1.804939,2.204891,3.200459,1.809384,2.216376,-122.70975296376396,-148.92556570829106
5.03,2.65,3.172814,1.805582,2.173136,3.179394,1.810927,2.183879,-121.48713000891225,-140.9126980078016
5.04,2.66,3.151178,1.804695,2.140858,3.158289,1.810577,2.152044,-122.44433847046204,-140.4034960470576
5.05,2.67,3.129262,1.802449,2.109894,3.13535,1.807705,2.120937,-118.86792467974817,-139.1947186535952
5.06,2.68,3.107057,1.799166,2.079096,3.111111,1.804012,2.089943,-110.4929224817049,-129.9147146248671
5.07,2.69,3.084737,1.795856,2.047886,3.090839,1.801237,2.058734,-119.35775354279117,-138.59279787564193
5.08,2.7,3.063938,1.79461,2.017136,3.070465,1.799783,2.027353,-122.57195528006551,-141.60127483808645
5.09,2.71,3.043619,1.795001,1.985655,3.050575,1.800125,1.996257,-123.26898534139735,-143.6235161675686
5.1,2.72,3.023628,1.797435,1.95428,3.030827,1.801629,1.965705,-122.21541507103736,-149.77573868079205
5.11,2.73,3.004425,1.8001,1.92253,3.010959,1.803255,1.934532,-118.5642820068445,-154.2260133050268
5.12,2.74,2.984101,1.800426,1.889076,2.990988,1.804861,1.9009,-120.2190632141678,-147.2198055459487
5.13,2.75,2.963579,1.798487,1.856106,2.970237,1.804039,1.866813,-121.8748438929169,-140.17581209576315
5.14,2.76,2.942561,1.795647,1.822543,2.94959,1.801073,1.833226,-123.34336686495045,-142.33384114691347
5.15,2.77,2.921667,1.793285,1.7895,2.928878,1.798253,1.800613,-122.97872037002412,-145.43520029785864
5.16,2.78,2.901294,1.792035,1.757209,2.908152,1.79733,1.76813,-122.12736108438193,-142.3285930743805
5.17,2.79,2.881451,1.792613,1.72541,2.88823,1.797977,1.736303,-121.89508900425932,-141.6465889035056
5.18,2.8,2.861371,1.795278,1.693918,2.86888,1.800268,1.704929,-124.29220490975543,-146.3945356492682
5.19,2.81,2.840705,1.799051,1.662625,2.849079,1.803332,1.673236,-128.27983234056813,-152.92273618364217
5.2,2.82,2.820496,1.802154,1.630767,2.828069,1.806438,1.641051,-126.36743403312836,-150.50342309139577
5.21,2.83,2.80138,1.80422,1.596285,2.807489,1.807697,1.607775,-117.99867290231505,-150.3531880010277
5.22,2.84,2.777925,1.802001,1.564943,2.786408,1.806909,1.574945,-130.30228951177526,-149.94766072358652
5.23,2.85,2.757138,1.801286,1.5329,2.765926,1.806031,1.543524,-129.59699928624482,-151.63357864221445
5.24,2.86,2.736127,1.801876,1.500966,2.744739,1.806094,1.510533,-131.99283692991665,-153.9052328791865
5.25,2.87,2.713808,1.804116,1.470124,2.723141,1.808409,1.480321,-132.46690751869923,-155.2984818204215
5.26,2.88,2.691977,1.808599,1.440757,2.702147,1.812449,1.450566,-136.03516321362957,-159.26511803411097
5.27,2.89,2.669761,1.813318,1.411578,2.679651,1.817369,1.421291,-135.5173227255658,-157.72571594225957
5.28,2.9,2.647063,1.817186,1.381224,2.656655,1.821352,1.390522,-135.89166750913287,-156.52371684023535
5.29,2.91,2.62287,1.818862,1.350721,2.633391,1.823533,1.359618,-139.78073470320112,-156.0602528593919
5.3,2.92,2.599503,1.820316,1.320612,2.609598,1.82518,1.329341,-139.15050389485305,-154.27417797927504
5.31,2.93,2.575829,1.821432,1.291514,2.58549,1.827375,1.299999,-138.7080205652033,-148.40209464863943
5.32,2.94,2.552148,1.825532,1.263612,2.56167,1.830902,1.272759,-136.1507326752741,-150.57886430104395
5.33,2.95,2.528305,1.832192,1.238279,2.53839,1.836513,1.247255,-138.3298078351218,-156.80689509197566
5.34,2.96,2.503033,1.839401,1.214245,2.514312,1.842836,1.222697,-143.1536801937535,-163.06197624834968
5.35,2.97,2.47685,1.844703,1.18916,2.488234,1.84846,1.19688,-145.85704737536665,-161.73583921974125
5.36,2.98,2.44986,1.84802,1.163581,2.461513,1.852445,1.170564,-149.0680688275763,-159.20670096256717
5.37,2.99,2.42368,1.850684,1.139073,2.435517,1.855147,1.145214,-152.5798514266552,-159.34164573019413
5.38,3.0,2.396297,1.853972,1.114756,2.408418,1.858486,1.120966,-152.87239504736365,-159.5740897539762
5.39,3.01,2.369715,1.859125,1.091303,2.381565,1.863213,1.098289,-149.47912542234076,-160.96664585300823
5.4,3.02,2.342262,1.865875,1.070012,2.354523,1.869147,1.076978,-150.39723528825,-165.05811268668967
5.41,3.03,2.314396,1.872649,1.05051,2.326669,1.876214,1.056951,-152.30903672426186,-163.8027385465112
5.42,3.04,2.285295,1.877488,1.03091,2.297193,1.882754,1.036507,-154.80699380932796,-156.12603938616425
5.43,3.05,2.255275,1.880366,1.010739,2.266269,1.887567,1.015164,-158.07559600195836,-146.77545648442415
5.44,3.06,2.22546,1.882506,0.989707,2.236199,1.889931,0.99507,-153.46269909584146,-145.3398181171643
5.45,3.07,2.196152,1.886761,0.971022,2.207306,1.893622,0.97634,-154.50914473693712,-148.40367657896797
5.46,3.08,2.166985,1.892915,0.955241,2.179265,1.898934,0.959668,-160.17551884666628,-153.8883740227261
5.47,3.09,2.138656,1.900224,0.941511,2.151316,1.905152,0.944683,-165.93394381963756,-158.7311511790166
5.48,3.1,2.108354,1.907697,0.927847,2.12152,1.911526,0.931209,-165.67536768803618,-163.78425635436327
5.49,3.11,2.076992,1.913116,0.91344,2.090124,1.917322,0.917287,-163.67213178057142,-162.24044832821485
5.5,3.12,2.04522,1.917193,0.898225,2.058393,1.921435,0.902115,-163.54807701594453,-162.15028283908617
5.51,3.13,2.013933,1.920342,0.883935,2.026835,1.924124,0.88725,-165.59029553074663,-163.66240592687393
5.52,3.14,1.982231,1.923444,0.870849,1.995358,1.927171,0.874026,-166.3948686549002,-164.14976727037725
5.53,3.15,1.951109,1.92724,0.859183,1.963933,1.930929,0.862695,-164.6844108396976,-163.95139088835467
5.54,3.16,1.91975,1.932584,0.849392,1.93328,1.935378,0.852193,-168.30376949060522,-168.33219722976884
5.55,3.17,1.888078,1.938023,0.840869,1.902302,1.941057,0.842082,-175.1257005751891,-167.95917145413168
5.56,3.18,1.855431,1.941814,0.832888,1.868103,1.946358,0.836004,-166.18525424172165,-160.27288429082768
5.57,3.19,1.821857,1.944136,0.82473,1.834515,1.949612,0.827218,-168.87995524228697,-156.60612215429668
5.58,3.2,1.788538,1.945493,0.817302,1.800929,1.951487,0.818348,-175.1747532594748,-154.18517235840463
5.59,3.21,1.755276,1.946165,0.810487,1.76721,1.952878,0.810801,-178.4928167534416,-150.6417905728072
5.6,3.22,1.723034,1.94916,0.805761,1.735737,1.95498,0.805477,178.71925599422903,-155.38466709821847
5.61,3.23,1.692051,1.95325,0.802549,1.704977,1.958522,0.801702,176.25094805214843,-157.81141126350468
5.62,3.24,1.66058,1.95836,0.801101,1.673849,1.963136,0.799237,172.00354139507607,-160.20433470090384
5.63,3.25,1.628199,1.961972,0.799965,1.641471,1.967064,0.798603,174.1407002016537,-159.0099470327779
5.64,3.26,1.594327,1.963504,0.798215,1.60809,1.969058,0.79647,172.77406851647606,-158.02367056860473
5.65,3.27,1.562683,1.964741,0.797493,1.575447,1.969994,0.794538,166.96506569853267,-157.6304769917763
5.66,3.28,1.530244,1.965572,0.797355,1.542873,1.970843,0.793655,163.67065641636378,-157.3456744320233
5.67,3.29,1.498042,1.967446,0.798865,1.510704,1.972531,0.795471,164.99481848106313,-158.11983615754554
5.68,3.3,1.466634,1.970268,0.802241,1.479459,1.975064,0.7989,165.39858708911322,-159.49635884492233
5.69,3.31,1.435652,1.973131,0.807326,1.448269,1.978214,0.803981,165.15142957438604,-158.05701545002145
5.7,3.32,1.403781,1.97452,0.812843,1.416269,1.980526,0.809014,162.95370893577658,-154.31515815358017
5.71,3.33,1.371716,1.974636,0.818596,1.383197,1.981206,0.813806,157.3535636321443,-150.21966040638682
5.72,3.34,1.339478,1.973688,0.824585,1.351304,1.980789,0.820861,162.52081782353827,-149.01701024289855
5.73,3.35,1.307784,1.972106,0.831527,1.319285,1.980318,0.828175,163.75108272539993,-144.47221972427394
5.74,3.36,1.277383,1.971584,0.840744,1.288719,1.979778,0.837192,162.60224165012266,-144.13947079791245
5.75,3.37,1.248749,1.973512,0.850963,1.260102,1.980781,0.847144,161.40773700801427,-147.36973104723387
5.76,3.38,1.220793,1.975799,0.863061,1.232201,1.982333,0.857779,155.15546636784117,-150.19781861811234
5.77,3.39,1.191291,1.976297,0.875415,1.202784,1.982859,0.869749,153.7568992422519,-150.2755241382489
5.78,3.4,1.162062,1.974444,0.887722,1.172777,1.981425,0.881468,149.72926864375603,-146.91509019483587
5.79,3.41,1.133522,1.971679,0.900264,1.143623,1.978765,0.89283,143.64816795620337,-144.94977559958457
5.8,3.42,1.10501,1.968754,0.91363,1.114635,1.9758,0.905618,140.22547559025168,-143.79393434197416
5.81,3.43,1.076856,1.966717,0.928253,1.086664,1.973509,0.920524,141.7608233226276,-145.2975566202737
5.82,3.44,1.049899,1.966134,0.944536,1.060057,1.972335,0.936583,141.94155269040343,-148.59782078661988
5.83,3.45,1.023588,1.965655,0.961745,1.03356,1.971829,0.95352,140.48386499429708,-148.23695962316933
5.84,3.46,0.997643,1.963057,0.979732,1.007015,1.969931,0.971502,138.71208978545658,-143.74139189876684
5.85,3.47,0.971068,1.958537,0.997858,0.979876,1.965852,0.989446,136.3173710986185,-140.29053794977315
5.86,3.48,0.945477,1.953244,1.016354,0.953578,1.960529,1.007033,130.99432163538052,-138.03585044676373
5.87,3.49,0.919828,1.947807,1.035584,0.927738,1.955094,1.026301,130.43415843690474,-137.34752217338928
5.88,3.5,0.895236,1.943838,1.055679,0.903873,1.95069,1.04656,133.4450447596256,-141.5739414512808
5.89,3.51,0.872698,1.941753,1.076649,0.88101,1.948073,1.066995,130.72813056104826,-142.75258429322562
5.9,3.52,0.851395,1.940032,1.099189,0.858943,1.946384,1.089048,126.66050538309483,-139.91779791973792
5.91,3.53,0.830393,1.936218,1.122549,0.836944,1.943043,1.111979,121.789514694108,-133.82649160436569
5.92,3.54,0.808592,1.930691,1.146235,0.815057,1.937455,1.135605,121.3073138465904,-133.7052292838628
5.93,3.55,0.787459,1.924297,1.170516,0.794094,1.931067,1.160078,122.4424134776658,-134.42300121210116
5.94,3.56,0.767417,1.918813,1.195804,0.774062,1.925531,1.185148,121.94734896238808,-134.68700514116446
5.95,3.57,0.748985,1.915497,1.221169,0.755523,1.921403,1.209939,120.20756028205703,-137.90741296311305
5.96,3.58,0.732202,1.913867,1.247074,0.738112,1.919024,1.235084,116.23918374672044,-138.89241248279143
5.97,3.59,0.715562,1.910467,1.27439,0.721282,1.916356,1.262892,116.44932646984763,-134.16596581963594
5.98,3.6,0.69978,1.904369,1.302199,0.704808,1.91123,1.291073,114.31889742303044,-126.23536959656803
5.99,3.61,0.685264,1.898239,1.330068,0.689698,1.904781,1.318536,111.0315179520314,-124.1284137124629
6.0,3.62,0.671425,1.893601,1.357514,0.675319,1.899518,1.345862,108.47919265931122,-123.34906530752552
6.01,3.63,0.658947,1.890595,1.386948,0.662606,1.895707,1.374562,106.4578875569202,-125.59383037138576
6.02,3.64,0.647347,1.88852,1.41614,0.651275,1.894357,1.403924,107.82496159913329,-123.93852009202497
6.03,3.65,0.636792,1.885176,1.44623,0.640877,1.891891,1.434662,109.44962013433664,-121.31380276076948
6.04,3.66,0.626712,1.880531,1.476613,0.630571,1.887392,1.465147,108.60118803874452,-119.35577108590334
6.05,3.67,0.618349,1.876035,1.507084,0.621468,1.882406,1.495427,104.97943611401801,-116.08461740385164
6.06,3.68,0.611581,1.871889,1.537617,0.613586,1.877317,1.525717,99.56379272841944,-110.27327136304169
6.07,3.69,0.605021,1.867988,1.569121,0.607995,1.873356,1.556813,103.58408526552809,-118.98749818686599
6.08,3.7,0.599934,1.865514,1.600468,0.602266,1.870773,1.588041,100.6282846616201,-113.91394952349866
6.09,3.71,0.595756,1.863882,1.631929,0.598755,1.868623,1.620043,104.16093978187098,-122.31609362748007
6.1,3.72,0.592913,1.860969,1.664543,0.594685,1.866442,1.652264,98.21174347803174,-107.9404617665263
6.11,3.73,0.589444,1.855544,1.696747,0.590932,1.861373,1.685196,97.34041758944939,-104.32036389668194
6.12,3.74,0.586885,1.847298,1.730878,0.587963,1.85398,1.718791,95.09653864965286,-99.16450373853019
6.13,3.75,0.584001,1.838934,1.764087,0.585755,1.846163,1.752078,98.30969980233336,-103.63833656098831
6.14,3.76,0.582667,1.832478,1.797134,0.584531,1.839469,1.785324,98.96913877275121,-104.92937674831616
6.15,3.77,0.582635,1.828295,1.829471,0.583584,1.834297,1.816903,94.31816574122264,-98.98488134788994
6.16,3.78,0.583704,1.824694,1.862758,0.58503,1.830091,1.850163,96.0099531634778,-103.80370099447212
6.17,3.79,0.586062,1.821324,1.897784,0.587806,1.827181,1.885212,97.89772336645002,-106.58160314799687
6.18,3.8,0.588633,1.816969,1.932643,0.589951,1.823882,1.920326,96.10778375542976,-100.79419976029796
6.19,3.81,0.59148,1.810534,1.967032,0.592026,1.818461,1.955195,92.64098479566285,-93.94022501857184
6.2,3.82,0.594739,1.802223,2.001865,0.594548,1.810526,1.990514,89.0359914349403,-88.68221556421152
6.21,3.83,0.597673,1.792463,2.036835,0.597099,1.802097,2.026285,86.88574562527727,-86.59031092857093
6.22,3.84,0.600604,1.783006,2.071759,0.600746,1.791863,2.06103,90.7582743667979,-90.91851684560173
6.23,3.85,0.603602,1.774364,2.106872,0.604109,1.782901,2.09561,92.577638051886,-93.39872091105829
6.24,3.86,0.607176,1.767493,2.142589,0.60839,1.775288,2.131003,95.98171759663677,-98.85218056495005
6.25,3.87,0.611308,1.762314,2.177776,0.612505,1.769509,2.166111,95.85888010054273,-99.4455339394396
6.26,3.88,0.615386,1.75793,2.213751,0.616306,1.763946,2.201247,94.20803790736349,-98.69462699605978
6.27,3.89,0.620252,1.752463,2.250692,0.620472,1.758778,2.238174,91.00685204968579,-91.99524556776532
6.28,3.9,0.625148,1.745382,2.287844,0.624614,1.753026,2.275758,87.47012575995808,-86.00388283070986
6.29,3.91,0.631153,1.736344,2.324547,0.62901,1.744659,2.313409,79.10913073490127,-75.54783820062688
6.3,3.92,0.637712,1.725115,2.361778,0.635614,1.733205,2.350469,79.49020041360748,-75.4616124031564
6.31,3.93,0.643594,1.713174,2.398525,0.641648,1.722083,2.388039,79.4866104619125,-77.6783674964534
6.32,3.94,0.649361,1.701523,2.435452,0.647366,1.710679,2.424973,79.22097847274077,-77.707950362756
6.33,3.95,0.654435,1.691444,2.472407,0.652498,1.699857,2.461565,79.87057291617734,-77.03423504808087
6.34,3.96,0.658996,1.682008,2.509838,0.657387,1.690772,2.499207,81.39361192033884,-79.59680609116621
6.35,3.97,0.663251,1.674476,2.547491,0.662189,1.682672,2.53674,84.35853834643616,-82.61701250141093
6.36,3.98,0.667016,1.668363,2.586279,0.666282,1.67591,2.574611,86.40043207182148,-84.44504432494269
6.37,3.99,0.67085,1.66194,2.626164,0.670291,1.669407,2.614468,87.26368100977417,-85.71866778720464
6.38,4.0,0.675191,1.654078,2.66683,0.673514,1.662122,2.655101,81.86305880850298,-78.22374703972274
6.39,4.01,0.679602,1.643999,2.706952,0.677425,1.652207,2.695441,79.29051360051301,-75.14551144764594
6.4,4.02,0.684324,1.632035,2.746744,0.683114,1.639282,2.735809,83.68568840367817,-80.52101160758617
6.41,4.03,0.689627,1.620706,2.786535,0.687832,1.627936,2.775176,81.020120951545,-76.05702647982352
6.42,4.04,0.694651,1.609441,2.826591,0.69278,1.616987,2.814884,80.91983997149981,-76.0745764946379
6.43,4.05,0.699167,1.59925,2.867229,0.698165,1.606838,2.855468,85.13034023608827,-82.47757982675968
6.44,4.06,0.70296,1.590382,2.907683,0.702001,1.597908,2.895915,85.34113682917554,-82.73822415786537
6.45,4.07,0.706219,1.583237,2.94872,0.705492,1.590702,2.936988,86.45407110058585,-84.43763048615976
6.46,4.08,0.709892,1.578309,2.991014,0.709054,1.584977,2.978282,86.23431433708187,-82.83691477658382
6.47,4.09,0.712949,1.572669,3.034134,0.711969,1.579517,3.02163,85.51860872067121,-81.8558419311412
6.48,4.1,0.716028,1.56451,3.077363,0.714694,1.572331,3.06562,83.5190063584065,-80.32041551687632
6.49,4.11,0.719589,1.554163,3.120868,0.718554,1.562007,3.10943,84.82950963638709,-82.48335885550327
6.5,4.12,0.723408,1.543353,3.164752,0.72241,1.550532,3.1528,85.22683691574863,-82.08565993681415
6.51,4.13,0.72725,1.531448,3.207857,0.726414,1.539984,3.196816,85.66995318742906,-84.40639655088816
6.52,4.14,0.730603,1.521812,3.250678,0.730677,1.530369,3.239925,90.39429189559569,-90.49547528268641
6.53,4.15,0.734325,1.513994,3.29371,0.733733,1.5213,3.282355,87.01555091184328,-85.36748455842765
6.54,4.16,0.7374,1.508405,3.337359,0.736904,1.515662,3.325401,87.62481806074985,-86.09004019106278
6.55,4.17,0.741548,1.505578,3.380505,0.740219,1.511188,3.367925,83.96942023070079,-76.67241487695725
6.56,4.18,0.744574,1.502773,3.424632,0.744732,1.506924,3.412023,90.71792048456861,-92.17980368349804
6.57,4.19,0.746916,1.497667,3.471748,0.74643,1.502445,3.458471,87.90364374589453,-84.19206609674707
6.58,4.2,0.750004,1.489867,3.518126,0.748401,1.495694,3.505022,83.02571208868818,-74.61849253021545
6.59,4.21,0.752534,1.480776,3.562511,0.751143,1.487409,3.550122,83.59382972554631,-78.15618897942792
6.6,4.22,0.755637,1.472956,3.607276,0.753819,1.479142,3.594588,81.84587531985267,-73.62249533000706
6.61,4.23,0.75989,1.4666,3.652829,0.757895,1.472565,3.639608,81.41901676734726,-71.50743854741242
6.62,4.24,0.764167,1.462368,3.696692,0.762285,1.468282,3.683844,81.66646971630148,-72.34747649281215
6.63,4.25,0.76905,1.461017,3.74045,0.766696,1.46606,3.727861,79.40865101208378,-64.97750898367407
6.64,4.26,0.77491,1.461161,3.784389,0.772252,1.465412,3.77144,78.40020366045677,-57.98371438569713
6.65,4.27,0.78026,1.46023,3.828902,0.776465,1.463937,3.8159,73.7286276123607,-44.327939568244766
6.66,4.28,0.785225,1.457359,3.874436,0.781912,1.461245,3.861827,75.27835905704868,-49.55082845631631
6.67,4.29,0.791052,1.453591,3.92007,0.787601,1.458119,3.907747,74.35533914287575,-52.68728413819567
6.68,4.3,0.798237,1.45062,3.964559,0.793604,1.454884,3.95213,69.55669482807818,-42.62503848423895
6.69,4.31,0.805735,1.449056,4.007908,0.80242,1.453514,3.995055,75.53766059474174,-53.36524949718743
6.7,4.32,0.814722,1.449091,4.049703,0.81023,1.453102,4.036974,70.56231968001151,-41.762327415502675
6.71,4.33,0.825606,1.451316,4.090742,0.81642,1.453349,4.07776,54.7169609948183,-12.479266754659887
6.72,4.34,0.837664,1.453714,4.133357,0.826318,1.455642,4.12326,41.666433733135996,-9.644020688290626
6.73,4.35,0.849488,1.453994,4.176818,0.845195,1.458431,4.164404,70.92363009935106,-45.94499932399925
6.74,4.36,0.861686,1.452101,4.22058,0.856853,1.457173,4.208466,68.24998343382182,-46.38223469490154
6.75,4.37,0.873688,1.448919,4.264218,0.869932,1.454208,4.251626,73.3909668496888,-54.61941469945238
6.76,4.38,0.886495,1.445907,4.306622,0.881652,1.45106,4.294507,68.21082257239468,-46.776310595873866
6.77,4.39,0.900145,1.444227,4.347477,0.894556,1.448447,4.335362,65.23475719907263,-37.05479599545415
6.78,4.4,0.914493,1.443857,4.389099,0.908842,1.447249,4.376603,65.66634164581592,-30.974192650107934
6.79,4.41,0.929367,1.444399,4.430219,0.924443,1.447941,4.417631,68.6362427892763,-35.72874354153157
6.8,4.42,0.948007,1.446398,4.469595,0.941346,1.449192,4.457232,61.684875109571806,-22.755931643231552
6.81,4.43,0.966962,1.448769,4.508852,0.960134,1.451141,4.496315,61.42605587829864,-19.156873536474347
6.82,4.44,0.985849,1.448951,4.54985,0.979578,1.45265,4.537476,63.12463589079548,-30.53457258062262
6.83,4.45,1.005867,1.447485,4.590528,1.000049,1.451684,4.579008,63.20463921632466,-35.81895129256704
6.84,4.46,1.026149,1.444179,4.631122,1.019723,1.448643,4.619502,61.05687756369617,-34.786853376498904
6.85,4.47,1.046414,1.440827,4.671143,1.039732,1.44571,4.65912,60.93609050032048,-36.158185439808754
6.86,4.48,1.066913,1.439488,4.710611,1.061541,1.44459,4.698456,66.15658248307354,-43.52334970387678
6.87,4.49,1.088514,1.440333,4.748703,1.082947,1.444437,4.736318,65.79630404359933,-36.397690374438454
6.88,4.5,1.110737,1.442821,4.785303,1.104116,1.445552,4.772748,62.19464590638316,-22.414945734380552
6.89,4.51,1.133819,1.444536,4.821472,1.127455,1.447232,4.809065,62.84506828520999,-22.959115665781365
6.9,4.52,1.159052,1.446017,4.858313,1.15222,1.449019,4.846004,60.967928236590105,-23.720821586985597
6.91,4.53,1.183458,1.445337,4.895542,1.176861,1.449198,4.88345,61.38456080583269,-30.33898886941281
6.92,4.54,1.208179,1.442752,4.932668,1.201399,1.447325,4.921177,59.45824858377413,-33.99902569745333
6.93,4.55,1.232148,1.438285,4.970537,1.225713,1.443831,4.95945,59.86871387209863,-40.756383006891795
6.94,4.56,1.256567,1.43316,5.008297,1.249761,1.439791,4.997819,56.99420330461557,-44.25383682617452
6.95,4.57,1.281104,1.427626,5.045246,1.274246,1.434809,5.03534,55.30484646876583,-46.3259599688313
6.96,4.58,1.305907,1.423056,5.081476,1.299081,1.429792,5.071198,56.41039253386749,-44.61977993948494
6.97,4.59,1.331598,1.419379,5.11678,1.324626,1.425521,5.105747,57.71029014627577,-41.378515295883176
6.98,4.6,1.357466,1.416997,5.151272,1.349761,1.422437,5.140357,54.78137658777458,-35.22343158224075
6.99,4.61,1.382451,1.416127,5.185857,1.374627,1.420386,5.174675,55.019673659802336,-28.561694254119228
7.0,4.62,1.40775,1.417187,5.220761,1.399673,1.419933,5.209088,55.31914220479623,-18.77688865998183
7.01,4.63,1.433664,1.417343,5.256556,1.425358,1.419957,5.245115,54.02089474985832,-17.469427787662912
7.02,4.64,1.460822,1.415082,5.293442,1.452642,1.419276,5.282496,53.229055800389325,-27.14484661091586
7.03,4.65,1.488094,1.410574,5.32993,1.479694,1.41559,5.319443,51.30556188397241,-30.843235507655454
7.04,4.66,1.515425,1.404706,5.366148,1.508006,1.410136,5.35605,53.69527726973755,-36.20056740257585
7.05,4.67,1.542707,1.399259,5.401571,1.535835,1.405439,5.391778,54.94167344528239,-41.96509413261927
7.06,4.68,1.569635,1.395964,5.436951,1.562745,1.401779,5.426684,56.13514496719935,-40.16358877140031
7.07,4.69,1.596177,1.394843,5.471538,1.589156,1.400196,5.460922,56.52093580727637,-37.3228757042541
7.08,4.7,1.623146,1.395908,5.505868,1.615244,1.399885,5.495008,53.959453441096045,-26.715669127217186
7.09,4.71,1.650681,1.398,5.540095,1.642364,1.401504,5.529345,52.271796509491466,-22.845972208313626
7.1,4.72,1.679394,1.400669,5.575277,1.670959,1.404617,5.564638,51.59129374435298,-25.08193429327339
7.11,4.73,1.708334,1.402244,5.610751,1.699744,1.406854,5.600448,50.18075684698329,-28.22114517459167
7.12,4.74,1.737789,1.401667,5.645691,1.72949,1.406749,5.635728,50.20630977778402,-31.481758225102194
7.13,4.75,1.767297,1.399822,5.681146,1.75898,1.404552,5.671171,50.179177899598265,-29.62752534854656
7.14,4.76,1.79601,1.397861,5.715753,1.787916,1.402439,5.706201,49.723332298535816,-29.492680614989517
7.15,4.77,1.82469,1.398148,5.74974,1.81547,1.40132,5.739904,46.85148584462956,-18.984995194296403
7.16,4.78,1.853015,1.399711,5.782989,1.843214,1.401789,5.772937,45.7243476795274,-11.97053813000648
7.17,4.79,1.882235,1.402175,5.816088,1.872568,1.404679,5.806603,44.45553895199833,-14.521907223363646
7.18,4.8,1.912758,1.406441,5.848759,1.902441,1.409002,5.838759,44.106103831862384,-13.940813774417588
7.19,4.81,1.943553,1.411687,5.881282,1.933351,1.414199,5.871293,44.39559465346527,-13.832561268577694
7.2,4.82,1.974876,1.416001,5.914564,1.964868,1.419167,5.904723,44.51795206738655,-17.554606911544763
7.21,4.83,2.006177,1.418026,5.947448,1.996204,1.422102,5.938277,42.60110940275335,-22.230006354389868
7.22,4.84,2.037981,1.419046,5.980441,2.027573,1.422905,5.971641,40.21463516639132,-20.34339434302409
7.23,4.85,2.068924,1.41977,6.012683,2.058347,1.423165,6.004017,39.328618029909386,-17.795564513892675
7.24,4.86,2.100192,1.421779,6.044652,2.089586,1.425499,6.036182,38.61102345764212,-19.32805735386827
7.25,4.87,2.130803,1.425631,6.075645,2.120507,1.429138,6.066918,40.28496791280724,-18.809752326485885
7.26,4.88,2.161631,1.431136,6.105798,2.151078,1.434047,6.096928,40.047698971399825,-15.42129142153294
7.27,4.89,2.193635,1.438141,6.134662,2.182967,1.440377,6.125943,39.25926951757464,-11.837761199227577
7.28,4.9,2.22618,1.446326,6.163317,2.214668,1.448014,6.154891,36.20158697887662,-8.341812750170833
7.29,4.91,2.260197,1.453,6.192688,2.248252,1.455167,6.184072,35.80313721753683,-10.282473385933196
7.3,4.92,2.292701,1.458028,6.22128,2.281291,1.460477,6.213762,33.380715655435914,-12.113960028363845
7.31,4.93,2.326389,1.462342,6.249548,2.313494,1.463814,6.242485,28.710916817455143,-6.512282834322641
7.32,4.94,2.359197,1.465707,6.278357,2.348732,1.467804,6.270922,35.392402197624044,-11.330988582555031
7.33,4.95,2.392488,1.470146,6.307106,2.380775,1.472543,6.299748,32.13666440181081,-11.565572850194036
7.34,4.96,2.425107,1.476796,6.333917,2.413497,1.479251,6.326318,33.205628068075285,-11.939635131338335
7.35,4.97,2.457954,1.485646,6.358613,2.44625,1.487664,6.351208,32.32111480825145,-9.78273489902321
7.36,4.98,2.49069,1.495042,6.382061,2.479206,1.497121,6.374819,32.236207697741044,-10.261374717234256
7.37,4.99,2.526325,1.503883,6.406185,2.514297,1.506348,6.399102,30.49280820667306,-11.581743333499958
7.38,5.0,2.561883,1.510656,6.430912,2.55083,1.514219,6.42394,32.24286719355471,-17.86703365674288
7.39,5.01,2.597261,1.51662,6.455033,2.586049,1.520346,6.44818,31.434112915323357,-18.382808788509614
7.4,5.02,2.631162,1.522405,6.478337,2.619523,1.526127,6.471892,28.975128927325528,-17.733596559708918
7.41,5.03,2.664808,1.530102,6.500744,2.65352,1.533398,6.494042,30.698784340838735,-16.27735539830368
7.42,5.04,2.697965,1.539693,6.521177,2.686782,1.542511,6.514733,29.95191320576812,-14.143484654505526
7.43,5.05,2.73175,1.551173,6.539449,2.719358,1.552567,6.533823,24.41817129810989,-6.418330147415871
7.44,5.06,2.764554,1.561847,6.55635,2.749554,1.56188,6.552317,15.049034794297674,-0.12605051156735855
7.45,5.07,2.802733,1.572628,6.571904,2.788254,1.573623,6.569328,10.08809918675918,-3.931197769797931
7.46,5.08,2.83789,1.581219,6.587394,2.827112,1.583758,6.587107,1.5253297239954327,-13.255630342670376
7.47,5.09,2.873329,1.589136,6.60726,2.861527,1.591515,6.60361,17.18524934717973,-11.396731467624539
7.48,5.1,2.908586,1.598328,6.622855,2.897788,1.601035,6.619586,16.843228842100405,-14.073692500380519
7.49,5.11,2.939988,1.60828,6.637239,2.931223,1.611686,6.633214,24.665191889057972,-21.235677733765066
7.5,5.12,2.969503,1.61862,6.650025,2.965157,1.623214,6.644484,51.89166994253702,-46.58900560814045
7.51,5.13,3.01127,1.632226,6.65793,2.99958,1.634998,6.655428,12.080698077615319,-13.339918645610423
7.52,5.14,3.046577,1.641807,6.668108,3.033944,1.64536,6.666634,6.6550962204928785,-15.708506486866654
7.53,5.15,3.081563,1.650806,6.677942,3.069102,1.654647,6.676785,5.304686297972173,-17.13148071805923
7.54,5.16,3.116283,1.660997,6.686396,3.102708,1.663723,6.685731,2.8045126462305983,-11.354567355051934
7.55,5.17,3.149539,1.672337,6.69323,3.133294,1.673241,6.692983,0.8710967757975692,-3.1851042835335326
7.56,5.18,3.181766,1.684561,6.698015,3.165291,1.685016,6.698284,-0.9354291511450067,-1.5819699348195524
7.57,5.19,3.21478,1.696332,6.700865,3.200151,1.697739,6.701099,-0.9164036588283376,-5.4937425053352795
7.58,5.2,3.248481,1.706304,6.703165,3.234067,1.708812,6.70421,-4.146629512590792,-9.870503950944705
7.59,5.21,3.281188,1.71515,6.704756,3.267689,1.718253,6.707274,-10.566085796116914,-12.945629092198086
7.6,5.22,3.313775,1.724241,6.70588,3.301024,1.727265,6.709572,-16.14815740787548,-13.341661082086663
7.61,5.23,3.346618,1.734058,6.706469,3.333573,1.73693,6.709336,-12.395268708956769,-12.416215964237868
7.62,5.24,3.377665,1.744738,6.705267,3.364595,1.747031,6.707695,-10.523811147407852,-9.950701299603715
7.63,5.25,3.407166,1.755539,6.702024,3.394919,1.757859,6.704047,-9.379609333004908,-10.7266724815599
7.64,5.26,3.436043,1.764977,6.695032,3.423314,1.768332,6.69917,-18.00853801768509,-14.765716748551153
7.65,5.27,3.457029,1.7741,6.685381,3.450181,1.776923,6.692633,-46.64121727772849,-22.403276020713424
7.66,5.28,3.499182,1.778982,6.685892,3.486524,1.783156,6.690904,-21.601343196940338,-18.250071747607294
7.67,5.29,3.5279,1.785855,6.679332,3.518175,1.790229,6.686243,-35.39922582216105,-24.2167205856453
7.68,5.3,3.557744,1.793479,6.671773,3.546875,1.797239,6.678146,-30.385078229305236,-19.082446908911905
7.69,5.31,3.585376,1.802112,6.662601,3.575527,1.805341,6.669128,-33.53270996750477,-18.151758662518283
7.7,5.32,3.612967,1.810285,6.652324,3.602969,1.813692,6.6582,-30.443500952667446,-18.817475363817742
7.71,5.33,3.641017,1.816577,6.641134,3.62949,1.821151,6.646949,-26.769472537331907,-21.643549001581185
7.72,5.34,3.667657,1.82148,6.629048,3.657624,1.82652,6.636038,-34.86496089311536,-26.672312329442068
7.73,5.35,3.69363,1.825217,6.61646,3.686546,1.830654,6.625335,-51.40323118301473,-37.506391421407265
7.74,5.36,3.721234,1.829079,6.603545,3.712966,1.834579,6.612165,-46.19405462718888,-33.63245811453606
7.75,5.37,3.747144,1.833882,6.589848,3.738172,1.839008,6.59804,-42.39804348033985,-29.740754746352916
7.76,5.38,3.7711,1.839776,6.574473,3.761532,1.844216,6.582906,-41.3921594983614,-24.893507568623274
7.77,5.39,3.793447,1.845162,6.559211,3.784696,1.849928,6.566898,-41.29652124133921,-28.573748374377082
7.78,5.4,3.815671,1.849389,6.54058,3.806525,1.854435,6.549941,-45.66558807305267,-28.886250548716255
7.79,5.41,3.839519,1.851107,6.52281,3.831069,1.856591,6.532274,-48.239700296102235,-32.98333236988813
7.8,5.42,3.862252,1.851758,6.504741,3.855014,1.857255,6.514024,-52.056285182198955,-37.215360166876195
7.81,5.43,3.88533,1.852116,6.486414,3.87781,1.857625,6.495928,-51.676657620016485,-36.2257514112923
7.82,5.44,3.908042,1.853225,6.467491,3.899111,1.858559,6.47679,-46.15644451842423,-30.847572559562803
7.83,5.45,3.926008,1.855577,6.447166,3.91942,1.860048,6.457494,-57.4671083385682,-34.16309724884693
7.84,5.46,3.944835,1.858403,6.426411,3.937361,1.862848,6.436967,-54.700233606348725,-30.741151034172706
7.85,5.47,3.961769,1.859328,6.404351,3.956809,1.864669,6.414312,-63.52935943436476,-47.1182162606765
7.86,5.48,3.983245,1.85859,6.381604,3.974256,1.864854,6.391088,-46.53492263180921,-34.8707780579531
7.87,5.49,4.003494,1.855638,6.358763,3.99871,1.862097,6.368486,-63.801466556596935,-53.473690423796775
7.88,5.5,4.021509,1.852758,6.335633,4.01737,1.859063,6.345765,-67.77960716178615,-56.716577558202665
7.89,5.51,4.037355,1.850116,6.311817,4.035663,1.856116,6.322835,-81.26946904549413,-74.25154809700605
7.9,5.52,4.055822,1.848468,6.288792,4.050784,1.854372,6.299312,-64.41036367141169,-49.52521771525645
7.91,5.53,4.072163,1.847552,6.263925,4.066018,1.853346,6.274447,-59.71445446145507,-43.316020814063265
7.92,5.54,4.086971,1.847882,6.238787,4.082454,1.853331,6.249853,-67.7953439849387,-50.34264573861379
7.93,5.55,4.101376,1.846911,6.212625,4.096334,1.852574,6.223632,-65.38880391741404,-48.320023122978526
7.94,5.56,4.116511,1.843689,6.185552,4.112674,1.849763,6.196799,-71.1625327635353,-57.71903244794955
7.95,5.57,4.131647,1.839319,6.158756,4.127689,1.84503,6.170255,-71.00634005265421,-55.27616337943015
7.96,5.58,4.146415,1.834166,6.131821,4.142224,1.839623,6.143548,-70.3341060496613,-52.475578885296144
7.97,5.59,4.160397,1.828287,6.104572,4.155914,1.833674,6.116473,-69.35905814466827,-50.23315853338579
7.98,5.6,4.173516,1.822947,6.076955,4.168934,1.828393,6.088967,-69.12055384046349,-49.92437200370567
7.99,5.61,4.185696,1.819409,6.048916,4.181456,1.824989,6.060969,-70.61916605517095,-52.77037330546827
8.0,5.62,4.197379,1.817195,6.020648,4.193788,1.822926,6.032702,-73.41071074923015,-57.92906203619399
8.01,5.63,4.208259,1.81413,5.991355,4.204757,1.820446,6.003176,-73.49794904505822,-60.993171911714875
8.02,5.64,4.219629,1.808984,5.961865,4.216185,1.815774,5.973436,-73.4248550610589,-63.10512478803039
8.03,5.65,4.231553,1.802186,5.931902,4.22809,1.809319,5.943254,-73.03533886979484,-64.10389165437978
8.04,5.66,4.242906,1.795698,5.901814,4.240053,1.802291,5.913784,-76.59391354731355,-66.60033574288646
8.05,5.67,4.253695,1.788752,5.872427,4.250716,1.796021,5.88424,-75.8462701786541,-67.71507615949817
8.06,5.68,4.262486,1.783401,5.841853,4.25909,1.790155,5.853665,-73.95983267842061,-63.30614877831528
8.07,5.69,4.269679,1.779841,5.811369,4.267509,1.786228,5.823392,-79.7689790685161,-71.23467272441196
8.08,5.7,4.276763,1.7772,5.780282,4.27461,1.783284,5.792496,-80.0029924538051,-70.51219653925496
8.09,5.71,4.283229,1.773449,5.748473,4.281322,1.77976,5.760711,-81.14305037246757,-73.18671541459825
8.1,5.72,4.289441,1.767638,5.716243,4.28666,1.774077,5.728609,-77.32557024427537,-66.64051491663243
8.11,5.73,4.294274,1.760077,5.684096,4.295309,1.766505,5.695663,-95.11313427699872,-99.1469331269404
8.12,5.74,4.300338,1.752346,5.650393,4.301757,1.758599,5.662711,-96.57135149061095,-102.78565080932955
8.13,5.75,4.306334,1.745457,5.617759,4.307812,1.751955,5.629969,-96.90197777229926,-102.81417447823551
8.14,5.76,4.312323,1.740294,5.585461,4.313572,1.746441,5.597908,-95.73019016279194,-101.48548802743957
8.15,5.77,4.315494,1.736685,5.553111,4.312639,1.742707,5.565694,-77.21640049576057,-64.63460455995946
8.16,5.78,4.317051,1.732814,5.519762,4.316693,1.739194,5.532088,-88.3363520820063,-86.78833834215862
8.17,5.79,4.31809,1.727203,5.485291,4.317111,1.734293,5.497235,-85.31417827558882,-82.1382096156929
8.18,5.8,4.320657,1.720165,5.450361,4.319784,1.727621,5.462086,-85.7418259624168,-83.32182127199519
8.19,5.81,4.322453,1.711936,5.415799,4.321486,1.719355,5.427538,-85.29089300027658,-82.57387463246133
8.2,5.82,4.321818,1.703671,5.381098,4.32264,1.710901,5.393347,-93.83922130850728,-96.48627427642054
8.21,5.83,4.3232,1.696492,5.347268,4.322322,1.703591,5.359421,-85.86781491457121,-82.94949693427473
8.22,5.84,4.322081,1.690927,5.313547,4.321853,1.697092,5.326129,-88.9618496178903,-87.88199727225066
8.23,5.85,4.321083,1.686781,5.278308,4.31947,1.692255,5.291398,-82.9752065745571,-73.58156332678134
8.24,5.86,4.316751,1.682776,5.242895,4.316912,1.688154,5.255808,-90.71432994267143,-91.71473898247946
8.25,5.87,4.313132,1.677792,5.206374,4.314109,1.684194,5.218647,-94.55146899155854,-98.67688000834424
8.26,5.88,4.308902,1.670377,5.170079,4.310959,1.677536,5.181911,-99.86233278716672,-106.0309797371888
8.27,5.89,4.304645,1.661028,5.133806,4.306965,1.668369,5.145457,-101.26169336440849,-107.53826765123863
8.28,5.9,4.299278,1.650455,5.097323,4.303119,1.658442,5.108781,-108.53240327998954,-115.6832024341686
8.29,5.91,4.295946,1.640082,5.061468,4.297614,1.647872,5.072933,-98.27767242294235,-102.08571545106255
8.3,5.92,4.291202,1.631751,5.025024,4.293239,1.638424,5.037389,-99.35483684379767,-106.97533411405024
8.31,5.93,4.285765,1.625488,4.988372,4.287561,1.632201,5.00052,-98.40987498907904,-104.97815498141074
8.32,5.94,4.279647,1.62053,4.951612,4.281883,1.626967,4.963861,-100.34518082068301,-109.15552883894725
8.33,5.95,4.272776,1.61607,4.914322,4.275148,1.621865,4.926841,-100.72876628545431,-112.26018732229835
8.34,5.96,4.265367,1.610545,4.87601,4.267805,1.616552,4.888407,-101.12583385173419,-112.09025746448619
8.35,5.97,4.257927,1.602932,4.83725,4.260761,1.609827,4.849031,-103.5258958241613,-112.34376421623882
8.36,5.98,4.250193,1.593529,4.798704,4.253454,1.600473,4.810444,-105.52360757419565,-115.15540978324368
8.37,5.99,4.241133,1.583229,4.760492,4.245778,1.591207,4.772303,-111.46859554769976,-120.2090819675037
8.38,6.0,4.234102,1.57334,4.722013,4.23942,1.581372,4.733033,-115.76089390528018,-123.50860620288012
8.39,6.01,4.226157,1.563406,4.683647,4.22841,1.570602,4.695512,-100.75167498218664,-107.38484806828716
8.4,6.02,4.217015,1.555594,4.645067,4.22015,1.563128,4.657089,-104.61563557946285,-112.59285978450498
8.41,6.03,4.207935,1.549599,4.606488,4.209941,1.556518,4.618523,-99.46309422186921,-106.16826328715791
8.42,6.04,4.199046,1.54522,4.567265,4.20126,1.551854,4.579755,-100.05193833983884,-108.45567437076868
8.43,6.05,4.188898,1.541025,4.527298,4.189944,1.547023,4.540295,-94.60125360325152,-99.89241151874779
8.44,6.06,4.178146,1.53534,4.486907,4.179347,1.541896,4.499453,-95.46813212344702,-100.38096604839224
8.45,6.07,4.167216,1.527605,4.445828,4.170143,1.534903,4.45794,-103.58569324300612,-111.85418047561474
8.46,6.08,4.155021,1.518306,4.405455,4.159247,1.525014,4.417066,-109.99974557235377,-122.21068314115068
8.47,6.09,4.145273,1.507375,4.365695,4.148658,1.516343,4.377328,-106.2240740971037,-110.67917299490408
8.48,6.1,4.132191,1.497893,4.325499,4.137826,1.506671,4.336241,-117.68044443932614,-122.69826274865855
8.49,6.11,4.12483,1.488839,4.285817,4.125274,1.496836,4.297085,-92.25649381184581,-93.1778460565803
8.5,6.12,4.111089,1.483393,4.245566,4.114815,1.490058,4.257574,-107.23875794299629,-119.20692604408482
8.51,6.13,4.101814,1.478287,4.205578,4.103594,1.484712,4.217695,-98.3570374181404,-105.48500910592773
8.52,6.14,4.084915,1.476079,4.16405,4.093177,1.480081,4.181216,-115.70152332607344,-154.15508585401938
8.53,6.15,4.071237,1.473524,4.122582,4.086235,1.476032,4.139184,-132.09418916264772,-170.50670576403175
8.54,6.16,4.056971,1.469143,4.080571,4.061663,1.473775,4.093415,-110.06759027821359,-135.36869362080813
8.55,6.17,4.04278,1.461834,4.038073,4.047763,1.46778,4.049928,-112.79842636262693,-129.96443406352432
8.56,6.18,4.029166,1.45351,3.994755,4.033472,1.459601,4.007109,-109.21605541880648,-125.25819711260262
8.57,6.19,4.01574,1.44387,3.953641,4.019664,1.451183,3.965125,-108.86492783912634,-118.21705910917537
8.58,6.2,4.001365,1.436702,3.911804,4.005735,1.443256,3.923718,-110.14280323304209,-123.69410215589234
8.59,6.21,3.986598,1.431625,3.871168,3.993416,1.436034,3.883751,-118.45070249577839,-147.11043975097937
8.6,6.22,3.971086,1.427731,3.830446,3.976657,1.43196,3.842877,-114.13971870752505,-142.79751499306732
8.61,6.23,3.955096,1.424771,3.789101,3.960426,1.429146,3.800938,-114.24122857163823,-140.61997696056926
8.62,6.24,3.938504,1.42352,3.746604,3.943482,1.427735,3.759107,-111.70969963347954,-139.74455668128527
8.63,6.25,3.92176,1.422271,3.703843,3.926601,1.426593,3.715729,-112.16037389093523,-138.24181715262517
8.64,6.26,3.904213,1.418705,3.6609,3.910006,1.423776,3.671753,-118.0919381151609,-138.8021733639079
8.65,6.27,3.886788,1.413119,3.616961,3.892213,1.419197,3.628401,-115.37092945635831,-131.75093180121843
8.66,6.28,3.86931,1.406765,3.573657,3.874617,1.412905,3.584971,-115.12962414087555,-130.83791348999134
8.67,6.29,3.851654,1.400808,3.531846,3.85708,1.406619,3.542863,-116.22077987898045,-133.0377102646847
8.68,6.3,3.833439,1.395733,3.489122,3.837836,1.401439,3.501007,-110.30256553125483,-127.61757188731885
8.69,6.31,3.815334,1.392355,3.44724,3.819983,1.397755,3.459059,-111.47217998154188,-130.72601354672645
8.7,6.32,3.796791,1.390981,3.405156,3.80125,1.395827,3.417665,-109.61928772738862,-132.6184100052483
8.71,6.33,3.777736,1.39113,3.363584,3.782447,1.395182,3.375689,-111.26489414347576,-139.3006938533919
8.72,6.34,3.758051,1.392984,3.320666,3.762839,1.396548,3.332833,-111.48080188932498,-143.33744443884757
8.73,6.35,3.737559,1.394369,3.277748,3.74299,1.398273,3.290342,-113.32749770905116,-144.29004801949716
8.74,6.36,3.716775,1.39357,3.234939,3.723027,1.397341,3.247179,-117.05723241266406,-148.90300709869203
8.75,6.37,3.69584,1.390114,3.191058,3.701298,1.394736,3.203141,-114.30912291707361,-139.7410613327982
8.76,6.38,3.674937,1.385306,3.147264,3.679731,1.39167,3.160527,-109.87272822345871,-126.9907078859807
8.77,6.39,3.653928,1.381042,3.104092,3.659492,1.38708,3.11604,-114.97067196529069,-132.66048057339435
8.78,6.4,3.633238,1.377576,3.061306,3.639217,1.382913,3.073096,-116.89069099286577,-138.2471280240352
8.79,6.41,3.612331,1.375839,3.018831,3.617432,1.380929,3.030983,-112.77102226674646,-135.0618441104766
8.8,6.42,3.591779,1.375432,2.977229,3.597363,1.379767,2.989255,-114.90672849956691,-142.17690889069323
8.81,6.43,3.570538,1.376013,2.934923,3.577612,1.379894,2.946529,-121.36282228261584,-151.2495598257985
8.82,6.44,3.549244,1.378885,2.892018,3.552583,1.38278,2.904595,-104.86816837662963,-130.60492870361685
8.83,6.45,3.528007,1.382201,2.848454,3.533311,1.386167,2.860955,-112.99083542848766,-143.2131547033257
8.84,6.46,3.506058,1.384164,2.804926,3.512054,1.388279,2.817289,-115.87317887074363,-145.53854685552184
8.85,6.47,3.484244,1.384406,2.761148,3.490115,1.38853,2.773222,-115.93140504358362,-144.91442560759205
8.86,6.48,3.462073,1.382793,2.717476,3.468051,1.387124,2.72953,-116.37842063351171,-144.0770538009281
8.87,6.49,3.44065,1.381709,2.674613,3.445512,1.385146,2.686304,-112.58122732175352,-144.74309937151682
8.88,6.5,3.418502,1.379826,2.630976,3.424279,1.384009,2.642771,-116.09486447447085,-144.09252050594543
8.89,6.51,3.39629,1.378476,2.587479,3.402358,1.382837,2.600216,-115.47347178529094,-144.29564339866505
8.9,6.52,3.374074,1.379252,2.545003,3.380144,1.383437,2.557691,-115.56667588848026,-145.4154322237091
8.91,6.53,3.352483,1.381873,2.503214,3.358508,1.385781,2.515604,-115.93269363585885,-147.031319717683
8.92,6.54,3.330091,1.38563,2.460832,3.336218,1.38923,2.473689,-115.4801221343064,-149.56307046900983
8.93,6.55,3.307829,1.391218,2.418334,3.313845,1.394364,2.430986,-115.43099165508136,-152.3931849223604
8.94,6.56,3.285553,1.396887,2.3751,3.291719,1.399714,2.388019,-115.51428090162402,-155.3693964596252
8.95,6.57,3.263003,1.400552,2.331923,3.268929,1.403636,2.344877,-114.58243051807749,-152.50669724931169
8.96,6.58,3.239451,1.401738,2.288673,3.24583,1.405524,2.300875,-117.59981029347301,-149.31044724135882
8.97,6.59,3.216437,1.401931,2.245174,3.222466,1.406119,2.257297,-116.44203813179163,-145.2145112460723
8.98,6.6,3.193332,1.401732,2.202205,3.19939,1.406364,2.214528,-116.17878076688243,-142.59815409636866
8.99,6.61,3.170463,1.402438,2.159729,3.175884,1.40667,2.171719,-114.32899940987166,-142.0219888381059
9.0,6.62,3.147654,1.404182,2.117778,3.15303,1.407759,2.129975,-113.78616393783308,-146.3616123573416
9.01,6.63,3.125154,1.407444,2.07666,3.131087,1.410364,2.08918,-115.35542109900864,-153.7953192564257
9.02,6.64,3.102864,1.412385,2.03596,3.108652,1.41385,2.048807,-114.25314566898432,-165.79617785222996
9.03,6.65,3.079464,1.418482,1.995245,3.085266,1.419787,2.007596,-115.16223860198548,-167.32384627965328
9.04,6.66,3.054808,1.425684,1.95402,3.061362,1.42747,1.966309,-118.07200295134894,-164.75671743363486
9.05,6.67,3.030126,1.432041,1.912297,3.036377,1.434249,1.92467,-116.80349724885127,-160.54558309970258
9.06,6.68,3.004212,1.436514,1.870849,3.011136,1.439244,1.883118,-119.43817406055884,-158.48163622367255
9.07,6.69,2.979445,1.439434,1.829107,2.985649,1.442458,1.841313,-116.94307507060758,-154.01412437776642
9.08,6.7,2.954557,1.441643,1.787022,2.960988,1.444751,1.79927,-117.70240648808688,-154.20626056034695
9.09,6.71,2.930795,1.443159,1.745797,2.936925,1.447454,1.757369,-117.91137354334691,-144.98289545804963
9.1,6.72,2.90593,1.44594,1.705334,2.912335,1.44974,1.716693,-119.41734961426336,-149.31991628177516
9.11,6.73,2.880478,1.450354,1.66613,2.887382,1.45381,1.677317,-121.68059849018906,-153.4083984172623
9.12,6.74,2.855091,1.455686,1.627608,2.861907,1.458816,1.63894,-121.02617344828508,-155.3347685094865
9.13,6.75,2.828989,1.462694,1.589766,2.836989,1.4651,1.600847,-125.82764604629355,-163.26134020696404
9.14,6.76,2.80226,1.471333,1.552125,2.809441,1.473007,1.563469,-122.33470466802373,-166.87783296681238
9.15,6.77,2.775941,1.480099,1.513498,2.782295,1.481491,1.524818,-119.30582079671821,-167.64316509961822
9.16,6.78,2.746916,1.485778,1.474696,2.755481,1.488167,1.485646,-128.03222538805272,-164.41483883236518
9.17,6.79,2.719212,1.49063,1.436315,2.727561,1.493019,1.447129,-127.67010583093351,-164.0319471589267
9.18,6.8,2.691143,1.493711,1.397447,2.699644,1.496779,1.407979,-128.90905099184138,-160.15555177783614
9.19,6.81,2.663785,1.496663,1.358601,2.672176,1.500155,1.369396,-127.85807703766626,-157.40486662293438
9.2,6.82,2.636456,1.500494,1.320876,2.644757,1.503653,1.331731,-127.40574846708147,-159.165349311526
9.21,6.83,2.608589,1.505866,1.284436,2.616972,1.508731,1.295395,-127.41389428111303,-161.1314653490209
9.22,6.84,2.580348,1.51271,1.24939,2.589017,1.515059,1.26034,-128.3682895154626,-164.83887659334064
9.23,6.85,2.551581,1.520872,1.215293,2.56024,1.522515,1.226168,-128.5278513719831,-169.25614742177493
9.24,6.86,2.521465,1.530817,1.182162,2.530974,1.531713,1.192774,-131.86228045122363,-174.6171113189075
9.25,6.87,2.490789,1.54057,1.148272,2.500798,1.54153,1.158365,-134.760580167828,-174.52131033459216
9.26,6.88,2.459187,1.547717,1.113321,2.469158,1.550095,1.123464,-134.5100609586619,-166.5860112484836
9.27,6.89,2.427959,1.552948,1.078552,2.436783,1.556007,1.088943,-130.33779636695414,-160.88019638266675
9.28,6.9,2.39707,1.557896,1.044499,2.406378,1.560642,1.054947,-131.6974672759797,-163.56314799481098
9.29,6.91,2.366102,1.563771,1.01144,2.375696,1.566003,1.021651,-133.21559880104678,-166.90336371123288
9.3,6.92,2.334973,1.571245,0.979869,2.345067,1.572729,0.990017,-134.84715123238288,-171.63640168061
9.31,6.93,2.304215,1.57986,0.949966,2.314114,1.581224,0.959791,-135.2149598352689,-172.15452129505505
9.32,6.94,2.272492,1.591229,0.921866,2.283407,1.591099,0.931388,-138.8992887264686,179.31762719459016
9.33,6.95,2.2406,1.603142,0.894704,2.252409,1.602001,0.903108,-144.5620404663353,174.48114332942933
9.34,6.96,2.207067,1.613774,0.865513,2.218317,1.613953,0.874289,-142.0426027864933,-179.08843740555662
9.35,6.97,2.172645,1.62279,0.835816,2.183699,1.624223,0.844754,-141.0418248236526,-172.61357924884638
9.36,6.98,2.139281,1.630832,0.806805,2.150461,1.632132,0.815642,-141.67612119967325,-173.36748538486225
9.37,6.99,2.10583,1.638886,0.779075,2.117723,1.639611,0.787053,-146.14570758496882,-176.51155309983795
9.38,7.0,2.072791,1.6483,0.752218,2.084607,1.648727,0.760623,-144.57485856796245,-177.93037776526953
9.39,7.01,2.040344,1.659477,0.7274,2.052052,1.6592,0.735614,-144.9475917827525,178.64468989852963
9.4,7.02,2.008009,1.671952,0.704012,2.020169,1.671355,0.71189,-147.06233781454492,177.1892979042435
9.41,7.03,1.975495,1.685405,0.682027,1.987526,1.684527,0.689193,-149.22078950912385,175.82605996705107
9.42,7.04,1.940662,1.697996,0.659534,1.953099,1.698339,0.666885,-149.4144099820536,-178.42024024391927
9.43,7.05,1.905962,1.709513,0.637058,1.917669,1.710559,0.64453,-147.45192020541455,-174.89427989178563
9.44,7.06,1.870907,1.719963,0.614928,1.883377,1.72095,0.622093,-150.11922987319178,-175.47447598723272
9.45,7.07,1.836875,1.729965,0.593402,1.849121,1.730922,0.600254,-150.77169354242469,-175.5315330297939
9.46,7.08,1.80337,1.741449,0.573048,1.815679,1.742236,0.579836,-151.12474031777853,-176.34166181917317
9.47,7.09,1.770598,1.754005,0.554915,1.782871,1.754234,0.561403,-152.1372738357318,-178.93105099368447
9.48,7.1,1.738331,1.767708,0.53806,1.751392,1.767647,0.544356,-154.2638045838976,179.7324081510846
9.49,7.11,1.704887,1.781455,0.521928,1.717354,1.782812,0.535581,-132.40022385062227,-173.78796168599726
9.5,7.12,1.669994,1.79507,0.507279,1.682392,1.796923,0.519911,-134.46436988289972,-171.49951864385406
9.51,7.13,1.635677,1.807029,0.490901,1.648032,1.808802,0.497917,-150.40917554827314,-171.83354328451514
9.52,7.14,1.601351,1.818442,0.476546,1.616814,1.819718,0.478544,-172.63750986234862,-175.2826654773321
9.53,7.15,1.567254,1.830158,0.462947,1.58116,1.830088,0.459941,167.80229728310283,179.7115870350557
9.54,7.16,1.534909,1.842254,0.450677,1.546997,1.844269,0.466292,-127.74443711110065,-170.53614053751772
9.55,7.17,1.502572,1.855303,0.438393,1.51575,1.856417,0.449277,-140.4459504760944,-175.1679991699197
9.56,7.18,1.47026,1.86884,0.429909,1.483852,1.870003,0.433835,-163.8888297520053,-175.10939653601756
9.57,7.19,1.437309,1.881548,0.421439,1.450282,1.882742,0.430872,-143.9781417082246,-174.74146540102558
9.58,7.2,1.403555,1.89283,0.412366,1.41713,1.894395,0.419179,-153.3489115894963,-173.42366244760962
9.59,7.21,1.370832,1.903884,0.404571,1.384369,1.904877,0.4106,-155.99315017477332,-175.80461037785778
9.6,7.22,1.339091,1.914673,0.398097,1.352472,1.915924,0.403758,-157.06859798991206,-174.6588986636031
9.61,7.23,1.308111,1.925964,0.392124,1.321539,1.927803,0.3987,-153.9079470253747,-172.2017054628539
9.62,7.24,1.277755,1.937984,0.386812,1.291476,1.939797,0.395557,-147.48883630270396,-172.47292721681785
9.63,7.25,1.247005,1.949253,0.382426,1.260944,1.951277,0.39466,-138.7271794503713,-171.73815963780052
9.64,7.26,1.215844,1.960189,0.386104,1.229571,1.962089,0.393996,-150.10431351837835,-172.11956998658658
9.65,7.27,1.184652,1.970135,0.387603,1.19821,1.971886,0.393154,-157.73452314941574,-172.64105036151324
9.66,7.28,1.153993,1.978665,0.393375,1.167722,1.980796,0.392531,176.48212856474376,-171.17702076039004
9.67,7.29,1.124555,1.987672,0.395921,1.138176,1.989326,0.393248,168.897302197678,-173.0764622571869
9.68,7.3,1.095432,1.9968,0.398675,1.109003,1.99903,0.396163,169.51320973425442,-170.6684929740476
9.69,7.31,1.067291,2.006453,0.404349,1.080469,2.008358,0.4011,166.15009693174042,-171.77435507013348
9.7,7.32,1.039131,2.015217,0.409256,1.053488,2.01729,0.407774,174.1065217190974,-171.78387472131075
9.71,7.33,1.009951,2.023259,0.414196,1.023812,2.024657,0.412904,174.674780305941,-174.2407082444199
9.72,7.34,0.981587,2.028896,0.420817,0.995146,2.030996,0.419046,172.55847580213702,-171.19605527119816
9.73,7.35,0.954811,2.033227,0.429255,0.96723,2.03682,0.424884,160.60993472447495,-163.86406326379324
9.74,7.36,0.927455,2.038234,0.437588,0.939778,2.041953,0.432497,157.55301585081304,-163.20653269489367
9.75,7.37,0.900689,2.043627,0.447071,0.913483,2.04721,0.442259,159.38802680160074,-164.3549297077304
9.76,7.38,0.875892,2.049881,0.45782,0.888414,2.053277,0.452846,158.33599020113363,-164.8262177778134
9.77,7.39,0.851595,2.055292,0.469903,0.863705,2.058908,0.464719,156.82539647424025,-163.37457482448215
9.78,7.4,0.827244,2.058327,0.482677,0.838864,2.063173,0.476674,152.67870334298888,-157.3619314689297
9.79,7.41,0.802452,2.060106,0.495551,0.813555,2.065459,0.48891,149.11523227057666,-154.2602636470371
9.8,7.42,0.778787,2.060986,0.508752,0.789062,2.066592,0.501405,144.4338483276742,-151.38328964388253
9.81,7.43,0.754285,2.061857,0.522701,0.764489,2.067832,0.515016,143.0152795087384,-149.6486936992076
9.82,7.44,0.731387,2.063743,0.537144,0.742324,2.068717,0.52978,146.0471925682166,-155.54460003485264
9.83,7.45,0.709809,2.065995,0.553314,0.720736,2.071063,0.546276,147.21471409599292,-155.11788200717362
9.84,7.46,0.689331,2.067566,0.570388,0.69964,2.073402,0.562725,143.3754311680904,-150.48548360592056
9.85,7.47,0.668534,2.067097,0.588038,0.678346,2.07364,0.580446,142.26921547256924,-146.30319528159578
9.86,7.48,0.648113,2.065129,0.605543,0.656925,2.072061,0.598744,142.3476046436775,-141.80947860411777
9.87,7.49,0.628168,2.062024,0.623776,0.636261,2.069242,0.6162,136.889793571413,-138.27080763328183
9.88,7.5,0.608651,2.05833,0.643204,0.616432,2.065871,0.635168,134.07636352354118,-135.89739346252836
9.89,7.51,0.589611,2.055973,0.662679,0.598081,2.06314,0.653903,133.98349362164961,-139.7633384534173
9.9,7.52,0.571802,2.05415,0.682929,0.580563,2.060529,0.673763,133.70581557722866,-143.9411417898022
9.91,7.53,0.555486,2.052885,0.704225,0.56364,2.059227,0.694311,129.43638321634774,-142.12501634890148
9.92,7.54,0.539647,2.04969,0.726274,0.546944,2.05686,0.716186,125.87951931251155,-135.50296378564275
9.93,7.55,0.522841,2.044648,0.748183,0.529732,2.052307,0.738439,125.26811955456873,-131.9785318808457
9.94,7.56,0.507193,2.038232,0.770248,0.513005,2.046174,0.760219,120.09312371294364,-126.19687436746179
9.95,7.57,0.491868,2.031094,0.792707,0.497059,2.039023,0.782447,116.83692051858655,-123.21218059636949
9.96,7.58,0.476612,2.024557,0.81635,0.48219,2.032388,0.805928,118.15631182691445,-125.4621674198032
9.97,7.59,0.462477,2.019278,0.840164,0.468212,2.026671,0.829716,118.76277435401023,-127.80194207151982
9.98,7.6,0.449889,2.015096,0.864821,0.455563,2.022557,0.854555,118.92935102948778,-127.25254844512042
9.99,7.61,0.438842,2.010239,0.890694,0.443908,2.017941,0.880087,115.52956669578784,-123.33496855915733
10.0,7.62,0.427794,2.003115,0.916773,0.432254,2.011401,0.906216,112.90252655126633,-118.29168332262338
10.01,7.63,0.416957,1.994206,0.942448,0.420591,2.002522,0.932041,109.24859118040911,-113.60479564699526
10.02,7.64,0.406274,1.984682,0.968723,0.409881,1.992769,0.957826,108.31498428273244,-114.03804149461557
10.03,7.65,0.395835,1.975886,0.995787,0.399732,1.983632,0.98484,109.59511632792999,-116.70689406728502
10.04,7.66,0.386248,1.968172,1.022773,0.390311,1.975696,1.011828,110.3659196703568,-118.3692821264202
10.05,7.67,0.37874,1.962048,1.051176,0.382456,1.969439,1.03992,108.26986699962485,-116.69204453383105
10.06,7.68,0.372457,1.955745,1.080043,0.375536,1.963553,1.068668,105.14595315173644,-111.52125845394879
10.07,7.69,0.366416,1.947407,1.108815,0.369293,1.955777,1.097949,104.82995826534585,-108.96925993002407
10.08,7.7,0.360935,1.937195,1.13819,0.362818,1.945672,1.127285,99.79683389977002,-102.52379802310006
10.09,7.71,0.355955,1.926612,1.167436,0.357395,1.934344,1.156085,97.2299831330572,-100.54984353236574
10.1,7.72,0.351277,1.915749,1.197645,0.353422,1.923585,1.186501,100.89506144572475,-105.30893148011847
10.11,7.73,0.347225,1.906484,1.22791,0.349265,1.914251,1.216464,100.10561279776154,-104.71632634391642
10.12,7.74,0.345119,1.899609,1.258639,0.345189,1.9068,1.24697,90.34370181315846,-90.5577218593426
10.13,7.75,0.344557,1.893413,1.289639,0.345655,1.90063,1.277937,95.36037524002316,-98.65068629229097
10.14,7.76,0.345085,1.885289,1.320378,0.344817,1.892602,1.308672,88.68848565263214,-87.90121696118214
10.15,7.77,0.345824,1.875082,1.351828,0.343629,1.882161,1.340394,79.13305984061537,-72.7727979688272
10.16,7.78,0.346967,1.864399,1.384037,0.346703,1.871884,1.372266,88.71518559685146,-87.97998421781773
10.17,7.79,0.349028,1.854675,1.41559,0.34646,1.861709,1.403886,77.62471092136504,-69.94367708702067
10.18,7.8,0.351958,1.846426,1.44742,0.348696,1.853086,1.435243,75.0035881227723,-63.904859044859684
10.19,7.81,0.356205,1.839905,1.478702,0.352912,1.845868,1.466541,74.84858395205057,-61.090816348852904
10.2,7.82,0.361731,1.832643,1.510393,0.358905,1.838956,1.498632,76.48879038668845,-65.88443330988649
10.21,7.83,0.367188,1.822731,1.543424,0.364322,1.830355,1.53296,74.68281575675886,-69.39784811336392
10.22,7.84,0.372936,1.811778,1.576744,0.371377,1.819967,1.565755,81.92538142405893,-79.22116790639853
10.23,7.85,0.378862,1.80072,1.609344,0.37772,1.808598,1.598162,84.16869037955348,-81.75182095073073
10.24,7.86,0.385159,1.790266,1.640657,0.382235,1.797671,1.630592,73.8008021934048,-68.45250619112271
10.25,7.87,0.394345,1.781521,1.673849,0.389664,1.787749,1.662213,68.08576695459024,-53.07126958878516
10.26,7.88,0.403994,1.773543,1.70678,0.40076,1.779704,1.694968,74.68825601227987,-62.30435476012541
10.27,7.89,0.413766,1.766814,1.740582,0.411321,1.773088,1.728087,78.92835728684634,-68.70896137148816
10.28,7.9,0.424765,1.760236,1.775021,0.42157,1.766999,1.763146,74.94102898060768,-64.71284978108085
10.29,7.91,0.436293,1.752179,1.809104,0.432878,1.759512,1.797537,73.55147865844883,-65.02846388829059
10.3,7.92,0.448464,1.741387,1.842349,0.444655,1.748904,1.831397,70.82281817976336,-63.12784176396569
10.31,7.93,0.460029,1.728448,1.876714,0.45723,1.736749,1.865713,75.72504080108803,-71.36649609749352
10.32,7.94,0.472291,1.715465,1.911304,0.469701,1.723866,1.900455,76.57299804519664,-72.86564582238142
10.33,7.95,0.484215,1.703893,1.945525,0.481489,1.71222,1.934525,76.0814723026089,-71.8731678570654
10.34,7.96,0.49561,1.693723,1.979737,0.494297,1.701133,1.968498,83.33660586794193,-79.95188506486575
10.35,7.97,0.508113,1.68419,2.014404,0.505924,1.691623,2.002756,79.35658717804753,-73.59042997094399
10.36,7.98,0.520727,1.675505,2.049609,0.518402,1.682837,2.038082,78.59642207246954,-72.40601677897547
10.37,7.99,0.533917,1.667782,2.085817,0.53173,1.674943,2.074246,79.29695525402018,-73.01710472505412
10.38,8.0,0.547648,1.659328,2.122705,0.545331,1.667048,2.111111,78.69862097882641,-73.29394707933109
10.39,8.01,0.562253,1.649493,2.158651,0.558977,1.657445,2.14782,73.17126358666353,-67.609718714834
10.4,8.02,0.577508,1.637149,2.195015,0.573647,1.645717,2.18441,69.99477306378961,-65.74223200656341
10.41,8.03,0.592115,1.623698,2.231131,0.588834,1.632682,2.220994,72.06500759532399,-69.93756343067108
10.42,8.04,0.607159,1.610587,2.26764,0.603665,1.61983,2.257583,70.84176548617646,-69.29261598528997
10.43,8.05,0.62149,1.598429,2.304095,0.618522,1.607225,2.293808,73.90611835206253,-71.35426236831678
10.44,8.06,0.635014,1.587527,2.341294,0.633056,1.596037,2.330595,79.62919073704,-77.04275942370967
10.45,8.07,0.648929,1.578292,2.378815,0.646538,1.586762,2.367953,77.58573899605197,-74.2361343201278
10.46,8.08,0.662575,1.570512,2.417195,0.659864,1.578267,2.405865,76.54348209656659,-70.73134790809584
10.47,8.09,0.675609,1.563493,2.456558,0.672928,1.570577,2.444674,77.28703921492962,-69.27042563805377
10.48,8.1,0.688834,1.555207,2.496127,0.68549,1.562585,2.484929,73.3730727951471,-65.61809542753667
10.49,8.11,0.702579,1.545186,2.536035,0.698533,1.552513,2.524915,70.00613790244998,-61.09233681642405
10.5,8.12,0.716817,1.532544,2.575397,0.713415,1.539593,2.564655,72.42696375156667,-64.23703733572782
10.51,8.13,0.731458,1.519261,2.615291,0.727617,1.52692,2.604522,70.37010943712421,-63.36616640756861
10.52,8.14,0.744725,1.506175,2.655225,0.74148,1.51449,2.644447,73.24419866040478,-68.68135846442276
10.53,8.15,0.756904,1.495731,2.695183,0.754546,1.503233,2.683938,78.15705796618644,-72.55122282966103
10.54,8.16,0.769092,1.487095,2.735662,0.766633,1.494183,2.724035,78.05845333433221,-70.86709302605054
10.55,8.17,0.780448,1.479837,2.776753,0.778371,1.486201,2.76497,80.0031163976458,-71.92502275869134
10.56,8.18,0.791547,1.473667,2.818829,0.789753,1.478964,2.806211,81.90804396478403,-71.2896706988374
10.57,8.19,0.802484,1.466436,2.862624,0.80052,1.472767,2.850494,80.80290574483848,-72.76508787679249
10.58,8.2,0.813922,1.457208,2.906519,0.810646,1.464829,2.895076,74.02418846880394,-66.73883082051204
10.59,8.21,0.825101,1.446293,2.950384,0.822097,1.453892,2.938981,75.24135132216597,-68.43036091851677
10.6,8.22,0.8368,1.433789,2.994192,0.834215,1.442162,2.98331,76.63716495400402,-72.84295040450462
10.61,8.23,0.848179,1.421372,3.037158,0.846327,1.429526,3.026244,80.36920132103478,-77.20363060076829
10.62,8.24,0.858927,1.411666,3.080081,0.857882,1.41792,3.068023,85.04686828904849,-80.5139091586261
10.63,8.25,0.869374,1.402783,3.12369,0.868872,1.408499,3.111305,87.6789063079931,-84.98095287316312
10.64,8.26,0.879803,1.394781,3.167702,0.878273,1.400969,3.155298,82.96823804802139,-76.11199883909264
10.65,8.27,0.890123,1.38921,3.212148,0.888342,1.394876,3.199668,81.87825345437633,-72.55044507993522
10.66,8.28,0.900115,1.385225,3.25804,0.8986,1.390287,3.24508,83.3324904897571,-73.33814628118193
10.67,8.29,0.910129,1.379677,3.304542,0.907898,1.38525,3.292133,79.80774432227813,-68.18263907979153
10.68,8.3,0.920303,1.372206,3.351201,0.91707,1.377571,3.338754,75.43966837736347,-58.926433489412425
10.69,8.31,0.930754,1.362715,3.397492,0.927152,1.366968,3.384559,74.43682432812703,-49.73768349462192
10.7,8.32,0.940922,1.352148,3.443961,0.938164,1.358667,3.431941,77.07711868167782,-67.0681862821526
10.71,8.33,0.951232,1.34291,3.490433,0.948252,1.35006,3.478134,76.37993865648171,-67.37444530227498
10.72,8.34,0.961796,1.33598,3.53615,0.959459,1.342567,3.524021,79.09397506613723,-70.46583722292488
10.73,8.35,0.972899,1.331275,3.58206,0.970264,1.337368,3.569779,77.89026896530464,-66.61328017986509
10.74,8.36,0.983826,1.328482,3.628013,0.981226,1.333967,3.615339,78.40693470678474,-64.6381099787317
10.75,8.37,0.995186,1.327591,3.674436,0.991776,1.332166,3.661658,75.05797817719504,-53.30080431170919
10.76,8.38,1.007002,1.326166,3.721707,1.002318,1.331093,3.709609,68.83502007487161,-46.44833095357291
10.77,8.39,1.018566,1.322269,3.770025,1.014263,1.328091,3.757911,70.44451144972926,-53.53214918498922
10.78,8.4,1.030343,1.316574,3.818328,1.026232,1.322944,3.806481,70.86283301424368,-57.16305917056974
10.79,8.41,1.04158,1.309637,3.866697,1.038022,1.316927,3.854493,73.74628564748687,-63.984577217951205
10.8,8.42,1.053512,1.303655,3.913938,1.049939,1.310486,3.901927,73.43345256986892,-62.38788405092274
10.81,8.43,1.065156,1.299404,3.96073,1.062324,1.305526,3.948312,77.1530645818929,-65.17502567746172
10.82,8.44,1.077724,1.297389,4.007061,1.074063,1.302415,3.994332,73.95418432388492,-53.92994643609996
10.83,8.45,1.09053,1.296941,4.052678,1.086265,1.300795,4.039562,71.98675142981271,-42.10204690583512
10.84,8.46,1.103758,1.297889,4.098863,1.099577,1.300866,4.085496,72.63108871610397,-35.452030060700274
10.85,8.47,1.117929,1.299472,4.147133,1.114475,1.303581,4.133817,75.45867617524026,-49.94979857159466
10.86,8.48,1.131681,1.299865,4.195939,1.128096,1.305001,4.183108,74.3895596795961,-55.08441909309119
10.87,8.49,1.146029,1.298593,4.244156,1.141836,1.304146,4.231856,71.17604874691592,-52.944008240210856
10.88,8.5,1.160349,1.295964,4.292606,1.15611,1.301852,4.280094,71.28388922568878,-54.2484199375137
10.89,8.51,1.17458,1.293086,4.340268,1.170561,1.299273,4.328119,71.69531368469357,-56.99273642445946
10.9,8.52,1.189083,1.291465,4.387129,1.184987,1.297324,4.375134,71.14621521070018,-55.042779324037596
10.91,8.53,1.203899,1.291345,4.433928,1.199716,1.297408,4.421806,70.9617220299493,-55.39733352243573
10.92,8.54,1.219043,1.29291,4.480274,1.215188,1.298711,4.46766,73.00617637918435,-56.39434860542658
10.93,8.55,1.234681,1.296497,4.525725,1.231191,1.301343,4.512835,74.85024580619879,-54.239261046137436
10.94,8.56,1.251181,1.302045,4.571373,1.246875,1.305822,4.558483,71.52772146748745,-41.25556048353409
10.95,8.57,1.268029,1.3078,4.617952,1.264358,1.311218,4.604592,74.63571068700932,-42.95603295063279
10.96,8.58,1.285274,1.311822,4.664562,1.28054,1.315273,4.651703,69.78897618833835,-36.0913692970538
10.97,8.59,1.301551,1.313311,4.712171,1.296404,1.317048,4.699762,67.47232368906187,-35.98167611477347
10.98,8.6,1.317756,1.313565,4.7595,1.312707,1.316614,4.74689,68.17900837289297,-31.127020407250864
10.99,8.61,1.334231,1.313698,4.80535,1.328801,1.315822,4.792589,66.949507926675,-21.363460595344403
11.0,8.62,1.349492,1.313606,4.851916,1.345431,1.315756,4.839111,72.40400559496786,-27.89791926857822
11.01,8.63,1.366282,1.313564,4.897297,1.362848,1.316816,4.884936,74.47421556141651,-43.44073326504764
11.02,8.64,1.385956,1.315776,4.942845,1.380663,1.319188,4.930378,66.9958237829623,-32.8068391259164
11.03,8.65,1.403531,1.319701,4.987594,1.398211,1.322955,4.974918,67.23265754417996,-31.452213199705643
11.04,8.66,1.421508,1.325784,5.032026,1.41627,1.328647,5.019168,67.83535273654175,-28.660251429304083
11.05,8.67,1.439856,1.332428,5.077157,1.434407,1.335475,5.064431,66.82043036494535,-29.21327331748041
11.06,8.68,1.457319,1.337828,5.122666,1.452815,1.340804,5.110154,70.2024208986165,-33.45457448497268
11.07,8.69,1.477507,1.339801,5.16865,1.471707,1.34396,5.15636,64.73604467852715,-35.64313289050295
11.08,8.7,1.496163,1.340463,5.215179,1.490864,1.345451,5.202909,66.64210953820874,-43.26834241387376
11.09,8.71,1.513977,1.340625,5.261072,1.509399,1.346756,5.249295,68.75771207199321,-53.25140904050016
11.1,8.72,1.53229,1.342695,5.305749,1.527029,1.348154,5.294134,65.63190899702315,-46.0581412831262
11.11,8.73,1.550946,1.346335,5.349126,1.545941,1.350998,5.337061,67.46955155468046,-42.97403917502464
11.12,8.74,1.570313,1.351734,5.391534,1.564838,1.355484,5.379529,65.48416947542266,-34.40847225202747
11.13,8.75,1.589624,1.358112,5.434231,1.584512,1.361423,5.421205,68.57267978502692,-32.93079546841142
11.14,8.76,1.610191,1.366622,5.47608,1.604474,1.369143,5.463222,66.02882922038073,-23.79582638772765
11.15,8.77,1.631472,1.375524,5.518603,1.625632,1.377847,5.506172,64.83617843359536,-21.69137518126969
11.16,8.78,1.652126,1.382866,5.561932,1.646602,1.385329,5.549764,65.58301328087958,-24.030780648279624
11.17,8.79,1.674679,1.38813,5.604703,1.66807,1.390176,5.592964,60.62070015914005,-17.201366678655354
11.18,8.8,1.696342,1.392179,5.647397,1.689797,1.393945,5.635906,60.33519097661144,-15.100191494469762
11.19,8.81,1.718227,1.396283,5.689842,1.711461,1.399027,5.678462,59.266321917864566,-22.075368600733423
11.2,8.82,1.73959,1.401973,5.731492,1.733107,1.404647,5.719708,61.18248738052896,-22.41435368778264
11.21,8.83,1.761547,1.409947,5.771742,1.754959,1.411924,5.759552,61.611306346549036,-16.704031448712986
11.22,8.84,1.783835,1.419755,5.810487,1.777128,1.421125,5.798605,60.55669458331845,-11.544662473501448
11.23,8.85,1.80889,1.431404,5.848663,1.800236,1.431516,5.836916,53.62097262227414,-0.7414801319871737
11.24,8.86,1.833964,1.442905,5.887235,1.824636,1.443584,5.875519,51.47403222547944,-4.163308292209905
11.25,8.87,1.859622,1.45249,5.926131,1.841336,1.458423,5.906294,47.32974248029857,-17.97595904261376
11.26,8.88,1.884894,1.460553,5.964459,1.876369,1.4614,5.95384,51.24228403517053,-5.6739917757269716
11.27,8.89,1.9101,1.467662,6.003205,1.906538,1.46599,5.995752,64.45554215887579,25.145323634376517
11.28,8.9,1.93493,1.474948,6.041765,1.925817,1.475878,6.031386,48.716125421404016,-5.826976974485005
11.29,8.91,1.960275,1.483799,6.0791,1.951285,1.484596,6.068218,50.438699269465396,-5.0662583587283905
11.3,8.92,1.985234,1.494191,6.114506,1.975711,1.494535,6.103654,48.73194485482018,-2.0687999507499115
11.31,8.93,2.011873,1.506299,6.148662,2.002125,1.506119,6.137716,48.31322207072025,1.0578650379077676
11.32,8.94,2.039092,1.519438,6.181906,2.028129,1.518612,6.170874,45.17974066004063,4.3087716998055114
11.33,8.95,2.066534,1.532032,6.216126,2.05691,1.532215,6.205448,47.97190343093123,-1.0893458257091344
11.34,8.96,2.096199,1.542709,6.250351,2.086054,1.544079,6.239919,45.79908745375815,-7.690805061687578
11.35,8.97,2.123694,1.552168,6.283982,2.113694,1.553543,6.274209,44.342256076312026,-7.829076510059232
11.36,8.98,2.151182,1.560443,6.31708,2.141094,1.561907,6.308455,40.52965505804838,-8.25728478569493
11.37,8.99,2.181017,1.570304,6.350674,2.170267,1.571728,6.341393,40.80564650832373,-7.545761559028737
11.38,9.0,2.207467,1.580728,6.38274,2.197379,1.581949,6.37351,42.45690589091263,-6.901219507870486
11.39,9.01,2.234572,1.592672,6.412961,2.224834,1.593668,6.403412,44.43855676233147,-5.839889322143342
11.4,9.02,2.264072,1.606692,6.441417,2.252056,1.606358,6.432147,37.64915797935264,1.5921990738005964
11.41,9.03,2.293307,1.620664,6.46797,2.281729,1.619931,6.459095,37.471608075787024,3.6225453592565384
11.42,9.04,2.323551,1.633939,6.49556,2.311685,1.633777,6.486938,36.002674701717275,0.7821793074184563
11.43,9.05,2.352852,1.645585,6.523684,2.341713,1.646517,6.5151,37.618771500064845,-4.782797039775068
11.44,9.06,2.382676,1.656619,6.55142,2.370393,1.657257,6.544027,31.043263508143518,-2.9733685821216382
11.45,9.07,2.412654,1.666581,6.579371,2.40104,1.667271,6.571632,33.677542614123844,-3.4000061979527767
11.46,9.08,2.442649,1.67684,6.606562,2.431951,1.677911,6.598222,37.93944332076194,-5.716956330355315
11.47,9.09,2.472485,1.687829,6.631741,2.461921,1.68886,6.623491,37.98820589659361,-5.574163362851119
11.48,9.1,2.5025,1.69986,6.654942,2.492273,1.701035,6.646646,39.04848320470805,-6.554086472722205
11.49,9.11,2.532338,1.712408,6.67631,2.523415,1.71343,6.668398,41.56331759924395,-6.533926813562861
11.5,9.12,2.56344,1.724691,6.696722,2.554816,1.726082,6.689124,41.38100899562104,-9.162555926466608
11.51,9.13,2.595106,1.736147,6.717335,2.586774,1.738288,6.710668,38.665678035955445,-14.411005408856525
11.52,9.14,2.628506,1.746217,6.738185,2.616225,1.749039,6.731696,27.850950279691425,-12.94111043767654
11.53,9.15,2.65971,1.755593,6.759009,2.65096,1.75816,6.751731,39.75271641133868,-16.350181293742747
11.54,9.16,2.6921,1.76512,6.777917,2.680148,1.767323,6.771356,28.764399067717243,-10.443575877664868
11.55,9.17,2.723437,1.77542,6.795511,2.712027,1.777517,6.789176,29.039679436868585,-10.413956753971602
11.56,9.18,2.755196,1.78603,6.810685,2.743179,1.787831,6.80505,25.12277449768507,-8.523537859185835
11.57,9.19,2.787034,1.795714,6.825003,2.775072,1.797965,6.819551,24.502389659497815,-10.657246183157847
11.58,9.2,2.819193,1.804465,6.839593,2.807191,1.806775,6.833345,27.50057939649919,-10.89437987062697
11.59,9.21,2.851234,1.812574,6.854359,2.839426,1.815024,6.847544,29.99143990919265,-11.721776650063632
11.6,9.22,2.883539,1.820238,6.867828,2.871392,1.823193,6.861588,27.189887038919125,-13.672751460446042
11.61,9.23,2.916276,1.82764,6.87991,2.904173,1.830563,6.874564,23.831463101616833,-13.577529875901083
11.62,9.24,2.948794,1.835028,6.890252,2.936317,1.837813,6.884853,23.39891685103358,-12.582767218459784
11.63,9.25,2.979194,1.842462,6.898532,2.969508,1.844829,6.891688,35.244524002407694,-13.73242300957291
11.64,9.26,3.013669,1.849021,6.903498,3.000909,1.851421,6.898233,22.421903221920566,-10.652185049067512
11.65,9.27,3.046677,1.854218,6.908976,3.033917,1.856963,6.904094,20.936944675613578,-12.14074699049047
11.66,9.28,3.080131,1.858786,6.91362,3.067662,1.861571,6.909444,18.51624283063807,-12.59058289722653
11.67,9.29,3.111548,1.862251,6.918629,3.097711,1.864931,6.915354,13.315967040058174,-10.961529954803133
11.68,9.3,3.142605,1.865591,6.921394,3.129914,1.86865,6.91946,8.664723729040002,-13.551897394808421
11.69,9.31,3.175129,1.869251,6.922095,3.163466,1.872887,6.922575,-2.3567231690256145,-17.31513509132066
11.7,9.32,3.207138,1.874116,6.921731,3.19486,1.877034,6.922964,-5.734617879745024,-13.368942440259984
11.71,9.33,3.240881,1.877497,6.921573,3.22484,1.880603,6.920076,5.331592323144761,-10.958504977338436
11.72,9.34,3.275064,1.879004,6.920516,3.253339,1.882115,6.915699,12.501718036270463,-8.14930112481317
11.73,9.35,3.308214,1.87758,6.917946,3.280874,1.881662,6.910532,15.172452131154776,-8.4918199903356
11.74,9.36,3.343232,1.877031,6.91655,3.309227,1.881021,6.906699,16.155916156174886,-6.692239374045791
11.75,9.37,3.376635,1.876765,6.913781,3.340903,1.881058,6.903767,15.655687263534288,-6.850929809443391
11.76,9.38,3.408283,1.875832,6.908639,3.369067,1.881134,6.896987,16.547928223744066,-7.699696930799515
11.77,9.39,3.439637,1.875099,6.901134,3.401025,1.879615,6.890378,15.56604241942146,-6.670918431899652
11.78,9.4,3.470493,1.876065,6.891801,3.429897,1.88046,6.880047,16.147628604228878,-6.178884654294916
11.79,9.41,3.500274,1.873648,6.882358,3.457191,1.878333,6.869376,16.768885667337962,-6.206162335328928
11.8,9.42,3.53315,1.869202,6.87408,3.486851,1.874421,6.861035,15.735476641001007,-6.431449908252328
11.81,9.43,3.565658,1.864021,6.865466,3.513356,1.87005,6.850451,16.01785735491923,-6.575624376522291
11.82,9.44,3.596547,1.860063,6.854553,3.542264,1.866103,6.838832,16.151642714904323,-6.349111865093934
11.83,9.45,3.625264,1.857157,6.841812,3.570597,1.863338,6.826404,15.740593304801553,-6.4508305287347545
11.84,9.46,3.653665,1.855603,6.827403,3.596816,1.861899,6.81159,15.544329727612991,-6.319726479363766
11.85,9.47,3.6811,1.852731,6.811961,3.625572,1.858786,6.79687,15.204205125825654,-6.223177829633817
11.86,9.48,3.709501,1.847014,6.796411,3.653052,1.852981,6.781355,14.934196812384526,-6.034101736084333
11.87,9.49,3.738451,1.840185,6.781246,3.676646,1.846996,6.764885,14.827218902832517,-6.288701917848433
11.88,9.5,3.766489,1.834107,6.765264,3.70012,1.841459,6.747874,14.682567442285428,-6.321145995135636
11.89,9.51,3.791751,1.829565,6.746712,3.72543,1.836663,6.729911,14.215593692389508,-6.108823112734325
11.9,9.52,3.817328,1.826656,6.726913,3.751158,1.834034,6.710811,13.676698203856981,-6.3622392559627
11.91,9.53,3.840086,1.824181,6.705258,3.776769,1.83155,6.690337,13.260138423292625,-6.63836986075985
11.92,9.54,3.863866,1.819343,6.683639,3.801311,1.826443,6.669201,12.996556688412042,-6.475366901745601
11.93,9.55,3.890256,1.812794,6.663054,3.823437,1.82019,6.648181,12.548689561818454,-6.316191721399173
11.94,9.56,3.915496,1.806094,6.642354,3.843441,1.814062,6.626322,12.543793402560564,-6.310254871197065
11.95,9.57,3.937796,1.800573,6.618447,3.864717,1.809096,6.602911,12.001934603876368,-6.652194785989439
11.96,9.58,3.958438,1.795528,6.593501,3.885782,1.805161,6.578897,11.365123107368406,-7.552437625050811
11.97,9.59,3.977188,1.790022,6.567198,3.907312,1.803772,6.553413,11.1598955437823,-11.13226926536032
11.98,9.6,3.996943,1.785757,6.541679,3.925398,1.799405,6.527941,10.869575750363166,-10.800047392470374
11.99,9.61,4.017306,1.781811,6.515236,3.942018,1.792665,6.501355,10.446423848966669,-8.203603509039711
12.0,9.62,4.034629,1.777863,6.486717,3.962898,1.786315,6.474533,9.640072288004365,-6.720125041988176
12.01,9.63,4.053425,1.772116,6.459116,3.979196,1.780736,6.446961,9.299650513758863,-6.623924535345679
12.02,9.64,4.072146,1.767771,6.43164,3.991093,1.777218,6.419596,8.451971481570622,-6.6480205024122725
12.03,9.65,4.087,1.763466,6.403109,4.010927,1.771359,6.391493,8.681744367324512,-5.923562679381237
12.04,9.66,4.099225,1.759194,6.372292,4.024457,1.767542,6.361921,7.897054765406979,-6.370805111964219
12.05,9.67,4.11406,1.753435,6.340536,4.041478,1.761557,6.330925,7.542981863199827,-6.38489450421062
12.06,9.68,4.128223,1.746071,6.309254,4.056199,1.754269,6.30049,6.937738775386766,-6.493640239634455
12.07,9.69,4.141959,1.738586,6.278087,4.07,1.747437,6.271956,4.869913357905479,-7.012193830397733
12.08,9.7,4.15546,1.732116,6.246834,4.08517,1.745934,6.239315,6.105775231005351,-11.121701673452954
12.09,9.71,4.169699,1.726758,6.215369,4.094865,1.741013,6.208105,5.54422743936895,-10.784966333686596
12.1,9.72,4.181841,1.723265,6.183268,4.105937,1.737559,6.17643,5.147736419602702,-10.664859540919066
12.11,9.73,4.193043,1.720815,6.150613,4.114527,1.735216,6.144007,4.809294822525366,-10.39337617714045
12.12,9.74,4.203088,1.717492,6.116411,4.124312,1.732071,6.110477,4.307812902999971,-10.485043811531483
12.13,9.75,4.213415,1.714153,6.081809,4.13543,1.727031,6.076633,3.79725111707641,-9.376876973418204
12.14,9.76,4.223982,1.709907,6.046763,4.146519,1.719702,6.042433,3.199370256572214,-7.206659495973526
12.15,9.77,4.23485,1.702819,6.011618,4.156916,1.712832,6.01037,0.9174304111434751,-7.321282014612372
12.16,9.78,4.242795,1.693051,5.976427,4.167586,1.703445,5.973921,1.908416823265617,-7.8685224922862735
12.17,9.79,4.250331,1.681716,5.94147,4.18636,1.694839,5.940647,0.737081259211686,-11.592814514734899
12.18,9.8,4.240238,1.677597,5.903519,4.21134,1.687971,5.910227,-13.068444429700074,-19.74746709147022
12.19,9.81,4.229754,1.67731,5.865055,4.227529,1.683108,5.877417,-79.79674457991125,-69.0055440962239
12.2,9.82,4.236511,1.67364,5.829074,4.234324,1.679336,5.841664,-80.14552475981944,-68.99552490982266
12.21,9.83,4.242067,1.668955,5.792328,4.239222,1.675283,5.804524,-76.86924499138642,-65.7918346144812
12.22,9.84,4.248857,1.662582,5.755272,4.247255,1.669336,5.767271,-82.39534803413568,-76.65644553389275
12.23,9.85,4.255814,1.654622,5.718187,4.253788,1.661651,5.730121,-80.36492722143721,-73.92119570887554
12.24,9.86,4.262834,1.645521,5.682235,4.262385,1.653662,5.693764,-87.76972760652127,-86.84316817801265
12.25,9.87,4.267054,1.637517,5.644378,4.26542,1.644265,5.656215,-82.14046261684325,-76.38807299945351
12.26,9.88,4.27116,1.630725,5.606918,4.268881,1.637538,5.618913,-79.24226342228631,-71.50452216058417
12.27,9.89,4.277532,1.624039,5.570219,4.273743,1.630832,5.581866,-71.97926596595583,-60.848092904959124
12.28,9.9,4.281333,1.619274,5.532728,4.279828,1.62558,5.545008,-83.01284480249687,-76.57679733487296
12.29,9.91,4.28449,1.615421,5.494724,4.282812,1.621239,5.507411,-82.4657112443531,-73.91163139672643
12.3,9.92,4.286704,1.610806,5.455704,4.285126,1.616876,5.468257,-82.835102083202,-75.42755211380613
12.31,9.93,4.288934,1.604699,5.416234,4.288114,1.611046,5.428535,-86.18623431281877,-82.6384550111046
12.32,9.94,4.291045,1.597147,5.377154,4.29055,1.603155,5.389628,-87.72755026721342,-85.29003041555028
12.33,9.95,4.294752,1.587767,5.337601,4.292796,1.593966,5.350265,-81.2198431883723,-72.4877030374034
12.34,9.96,4.297952,1.577825,5.298172,4.295715,1.583963,5.311047,-80.1433957499497,-69.97568212495207
12.35,9.97,4.296037,1.569333,5.259024,4.294569,1.576142,5.271158,-83.10174676595759,-77.83342933942461
12.36,9.98,4.297403,1.562441,5.220215,4.296683,1.56887,5.232588,-86.66964424304905,-83.60992716607406
12.37,9.99,4.296861,1.557103,5.181009,4.296266,1.563354,5.193524,-87.2780393177312,-84.56269580704951
12.38,10.0,4.294737,1.553275,5.141532,4.294498,1.558976,5.154348,-88.93163980795828,-87.59942509009667
12.39,10.01,4.292325,1.549305,5.100993,4.292446,1.555043,5.113752,-90.5433483419276,-91.20804495748742
12.4,10.02,4.289757,1.543922,5.059641,4.290719,1.550028,5.072163,-94.39310692039473,-98.95335133235922
12.41,10.03,4.287352,1.536384,5.018691,4.28867,1.542307,5.031193,-96.01807121685948,-102.54519461094323
12.42,10.04,4.283254,1.526849,4.97744,4.285909,1.532893,4.990183,-101.76918668386321,-113.71485741011006
12.43,10.05,4.280562,1.517318,4.936367,4.280706,1.524123,4.94849,-90.68054147073988,-91.21224997587694
12.44,10.06,4.278554,1.508681,4.895852,4.277209,1.515954,4.907803,-83.57878694942272,-79.52262857772558
12.45,10.07,4.273837,1.502792,4.855029,4.274519,1.509308,4.867439,-93.14556445437863,-95.9751323860493
12.46,10.08,4.269094,1.498094,4.814325,4.269705,1.504425,4.826813,-92.80107518770984,-95.51249991587935
12.47,10.09,4.26295,1.495052,4.773384,4.263799,1.500951,4.78611,-93.81676422984867,-98.18992422740295
12.48,10.1,4.255499,1.492887,4.731758,4.25763,1.498205,4.74461,-99.41460164502784,-111.83669470847586
12.49,10.11,4.248499,1.488695,4.689084,4.250707,1.494466,4.70165,-99.96583640448188,-110.9369840413696
12.5,10.12,4.24134,1.48208,4.645849,4.244188,1.488576,4.657985,-103.20683261990372,-113.67378158085933
12.51,10.13,4.234689,1.472315,4.603509,4.235045,1.479842,4.615359,-91.7207733682062,-92.7078661680022
12.52,10.14,4.228992,1.463086,4.561145,4.228228,1.472191,4.57214,-86.0251271192101,-85.20355061536185
12.53,10.15,4.217275,1.456685,4.518291,4.220161,1.46409,4.529857,-104.01059734249255,-111.29268634988415
12.54,10.16,4.210233,1.450511,4.476288,4.212936,1.457185,4.488664,-102.32030870404424,-112.04816871938051
12.55,10.17,4.19927,1.446997,4.433968,4.201329,1.453681,4.446169,-99.57879390390643,-107.12140032871595
12.56,10.18,4.188952,1.444373,4.391807,4.191251,1.450226,4.404371,-100.36944371945951,-111.44440470169977
12.57,10.19,4.178823,1.442774,4.348262,4.179949,1.447864,4.361526,-94.85228719199999,-102.4739701024518
12.58,10.2,4.168095,1.440174,4.304305,4.168511,1.445944,4.317534,-91.80113330317015,-94.12372175604737
12.59,10.21,4.156292,1.435924,4.260594,4.157967,1.441755,4.273519,-97.38402477033853,-106.02712279343226
12.6,10.22,4.144135,1.430384,4.216711,4.14805,1.436772,4.229798,-106.65464983479221,-121.50279443095913
12.61,10.23,4.131271,1.423786,4.173237,4.135715,1.431002,4.189665,-105.13700759534159,-121.6269906058775
12.62,10.24,4.120104,1.416596,4.129193,4.121438,1.425009,4.152072,-93.3369522612847,-99.010043062579
12.63,10.25,4.107741,1.409497,4.086156,4.114002,1.414426,4.0994,-115.30208581721956,-141.7882533284747
12.64,10.26,4.095057,1.405494,4.043165,4.099256,1.410334,4.056248,-107.79407726242313,-130.94366471376281
12.65,10.27,4.081266,1.402454,4.00032,4.087996,1.401019,4.002095,-165.22501237262705,167.96339644730963
12.66,10.28,4.06673,1.401489,3.95735,4.076494,1.399246,3.959362,-168.35643203950272,167.06239562128025
12.67,10.29,4.050999,1.402062,3.913655,4.062382,1.39898,3.917324,-162.13468741609307,164.85013302141533
12.68,10.3,4.035232,1.401233,3.869299,4.0447,1.400165,3.875997,-144.7230533623621,173.56418256344205
12.69,10.31,4.019166,1.397708,3.824598,4.025919,1.400454,3.834364,-124.66310806170674,-157.87166498886248
12.7,10.32,4.003153,1.392488,3.779889,4.008514,1.397499,3.791407,-114.95940618431665,-136.932695366977
12.71,10.33,3.986872,1.387148,3.735876,3.99262,1.392141,3.747447,-116.41630857375876,-139.0207875670802
12.72,10.34,3.970643,1.383026,3.692074,3.97709,1.387361,3.704255,-117.8907871630564,-146.082886019545
12.73,10.35,3.953685,1.380559,3.649836,3.959976,1.384255,3.661633,-118.06971394546592,-149.56551034793142
12.74,10.36,3.936424,1.378541,3.606867,3.942848,1.38192,3.618719,-118.45849982180353,-152.25579749779612
12.75,10.37,3.918518,1.377238,3.56329,3.924234,1.380675,3.575768,-114.61186363802679,-148.98173360182858
12.76,10.38,3.899786,1.377295,3.520632,3.905006,1.380578,3.533099,-112.71932310038231,-147.8330958130027
12.77,10.39,3.879862,1.378951,3.477304,3.885298,1.381969,3.489853,-113.42138889045955,-150.96150681422418
12.78,10.4,3.859657,1.379722,3.433309,3.864973,1.383614,3.445605,-113.38055258138957,-143.7910443836814
12.79,10.41,3.839015,1.378325,3.389172,3.844976,1.383064,3.40133,-116.11845705858101,-141.51527110392504
12.8,10.42,3.818558,1.37546,3.345496,3.824138,1.380399,3.357646,-114.66739122803438,-138.48714098164794
12.81,10.43,3.798008,1.37103,3.301827,3.803767,1.376092,3.313951,-115.40810369179634,-138.68543264804495
12.82,10.44,3.777354,1.366958,3.258539,3.781775,1.372363,3.269931,-111.21020475743715,-129.28132434962532
12.83,10.45,3.75724,1.363541,3.215016,3.762027,1.368671,3.227083,-111.63831418635773,-133.01909635218652
12.84,10.46,3.736723,1.362005,3.172532,3.741992,1.366501,3.184259,-114.19462296762887,-139.52611084648686
12.85,10.47,3.715266,1.36257,3.130447,3.720603,1.366643,3.142796,-113.37307104099531,-142.65047242100812
12.86,10.48,3.693909,1.363914,3.088113,3.698981,1.367908,3.100951,-111.5578418421806,-141.78096246534045
12.87,10.49,3.671383,1.367451,3.045732,3.676922,1.370617,3.058712,-113.10956321033449,-150.24843529081406
12.88,10.5,3.648515,1.371101,3.003473,3.654936,1.373442,3.016029,-117.08470181702087,-159.9689052747144
12.89,10.51,3.625243,1.372292,2.960375,3.632041,1.374913,2.972556,-119.1651111437263,-158.91562658295842
12.9,10.52,3.601292,1.37059,2.916782,3.607358,1.374826,2.929214,-116.00933844303952,-145.07269065963737
12.91,10.53,3.57748,1.367457,2.872887,3.581659,1.372977,2.884853,-109.25121941874697,-127.12809682830105
12.92,10.54,3.553788,1.365342,2.82987,3.559946,1.371004,2.841659,-117.58037654301368,-137.40288017326966
12.93,10.55,3.530723,1.364087,2.78736,3.536891,1.369192,2.799055,-117.80738282690228,-140.38684040992615
12.94,10.56,3.507063,1.363639,2.744958,3.512475,1.368246,2.757449,-113.42573202604741,-139.59369527509162
12.95,10.57,3.483663,1.365172,2.703473,3.4893,1.369702,2.716152,-113.96961641036128,-141.21398161616526
12.96,10.58,3.459933,1.367534,2.661674,3.466472,1.371499,2.674073,-117.80632340180796,-148.76897646412513
12.97,10.59,3.43608,1.371859,2.620058,3.442051,1.375295,2.632785,-115.13409381591455,-150.08181138770547
12.98,10.6,3.411295,1.377107,2.577728,3.417831,1.380822,2.59034,-117.3948438677756,-150.38651346632304
12.99,10.61,3.386919,1.381369,2.535076,3.39355,1.384854,2.547077,-118.92228714209061,-152.27530130557233
13.0,10.62,3.361578,1.383098,2.492249,3.368437,1.386968,2.504017,-120.2358477568357,-150.56734435752858
13.01,10.63,3.335925,1.383248,2.449469,3.342726,1.387385,2.461251,-119.99510927246538,-148.68814774600827
13.02,10.64,3.311513,1.382765,2.407501,3.317576,1.386454,2.418994,-117.81337261882136,-148.68180113915693
13.03,10.65,3.285902,1.382774,2.364665,3.292708,1.386116,2.377055,-118.78060685741396,-153.84723881064187
13.04,10.66,3.261142,1.382891,2.322867,3.268068,1.386343,2.33497,-119.7805557825778,-153.50779362586468
13.05,10.67,3.235651,1.384025,2.281196,3.242554,1.387969,2.293159,-119.98620000138922,-150.25869427005546
13.06,10.68,3.210316,1.387195,2.240261,3.216886,1.390836,2.252326,-118.57051722295323,-151.00540697538412
13.07,10.69,3.184552,1.391735,2.199863,3.191791,1.395284,2.212043,-120.72449670621069,-153.88308440690963
13.08,10.7,3.158731,1.39812,2.159534,3.165869,1.400775,2.171596,-120.61602076645809,-159.5971681673188
13.09,10.71,3.132479,1.404885,2.118229,3.139702,1.407342,2.130255,-120.98967303102148,-161.21357687544673
13.1,10.72,3.106186,1.409879,2.076871,3.113104,1.412153,2.089011,-119.67672777251492,-161.8039066126096
13.11,10.73,3.078859,1.412604,2.035021,3.086555,1.415619,2.047035,-122.64305509004059,-158.60664387303288
13.12,10.74,3.051828,1.414108,1.993489,3.059418,1.417864,2.00489,-123.65294007953472,-153.67095671932285
13.13,10.75,3.025807,1.415421,1.951841,3.032124,1.419308,1.963437,-118.57964022003434,-148.3950281060609
13.14,10.76,2.998205,1.416188,1.911218,3.005078,1.420166,1.922539,-121.26201478487356,-149.9383185023166
13.15,10.77,2.971262,1.418414,1.871105,2.977821,1.422146,1.882879,-119.12108255024329,-150.36059231553693
13.16,10.78,2.944153,1.422573,1.831984,2.951617,1.425975,1.843372,-123.24190630559042,-155.49708112321886
13.17,10.79,2.917286,1.428081,1.793897,2.925018,1.430243,1.805322,-124.08862841285801,-164.37809517374376
13.18,10.8,2.890127,1.435004,1.755738,2.897957,1.43614,1.76744,-123.78712918781112,-171.74495441450358
13.19,10.81,2.861657,1.442801,1.717243,2.87023,1.443921,1.728429,-127.4667155662873,-172.55687796359646
13.2,10.82,2.83165,1.449356,1.67848,2.839733,1.451866,1.689569,-126.08907646119005,-162.7489540358625
13.21,10.83,2.801441,1.454175,1.639902,2.809698,1.457752,1.650628,-127.5894964914351,-156.57734425023065
13.22,10.84,2.771779,1.457622,1.600955,2.780174,1.461557,1.611449,-128.65914241121425,-154.8860394180919
13.23,10.85,2.742497,1.460367,1.562058,2.750127,1.464401,1.572942,-125.0315710539426,-152.13448019288273
13.24,10.86,2.713536,1.462793,1.523619,2.721384,1.467142,1.534293,-126.32498139029315,-151.00679949705886
13.25,10.87,2.684641,1.465713,1.485592,2.692935,1.469702,1.496158,-128.1308735684351,-154.3147681950721
13.26,10.88,2.655024,1.469841,1.448606,2.663247,1.473843,1.459161,-127.92080343931089,-154.04856854013286
13.27,10.89,2.624737,1.475659,1.413036,2.633523,1.478934,1.423585,-129.790074770868,-159.55695418657822
13.28,10.9,2.594286,1.482658,1.378044,2.603056,1.485279,1.388909,-128.90974072183343,-163.36071177262005
13.29,10.91,2.56314,1.490876,1.343766,2.572196,1.492765,1.354671,-129.70775796058666,-168.21756327603472
13.3,10.92,2.531348,1.499711,1.30934,2.540307,1.501195,1.320052,-129.90748431535772,-170.5947266864277
13.31,10.93,2.498344,1.50722,1.27482,2.508266,1.50883,1.285188,-133.7407686952626,-170.783194823678
13.32,10.94,2.465885,1.512541,1.240538,2.476545,1.514049,1.249849,-138.86434196014898,-171.94817051998274
13.33,10.95,2.433031,1.516384,1.205136,2.442885,1.518354,1.215239,-134.2851676671876,-168.6945402644179
13.34,10.96,2.400008,1.519802,1.170158,2.409799,1.522475,1.180371,-133.7914800475159,-164.73002756943742
13.35,10.97,2.367678,1.523569,1.136461,2.377567,1.526143,1.146703,-133.9954131651682,-165.41026360868977
13.36,10.98,2.334754,1.529318,1.104414,2.344839,1.531368,1.114225,-135.78900538902505,-168.50990988017858
13.37,10.99,2.302105,1.536323,1.073589,2.312501,1.538115,1.083492,-136.39126397513627,-170.21980769727165
13.38,11.0,2.269096,1.545681,1.04419,2.279173,1.546798,1.054108,-135.45560574785424,-173.67478591095872
13.39,11.01,2.234027,1.556135,1.01584,2.245232,1.556988,1.025147,-140.28659362102434,-175.6466563687167
13.4,11.02,2.198624,1.565702,0.986365,2.210458,1.56728,0.995205,-143.24026253972832,-172.40472235844575
13.41,11.03,2.162883,1.573287,0.956636,2.17395,1.575633,0.965196,-142.27909964821416,-168.03152434841655
13.42,11.04,2.12693,1.579543,0.927536,2.138269,1.582175,0.936798,-140.75712648465122,-166.9319663785115
13.43,11.05,2.09189,1.58587,0.899223,2.103328,1.587693,0.907817,-143.080442927306,-170.9443066372698
13.44,11.06,2.056892,1.593439,0.8721,2.068452,1.595022,0.880523,-143.92167584158628,-172.20254458020614
13.45,11.07,2.022125,1.60274,0.846621,2.033612,1.603689,0.85498,-143.9569111879267,-175.2772269496945
13.46,11.08,1.986887,1.61342,0.822746,1.999222,1.613729,0.830711,-147.14871696238635,-178.5650025227936
13.47,11.09,1.951969,1.625199,0.80051,1.964318,1.624906,0.807779,-149.5176286029963,178.64081996577772
13.48,11.1,1.915873,1.636903,0.778083,1.928648,1.636805,0.784598,-152.97930822471994,179.56047935397712
13.49,11.11,1.878332,1.647103,0.754229,1.890738,1.64834,0.761003,-151.3643070298001,-174.30586893266772
13.5,11.12,1.840398,1.655825,0.73098,1.852763,1.657651,0.73815,-149.89216161921453,-171.5995662084737
13.51,11.13,1.803599,1.663859,0.709009,1.816015,1.665731,0.716216,-149.8665192796646,-171.42591328721372
13.52,11.14,1.767185,1.672805,0.687429,1.77979,1.674313,0.694261,-151.54199107340617,-173.17783986743547
13.53,11.15,1.731046,1.683821,0.667631,1.743717,1.684849,0.674592,-151.2171604126542,-175.3617440911933
13.54,11.16,1.696043,1.695874,0.649808,1.708431,1.696817,0.65639,-152.0173695024041,-175.6469227138914
13.55,11.17,1.660072,1.709233,0.634001,1.672851,1.709336,0.63984,-155.4433195199903,-179.53820036792996
13.56,11.18,1.623517,1.721418,0.617817,1.636328,1.722629,0.623093,-157.61649088999295,-174.59998246940867
13.57,11.19,1.585219,1.732796,0.6012,1.598466,1.734665,0.606516,-158.1344871275113,-171.96922848186927
13.58,11.2,1.548108,1.743734,0.585668,1.561622,1.745341,0.590713,-159.52856393351132,-173.2185902365875
13.59,11.21,1.512192,1.754752,0.571255,1.52561,1.755376,0.575383,-162.8996715328477,-177.33739559228337
13.6,11.22,1.476957,1.766959,0.557476,1.489843,1.767349,0.562021,-160.57182755557167,-178.26644924604386
13.61,11.23,1.44218,1.780445,0.545143,1.455537,1.78125,0.552733,-150.39296988342912,-176.55106831003147
13.62,11.24,1.407436,1.794478,0.533739,1.421265,1.795106,0.541126,-151.8903235122235,-177.3998809860917
13.63,11.25,1.371522,1.80855,0.539887,1.385362,1.808378,0.531663,149.28038626978747,179.28797927996857
13.64,11.26,1.335472,1.821565,0.543461,1.349094,1.820129,0.522774,123.36415137276497,173.9822362330261
13.65,11.27,1.29926,1.830366,0.513067,1.313336,1.831241,0.513922,-176.5240283671564,-176.44292547647404
13.66,11.28,1.264954,1.842565,0.507097,1.278754,1.84301,0.506665,178.20697853392704,-178.15305869429102
13.67,11.29,1.231248,1.855367,0.50146,1.244818,1.855763,0.501614,-179.3498031481485,-178.32846784358804
13.68,11.3,1.198409,1.868826,0.494219,1.212579,1.869073,0.497965,-165.1919704850725,-179.00136736414717
13.69,11.31,1.165444,1.881771,0.497975,1.179601,1.88234,0.497758,179.1218329757321,-177.69839932576025
13.7,11.32,1.132321,1.892938,0.497153,1.146478,1.894232,0.495497,173.32820678956045,-174.77747437482742
13.71,11.33,1.098635,1.903666,0.496093,1.112623,1.905382,0.494931,175.2512739646574,-173.00609504584605
13.72,11.34,1.06548,1.914621,0.49581,1.079513,1.91649,0.494623,175.16506930484115,-172.41364746033034
13.73,11.35,1.033828,1.926617,0.495358,1.047466,1.927978,0.49666,-174.54658321047353,-174.3010539523596
13.74,11.36,1.003799,1.93882,0.50181,1.017585,1.939898,0.500375,174.0574197627733,-175.52883917863065
13.75,11.37,0.974224,1.950345,0.507829,0.988074,1.951364,0.505435,170.1932129658096,-175.79210161541542
13.76,11.38,0.944856,1.960338,0.514056,0.95835,1.961898,0.511136,167.7898840052002,-173.405484967772
13.77,11.39,0.914309,1.969515,0.52018,0.928135,1.971076,0.517758,170.0639035364316,-173.5583999006644
13.78,11.4,0.88437,1.977845,0.527794,0.898271,1.979948,0.525005,168.65519583555914,-171.39729455086123
13.79,11.41,0.855407,1.986609,0.536183,0.868823,1.988886,0.532315,163.91706924005885,-170.36739617523722
13.8,11.42,0.828076,1.996252,0.545217,0.841393,1.99752,0.541675,165.1055438614704,-174.56088619438265
13.81,11.43,0.802165,2.005293,0.556356,0.815335,2.006846,0.553567,168.0431708302426,-173.27476625808526
13.82,11.44,0.777027,2.013162,0.569445,0.790239,2.015047,0.565845,164.75809222119835,-171.88021913108952
13.83,11.45,0.752244,2.01845,0.584686,0.764315,2.02198,0.578659,153.46723455160463,-163.6991579260204
13.84,11.46,0.725977,2.023406,0.598284,0.737889,2.027179,0.591714,151.12130236668798,-162.42495262298806
13.85,11.47,0.699984,2.028378,0.611295,0.711821,2.031985,0.605536,154.0559061857127,-163.05284266936044
13.86,11.48,0.675433,2.033703,0.626131,0.686957,2.037008,0.619679,150.75662423279857,-163.9974908383853
13.87,11.49,0.652926,2.039616,0.641573,0.664327,2.042061,0.634289,147.42584373229306,-167.89597670376398
13.88,11.5,0.631787,2.045059,0.65924,0.64293,2.047804,0.651292,144.50076562112952,-166.16113115679823
13.89,11.51,0.611391,2.048864,0.677086,0.622014,2.053032,0.668715,141.76163718196062,-158.57713192094997
13.9,11.52,0.590504,2.051039,0.696069,0.600014,2.056016,0.686638,135.23897050498783,-152.3749653345215
13.91,11.53,0.56739,2.051781,0.714626,0.57756,2.056886,0.706039,139.82405492348101,-153.34487889591762
13.92,11.54,0.546118,2.05167,0.733169,0.555823,2.056904,0.724577,138.48099260132003,-151.66158738783608
13.93,11.55,0.525473,2.051712,0.752666,0.535376,2.056851,0.743747,137.99265580407723,-152.5736820769129
13.94,11.56,0.507241,2.052819,0.772963,0.516507,2.05732,0.763396,134.08434336540265,-154.09163372962777
13.95,11.57,0.490391,2.054169,0.793534,0.499221,2.058819,0.783601,131.63568743155406,-152.22808940349526
13.96,11.58,0.474829,2.054898,0.815171,0.482551,2.060241,0.804428,125.70833978258106,-145.31989658124246
13.97,11.59,0.458018,2.053566,0.83788,0.466048,2.059607,0.827806,128.55839990066534,-143.0457147853763
13.98,11.6,0.440506,2.050795,0.86092,0.449324,2.057002,0.851717,133.77612119185306,-144.8582430163784
13.99,11.61,0.42421,2.047105,0.884217,0.432384,2.05348,0.874239,129.32441115275728,-142.04890706737848
14.0,11.62,0.40901,2.043341,0.907827,0.416714,2.0497,0.897464,126.62763176101326,-140.4632108899793
14.01,11.63,0.395162,2.039974,0.931555,0.40239,2.046356,0.920947,124.26944330073087,-138.55693926451593
14.02,11.64,0.383119,2.037754,0.955665,0.389968,2.043506,0.94435,121.18663258763247,-139.9754307310922
14.03,11.65,0.371883,2.035083,0.98088,0.378569,2.04122,0.970158,121.94674452664061,-137.45154680602005
14.04,11.66,0.360297,2.031769,1.007201,0.367522,2.038446,0.996967,125.2213294870029,-137.25736151445912
14.05,11.67,0.349008,2.026639,1.033745,0.355426,2.034325,1.023394,121.80043216505626,-129.8627159317936
14.06,11.68,0.338052,2.020052,1.060073,0.343846,2.02775,1.049662,119.0971080322571,-126.96742430716687
14.07,11.69,0.327872,2.013281,1.086547,0.332993,2.020536,1.07551,114.890582493641,-125.21666277646715
14.08,11.7,0.319302,2.006644,1.113259,0.323492,2.013527,1.101624,109.80497934850025,-121.330805456405
14.09,11.71,0.310801,2.000453,1.140602,0.315515,2.006898,1.128998,112.10891857532742,-126.18247313034007
14.1,11.72,0.303873,1.995857,1.168832,0.308479,2.002076,1.15729,111.75517698549668,-126.52488923949439
14.11,11.73,0.29862,1.991155,1.198028,0.302707,1.997935,1.186578,109.64367956514764,-121.08167190152292
14.12,11.74,0.29332,1.984549,1.227541,0.297097,1.992013,1.216532,108.93621961650855,-116.8407304266421
14.13,11.75,0.288455,1.975426,1.257161,0.29146,1.983417,1.245939,104.99082558916747,-110.60867283495114
14.14,11.76,0.284751,1.965949,1.286289,0.286414,1.973555,1.274872,98.28741919315331,-102.33324611164528
14.15,11.77,0.281152,1.956582,1.316299,0.283128,1.963948,1.304808,99.7571922749794,-105.0165908336113
14.16,11.78,0.277663,1.94902,1.346504,0.279794,1.955915,1.334846,100.35889907491266,-107.17452449663038
14.17,11.79,0.275833,1.943932,1.377435,0.277342,1.950026,1.364935,96.8834372937071,-103.90786217952318
14.18,11.8,0.275571,1.939321,1.408212,0.273549,1.946042,1.396315,80.35424824882894,-73.25618648310964
14.19,11.81,0.27476,1.932607,1.440614,0.274798,1.939868,1.428814,90.18451119450238,-90.29985122496016
14.2,11.82,0.275241,1.92335,1.473319,0.275641,1.931056,1.461778,91.98502222910567,-92.97141984460683
14.21,11.83,0.276786,1.913813,1.505521,0.277244,1.920358,1.493599,92.2000141946472,-94.00286622206538
14.22,11.84,0.277692,1.905146,1.537594,0.278472,1.911482,1.525608,93.72332565536816,-97.01814628489232
14.23,11.85,0.278612,1.897872,1.570443,0.27991,1.904289,1.558365,96.13392783071967,-101.43522334774764
14.24,11.86,0.280666,1.893006,1.603095,0.281992,1.89929,1.590971,96.24162247545328,-101.91530723747984
14.25,11.87,0.282453,1.889315,1.635316,0.283528,1.895321,1.62306,95.0127068057078,-100.14778237924382
14.26,11.88,0.284945,1.883243,1.668337,0.284909,1.889772,1.656305,89.82857032019369,-89.68408222399786
14.27,11.89,0.289002,1.876179,1.702606,0.288732,1.883294,1.690578,88.71406195087324,-87.8267827006797
14.28,11.9,0.291695,1.870038,1.735503,0.292488,1.876366,1.723194,93.68615233442848,-97.14284571356028
14.29,11.91,0.295215,1.864192,1.769211,0.295405,1.870786,1.756905,90.88455494935674,-91.65046812997849
14.3,11.92,0.297752,1.860029,1.801317,0.298881,1.865622,1.788979,95.22834238481924,-101.4123376902904
14.31,11.93,0.300656,1.856664,1.834329,0.302175,1.862416,1.822062,97.05889812383349,-104.79307279335538
14.32,11.94,0.302291,1.854385,1.866377,0.302694,1.860626,1.853806,91.8361541652051,-93.69463008417799
14.33,11.95,0.303426,1.851724,1.899111,0.304867,1.857817,1.887429,97.03203614616251,-103.3060187429277
14.34,11.96,0.306846,1.848165,1.932409,0.306728,1.854778,1.919989,89.4556603406912,-88.97774314644046
14.35,11.97,0.308848,1.845372,1.965783,0.309284,1.851297,1.953289,91.99862548473297,-94.20861019349137
14.36,11.98,0.308761,1.844133,1.998971,0.308459,1.850515,1.986299,88.63478135894121,-87.29075096905451
14.37,11.99,0.306234,1.845699,2.029955,0.306486,1.850185,2.016508,91.07361095698108,-93.21519788050328
14.38,12.0,0.304727,1.8471,2.061203,0.305089,1.85298,2.048911,91.6868759372793,-93.52294682350578
14.39,12.01,0.302985,1.848331,2.092549,0.302398,1.854096,2.079178,87.4862732142635,-84.18610397378643
14.4,12.02,0.301716,1.847847,2.124261,0.30093,1.854135,2.111245,86.54426390552011,-82.8749836510982
14.41,12.03,0.301034,1.846445,2.156706,0.301478,1.852877,2.144464,92.07712632874352,-93.94885480244214
14.42,12.04,0.300031,1.844554,2.189258,0.29927,1.85188,2.176955,86.46048865936,-84.06957841465913
14.43,12.05,0.297421,1.843539,2.221256,0.297035,1.850808,2.209286,88.15300671991501,-86.96032219931269
14.44,12.06,0.294693,1.842281,2.252772,0.293939,1.849995,2.241216,86.26688575240117,-84.4173942434691
14.45,12.07,0.291916,1.84014,2.284432,0.291614,1.848383,2.272366,88.56624286915228,-87.90178458450433
14.46,12.08,0.289036,1.837418,2.315546,0.287616,1.844974,2.303342,83.36317639477323,-79.35653938999519
14.47,12.09,0.285962,1.833171,2.346339,0.285605,1.840364,2.334465,88.27788164508767,-87.15865107222679
14.48,12.1,0.283098,1.82683,2.377644,0.282249,1.83454,2.365552,85.98375628298011,-83.71609333096609
14.49,12.11,0.278775,1.819229,2.408593,0.27868,1.826482,2.396137,89.5630223572627,-89.24958116419603
14.5,12.12,0.275824,1.811368,2.439061,0.276606,1.818369,2.427422,93.84380628586165,-96.37342439008017
14.51,12.13,0.272453,1.802307,2.469563,0.274567,1.809986,2.458175,100.51633762078663,-105.39203119702414
14.52,12.14,0.272005,1.793973,2.501582,0.272382,1.802224,2.490079,91.87714334299486,-92.61610663360273
14.53,12.15,0.268094,1.787858,2.532336,0.269713,1.795637,2.520572,97.83600748241636,-101.75681748122892
14.54,12.16,0.267487,1.782954,2.563464,0.267496,1.789699,2.551002,90.04137874546375,-90.07645095768561
14.55,12.17,0.267917,1.775786,2.59567,0.267968,1.782552,2.583809,90.24635922327013,-90.4318695560058
14.56,12.18,0.270351,1.766932,2.629542,0.27067,1.774062,2.617904,91.5700960946563,-92.56173533491979
14.57,12.19,0.269749,1.75596,2.663653,0.271986,1.764348,2.652619,101.460639578621,-104.93269260953439
14.58,12.2,0.270019,1.743912,2.697351,0.272001,1.753668,2.686352,100.21497296773578,-101.48375389506921
14.59,12.21,0.27128,1.730841,2.730899,0.271937,1.74129,2.720436,93.5930391803795,-93.59784064545435
14.6,12.22,0.272045,1.717922,2.764499,0.273015,1.728475,2.754249,95.40603740212242,-95.2516987254288
14.61,12.23,0.272513,1.705794,2.797397,0.273537,1.714358,2.787184,95.72558999667615,-96.81850135453908
14.62,12.24,0.274168,1.692652,2.831095,0.275562,1.701261,2.820316,97.36890739355628,-99.19770589497227
14.63,12.25,0.27703,1.681194,2.8648,0.278664,1.68918,2.853122,97.96518331952984,-101.56357395613949
14.64,12.26,0.280947,1.670917,2.898525,0.281116,1.678063,2.886848,90.82917793451698,-91.35476939562177
14.65,12.27,0.284721,1.66001,2.933276,0.283762,1.666867,2.921257,85.43801563697545,-82.03842104258081
14.66,12.28,0.287898,1.647195,2.969309,0.287379,1.655634,2.958463,87.26038687822889,-86.48073185252149
14.67,12.29,0.291446,1.632051,3.005536,0.289729,1.641126,2.994842,80.87859065786641,-79.28621801495571
14.68,12.3,0.294443,1.614264,3.040852,0.29377,1.624,3.030634,86.23170431370865,-86.04572529390474
14.69,12.31,0.297569,1.596755,3.076223,0.297379,1.605714,3.066533,88.87669728592476,-88.78506904101769
14.7,12.32,0.301258,1.580261,3.111521,0.301116,1.589419,3.102047,89.14129285231162,-89.11166753018429
14.71,12.33,0.306076,1.565117,3.147181,0.306453,1.574292,3.137351,92.1963303831154,-92.35295526368084
14.72,12.34,0.311169,1.552133,3.183635,0.310743,1.561608,3.173034,87.69881364322362,-87.42569123404407
14.73,12.35,0.316573,1.541449,3.22093,0.31619,1.549879,3.209601,88.06373650607809,-87.3986710057354
14.74,12.36,0.322018,1.530988,3.259356,0.321685,1.539232,3.248238,88.28442234959492,-87.68690829065882
14.75,12.37,0.327887,1.518097,3.299251,0.326257,1.526343,3.288559,81.33197415583739,-78.8184013018763
14.76,12.38,0.333896,1.502569,3.338322,0.331757,1.511246,3.32796,78.33641403331684,-76.15190656873727
14.77,12.39,0.340407,1.483976,3.377122,0.336867,1.493709,3.367918,68.96248897457822,-70.01311229601879
14.78,12.4,0.347226,1.466097,3.415803,0.347184,1.476788,3.408642,89.6639582255371,-89.77491250959753
14.79,12.41,0.353564,1.451958,3.455404,0.357143,1.46268,3.447092,113.29585549476381,-108.45899237145339
14.8,12.42,0.360148,1.441164,3.4954,0.361419,1.451078,3.485841,97.57383381189061,-97.3056137428939
14.81,12.43,0.368513,1.432704,3.536422,0.368457,1.441227,3.52543,89.7081026297634,-89.62354599533758
14.82,12.44,0.377348,1.424053,3.577451,0.376173,1.432094,3.565804,84.23924354249532,-81.68643053021577
14.83,12.45,0.386506,1.414248,3.619084,0.385951,1.420525,3.607232,87.31893816209644,-84.94715975373671
14.84,12.46,0.39569,1.401233,3.661331,0.394609,1.407644,3.649534,84.76441033820159,-80.42901775931183
14.85,12.47,0.404925,1.385968,3.70386,0.404207,1.393218,3.692633,86.34074803136171,-84.34418442189762
14.86,12.48,0.414605,1.369971,3.746552,0.41463,1.378179,3.735835,90.13365605016529,-90.17451145936076
14.87,12.49,0.424453,1.356944,3.788825,0.423599,1.364815,3.777971,85.5011978624574,-83.8076566588603
14.88,12.5,0.434431,1.34646,3.831075,0.433658,1.353308,3.819498,86.18001255977713,-83.55973240093806
14.89,12.51,0.445194,1.339443,3.873638,0.442659,1.344987,3.861452,78.24861031719621,-65.42769990119548
14.9,12.52,0.45597,1.333129,3.917897,0.45236,1.338771,3.90594,73.20013674744501,-57.38709718907613
14.91,12.53,0.467482,1.325134,3.96315,0.465761,1.331926,3.951719,81.43810910171864,-75.78129282977693
14.92,12.54,0.481099,1.315919,4.007927,0.477245,1.323996,3.996867,70.78844805849451,-64.49151350211618
14.93,12.55,0.494083,1.30747,4.052089,0.488753,1.312235,4.039608,66.87513777247712,-41.796594605299234
14.94,12.56,0.506205,1.299216,4.096822,0.503406,1.304209,4.084153,77.54160313986608,-60.72567176645692
14.95,12.57,0.51759,1.293055,4.14171,0.515239,1.298133,4.129847,78.79041354908277,-65.15692263008363
14.96,12.58,0.528549,1.289231,4.186507,0.527119,1.294919,4.173386,83.78013405597673,-75.88793716749535
14.97,12.59,0.539673,1.288219,4.231849,0.538218,1.292929,4.218702,83.68468244089827,-72.83318181884819
14.98,12.6,0.550911,1.286986,4.277486,0.549748,1.291658,4.264543,84.86544710802653,-76.02148234954011
14.99,12.61,0.563076,1.282956,4.324215,0.560425,1.289474,4.312246,77.51124047435383,-67.86744842554019
15.0,12.62,0.576415,1.27812,4.370478,0.573015,1.285096,4.358593,74.03550444552234,-64.01607557508102
15.01,12.63,0.589366,1.273541,4.416622,0.586027,1.280188,4.404653,74.41245659342471,-63.32816308924047
15.02,12.64,0.601307,1.27008,4.462358,0.598788,1.275739,4.449801,78.65672746448641,-66.00464017350313
15.03,12.65,0.6119,1.26849,4.50791,0.610104,1.273447,4.494922,82.12698285940942,-70.08374208293696
15.04,12.66,0.623253,1.268415,4.553001,0.620727,1.273803,4.540243,78.80065698659719,-64.88189583312496
15.05,12.67,0.6344,1.270385,4.597994,0.631967,1.27522,4.584991,79.40189579222162,-63.28819468917517
15.06,12.68,0.646699,1.273742,4.643699,0.644318,1.277792,4.630302,79.92225798935955,-59.548676998322584
15.07,12.69,0.658147,1.276471,4.690226,0.655611,1.280356,4.676645,79.42288906907747,-56.864821341650384
15.08,12.7,0.668699,1.276783,4.737415,0.665746,1.280981,4.724205,77.39911119339402,-54.87628872354776
15.09,12.71,0.679896,1.274846,4.785213,0.676556,1.279959,4.772533,75.24309290955583,-56.84595074195482
15.1,12.72,0.691097,1.272358,4.832806,0.687978,1.278508,4.820354,75.93777548999523,-63.10795136172677
15.11,12.73,0.702295,1.270757,4.879461,0.700005,1.277046,4.866984,79.59981349382912,-69.9920264721242
15.12,12.74,0.714362,1.271201,4.925118,0.711619,1.277167,4.912724,77.52063921386254,-65.30835071177209
15.13,12.75,0.726568,1.273423,4.970195,0.723421,1.278648,4.957597,75.97445822221525,-58.93958532505041
15.14,12.76,0.739022,1.277373,5.014938,0.736333,1.281665,5.001915,78.33347341995012,-57.93226189439633
15.15,12.77,0.752994,1.283408,5.058581,0.748259,1.286032,5.045476,70.13457985195451,-28.9939519105313
15.16,12.78,0.767013,1.289704,5.102839,0.76201,1.291105,5.090219,68.37493048145038,-15.643945595106835
15.17,12.79,0.782926,1.293721,5.150077,0.776411,1.29663,5.136899,63.692918403032806,-24.061146777502596
15.18,12.8,0.795665,1.295695,5.19667,0.791453,1.300364,5.183949,71.6799806101574,-47.94573769706675
15.19,12.81,0.809625,1.296331,5.243503,0.806165,1.301328,5.230976,74.55966643370428,-55.30067304231029
15.2,12.82,0.823673,1.296406,5.289406,0.820464,1.30195,5.277276,75.18182939187801,-59.93671347800263
15.21,12.83,0.838219,1.297805,5.334434,0.83475,1.303117,5.322364,73.96498943191497,-56.8534671065808
15.22,12.84,0.853782,1.301443,5.378095,0.84922,1.306141,5.365704,69.7877842440463,-45.841432593723404
15.23,12.85,0.870166,1.306608,5.420852,0.864029,1.310845,5.408527,63.529861678422535,-34.621295010091465
15.24,12.86,0.887751,1.313837,5.462511,0.880753,1.316832,5.450412,59.955130230656145,-23.169928295172834
15.25,12.87,0.906155,1.322358,5.504538,0.899206,1.325281,5.492338,60.334586454704024,-22.813377706909602
15.26,12.88,0.924802,1.329979,5.547544,0.918713,1.333107,5.535321,63.51938662254722,-27.190166525135314
15.27,12.89,0.944058,1.335294,5.59095,0.938768,1.339174,5.579224,65.71823464577085,-36.25853295824294
15.28,12.9,0.963551,1.33925,5.634404,0.958023,1.343325,5.62259,64.92419357566742,-36.39601727343013
15.29,12.91,0.982361,1.342812,5.677252,0.976961,1.346912,5.665527,65.27135944491113,-37.20792192178264
15.3,12.92,1.002053,1.347873,5.718262,0.994775,1.351173,5.706915,57.32376517195792,-24.39055041554793
15.31,12.93,1.02195,1.355436,5.757027,1.013561,1.356922,5.746022,52.68209355204971,-10.044989805429802
15.32,12.94,1.043176,1.36395,5.795811,1.034492,1.363612,5.784703,51.982454365139134,2.228950133927366
15.33,12.95,1.065892,1.37295,5.834652,1.056906,1.373017,5.822969,52.434252151688646,-0.4271918643640604
15.34,12.96,1.093232,1.382609,5.873452,1.085054,1.38326,5.861761,55.02673229527204,-4.551365183163489
15.35,12.97,1.116361,1.390615,5.913113,1.107472,1.392645,5.901075,53.55740627730942,-12.864149920604827
15.36,12.98,1.143357,1.397601,5.952435,1.133136,1.399922,5.940969,48.28561060489277,-12.793847197149148
15.37,12.99,1.166154,1.401889,5.991749,1.15774,1.405438,5.980346,53.57727432388645,-22.86987147999244
15.38,13.0,1.190433,1.407089,6.029312,1.181494,1.410771,6.01916,48.63556030144034,-22.386904668663625
15.39,13.01,1.215227,1.41349,6.065911,1.205439,1.416555,6.056275,44.551648438835656,-17.387349113268552
15.4,13.02,1.240625,1.421228,6.102409,1.231534,1.423762,6.092343,47.91356815166638,-15.575132135930268
15.41,13.03,1.266531,1.430059,6.137308,1.257563,1.4325,6.126971,49.056298042027066,-15.226462975916137
15.42,13.04,1.294666,1.440359,6.170269,1.285047,1.442325,6.159834,47.33008769858215,-11.551424611382588
15.43,13.05,1.32272,1.451495,6.203176,1.313502,1.453368,6.192934,48.0121693667209,-11.485535610119335
15.44,13.06,1.352916,1.461122,6.236942,1.343512,1.463212,6.226829,47.08048635786794,-12.530097922164616
15.45,13.07,1.382198,1.46919,6.270577,1.372464,1.471382,6.261045,44.3992876889022,-12.690747735301883
15.46,13.08,1.410571,1.476359,6.3031,1.399853,1.478149,6.294203,39.696028128855396,-9.481392484020748
15.47,13.09,1.441102,1.483232,6.33632,1.429199,1.48483,6.327784,35.645447442457,-7.646346095491961
15.48,13.1,1.469042,1.490905,6.367765,1.459418,1.49287,6.358974,42.40999885428547,-11.539869378408763
15.49,13.11,1.500902,1.5003,6.398148,1.48946,1.501674,6.388764,39.35642326305795,-6.8475123216406555
15.5,13.12,1.531587,1.510914,6.426253,1.52018,1.512059,6.416894,39.36754686088517,-5.731976797653684
15.51,13.13,1.563995,1.522452,6.452195,1.552211,1.523256,6.443519,36.362452804577934,-3.903133553456794
15.52,13.14,1.596776,1.532521,6.479057,1.585547,1.53438,6.470377,37.70396889205012,-9.400253804482599
15.53,13.15,1.630504,1.541047,6.506471,1.618938,1.54389,6.497733,37.07069055428826,-13.809894405663556
15.54,13.16,1.665189,1.548683,6.532724,1.653483,1.551063,6.525264,32.50854822459242,-11.492420466788214
15.55,13.17,1.697261,1.554999,6.559562,1.685494,1.557796,6.55225,31.856769434927603,-13.370991977516564
15.56,13.18,1.731305,1.562614,6.585083,1.719185,1.565024,6.577614,31.643623218646262,-11.246280626441322
15.57,13.19,1.764815,1.571756,6.609047,1.752814,1.573308,6.601363,32.630621790239005,-7.3687392382212975
15.58,13.2,1.798552,1.581587,6.631154,1.785748,1.582837,6.623985,29.244602049300383,-5.575873631945887
15.59,13.21,1.83192,1.591995,6.650985,1.819429,1.592777,6.644295,28.172861779532646,-3.5823313016285705
15.6,13.22,1.867347,1.602902,6.669717,1.853821,1.603188,6.664103,22.541015662101895,-1.211307963255629
15.61,13.23,1.90295,1.612176,6.689109,1.889549,1.612943,6.68449,19.017831651052358,-3.2757235390276387
15.62,13.24,1.940687,1.619439,6.709991,1.927407,1.621236,6.70469,21.760484999487787,-7.706243338446288
15.63,13.25,1.977616,1.625497,6.730835,1.965256,1.628265,6.724719,26.32721820083061,-12.62301182432697
15.64,13.26,2.01387,1.631402,6.750304,2.000911,1.634564,6.744602,23.749642659981408,-13.712253550032344
15.65,13.27,2.050183,1.638554,6.767849,2.03661,1.641264,6.763147,19.107264466551904,-11.291260098786013
15.66,13.28,2.085594,1.647245,6.783587,2.071679,1.64944,6.779357,16.908668733573386,-8.964168737035683
15.67,13.29,2.120653,1.656878,6.797229,2.106084,1.658244,6.794122,12.038612942182167,-5.356434175839978
15.68,13.3,2.157286,1.66634,6.809561,2.143018,1.667771,6.806474,12.20824485862416,-5.7272915343700905
15.69,13.31,2.195555,1.674702,6.822161,2.181623,1.676922,6.818618,14.26824414161606,-9.053703103826638
15.7,13.32,2.234783,1.681657,6.834915,2.220779,1.685134,6.831451,13.893678608008358,-13.94378906052924
15.71,13.33,2.272894,1.687453,6.847127,2.259149,1.691199,6.843708,13.968546984309707,-15.244889392582884
15.72,13.34,2.310451,1.693684,6.858308,2.296016,1.696928,6.85547,11.12279936287084,-12.665743029912242
15.73,13.35,2.346366,1.701253,6.86775,2.331743,1.7036,6.865777,7.684195615513227,-9.11824001803054
15.74,13.36,2.382128,1.710103,6.875178,2.367083,1.711262,6.874585,2.257149814936419,-4.405112194056173
15.75,13.37,2.419028,1.718956,6.881307,2.404229,1.720287,6.880478,3.206203960693662,-5.139269692731375
15.76,13.38,2.457259,1.727088,6.886704,2.442506,1.729131,6.884924,6.879677668649671,-7.884194561038786
15.77,13.39,2.496673,1.734303,6.891295,2.482248,1.737442,6.889325,7.776686854959919,-12.276646108431342
15.78,13.4,2.535422,1.739958,6.896086,2.520532,1.744148,6.89464,5.546723676301539,-15.716437872854542
15.79,13.41,2.573251,1.745212,6.900351,2.558295,1.749355,6.899745,2.3202901551881716,-15.483400433627676
15.8,13.42,2.61045,1.751365,6.90361,2.595353,1.755088,6.904281,-2.5448885508012653,-13.853036299588204
15.81,13.43,2.646266,1.758651,6.904815,2.631293,1.761526,6.906299,-5.6601987513289025,-10.869204401259124
15.82,13.44,2.681418,1.76708,6.904013,2.665538,1.769905,6.9064,-8.548408053991395,-10.08720425617686
15.83,13.45,2.717697,1.775432,6.901793,2.701952,1.778085,6.904204,-8.705960845867597,-9.564380004557389
15.84,13.46,2.755538,1.782157,6.899661,2.740659,1.785069,6.90182,-8.256214088999828,-11.073508218412979
15.85,13.47,2.793763,1.787224,6.897392,2.779068,1.791182,6.899178,-6.9296240285698145,-15.074500513827653
15.86,13.48,2.831116,1.791195,6.894411,2.816579,1.795709,6.896568,-8.43996718876141,-17.25050873022238
15.87,13.49,2.867457,1.79586,6.890479,2.852804,1.800173,6.893733,-12.520527074818022,-16.401394662273105
15.88,13.5,2.902746,1.801777,6.885599,2.888269,1.805355,6.890124,-17.357404825171933,-13.882488451723296
15.89,13.51,2.936201,1.808677,6.879134,2.923145,1.811665,6.885578,-26.269388149728247,-12.890729588131265
15.9,13.52,2.970222,1.815772,6.871299,2.957736,1.818667,6.878328,-29.37735770477269,-13.053921888038658
15.91,13.53,3.005344,1.82155,6.862265,2.992873,1.82495,6.868703,-27.30448720009696,-15.25006482819117
15.92,13.54,3.040607,1.827197,6.853906,3.029382,1.829833,6.859029,-24.531575865296684,-13.215481164058133
15.93,13.55,3.076144,1.828537,6.843667,3.065277,1.833661,6.849619,-28.71010504127551,-25.244781238667148
15.94,13.56,3.111577,1.831541,6.834548,3.100169,1.836452,6.840748,-28.523118606311396,-23.291267744829348
15.95,13.57,3.145197,1.835139,6.823761,3.133847,1.839918,6.830576,-30.982312065949987,-22.833879856694608
15.96,13.58,3.176331,1.839494,6.811293,3.165371,1.844077,6.81925,-35.97978657261378,-22.69258140969198
15.97,13.59,3.206359,1.844964,6.797668,3.19529,1.848926,6.806473,-38.501013975547046,-19.694146411904317
15.98,13.6,3.238206,1.850956,6.783067,3.227281,1.854058,6.790852,-35.47313318031228,-15.85114924837669
15.99,13.61,3.269006,1.853374,6.76625,3.260339,1.857909,6.774854,-44.79100121014601,-27.620773247523065
16.0,13.62,3.303644,1.854752,6.751322,3.293153,1.860219,6.759296,-37.23774182743779,-27.52462080910555
16.01,13.63,3.332617,1.856288,6.734648,3.324874,1.86141,6.743906,-50.09231375368139,-33.48466424312473
16.02,13.64,3.362349,1.858376,6.718103,3.354588,1.863237,6.728002,-51.90289434318406,-32.06042873534265
16.03,13.65,3.391233,1.861266,6.700529,3.383918,1.865525,6.710896,-54.793040710305554,-30.209175087110584
16.04,13.66,3.419333,1.864677,6.681295,3.412528,1.868889,6.692015,-57.592833046940534,-31.755711788930288
16.05,13.67,3.447512,1.867991,6.660892,3.439203,1.872295,6.670642,-49.56219368132278,-27.383819551131907
16.06,13.68,3.474697,1.87004,6.639513,3.466756,1.875364,6.649142,-50.48772637944962,-33.83966018181062
16.07,13.69,3.501604,1.871127,6.61773,3.494759,1.876543,6.627901,-56.059768114658965,-38.35225992132591
16.08,13.7,3.528419,1.871361,6.596067,3.522589,1.876202,6.606696,-61.25525860630274,-39.70489093789595
16.09,13.71,3.55564,1.870743,6.573404,3.548855,1.875853,6.58385,-56.99503016801941,-36.984569997055424
16.1,13.72,3.579959,1.871362,6.550231,3.572979,1.876731,6.560427,-55.60515327928701,-37.56740192054986
16.11,13.73,3.605131,1.873953,6.527728,3.597206,1.87838,6.537827,-51.877617994035994,-29.188249051796888
16.12,13.74,3.62587,1.876828,6.502801,3.620288,1.881359,6.513843,-63.1822906941085,-39.06679884326733
16.13,13.75,3.650573,1.877549,6.476173,3.642806,1.88308,6.486861,-53.99398850472416,-35.45525194931414
16.14,13.76,3.670937,1.87642,6.449372,3.666681,1.882504,6.460324,-68.76363361887873,-55.02568085377852
16.15,13.77,3.692306,1.875561,6.423622,3.68763,1.880833,6.434705,-67.1247576675531,-48.42858013229294
16.16,13.78,3.714556,1.875968,6.397077,3.708133,1.880363,6.408368,-60.36617704100357,-34.38226340911369
16.17,13.79,3.735097,1.877411,6.369919,3.728455,1.882077,6.381034,-59.13869140889235,-35.0880123111545
16.18,13.8,3.754086,1.879829,6.342678,3.748068,1.884103,6.354271,-62.56588692168389,-35.38247352757877
16.19,13.81,3.770838,1.881782,6.314521,3.765752,1.886332,6.326295,-66.6371646941834,-41.81621808368796
16.2,13.82,3.788382,1.882691,6.286922,3.782254,1.887429,6.298692,-62.49645419995512,-37.71020310950495
16.21,13.83,3.804433,1.883855,6.258339,3.798316,1.888424,6.270269,-62.85392604176914,-36.757332408522274
16.22,13.84,3.817724,1.886052,6.229211,3.813458,1.890411,6.241683,-71.11694304208991,-45.617774029381515
16.23,13.85,3.828372,1.890372,6.201849,3.827776,1.89433,6.214211,-87.23977810357125,-81.43667514740635
16.24,13.86,3.842157,1.895378,6.175818,3.840345,1.899468,6.188441,-81.83113834963545,-66.10513504719705
16.25,13.87,3.854024,1.900762,6.149227,3.851019,1.90486,6.162071,-76.83185586170129,-53.747980695123374
16.26,13.88,3.864948,1.906372,6.122343,3.858718,1.909832,6.135008,-63.807111991882465,-29.046794942861236
16.27,13.89,3.873137,1.911556,6.095152,3.87034,1.913454,6.108797,-78.41578045691013,-34.16019547923838
16.28,13.9,3.881976,1.914639,6.068183,3.879526,1.917112,6.081637,-79.67941437417662,-45.26768095490186
16.29,13.91,3.888593,1.918064,6.042119,3.885532,1.920737,6.055633,-77.23752181753528,-41.12889334308672
16.3,13.92,3.892646,1.923302,6.01751,3.890177,1.926077,6.031088,-79.6940395208995,-48.33955943416332
16.31,13.93,3.896607,1.929018,5.991917,3.894025,1.932157,6.005401,-79.15986896576274,-50.56082522499523
16.32,13.94,3.901078,1.933925,5.964301,3.898801,1.937232,5.977655,-80.32351755233657,-55.45105490134814
16.33,13.95,3.905119,1.93662,5.936944,3.903652,1.940146,5.950221,-83.69486023123173,-67.41014069441952
16.34,13.96,3.909266,1.938842,5.910034,3.90791,1.942234,5.923466,-84.23535266277638,-68.21024073299172
16.35,13.97,3.911927,1.940727,5.882605,3.910564,1.944486,5.895944,-84.16567643779553,-70.0695358965476
16.36,13.98,3.913701,1.942104,5.855681,3.911657,1.94588,5.869074,-81.32264524218017,-61.57271580802888
16.37,13.99,3.91257,1.943441,5.829227,3.911058,1.947356,5.842555,-83.5277296970969,-68.88309533553769
16.38,14.0,3.911614,1.944789,5.803212,3.910245,1.948746,5.81658,-84.15279566180934,-70.91595757809256
16.39,14.01,3.91093,1.944903,5.776114,3.909305,1.949957,5.789046,-82.83790642055105,-72.17597366826398
16.4,14.02,3.909331,1.944175,5.748205,3.908789,1.950131,5.760892,-87.55376046282817,-84.80036695838261
16.41,14.03,3.907689,1.941742,5.720325,3.907456,1.948365,5.732644,-88.91644410591877,-87.98514069940228
16.42,14.04,3.90703,1.937028,5.692942,3.906796,1.944367,5.70461,-88.85109569826696,-88.17377410600697
16.43,14.05,3.906698,1.931182,5.665411,3.904124,1.939691,5.676406,-76.82397779375975,-73.16926436822556
16.44,14.06,3.906393,1.924672,5.637864,3.904416,1.933267,5.648535,-79.50390859345063,-77.04628580238807
16.45,14.07,3.903814,1.917673,5.610405,3.899395,1.926805,5.620338,-66.01664175583824,-64.17753207858095
16.46,14.08,3.899904,1.910372,5.583555,3.899655,1.919427,5.594159,-88.65484460570401,-88.42484210867057
16.47,14.09,3.899162,1.903558,5.55693,3.898422,1.911461,5.567377,-85.94829342448782,-84.65068798493918
16.48,14.1,3.894871,1.896839,5.529463,3.894755,1.905478,5.54038,-89.39121917112949,-89.23070829614102
16.49,14.11,3.890395,1.89104,5.502026,3.891057,1.899191,5.51329,-93.36347883780171,-94.64320168737407
16.5,14.12,3.88677,1.88534,5.473754,3.888466,1.89308,5.485092,-98.50753572235473,-102.35939616246148
16.51,14.13,3.883663,1.878573,5.444565,3.883502,1.886127,5.4565,-89.22714193390941,-88.77902778505472
16.52,14.14,3.879316,1.870128,5.415593,3.880586,1.877701,5.426867,-96.42719274589486,-99.51997615870172
16.53,14.15,3.871809,1.859092,5.386274,3.873616,1.867576,5.397246,-99.35220168339987,-102.02371232132053
16.54,14.16,3.868456,1.847183,5.35729,3.869991,1.856451,5.36764,-98.43599703386515,-99.40416715717868
16.55,14.17,3.86352,1.833482,5.328473,3.862756,1.843934,5.338064,-85.44554908957512,-85.8193395916977
16.56,14.18,3.858862,1.820448,5.299762,3.860417,1.82995,5.310014,-98.6247534999545,-99.29405602153675
16.57,14.19,3.853381,1.807918,5.270852,3.855111,1.816863,5.281392,-99.32122160482871,-100.94609590605194
16.58,14.2,3.848113,1.796502,5.24167,3.84762,1.805074,5.252088,-87.2906735848075,-86.70838349054965
16.59,14.21,3.842657,1.786069,5.211877,3.84348,1.794369,5.223174,-94.1667053489444,-95.66274584458972
16.6,14.22,3.836173,1.776654,5.180907,3.838101,1.784968,5.192156,-99.72559933956,-103.05600546303616
16.61,14.23,3.830166,1.766115,5.149165,3.831841,1.774473,5.160243,-98.5980280957642,-101.33234195755783
16.62,14.24,3.822584,1.753657,5.117221,3.825209,1.762576,5.127746,-104.0042167638764,-106.39997368294658
16.63,14.25,3.815515,1.740001,5.085476,3.817181,1.748731,5.096265,-98.77808435886415,-100.80420123975291
16.64,14.26,3.807231,1.725706,5.05418,3.80711,1.73411,5.065286,-89.3757865090697,-89.17511776230256
16.65,14.27,3.798778,1.711328,5.022411,3.80091,1.719941,5.033539,-100.84580039816255,-103.9031215431733
16.66,14.28,3.792311,1.698012,4.99007,3.793288,1.706683,5.001299,-94.97260308407984,-96.42865584869827
16.67,14.29,3.784885,1.686558,4.957273,3.786156,1.694499,4.96892,-96.22786204894521,-99.093372331998
16.68,14.3,3.777902,1.676599,4.923678,3.77908,1.684248,4.935479,-95.70049806620564,-98.75516811231486
16.69,14.31,3.770674,1.667372,4.888942,3.772282,1.674727,4.900816,-97.71218856385494,-102.33234976900758
16.7,14.32,3.763012,1.656177,4.853684,3.766178,1.664148,4.864797,-105.90180581044507,-111.66247180416173
16.71,14.33,3.754342,1.642715,4.818372,3.757687,1.651342,4.828951,-107.54656143899749,-111.19311388032409
16.72,14.34,3.745722,1.628418,4.783423,3.750375,1.636074,4.79533,-111.34449113632137,-121.28950287424742
16.73,14.35,3.736634,1.613869,4.748123,3.739738,1.622034,4.759108,-105.77854826065784,-110.8147619425061
16.74,14.36,3.728394,1.600121,4.712647,3.730971,1.608556,4.723902,-102.89642488181646,-106.98857982984767
16.75,14.37,3.721454,1.587777,4.676462,3.723567,1.595637,4.688045,-100.3383606592368,-105.04704972799631
16.76,14.38,3.714669,1.576918,4.640142,3.719162,1.583856,4.65266,-109.74423746898785,-122.92680984361573
16.77,14.39,3.706292,1.567458,4.602486,3.709048,1.574511,4.614399,-103.02587471544668,-111.34335651063193
16.78,14.4,3.699341,1.557654,4.563517,3.700527,1.56458,4.575813,-95.50937153420598,-99.71701610168704
16.79,14.41,3.691485,1.546348,4.524435,3.695241,1.553131,4.536731,-106.98608782965651,-118.97493396958497
16.8,14.42,3.683851,1.534342,4.486205,3.689982,1.539558,4.497925,-117.61509465535818,-139.61024473830773
16.81,14.43,3.675297,1.519679,4.446612,3.679829,1.524828,4.457996,-111.70763010556792,-131.3532953769546
16.82,14.44,3.666722,1.504354,4.406754,3.672533,1.510962,4.418935,-115.50368249885341,-131.32802962889917
16.83,14.45,3.658708,1.490511,4.367588,3.663162,1.497109,4.379341,-110.75505849702675,-124.02143793060539
16.84,14.46,3.650686,1.478122,4.327997,3.654257,1.484484,4.339845,-106.77286350256787,-119.30556186821849
16.85,14.47,3.64308,1.46729,4.287492,3.645117,1.474707,4.298685,-100.3143059006625,-105.35703815591435
16.86,14.48,3.635494,1.458557,4.246132,3.636912,1.465862,4.258013,-96.80606961338457,-100.98527546861963
16.87,14.49,3.628067,1.451172,4.204174,3.629707,1.457685,4.216308,-97.69730502567609,-104.13348812527478
16.88,14.5,3.62052,1.441993,4.160217,3.622687,1.448412,4.17309,-99.55540386604207,-108.65424638536253
16.89,14.51,3.61298,1.42969,4.118185,3.615404,1.437318,4.129117,-102.50216780428889,-107.62903953277585
16.9,14.52,3.605082,1.416545,4.074957,3.608745,1.423157,4.08637,-107.79402229650977,-118.9861345597603
16.91,14.53,3.596667,1.40379,4.031844,3.601065,1.410051,4.04356,-110.57533636625686,-125.08588124639567
16.92,14.54,3.588755,1.39262,3.98879,3.590219,1.399325,4.000713,-97.00018785115823,-102.31691399014723
16.93,14.55,3.581066,1.383519,3.946013,3.582347,1.389538,3.958074,-96.06266177858943,-102.0147723274174
16.94,14.56,3.573127,1.376078,3.902602,3.574813,1.381304,3.915247,-97.5946433685908,-107.88061856355232
16.95,14.57,3.56509,1.369864,3.858256,3.566644,1.375586,3.870817,-97.05258390324458,-105.19409724626288
16.96,14.58,3.557369,1.36457,3.812545,3.55904,1.37055,3.825108,-97.57641980582405,-105.61203410333607
16.97,14.59,3.549556,1.358033,3.766275,3.551771,1.364765,3.777942,-100.74976697853776,-108.21252645097458
16.98,14.6,3.541305,1.349523,3.719814,3.543752,1.357016,3.731579,-101.7494234033735,-108.08556061232632
16.99,14.61,3.532839,1.33952,3.673818,3.535391,1.347365,3.684934,-102.92985199946231,-108.01984885493947
17.0,14.62,3.524696,1.328607,3.628031,3.526293,1.337168,3.639186,-98.14735968538096,-100.56671104385842
17.01,14.63,3.516248,1.319931,3.582542,3.518532,1.327248,3.593674,-101.59470826823159,-107.33574235502702
17.02,14.64,3.507359,1.312548,3.536737,3.509655,1.319195,3.548421,-101.11742481478832,-109.05588430301236
17.03,14.65,3.497988,1.306846,3.490638,3.500497,1.313198,3.502905,-101.55941756325194,-111.553707811804
17.04,14.66,3.488667,1.303188,3.444061,3.491365,1.308988,3.456639,-102.10657795151224,-114.94654945156013
17.05,14.67,3.479039,1.301494,3.398745,3.481645,1.306309,3.411455,-101.58707296700233,-118.42337479841417
17.06,14.68,3.469275,1.299203,3.351318,3.471913,1.30432,3.363635,-102.08872099309316,-117.27275515812337
17.07,14.69,3.458941,1.295561,3.303024,3.461173,1.300139,3.316339,-99.51604439854366,-115.99150879083568
17.08,14.7,3.449137,1.289693,3.255704,3.451065,1.297648,3.277406,-95.07681380146893,-103.62369653734127
17.09,14.71,3.438691,1.283184,3.206692,3.44182,1.29461,3.241893,-95.07964374701125,-105.31492859827668
17.1,14.72,3.428625,1.276575,3.160531,3.432046,1.291692,3.208645,-94.066998235612,-102.7513417217635
17.11,14.73,3.417659,1.272384,3.112946,3.420985,1.278235,3.125922,-104.37650772187766,-119.61605813994636
17.12,14.74,3.406156,1.270167,3.066623,3.409989,1.275129,3.078958,-107.26220328320373,-127.68503764544842
17.13,14.75,3.39403,1.269461,3.020305,3.397744,1.274395,3.03418,-104.98537742650133,-126.97009743014185
17.14,14.76,3.380902,1.271301,2.974922,3.385196,1.27476,2.988125,-108.01603399944253,-141.14707522342658
17.15,14.77,3.367376,1.273208,2.928097,3.37193,1.276635,2.940903,-109.57612683867823,-143.03761530048345
17.16,14.78,3.352656,1.273448,2.879312,3.357808,1.278002,2.891871,-112.30460302833394,-138.52561519717244
17.17,14.79,3.338739,1.271715,2.832022,3.343206,1.27708,2.844364,-109.89695593221542,-129.78140231004312
17.18,14.8,3.32504,1.269597,2.784488,3.328828,1.274874,2.796919,-106.94713559652538,-125.6719989746339
17.19,14.81,3.310291,1.267583,2.737584,3.314459,1.272635,2.750273,-108.18398039816103,-129.5233060854299
17.2,14.82,3.295789,1.267751,2.69125,3.299841,1.271735,2.704214,-107.35704438887169,-135.4848208086483
17.21,14.83,3.28109,1.270034,2.645794,3.285239,1.272688,2.659371,-106.99264591212535,-147.39408253106436
17.22,14.84,3.265263,1.272627,2.600228,3.269124,1.275743,2.613915,-105.7533610413717,-141.0949155831769
17.23,14.85,3.248461,1.277444,2.554852,3.253377,1.280196,2.568389,-109.95863436551501,-150.75969200412806
17.24,14.86,3.230939,1.283279,2.508796,3.235566,1.286219,2.522266,-108.95780584488891,-147.568085977076
17.25,14.87,3.214356,1.287831,2.464132,3.218031,1.291367,2.47575,-107.55317886205863,-136.10430275526954
17.26,14.88,3.195041,1.291247,2.416486,3.199609,1.294528,2.429016,-110.0300877145448,-144.31192128029053
17.27,14.89,3.177158,1.292827,2.369654,3.181707,1.296118,2.382642,-109.30262129499339,-144.11592766205413
17.28,14.9,3.159288,1.293513,2.323757,3.16343,1.297056,2.336436,-108.09127878872715,-139.45685396105804
17.29,14.91,3.140969,1.294978,2.278142,3.146043,1.298507,2.291187,-111.25410864203037,-145.18113566690278
17.3,14.92,3.122683,1.297618,2.233336,3.127746,1.301225,2.24582,-112.07546296788016,-144.5330365383387
17.31,14.93,3.103584,1.302184,2.18884,3.109221,1.305488,2.201487,-114.02341017408774,-149.62426518213616
17.32,14.94,3.084817,1.308065,2.145663,3.090231,1.310878,2.158205,-113.34838881922008,-152.5445648738925
17.33,14.95,3.064959,1.315937,2.102838,3.07066,1.318154,2.115184,-114.78602860306137,-158.749979487233
17.34,14.96,3.044565,1.324547,2.059304,3.050115,1.326465,2.071796,-113.9548284282943,-160.93558818864605
17.35,14.97,3.024647,1.331875,2.01473,3.029762,1.333616,2.02757,-111.72058115291192,-161.2028914101855
17.36,14.98,3.003294,1.337285,1.970227,3.00895,1.339283,1.983159,-113.6228695935907,-160.54407028241002
17.37,14.99,2.983633,1.341482,1.925576,2.988549,1.343726,1.938214,-111.25531851361656,-155.46478762293762
17.38,15.0,2.963727,1.344834,1.880936,2.967928,1.34813,1.89342,-108.5986388143251,-141.88315225550406
17.39,15.01,2.941966,1.348999,1.837597,2.947426,1.352266,1.850085,-113.6158979568767,-149.10573778920642
17.4,15.02,2.920508,1.354829,1.795771,2.926168,1.357982,1.808212,-114.46303591075713,-150.87925733465536
17.41,15.03,2.898462,1.362278,1.755239,2.904594,1.36501,1.76739,-116.77778671407795,-155.9855153537684
17.42,15.04,2.875896,1.371423,1.715524,2.881947,1.373486,1.727541,-116.72693013004638,-161.173940434985
17.43,15.05,2.852014,1.382303,1.676561,2.858404,1.38375,1.688537,-118.08291518473963,-167.24069763297928
17.44,15.06,2.827716,1.393294,1.63688,2.833988,1.394475,1.648775,-117.8018014117284,-169.3362265135843
17.45,15.07,2.802025,1.401353,1.596155,2.809173,1.404086,1.608106,-120.8840213271399,-159.07590962479398
17.46,15.08,2.777047,1.407961,1.555676,2.784409,1.411605,1.566999,-123.03115922204162,-153.66577769624996
17.47,15.09,2.752749,1.413865,1.515455,2.759118,1.418451,1.527439,-117.9887953031528,-144.2442168918655
17.48,15.1,2.727835,1.420572,1.476211,2.734773,1.424181,1.487213,-122.23604806689988,-152.51750832320306
17.49,15.11,2.702575,1.428505,1.43873,2.710461,1.431222,1.449725,-125.64941906488099,-160.9893973124123
17.5,15.12,2.676888,1.438003,1.402522,2.684971,1.439896,1.413495,-126.37633590389113,-166.81915369880977
17.51,15.13,2.650385,1.448552,1.367443,2.659129,1.449683,1.378849,-127.47428127456395,-172.62994882165347
17.52,15.14,2.622889,1.460797,1.334233,2.632157,1.461125,1.344963,-130.81869829447808,-177.97311442326856
17.53,15.15,2.594442,1.473391,1.30045,2.603649,1.473356,1.310769,-131.74054280575095,179.78219369792495
17.54,15.16,2.564115,1.483693,1.265989,2.574543,1.484376,1.276222,-135.54074562117893,-176.25266560292997
17.55,15.17,2.534246,1.491457,1.231075,2.544238,1.493454,1.241265,-134.43790504448822,-168.69778680257693
17.56,15.18,2.505106,1.498628,1.195821,2.514356,1.500964,1.20649,-130.92521746473233,-165.82683887338047
17.57,15.19,2.475638,1.506034,1.162236,2.485198,1.508242,1.172276,-133.59711846734842,-166.99487857344366
17.58,15.2,2.44655,1.515214,1.129604,2.456634,1.516596,1.139668,-135.05687488653535,-172.1962977497602
17.59,15.21,2.41747,1.525295,1.098741,2.427336,1.526073,1.108826,-134.3710955952011,-175.49117548582876
17.6,15.22,2.387493,1.536628,1.069641,2.397765,1.537136,1.079445,-136.3354039256394,-177.16875373961216
17.61,15.23,2.356568,1.549525,1.042158,2.367446,1.549203,1.051529,-139.25630157893093,178.30448103537546
17.62,15.24,2.324335,1.562205,1.014147,2.33578,1.562468,1.023395,-141.06045614448024,-178.6836052019102
17.63,15.25,2.291466,1.572614,0.984739,2.302702,1.574421,0.993732,-141.32713493380746,-170.86378751501215
17.64,15.26,2.25884,1.581512,0.955715,2.269189,1.583752,0.965331,-137.1026271730209,-167.78695239683725
17.65,15.27,2.225963,1.590046,0.927807,2.237085,1.592319,0.937266,-139.61961616426862,-168.44953416334883
17.66,15.28,2.193867,1.599201,0.901185,2.204798,1.600721,0.910069,-140.89805149937675,-172.0835526371533
17.67,15.29,2.161744,1.609606,0.875552,2.173121,1.610647,0.884319,-142.38252059162514,-174.7719713268529
17.68,15.3,2.129719,1.620979,0.851809,2.141381,1.621472,0.860468,-143.40622445510118,-177.57931652106168
17.69,15.31,2.097809,1.633707,0.829675,2.109895,1.63341,0.837339,-147.6203118720864,178.5923032929608
17.7,15.32,2.064559,1.647228,0.808838,2.077333,1.64628,0.815884,-151.1193472390645,175.7556748520914
17.71,15.33,2.030234,1.6595,0.786027,2.042722,1.659735,0.79317,-150.23091367297567,-178.92193152029915
17.72,15.34,1.994635,1.670218,0.76332,2.007074,1.671928,0.770594,-149.68202712538724,-172.17256223976028
17.73,15.35,1.959623,1.679862,0.741094,1.972146,1.682212,0.748907,-148.040289149915,-169.37178148848565
17.74,15.36,1.925669,1.689244,0.719792,1.937922,1.690519,0.726557,-151.09648572443388,-174.05940121285917
17.75,15.37,1.891584,1.699419,0.699708,1.903716,1.700674,0.706592,-150.42834034347993,-174.09402001364063
17.76,15.38,1.858228,1.710524,0.68106,1.870466,1.71159,0.688039,-150.3050586648067,-175.0217741808762
17.77,15.39,1.825204,1.723197,0.664439,1.837847,1.723443,0.670553,-154.19215787273157,-178.8853133394825
17.78,15.4,1.791841,1.736283,0.648997,1.804453,1.736461,0.654914,-154.86607967172623,-179.19140725730458
17.79,15.41,1.756473,1.748953,0.633236,1.768903,1.750077,0.639714,-152.47334469026652,-174.83300244107517
17.8,15.42,1.720631,1.760599,0.617432,1.733248,1.762488,0.624094,-152.1651506070967,-171.48500140506576
17.81,15.43,1.685703,1.771111,0.602264,1.698543,1.772738,0.608362,-154.59592282756165,-172.7783440962326
17.82,15.44,1.650814,1.7812,0.58796,1.663983,1.781727,0.593746,-156.2809857838364,-177.70834743244188
17.83,15.45,1.616598,1.791798,0.573309,1.630528,1.793283,0.579404,-156.36846460192365,-173.9149964718933
17.84,15.46,1.583226,1.80561,0.573462,1.597618,1.804921,0.567561,157.70541655876346,177.25912489555859
17.85,15.47,1.549619,1.819941,0.573831,1.564618,1.818181,0.557027,131.75162557913717,173.30745146613702
17.86,15.48,1.516263,1.831561,0.551244,1.530323,1.831493,0.548415,168.62347097652074,179.7228959723021
17.87,15.49,1.481621,1.843881,0.55038,1.49563,1.843437,0.539038,141.00559411484892,178.18468032938296
17.88,15.5,1.447834,1.852631,0.52668,1.461528,1.854383,0.530873,-162.97580509025934,-172.70922869589208
17.89,15.51,1.414393,1.86165,0.5065,1.42791,1.864314,0.523039,-129.25845474107646,-168.8507422541031
17.9,15.52,1.38067,1.873809,0.507278,1.394279,1.875423,0.515537,-148.74736585700938,-173.23642879859102
17.91,15.53,1.348526,1.885998,0.505302,1.362522,1.887379,0.509968,-161.56259497698926,-174.36480613686314
17.92,15.54,1.316973,1.898953,0.501864,1.330708,1.90042,0.506868,-159.98206749616233,-173.90349776099296
17.93,15.55,1.28482,1.912526,0.512974,1.298598,1.913049,0.504881,149.57063354012098,-177.82614946387662
17.94,15.56,1.252227,1.92251,0.502642,1.266005,1.924099,0.502988,-178.5614621887636,-173.42121218056084
17.95,15.57,1.219559,1.932067,0.501091,1.233339,1.934234,0.501014,179.67984549301912,-171.06303363511438
17.96,15.58,1.187561,1.941784,0.500655,1.201511,1.943588,0.499573,175.56486293605113,-172.63146138178084
17.97,15.59,1.157231,1.952425,0.501547,1.171034,1.954033,0.49916,170.18868252399696,-173.3551989215573
17.98,15.6,1.127829,1.963518,0.503958,1.141497,1.964912,0.500657,166.42232645316886,-174.17653672135984
17.99,15.61,1.098402,1.975102,0.507338,1.111979,1.976407,0.503808,165.4258628589744,-174.5096857392772
18.0,15.62,1.068755,1.985581,0.51075,1.082623,1.986991,0.508595,171.16723952563018,-174.19452065581243
18.01,15.63,1.038671,1.994621,0.515335,1.052964,1.995939,0.513372,172.17992334450676,-174.731485346281
18.02,15.64,1.010082,2.001793,0.521975,1.023186,2.004056,0.518695,165.94729695783158,-170.2019268230251
18.03,15.65,0.981193,2.009248,0.52776,0.994383,2.011708,0.523442,161.8731461833877,-169.43543175795438
18.04,15.66,0.953905,2.017261,0.53548,0.966821,2.019792,0.52959,155.48589779186997,-168.91289423188303
18.05,15.67,0.927519,2.025831,0.544124,0.953401,2.061665,0.50358,122.55286611497307,-125.83963777360466
18.06,15.68,0.901319,2.034747,0.553919,0.907656,2.107776,0.490178,95.67757281764425,-94.95934695751826
18.07,15.69,0.875257,2.041837,0.564246,0.864771,2.151004,0.477613,83.09853011788137,-84.51330589877936
18.08,15.7,0.848706,2.047569,0.575216,0.861235,2.051165,0.570184,158.11821304075556,-163.9857731203923
18.09,15.71,0.822717,2.051937,0.586733,0.834863,2.055835,0.58126,155.74362414948303,-162.20707340082933
18.1,15.72,0.798276,2.056458,0.599104,0.809624,2.060827,0.592269,148.93907549691895,-158.9432064653292
18.11,15.73,0.77538,2.061203,0.612601,0.785944,2.065399,0.604467,142.4046822400023,-158.3371215017547
18.12,15.74,0.75211,2.066833,0.62692,0.763426,2.070399,0.619099,145.34989341781812,-162.50884786871444
18.13,15.75,0.729825,2.072274,0.642333,0.741366,2.076088,0.634908,147.24445420834112,-161.7126243391015
18.14,15.76,0.708046,2.076308,0.658726,0.719078,2.080796,0.65131,146.0899697875476,-157.8626954423489
18.15,15.77,0.685995,2.078326,0.675285,0.696685,2.083573,0.667583,144.2277616541681,-153.85669254036995
18.16,15.78,0.664031,2.079037,0.692755,0.673864,2.084437,0.684341,139.4467259442737,-151.2256790009124
18.17,15.79,0.643611,2.079057,0.70958,0.652588,2.085061,0.700747,135.46324606787206,-146.22458994457338
18.18,15.8,0.62396,2.079097,0.727422,0.63225,2.085177,0.717896,131.03141584713984,-143.7431660914812
18.19,15.81,0.604771,2.079971,0.746138,0.613413,2.085388,0.736384,131.54079825955995,-147.9195888448756
18.2,15.82,0.586534,2.081604,0.765974,0.595201,2.086917,0.75595,130.8475097476085,-148.49108295132083
18.21,15.83,0.568829,2.082818,0.78605,0.577404,2.088359,0.776344,131.45976488633542,-147.13023330564536
18.22,15.84,0.551325,2.082093,0.806769,0.55968,2.088447,0.797088,130.79520058617666,-142.74691347475795
18.23,15.85,0.533507,2.079317,0.827733,0.541522,2.086293,0.818315,130.39877830530986,-138.96473004444897
18.24,15.86,0.517034,2.075781,0.848495,0.524045,2.082968,0.838521,125.1044424765727,-134.28979146890927
18.25,15.87,0.501605,2.071939,0.869749,0.507308,2.0792,0.859106,118.18441605499714,-128.14711886845728
18.26,15.88,0.485774,2.068529,0.892191,0.492098,2.07571,0.881652,120.96615494889639,-131.3689943482736
18.27,15.89,0.471256,2.06679,0.91507,0.478222,2.072927,0.904342,122.99682689730582,-138.62016158035746
18.28,15.9,0.45834,2.065495,0.938965,0.464879,2.072166,0.928138,121.13000642909503,-134.42749498933122
18.29,15.91,0.445896,2.062469,0.963384,0.452011,2.069792,0.952823,120.0715767339883,-129.8632413244704
18.3,15.92,0.433266,2.057078,0.987931,0.438676,2.065043,0.977386,117.1596086791475,-124.18519372458026
18.31,15.93,0.421402,2.0503,1.012424,0.426039,2.058126,1.002091,114.16846421872658,-120.64725622773221
18.32,15.94,0.410181,2.042862,1.037553,0.414357,2.050776,1.026629,110.92073320663144,-117.81937741975223
18.33,15.95,0.39898,2.036401,1.063064,0.403588,2.044196,1.052244,113.0680880929433,-120.58937893751931
18.34,15.96,0.388998,2.03168,1.089118,0.393593,2.038755,1.077914,112.29958290033784,-123.00251350076421
18.35,15.97,0.380508,2.028361,1.115844,0.384452,2.035205,1.104512,109.18998918730057,-119.95360816780126
18.36,15.98,0.373323,2.023754,1.143431,0.376669,2.031346,1.13211,106.46540987491844,-113.78438684609276
18.37,15.99,0.366326,2.016912,1.170751,0.36883,2.024976,1.159953,103.05583103612231,-107.2503981769124
18.38,16.0,0.359866,2.008366,1.198587,0.361373,2.01644,1.187429,97.69182658062881,-100.57251766481333
18.39,16.01,0.353457,1.999172,1.226901,0.354955,2.007198,1.215174,97.27950550736624,-100.57223571173256
18.4,16.02,0.347209,1.990933,1.254866,0.349296,1.998612,1.243499,100.40373082184475,-105.204598906153
18.41,16.03,0.342168,1.984463,1.283479,0.34371,1.991543,1.271529,97.35268362458226,-102.28694623600782
18.42,16.04,0.338765,1.979477,1.312433,0.339795,1.986436,1.300607,94.9776851763935,-98.4192107433525
18.43,16.05,0.336354,1.974121,1.341504,0.336471,1.981094,1.329618,90.56397355719818,-90.96127595143494
18.44,16.06,0.333738,1.966765,1.371323,0.331497,1.973784,1.35946,79.30250477127679,-72.2929522119685
18.45,16.07,0.330908,1.95819,1.402022,0.331122,1.965217,1.389895,91.01096926894859,-91.74434443842691
18.46,16.08,0.329507,1.949587,1.432357,0.326041,1.956429,1.420448,73.77287065786592,-63.13427402292416
18.47,16.09,0.329489,1.941826,1.461735,0.328378,1.948478,1.450215,84.49137548370929,-80.5181243492218
18.48,16.1,0.331298,1.934793,1.491408,0.328291,1.941772,1.479796,75.4818137125411,-66.690528619392
18.49,16.11,0.334168,1.928552,1.521945,0.331657,1.935635,1.510559,77.56340187351303,-70.48003355758016
18.5,16.12,0.336901,1.921837,1.552452,0.33734,1.929187,1.541124,92.2193032063927,-93.41809534695236
18.51,16.13,0.339925,1.914003,1.583544,0.337907,1.921348,1.572314,79.81282966064997,-74.63734751883365
18.52,16.14,0.344443,1.905581,1.613913,0.340193,1.912136,1.602458,69.64428885742448,-57.04223701694045
18.53,16.15,0.350176,1.896417,1.643757,0.345984,1.903344,1.632512,69.55515324542,-58.819008175539736
18.54,16.16,0.357034,1.888415,1.674184,0.354135,1.895265,1.662229,76.36930162054857,-67.0613511303382
18.55,16.17,0.364743,1.882477,1.703769,0.36115,1.888929,1.692183,72.77051834650734,-60.88737144424991
18.56,16.18,0.374387,1.877324,1.733902,0.370965,1.883634,1.722423,73.4001765988779,-61.52841266814487
18.57,16.19,0.384346,1.869575,1.764569,0.380583,1.876851,1.753061,71.89277700752663,-62.652909218689175
18.58,16.2,0.394802,1.859171,1.794369,0.390107,1.866868,1.783776,66.0962542788738,-58.61773123590808
18.59,16.21,0.404717,1.847762,1.824808,0.400634,1.855022,1.813923,69.43876332561278,-60.64674297700681
18.6,16.22,0.415493,1.836929,1.855658,0.410528,1.844698,1.844461,66.08643183362334,-57.418233197494
18.61,16.23,0.42626,1.828098,1.886175,0.422426,1.834901,1.874292,72.11792239910915,-60.595483864504146
18.62,16.24,0.439158,1.820633,1.91606,0.434872,1.826493,1.903982,70.46225776258599,-53.81828788917289
18.63,16.25,0.452582,1.812998,1.946526,0.448757,1.819311,1.934297,72.6313039056831,-58.78863778374629
18.64,16.26,0.466829,1.805638,1.977885,0.463467,1.812163,1.965611,74.68170196540177,-62.74025583019769
18.65,16.27,0.481735,1.797005,2.009024,0.478875,1.804308,1.997386,76.19334658356154,-68.61370124562812
18.66,16.28,0.497499,1.786152,2.039649,0.493854,1.794808,2.029042,71.03517806161517,-67.16427443394655
18.67,16.29,0.513963,1.772995,2.070096,0.509552,1.782269,2.060458,65.40796669566379,-64.56280052529726
18.68,16.3,0.529399,1.759209,2.100626,0.525358,1.768591,2.091272,66.63528386599822,-66.69756620106278
18.69,16.31,0.545424,1.745002,2.131666,0.541202,1.755172,2.12274,64.68584027125905,-67.45458149968628
18.7,16.32,0.560185,1.731263,2.162229,0.556661,1.741262,2.153057,68.98258452978791,-70.5857461274477
18.71,16.33,0.5754,1.718381,2.193336,0.57277,1.727876,2.183739,74.67468633878386,-74.51791295656113
18.72,16.34,0.591621,1.706632,2.225109,0.589024,1.716045,2.215046,75.52918930132505,-74.57608325403051
18.73,16.35,0.607521,1.696189,2.257395,0.604594,1.704942,2.246829,74.51617056776965,-71.51008368121747
18.74,16.36,0.62302,1.686156,2.290577,0.620674,1.69477,2.280231,77.22398180359794,-74.76514465728931
18.75,16.37,0.639388,1.675512,2.324779,0.636237,1.684491,2.314441,73.04889218364389,-70.66250022322643
18.76,16.38,0.656044,1.663307,2.358206,0.651869,1.672271,2.348525,66.67153584997672,-65.02616104463381
18.77,16.39,0.673667,1.648934,2.390765,0.669271,1.657743,2.381144,65.4435257793944,-63.47919466911529
18.78,16.4,0.691866,1.633171,2.423796,0.687618,1.642264,2.414418,65.63065985192459,-64.95930958719727
18.79,16.41,0.708886,1.617338,2.457425,0.704748,1.626734,2.448698,64.63153272637994,-66.23129916847992
18.8,16.42,0.724907,1.602603,2.491952,0.721188,1.611917,2.482668,68.16986709433769,-68.23359941026828
18.81,16.43,0.740685,1.589962,2.52692,0.736976,1.599091,2.517367,68.78104933320593,-67.88869984830461
18.82,16.44,0.755868,1.578948,2.562284,0.752091,1.587353,2.551871,70.06329539967123,-65.80202343359834
18.83,16.45,0.771231,1.569767,2.598047,0.76754,1.57652,2.58669,71.99595246934146,-61.34022375369929
18.84,16.46,0.786684,1.559801,2.635816,0.783045,1.566391,2.623863,73.06752778160232,-61.09250686238096
18.85,16.47,0.801682,1.548062,2.674289,0.798083,1.555536,2.663984,70.74835029300564,-64.2875108547288
18.86,16.48,0.817214,1.533968,2.712934,0.813024,1.542362,2.702747,67.64221638107286,-63.47318606165286
18.87,16.49,0.832548,1.518123,2.750907,0.828866,1.526208,2.740932,69.73974636028589,-65.51494619992
18.88,16.5,0.848543,1.50202,2.788973,0.844984,1.510921,2.779088,70.19907118092141,-68.20635973384293
18.89,16.51,0.8643,1.487652,2.827038,0.861046,1.496257,2.816769,72.41783926572724,-69.28577620268169
18.9,16.52,0.879034,1.476345,2.865492,0.876548,1.48384,2.854321,77.45381528856255,-71.64994734825859
18.91,16.53,0.893478,1.466488,2.904914,0.890879,1.47222,2.892868,77.82470980448493,-65.60953844303017
18.92,16.54,0.908174,1.457558,2.94555,0.905354,1.463971,2.933592,76.73064073624452,-66.26338129943264
18.93,16.55,0.922879,1.449089,2.987833,0.919851,1.456265,2.976005,75.6405179792418,-67.12209867914392
18.94,16.56,0.937987,1.439453,3.030383,0.934134,1.447029,3.019424,70.62918375622895,-63.04303431781712
18.95,16.57,0.953125,1.427429,3.072655,0.949283,1.435698,3.062114,69.97413511602117,-65.07915048057815
18.96,16.58,0.969118,1.414452,3.114779,0.965519,1.421469,3.103261,72.64767483762922,-62.84683722096168
18.97,16.59,0.984215,1.402498,3.156522,0.981501,1.408564,3.144517,77.26114287383517,-65.89569441234218
18.98,16.6,0.999389,1.391319,3.198625,0.996764,1.398144,3.187286,76.96553349472563,-68.96248897457849
18.99,16.61,1.014233,1.382081,3.241494,1.011536,1.388848,3.229701,77.11827065733344,-68.27015725600981
19.0,16.62,1.029239,1.374981,3.284867,1.025122,1.380995,3.272838,71.10617030618441,-55.60565462703914
19.01,16.63,1.043552,1.369424,3.328395,1.039947,1.375113,3.316268,73.44433651567549,-57.63842211248791
19.02,16.64,1.058023,1.364627,3.373692,1.054461,1.370247,3.361466,73.75671273405783,-57.63315705505028
19.03,16.65,1.072826,1.358541,3.419237,1.068687,1.364226,3.407034,71.2641484557143,-53.94327396451917
19.04,16.66,1.087861,1.349833,3.464844,1.083558,1.355825,3.452762,70.39666129289098,-54.31695904898544
19.05,16.67,1.103589,1.339102,3.51016,1.099613,1.346783,3.498844,70.64051859458019,-62.63206641949262
19.06,16.68,1.119313,1.328565,3.555589,1.115541,1.336528,3.544389,71.38720976962544,-64.65351476074618
19.07,16.69,1.134477,1.320632,3.600873,1.131372,1.327604,3.589061,75.27195780956133,-65.99406356365316
19.08,16.7,1.149392,1.31477,3.645408,1.146695,1.321081,3.633666,77.06419854182198,-66.86060384988042
19.09,16.71,1.164561,1.311279,3.69021,1.160379,1.316248,3.677699,71.51697849788876,-49.915429899696115
19.1,16.72,1.179943,1.308782,3.735427,1.176037,1.313319,3.722022,73.75473222500551,-49.27413822556969
19.11,16.73,1.195267,1.306845,3.781967,1.191686,1.311396,3.769256,74.26617182166692,-51.8022070850462
19.12,16.74,1.210821,1.303229,3.829645,1.206118,1.308782,3.817475,68.87137071170957,-49.737749892382844
19.13,16.75,1.22679,1.298242,3.877002,1.221855,1.304267,3.865388,66.97847776040093,-50.67953571195004
19.14,16.76,1.242201,1.290655,3.924834,1.237822,1.297901,3.912884,69.8749678078229,-58.854028485104344
19.15,16.77,1.258551,1.283373,3.971674,1.254277,1.290792,3.960242,69.50109779326445,-60.05425353279787
19.16,16.78,1.274289,1.277413,4.018474,1.270776,1.284433,4.006596,73.52405571936873,-63.41536387085119
19.17,16.79,1.289884,1.273534,4.064617,1.286877,1.279652,4.052397,76.17576993537683,-63.825860625752306
19.18,16.8,1.305845,1.271788,4.110631,1.301977,1.277109,4.097574,73.49862679657151,-53.9854337182353
19.19,16.81,1.322356,1.270968,4.156069,1.318077,1.275749,4.143219,71.58244231651001,-48.17142394621018
19.2,16.82,1.338755,1.272086,4.202679,1.335181,1.275936,4.189213,75.13586929119519,-47.12908887297659
19.21,16.83,1.355143,1.27342,4.250518,1.351214,1.2775,4.237233,73.52457090851068,-46.08011459643812
19.22,16.84,1.371804,1.273162,4.298435,1.36708,1.277544,4.285516,69.91440494109524,-42.84911586992775
19.23,16.85,1.388853,1.270497,4.346511,1.38403,1.275499,4.333483,69.68531459355364,-46.04374656706661
19.24,16.86,1.405723,1.267026,4.393818,1.40119,1.271469,4.381272,70.13468619551459,-44.425529483193195
19.25,16.87,1.422064,1.263234,4.440207,1.417977,1.267398,4.428361,70.96500375297255,-45.53468027577029
19.26,16.88,1.438871,1.260424,4.48693,1.434568,1.263694,4.474138,71.4079812033203,-37.232470642508915
19.27,16.89,1.455732,1.259339,4.533631,1.449998,1.262032,4.520526,66.36855811857853,-25.157317333030754
19.28,16.9,1.473044,1.258937,4.579629,1.467723,1.262474,4.566834,67.41925564806233,-33.612966857803514
19.29,16.91,1.490245,1.260527,4.625376,1.485618,1.264128,4.612099,70.78668683586233,-37.89212524505602
19.3,16.92,1.507549,1.264976,4.671063,1.502539,1.26766,4.657661,69.50301001054434,-28.179224825584022
19.31,16.93,1.524951,1.269196,4.717295,1.520157,1.271971,4.704163,69.94476080921687,-30.064342563870284
19.32,16.94,1.542781,1.270878,4.764113,1.537414,1.274043,4.751301,67.27098767429976,-30.528487307491833
19.33,16.95,1.560436,1.270177,4.811322,1.555905,1.273798,4.798527,70.49978965181904,-38.63049621780179
19.34,16.96,1.578142,1.267879,4.859063,1.573572,1.272642,4.846742,69.64960593190385,-46.184668335985855
19.35,16.97,1.595519,1.26643,4.905941,1.591276,1.271534,4.893665,70.93312267063332,-50.26295524188494
19.36,16.98,1.613161,1.266096,4.951841,1.608355,1.271133,4.939766,68.29682999817973,-46.34439662745569
19.37,16.99,1.631644,1.267629,4.996476,1.626523,1.272061,4.984342,67.11844354478173,-40.8747457357798
19.38,17.0,1.650432,1.270452,5.040762,1.644951,1.274241,5.028297,66.26437051981236,-34.6559970162218
19.39,17.01,1.669673,1.275011,5.0844,1.664593,1.278239,5.071633,68.3023492279102,-32.4332267969572
19.4,17.02,1.689695,1.281739,5.128158,1.683958,1.284342,5.115647,65.36587075716882,-24.40481524032136
19.41,17.03,1.709804,1.288236,5.172193,1.704473,1.290457,5.159946,66.4769760670417,-22.617575467394097
19.42,17.04,1.729387,1.292589,5.217583,1.724927,1.2946,5.205096,70.3447226048725,-24.270463903511725
19.43,17.05,1.750223,1.294338,5.261566,1.745931,1.296008,5.250185,69.33754940020302,-21.260812125332027
19.44,17.06,1.771407,1.295515,5.306726,1.767146,1.297112,5.295219,69.68059316370568,-20.545729356207364
19.45,17.07,1.794143,1.295965,5.352347,1.788172,1.299219,5.340068,64.06739317035206,-28.588941388184793
19.46,17.08,1.815157,1.298703,5.395706,1.808656,1.301772,5.383847,61.26883239963095,-25.27111601172544
19.47,17.09,1.836655,1.303559,5.438135,1.829777,1.305904,5.426332,59.76922460066772,-18.826406128134536
19.48,17.1,1.858551,1.309305,5.479532,1.851774,1.311346,5.467802,59.982853272981934,-16.760499899035707
19.49,17.11,1.881388,1.317247,5.520147,1.874498,1.318562,5.508367,59.67707691508626,-10.80531332426039
19.5,17.12,1.905239,1.325967,5.560635,1.898017,1.326787,5.549165,57.803736118013205,-6.477733387616001
19.51,17.13,1.93,1.332967,5.603322,1.92264,1.335059,5.591667,57.728054991634394,-15.867224197973208
19.52,17.14,1.955387,1.338138,5.645085,1.947732,1.341091,5.633842,55.75030022995636,-21.09466640429744
19.53,17.15,1.980782,1.341632,5.686817,1.973516,1.34501,5.675431,57.45593056734261,-24.93395383891819
19.54,17.16,2.00579,1.345104,5.727867,1.998234,1.348822,5.716615,56.11764974167874,-26.199921040784435
19.55,17.17,2.030338,1.350296,5.767745,2.022383,1.353579,5.75676,54.08909707280293,-22.42576423417007
19.56,17.18,2.055572,1.357593,5.80633,2.046978,1.359919,5.794998,52.82392616275898,-15.144491793634243
19.57,17.19,2.080827,1.366273,5.843446,2.071432,1.367282,5.83253,49.28263131179832,-6.129930491111875
19.58,17.2,2.10716,1.375826,5.879107,2.097758,1.375983,5.868614,48.13883632301486,-0.9566689449365948
19.59,17.21,2.135594,1.385619,5.915756,2.12577,1.386459,5.905084,47.369200126730064,-4.887182025143634
19.6,17.22,2.163917,1.394663,5.95321,2.154813,1.396409,5.942053,50.785900133947685,-10.856579655133213
19.61,17.23,2.193925,1.401911,5.990477,2.183839,1.404753,5.979244,48.0796453385026,-15.736600627924187
19.62,17.24,2.221555,1.407488,6.027012,2.213077,1.411034,6.016235,51.808743662605124,-22.697559945711635
19.63,17.25,2.251025,1.412974,6.063797,2.24172,1.416335,6.053426,48.10112052896487,-19.859904878443455
19.64,17.26,2.278005,1.418772,6.098943,2.267944,1.421318,6.089394,43.50439694148118,-14.200939926677446
19.65,17.27,2.305981,1.426179,6.132799,2.295199,1.428005,6.123823,39.777334208362454,-9.612198074653751
19.66,17.28,2.334692,1.434562,6.165943,2.324476,1.43627,6.156721,42.07261859997399,-9.491422976021116
19.67,17.29,2.365648,1.444811,6.198273,2.353857,1.445619,6.188841,38.65743779477613,-3.9201702450437494
19.68,17.3,2.394009,1.455739,6.229471,2.384219,1.456215,6.219904,44.33996003371802,-2.7835884033191136
19.69,17.31,2.426522,1.466436,6.260449,2.415333,1.467236,6.251137,39.76878294751257,-4.0896197624168185
19.7,17.32,2.457919,1.475489,6.292,2.447461,1.477164,6.282682,41.70079983443077,-9.099464757845604
19.71,17.33,2.489622,1.483533,6.322765,2.477364,1.48528,6.314214,34.89905914431114,-8.111124391720452
19.72,17.34,2.519886,1.490931,6.352141,2.507635,1.491914,6.345277,29.261072340762244,-4.587490486013527
19.73,17.35,2.550788,1.498525,6.382179,2.538534,1.498901,6.375635,28.103541292859745,-1.757504157112635
19.74,17.36,2.581793,1.506452,6.411557,2.570506,1.50758,6.404456,32.175264712461455,-5.707074913881095
19.75,17.37,2.613918,1.516411,6.439052,2.602209,1.517385,6.431619,32.40782254451142,-4.755137348400629
19.76,17.38,2.645855,1.527457,6.464525,2.633902,1.528171,6.457163,31.62942750322178,-3.4184417158371314
19.77,17.39,2.678001,1.538131,6.489137,2.66644,1.539322,6.481685,32.80505579731686,-5.881791736323492
19.78,17.4,2.712022,1.54861,6.51429,2.699883,1.549901,6.507446,29.41441771092003,-6.070668980032117
19.79,17.41,2.746426,1.557413,6.539133,2.734715,1.559837,6.532602,29.147569484709084,-11.69422251523257
19.8,17.42,2.782454,1.566274,6.562457,2.768716,1.568271,6.556596,23.10439802741511,-8.270768950730478
19.81,17.43,2.816153,1.575541,6.585483,2.800384,1.576478,6.579473,20.863220964317232,-3.4005386666307245
19.82,17.44,2.845417,1.58493,6.60727,2.833692,1.58703,6.600972,28.242151170509278,-10.15426658020042
19.83,17.45,2.871839,1.595144,6.627117,2.866055,1.599068,6.620229,49.979105843997196,-34.15388037150287
19.84,17.46,2.910069,1.609545,6.64325,2.897444,1.61046,6.637987,22.62985380807534,-4.145278026584636
19.85,17.47,2.943231,1.620404,6.660912,2.927685,1.620118,6.657289,13.11864217190717,1.0539524401343445
19.86,17.48,2.97896,1.630775,6.675815,2.964902,1.631414,6.673429,9.632754420482566,-2.6025622024991493
19.87,17.49,3.012191,1.640535,6.692144,2.998639,1.641022,6.689614,10.57472182432382,-2.058075771612574
19.88,17.5,3.045583,1.651385,6.708,3.029691,1.650793,6.706425,5.659899978410826,2.1333642720719452
19.89,17.51,3.079163,1.66356,6.722066,3.058492,1.661025,6.721812,0.7040005616574724,6.991590446484892
19.9,17.52,3.109504,1.675743,6.735329,3.086791,1.671942,6.735871,-1.3669889475170254,9.500361505220788
19.91,17.53,3.145445,1.687783,6.744738,3.115652,1.682467,6.749131,-8.387864894855591,10.116883864080085
19.92,17.54,3.178807,1.698062,6.755096,3.156796,1.696193,6.757028,-5.016240741853376,4.853462106756805
19.93,17.55,3.212075,1.707969,6.764628,3.195779,1.708797,6.764233,1.3885249235607864,-2.9086980343303246
19.94,17.56,3.244269,1.718324,6.773411,3.230794,1.720237,6.772329,4.590820725111354,-8.08009254247167
19.95,17.57,3.27547,1.730071,6.780612,3.26056,1.73057,6.779827,3.013795966374988,-1.916829419211755
19.96,17.58,3.306411,1.742312,6.785595,3.285779,1.740934,6.788275,-7.4010133428035365,3.8210788026962335
19.97,17.59,3.337694,1.754075,6.789422,3.30939,1.749846,6.796309,-13.675594381371601,8.497898848864951
19.98,17.6,3.368532,1.764571,6.792578,3.333729,1.757689,6.804241,-18.52676257531374,11.18545718740257
19.99,17.61,3.399462,1.774965,6.794861,3.359429,1.770847,6.794561,0.4293560839091692,5.8730814744881865
20.0,17.62,3.429538,1.784754,6.795403,3.392206,1.780613,6.800545,-7.842406705549669,6.329579201645591
20.01,17.63,3.459733,1.795187,6.795809,3.421918,1.790606,6.802227,-9.632508650112273,6.907290412333729
20.02,17.64,3.494338,1.804551,6.79779,3.449935,1.801576,6.800277,-3.205771622846393,3.8330872144658463
20.03,17.65,3.52164,1.815079,6.79451,3.477868,1.811198,6.796738,-2.9138473000227387,5.06682264358845
20.04,17.66,3.548854,1.824173,6.790743,3.505659,1.820312,6.793461,-3.6005297381790053,5.107828504444478
20.05,17.67,3.575384,1.831683,6.784905,3.535116,1.83023,6.791293,-9.0141232653173,2.066520934444099
20.06,17.68,3.60118,1.83894,6.778691,3.585587,1.842361,6.782137,-12.461872053857785,-12.374258695367267
20.07,17.69,3.626229,1.846358,6.771667,3.615219,1.849576,6.777654,-28.536391725915557,-16.292572266858144
20.08,17.7,3.650436,1.854977,6.763825,3.643453,1.856877,6.77071,-44.59511876770821,-15.221093847991268
20.09,17.71,3.678673,1.862833,6.756433,3.666987,1.865145,6.761169,-22.061298430163312,-11.191081302442187
20.1,17.72,3.704857,1.869807,6.747488,3.689918,1.873128,6.750291,-10.626833660427677,-12.533274646372458
20.11,17.73,3.727439,1.874529,6.735693,3.71648,1.878419,6.740898,-25.405478555345272,-19.54279614144441
20.12,17.74,3.752866,1.877913,6.72501,3.743608,1.882337,6.731381,-34.53425513443817,-25.541129260002513
20.13,17.75,3.775542,1.881043,6.713456,3.767025,1.886009,6.721508,-43.39244697322822,-30.245142491662314
20.14,17.76,3.799366,1.884819,6.701345,3.790776,1.889516,6.709465,-43.38887382576122,-28.669776880965255
20.15,17.77,3.818721,1.88992,6.687891,3.812542,1.893366,6.696207,-53.38670998665925,-29.148207862016744
20.16,17.78,3.844579,1.894199,6.673644,3.834274,1.89854,6.681618,-37.732672987181324,-22.84334750734546
20.17,17.79,3.864825,1.898256,6.657752,3.855768,1.903243,6.665458,-40.39225364427337,-28.838228085740436
20.18,17.8,3.885889,1.900381,6.641805,3.87572,1.905438,6.649499,-37.111631596702416,-26.440961279612026
20.19,17.81,3.907246,1.900729,6.625559,3.898422,1.906052,6.633635,-42.4657224589644,-31.10010895935588
20.2,17.82,3.928447,1.899911,6.60885,3.919782,1.905547,6.617462,-44.82423645374399,-33.0412955404962
20.21,17.83,3.949643,1.899305,6.591548,3.939409,1.905006,6.599493,-37.82339764358069,-29.120635471226954
20.22,17.84,3.968353,1.899631,6.573334,3.960675,1.904566,6.582318,-49.4817914339405,-32.7307001518319
20.23,17.85,3.986388,1.900752,6.554275,3.977362,1.905167,6.563418,-45.36895335705857,-26.065220852330086
20.24,17.86,4.002779,1.902124,6.533812,3.995537,1.906763,6.543578,-53.441130837687695,-32.64236123038451
20.25,17.87,4.0195,1.901584,6.512806,4.012582,1.907347,6.522926,-55.64361192461545,-39.79579407269227
20.26,17.88,4.037341,1.899081,6.491389,4.029929,1.905338,6.50111,-52.67545788706055,-40.17010761150507
20.27,17.89,4.05514,1.894995,6.469493,4.049131,1.9013,6.479232,-58.32525653180853,-46.37699248021214
20.28,17.9,4.071729,1.890144,6.447782,4.06668,1.896619,6.45758,-62.737530079572934,-52.054022447916985
20.29,17.91,4.08683,1.885744,6.425514,4.082565,1.892359,6.435148,-66.12088762854329,-57.18823068846266
20.3,17.92,4.102887,1.882684,6.402757,4.096758,1.888775,6.413193,-59.57454018086447,-44.82183039250657
20.31,17.93,4.116309,1.880885,6.379648,4.111463,1.886586,6.390749,-66.41693818497905,-49.63458824569773
20.32,17.94,4.128541,1.878968,6.354565,4.12465,1.885235,6.365323,-70.11573675107135,-58.16504387847006
20.33,17.95,4.142322,1.875033,6.329062,4.138786,1.881746,6.339479,-71.25046860540498,-62.222467139670144
20.34,17.96,4.155766,1.868716,6.303719,4.151355,1.875972,6.313908,-66.59135210342215,-58.70413463674285
20.35,17.97,4.168643,1.862471,6.277894,4.164067,1.868811,6.288404,-66.47193842986376,-54.17950858462229
20.36,17.98,4.180841,1.855154,6.252329,4.177551,1.861976,6.263062,-72.95806069358528,-64.25369423763036
20.37,17.99,4.193338,1.848708,6.226149,4.188758,1.85564,6.236866,-66.8601518573662,-56.547101524671305
20.38,18.0,4.202218,1.843542,6.198963,4.198252,1.849895,6.210078,-70.3628316913357,-58.02462137266417
20.39,18.01,4.211486,1.839606,6.171109,4.206784,1.84632,6.182277,-67.16772197767739,-54.99538153321608
20.4,18.02,4.220261,1.835491,6.142717,4.216452,1.842453,6.154007,-71.35672592422107,-61.31636200786261
20.41,18.03,4.228682,1.829668,6.113698,4.225618,1.83695,6.124899,-74.70117479022778,-67.1804173584873
20.42,18.04,4.237132,1.821664,6.084389,4.234706,1.828782,6.095838,-78.03620330432598,-71.17955132892602
20.43,18.05,4.245526,1.81195,6.055073,4.243402,1.819877,6.067044,-79.93878631717752,-75.00022421907329
20.44,18.06,4.253987,1.802589,6.025579,4.251669,1.809248,6.037247,-78.76374401281714,-70.80697678096094
20.45,18.07,4.26248,1.79415,5.996164,4.260141,1.811647,6.033469,-86.4122871512351,-82.38583857959888
20.46,18.08,4.267375,1.787258,5.965677,4.264726,1.793865,5.977623,-77.49709454021641,-68.1522552730481
20.47,18.09,4.273006,1.781325,5.934801,4.271337,1.788017,5.946853,-82.11564070953453,-75.99599384175939
20.48,18.1,4.278285,1.775008,5.903758,4.276847,1.781803,5.915813,-83.19752437552542,-78.05101140516
20.49,18.11,4.283751,1.766484,5.872065,4.282604,1.773768,5.883759,-84.39809146976106,-81.05120673463004
20.5,18.12,4.289397,1.756309,5.83952,4.287951,1.764305,5.850764,-82.67187466838669,-79.7493917705564
20.51,18.13,4.294823,1.745307,5.807108,4.293491,1.75429,5.818474,-83.31590279720851,-81.56563406751502
20.52,18.14,4.301459,1.734083,5.775286,4.29858,1.742622,5.786337,-75.39791171978871,-71.36800723210973
20.53,18.15,4.303805,1.724423,5.742538,4.305499,1.744083,5.781025,-92.52023918437209,-94.92471586937849
20.54,18.16,4.307418,1.716721,5.710221,4.306544,1.723793,5.722144,-85.80750607046475,-82.95476884514697
20.55,18.17,4.312384,1.708981,5.676509,4.306921,1.716113,5.689428,-67.0781726276933,-52.54845224549251
20.56,18.18,4.311999,1.702888,5.643049,4.311231,1.709364,5.655238,-86.39469466761773,-83.2367826842598
20.57,18.19,4.312759,1.694698,5.60824,4.311643,1.701941,5.62008,-84.61539425886849,-81.24076071648672
20.58,18.2,4.314748,1.684819,5.573202,4.313241,1.692947,5.584327,-82.2856315631405,-79.49615468604946
20.59,18.21,4.316398,1.673914,5.538094,4.316147,1.681818,5.549479,-88.73703018584841,-88.18112230066963
20.6,18.22,4.316238,1.662459,5.503127,4.315319,1.670133,5.514502,-85.3810369434806,-83.17106422724835
20.61,18.23,4.318118,1.65211,5.469035,4.324646,1.668668,5.506979,-99.7617747750426,-111.51686378980199
20.62,18.24,4.317042,1.642673,5.433517,4.316572,1.649216,5.445758,-87.80117678479829,-85.89135837286372
20.63,18.25,4.317553,1.634282,5.398211,4.317175,1.640917,5.410566,-88.2475879508368,-86.73934906419794
20.64,18.26,4.317669,1.627622,5.361978,4.315979,1.6339,5.374638,-82.39646345377876,-74.93347561637447
20.65,18.27,4.31476,1.620601,5.325373,4.314516,1.627209,5.337709,-88.86686547664385,-87.88531754930462
20.66,18.28,4.313553,1.612011,5.287621,4.3145,1.619116,5.299371,-94.60783623955126,-97.592002255487
20.67,18.29,4.311067,1.601264,5.249712,4.311415,1.608822,5.26146,-91.69672305272015,-92.63626074379384
20.68,18.3,4.307712,1.589805,5.212148,4.309474,1.59705,5.224241,-98.28989598545716,-103.66908732761593
20.69,18.31,4.305246,1.578284,5.175619,4.307093,1.585745,5.187526,-98.8173820167942,-103.90426326828563
20.7,18.32,4.302226,1.567907,5.138329,4.303708,1.574708,5.150526,-96.92778055130965,-102.2931010963876
20.71,18.33,4.297901,1.558878,5.100436,4.299336,1.565287,5.112806,-96.6171035244397,-102.6205929126746
20.72,18.34,4.293626,1.551231,5.0625,4.295618,1.557637,5.074872,-99.14662132821978,-107.27352446547519
20.73,18.35,4.287926,1.545855,5.02408,4.288771,1.551372,5.03691,-93.7681303250116,-98.70791877344298
20.74,18.36,4.282446,1.539005,4.984532,4.2834,1.545044,4.997178,-94.31415748104305,-98.9770113841176
20.75,18.37,4.276381,1.530342,4.944413,4.277703,1.537107,4.956516,-96.23365453229849,-101.05725690421235
20.76,18.38,4.270081,1.520143,4.904469,4.272639,1.526835,4.916429,-102.07250806887228,-110.91922876325403
20.77,18.39,4.263788,1.509348,4.865128,4.266529,1.515703,4.877504,-102.48811538717753,-113.331209330858
20.78,18.4,4.256795,1.49753,4.825752,4.260133,1.504043,4.837925,-105.33434390130353,-117.13574924614298
20.79,18.41,4.249599,1.487375,4.785881,4.249808,1.493733,4.798194,-90.97244116610374,-91.88274732880434
20.8,18.42,4.24194,1.478891,4.746093,4.243299,1.485169,4.75854,-96.23103973410348,-102.21437100872286
20.81,18.43,4.232874,1.471882,4.706257,4.234709,1.478,4.718783,-98.33427894962935,-106.6958074323456
20.82,18.44,4.223321,1.466481,4.665969,4.225,1.472011,4.678741,-97.48912693981846,-106.88916275718753
20.83,18.45,4.213014,1.460979,4.624376,4.214736,1.466677,4.636987,-97.77550572828262,-106.81541033199863
20.84,18.46,4.202646,1.453911,4.581651,4.205703,1.460746,4.593873,-104.04286151924127,-114.09690378915681
20.85,18.47,4.191681,1.444689,4.539456,4.195017,1.452181,4.551352,-105.66511103603811,-114.0022126800532
20.86,18.48,4.180841,1.434977,4.496973,4.184422,1.442278,4.509499,-105.9544574829454,-116.12706194422049
20.87,18.49,4.170034,1.423711,4.456363,4.173945,1.432676,4.468133,-108.38089759492694,-113.56933721490451
20.88,18.5,4.158986,1.414232,4.414681,4.162527,1.42175,4.426358,-106.8697012949777,-115.2205728122019
20.89,18.51,4.147393,1.406027,4.372785,4.160341,1.42256,4.418448,-105.83098258103011,-128.06666043825885
20.9,18.52,4.13514,1.399992,4.331215,4.136858,1.406476,4.344016,-97.64389197099284,-104.8400803043405
20.91,18.53,4.123156,1.395238,4.289512,4.123819,1.401462,4.302378,-92.94990912976934,-96.0803968585478
20.92,18.54,4.109561,1.392271,4.246952,4.115417,1.396602,4.260415,-113.50759086323411,-143.51398792974953
20.93,18.55,4.09534,1.388742,4.203779,4.101648,1.392703,4.21726,-115.07573087016844,-147.87394106251662
20.94,18.56,4.080986,1.383125,4.160311,4.084581,1.390427,4.176907,-102.22248458402763,-116.2124468420443
20.95,18.57,4.067114,1.374513,4.116076,4.072319,1.380242,4.128825,-112.20858860415998,-132.25626161712745
20.96,18.58,4.052813,1.365625,4.072496,4.056368,1.371723,4.084282,-106.78483677616795,-120.24124569869892
20.97,18.59,4.03824,1.357206,4.028574,4.054761,1.370659,4.071122,-111.22073677519938,-140.84417860102866
20.98,18.6,4.024406,1.350624,3.985612,4.039284,1.365166,4.033294,-107.32925332209875,-135.65433531494548
20.99,18.61,4.0096,1.345812,3.942864,4.023437,1.361599,3.997169,-104.29487701782999,-131.23393801893403
21.0,18.62,3.994028,1.342501,3.900873,4.003268,1.352115,3.935876,-104.7874656644547,-133.86359332047942
21.01,18.63,3.978135,1.34074,3.857611,3.983378,1.343782,3.870333,-112.3975746206376,-149.87759974388578
21.02,18.64,3.962154,1.339281,3.813229,3.968087,1.342519,3.825707,-115.43000537167431,-151.37600978688172
21.03,18.65,3.946357,1.336783,3.767183,3.951137,1.341954,3.779425,-111.32861062041258,-132.74986119146837
21.04,18.66,3.929975,1.332696,3.723009,3.935142,1.338593,3.733904,-115.372845323165,-131.22510998691075
21.05,18.67,3.913058,1.327389,3.677593,3.918081,1.333497,3.689509,-112.85708073732305,-129.4326523849739
21.06,18.68,3.896089,1.32081,3.633686,3.901233,1.327533,3.644812,-114.8130108464111,-127.42085368725158
21.07,18.69,3.879522,1.315392,3.589696,3.884993,1.321538,3.600989,-115.84830421371257,-131.6745962353919
21.08,18.7,3.86212,1.31151,3.546237,3.866946,1.316872,3.557637,-112.94456010457014,-131.98839319479828
21.09,18.71,3.845063,1.309135,3.502162,3.849918,1.314409,3.51384,-112.57456110715178,-132.63123187983948
21.1,18.72,3.827882,1.308958,3.458397,3.83281,1.313364,3.470355,-112.3970022010715,-138.20090799239856
21.11,18.73,3.810226,1.310665,3.414404,3.81464,1.314184,3.426715,-109.7248455152307,-141.43688402810616
21.12,18.74,3.792105,1.312531,3.369326,3.796688,1.316574,3.381905,-110.01857336578117,-138.58212366532496
21.13,18.75,3.773549,1.313258,3.324773,3.778966,1.317284,3.337473,-113.09996543305638,-143.37968530667962
21.14,18.76,3.754708,1.31196,3.280447,3.760849,1.315552,3.29283,-116.37781679225643,-149.67573731670313
21.15,18.77,3.736165,1.308934,3.234756,3.741782,1.313088,3.247214,-114.26942011261129,-143.51556771474333
21.16,18.78,3.71796,1.305001,3.189062,3.722295,1.31121,3.202682,-107.65533316391353,-124.92197725097571
21.17,18.79,3.699066,1.302733,3.14442,3.703583,1.308067,3.157453,-109.1153830329594,-130.258982220228
21.18,18.8,3.679861,1.301565,3.100483,3.684696,1.305931,3.112731,-111.54204099681878,-137.91799629829032
21.19,18.81,3.660285,1.302168,3.057194,3.665096,1.306031,3.069288,-111.69269052371051,-141.23722275393743
21.2,18.82,3.6408,1.304128,3.014049,3.645336,1.30733,3.027127,-109.12869520466654,-144.78141520623564
21.21,18.83,3.621104,1.307381,2.970254,3.625818,1.310024,2.983349,-109.79810167058139,-150.72194339074858
21.22,18.84,3.600765,1.311149,2.925274,3.604275,1.315152,2.938598,-104.75837855712875,-131.24565675857258
21.23,18.85,3.580588,1.313789,2.880285,3.583641,1.31852,2.8927,-103.81559608030874,-122.83488589202622
21.24,18.86,3.559822,1.314996,2.835423,3.565124,1.319867,2.8479,-113.0226720184993,-137.42600232021462
21.25,18.87,3.538451,1.313734,2.790731,3.543917,1.319001,2.803002,-114.01012609765371,-136.06219639109733
21.26,18.88,3.517808,1.311602,2.745876,3.522303,1.317425,2.757839,-110.59330171769237,-127.66594570350772
21.27,18.89,3.497021,1.310722,2.701522,3.502568,1.316201,2.713569,-114.7235453249398,-135.35335240449606
21.28,18.9,3.476579,1.310669,2.658069,3.482025,1.314701,2.67066,-113.38998704555675,-143.48523693538567
21.29,18.91,3.455709,1.31144,2.61421,3.464355,1.314047,2.627906,-122.26336583815646,-163.2205377161966
21.3,18.92,3.434918,1.31362,2.570916,3.440208,1.317713,2.583653,-112.55435450328598,-142.27001919226444
21.31,18.93,3.414184,1.317402,2.527537,3.419637,1.321221,2.540594,-112.66689787979338,-144.99458354741384
21.32,18.94,3.393439,1.323478,2.484334,3.399005,1.326323,2.497649,-112.68613635473382,-152.9266501700206
21.33,18.95,3.373129,1.330184,2.440678,3.378448,1.332711,2.453377,-112.72646430419918,-154.58810730315852
21.34,18.96,3.353235,1.335314,2.395922,3.357497,1.33702,2.40854,-108.66349949022289,-158.18468489636743
21.35,18.97,3.329128,1.337181,2.351617,3.335696,1.339803,2.364334,-117.31517804296502,-158.23770641628136
21.36,18.98,3.30733,1.338527,2.30729,3.313526,1.340915,2.320369,-115.3486239564518,-158.92284135214538
21.37,18.99,3.285477,1.338475,2.26269,3.291574,1.342643,2.276468,-113.87020728805841,-145.64290692777192
21.38,19.0,3.264408,1.339593,2.219529,3.270129,1.343002,2.231904,-114.81124376475447,-149.21034939017716
21.39,19.01,3.242932,1.341561,2.176597,3.248334,1.344864,2.188657,-114.12889755372098,-148.55670766032569
21.4,19.02,3.22032,1.345211,2.133907,3.225871,1.348536,2.1468,-113.29399049240126,-149.07876351912878
21.41,19.03,3.197844,1.350434,2.092248,3.203605,1.353035,2.104979,-114.34758302132012,-155.70157990744875
21.42,19.04,3.175526,1.357587,2.051836,3.182138,1.359023,2.064362,-117.82787261658598,-167.7467389618635
21.43,19.05,3.152029,1.365834,2.010253,3.158698,1.367078,2.022937,-117.73451885445913,-169.4337825844935
21.44,19.06,3.128776,1.373021,1.967499,3.134436,1.375427,1.979957,-114.43355866236534,-156.97022102172355
21.45,19.07,3.104695,1.378558,1.924943,3.110443,1.381512,1.937227,-115.07610440441982,-152.80055781255865
21.46,19.08,3.079953,1.382099,1.882649,3.085635,1.385472,1.895137,-114.46538306501407,-149.3054033164527
21.47,19.09,3.055168,1.385081,1.84082,3.061108,1.388787,1.853173,-115.68080031098381,-148.0397247392153
21.48,19.1,3.031469,1.387926,1.799396,3.037385,1.391755,1.811445,-116.15081223778189,-147.0879309404851
21.49,19.11,3.007037,1.392204,1.758533,3.013104,1.395401,1.770769,-116.3736844729004,-152.21305335205318
21.5,19.12,2.982176,1.397733,1.719408,2.988823,1.400343,1.731557,-118.68409312702944,-158.5621318630628
21.51,19.13,2.957071,1.404138,1.68101,2.96396,1.40628,1.692724,-120.4597731865011,-162.72793877431337
21.52,19.14,2.931159,1.411915,1.642746,2.93862,1.413703,1.654587,-122.21498033955416,-166.5234376383121
21.53,19.15,2.904496,1.421351,1.605364,2.911577,1.422548,1.617369,-120.5337008010275,-170.40520375358693
21.54,19.16,2.876627,1.430641,1.567302,2.883513,1.432024,1.579201,-120.05814217924858,-168.6436716015202
21.55,19.17,2.849504,1.438191,1.529092,2.855883,1.440051,1.540565,-119.07410514793892,-163.7442791772388
21.56,19.18,2.823265,1.44464,1.490555,2.827991,1.446096,1.501551,-113.25767774749191,-162.87682711536235
21.57,19.19,2.791004,1.447067,1.452093,2.799201,1.45025,1.463443,-125.83691570155759,-158.77817156336798
21.58,19.2,2.763137,1.451202,1.41499,2.771586,1.454302,1.425571,-128.60760164368403,-159.85154286135935
21.59,19.21,2.735845,1.456404,1.378352,2.743803,1.45876,1.388967,-126.85866893772963,-163.50838659434245
21.6,19.22,2.706822,1.462278,1.341874,2.715256,1.46508,1.352867,-127.49597927512899,-161.62213491233194
21.61,19.23,2.678139,1.469817,1.306865,2.686616,1.471934,1.317782,-127.82917379602735,-165.9780705363722
21.62,19.24,2.648807,1.478662,1.273709,2.657657,1.480053,1.284483,-129.40043384920884,-171.0676047423891
21.63,19.25,2.618398,1.489142,1.240668,2.627668,1.48957,1.251545,-130.43952980657895,-177.3565058395325
21.64,19.26,2.586945,1.499001,1.207048,2.596541,1.499841,1.217807,-131.7299128861858,-174.99728150794678
21.65,19.27,2.554938,1.507017,1.173739,2.565538,1.508215,1.183394,-137.67120599189576,-173.5518575767217
21.66,19.28,2.523278,1.513208,1.14006,2.53379,1.514683,1.149482,-138.12984187250296,-172.01264253455008
21.67,19.29,2.491344,1.518397,1.105775,2.501525,1.520297,1.115536,-136.2065324588286,-169.42894192962444
21.68,19.3,2.459849,1.523401,1.073001,2.469918,1.525594,1.082446,-136.831525461134,-167.71302153660946
21.69,19.31,2.428401,1.530116,1.040371,2.438528,1.531773,1.050294,-135.58293943707156,-170.70749288309784
21.7,19.32,2.397945,1.535315,1.012699,2.407194,1.539389,1.019748,-142.68765367353112,-156.2274658961254
21.71,19.33,2.364567,1.547593,0.98011,2.375205,1.54861,0.990469,-135.7612793150954,-174.53908101620638
21.72,19.34,2.33235,1.558246,0.952511,2.342919,1.559173,0.96218,-137.54631132078754,-174.9874525318999
21.73,19.35,2.298893,1.569538,0.924512,2.309554,1.570325,0.933927,-138.55145885903593,-175.77805678467536
21.74,19.36,2.265093,1.579022,0.895806,2.276299,1.580688,0.904502,-142.18807760457614,-171.5437555218129
21.75,19.37,2.230427,1.587069,0.866806,2.241682,1.589428,0.875713,-141.642556142059,-168.16240701787402
21.76,19.38,2.196778,1.594517,0.838341,2.20773,1.596714,0.847923,-138.8170379620668,-168.6568712461132
21.77,19.39,2.163317,1.602555,0.811069,2.174692,1.603897,0.819611,-143.0954635691977,-173.27145999698766
21.78,19.4,2.129732,1.611971,0.784929,2.14138,1.613151,0.793521,-143.58612811302143,-174.21538889852616
21.79,19.41,2.097123,1.622819,0.760425,2.108272,1.623338,0.769037,-142.31585294772773,-177.3347333766339
21.8,19.42,2.063378,1.634721,0.737836,2.075109,1.634735,0.746076,-144.9153191267397,-179.93162215221508
21.81,19.43,2.029028,1.646919,0.71633,2.041459,1.64691,0.723726,-149.24886925385388,179.95851806568135
21.82,19.44,1.994391,1.658261,0.693802,2.0069,1.658806,0.700344,-152.39117731894194,-177.50527906437623
21.83,19.45,1.958213,1.668421,0.67047,1.970934,1.669936,0.677168,-152.23180736395707,-173.2083819338518
21.84,19.46,1.923201,1.677621,0.64817,1.935575,1.679565,0.6552,-150.39793589529577,-171.07160473454817
21.85,19.47,1.888051,1.686634,0.626598,1.900472,1.688431,0.633834,-149.77655673702193,-171.76788823001996
21.86,19.48,1.853316,1.697263,0.606254,1.865674,1.698628,0.613302,-150.30307414734492,-173.69695811436083
21.87,19.49,1.819337,1.708906,0.587892,1.831812,1.710001,0.594914,-150.62545875373942,-174.9836878203206
21.88,19.5,1.785647,1.721603,0.571087,1.798123,1.722572,0.577765,-151.84129460864958,-175.5588031303892
21.89,19.51,1.750823,1.734583,0.55555,1.763645,1.735845,0.561542,-154.9522910343828,-174.37879178142515
21.9,19.52,1.715053,1.746176,0.540542,1.728551,1.748109,0.5448,-162.49190418712746,-171.85028781116324
21.91,19.53,1.679031,1.756689,0.524733,1.692161,1.759017,0.528597,-163.60148246890245,-169.94572441035285
21.92,19.54,1.643852,1.766193,0.509688,1.656648,1.768716,0.514012,-161.32895827295903,-168.8460080171636
21.93,19.55,1.608799,1.777092,0.495256,1.621921,1.77854,0.499537,-161.93129180681274,-173.70294327476736
21.94,19.56,1.574836,1.789278,0.482151,1.588034,1.790248,0.487134,-159.3156095588292,-175.79654795973968
21.95,19.57,1.541202,1.802007,0.469688,1.554333,1.803208,0.476333,-153.1581093040208,-174.77409897639166
21.96,19.58,1.506561,1.814236,0.460605,1.520152,1.815789,0.466249,-157.44811895179703,-173.4812683152147
21.97,19.59,1.47238,1.825245,0.454116,1.485573,1.827442,0.45661,-169.29514952496996,-170.54542474754936
21.98,19.6,1.437525,1.835598,0.445646,1.451029,1.838042,0.44757,-171.89128287338386,-169.7414585726392
21.99,19.61,1.403309,1.845717,0.437324,1.41627,1.847994,0.439091,-172.23660941432888,-170.03590606138164
22.0,19.62,1.369025,1.856724,0.430625,1.382626,1.858546,0.432014,-174.16889320621195,-172.37003979539926
22.01,19.63,1.336471,1.868242,0.4254,1.35015,1.869794,0.426746,-174.38024317744024,-173.5269825510663
22.02,19.64,1.304765,1.880888,0.42239,1.318033,1.881745,0.423095,-176.95842828007832,-176.30431359090355
22.03,19.65,1.272058,1.891794,0.420278,1.285507,1.893759,0.420949,-177.14375672989598,-171.68747319327966
22.04,19.66,1.238701,1.901345,0.417977,1.252048,1.904231,0.418697,-176.9121888687367,-167.7988662373687
22.05,19.67,1.206056,1.910535,0.41713,1.219817,1.913548,0.416118,175.79397309159984,-167.64986189998328
22.06,19.68,1.17456,1.920023,0.416451,1.188115,1.922598,0.413805,168.95449143559017,-169.24386875907584
22.07,19.69,1.142414,1.930025,0.416493,1.156086,1.932666,0.413743,168.62722026104285,-169.06691775609735
22.08,19.7,1.11191,1.940674,0.418583,1.12562,1.942794,0.415339,166.68775735462285,-171.209877592995
22.09,19.71,1.082448,1.951349,0.421535,1.095589,1.953182,0.417954,164.7566877087704,-172.05921364467517
22.1,19.72,1.051691,1.960806,0.42402,1.065202,1.962588,0.422216,172.39480149526915,-172.48648177112054
22.11,19.73,1.021244,1.968744,0.427994,1.035142,1.970498,0.426382,173.38394550261629,-172.80700271596555
22.12,19.74,0.99254,1.974714,0.434835,1.005004,1.978083,0.429902,158.4073390706748,-164.87448752226027
22.13,19.75,0.964366,1.982045,0.440757,0.976003,1.985149,0.433915,149.54650606892096,-165.0649055170761
22.14,19.76,0.936152,1.989595,0.44788,0.948348,1.992508,0.441163,151.15603385285576,-166.56664942107088
22.15,19.77,0.908906,1.997868,0.455756,0.92081,2.000274,0.449792,153.38876118317847,-168.57348873425678
22.16,19.78,0.881319,2.005337,0.465129,0.893838,2.008052,0.459426,155.50847798647493,-167.76373049820018
22.17,19.79,0.853924,2.010854,0.47451,0.866467,2.015155,0.469503,158.2387682182256,-161.07313670484348
22.18,19.8,0.826879,2.015731,0.484915,0.839052,2.019969,0.479656,156.63460836554165,-160.80456349601488
22.19,19.81,0.801309,2.020177,0.496447,0.812832,2.024261,0.489566,149.15631418382384,-160.48457432144332
22.2,19.82,0.776172,2.023981,0.509312,0.787265,2.027813,0.50091,142.85918092824892,-160.94288277490443
22.21,19.83,0.750986,2.02851,0.520912,0.762437,2.031991,0.515341,154.05672035657693,-163.09120453883568
22.22,19.84,0.726884,2.033961,0.535683,0.738986,2.037142,0.529491,152.90340038641457,-165.27298431041862
22.23,19.85,0.703916,2.038951,0.550185,0.7162,2.043043,0.544684,155.8762914316106,-161.57624613190097
22.24,19.86,0.68134,2.041827,0.56556,0.692795,2.046806,0.559951,153.91108007456418,-156.5074701757244
22.25,19.87,0.659097,2.042769,0.582266,0.669314,2.048398,0.575198,145.32497245891938,-151.14767495288422
22.26,19.88,0.637734,2.042956,0.597965,0.646966,2.04903,0.590564,141.28196127360727,-146.6579248479547
22.27,19.89,0.615713,2.042927,0.615168,0.624845,2.049491,0.606786,137.45207241385236,-144.291757255626
22.28,19.9,0.594623,2.044154,0.632991,0.603852,2.049702,0.624458,137.24397428289407,-148.98788028977413
22.29,19.91,0.57486,2.045902,0.651363,0.584256,2.050727,0.642566,136.8857680710818,-152.81875849736153
22.3,19.92,0.556137,2.04727,0.671154,0.565226,2.052982,0.661879,134.41969883527673,-147.85261099356478
22.31,19.93,0.538332,2.046652,0.691146,0.547264,2.053029,0.681887,133.97016644252818,-144.47506687590564
22.32,19.94,0.519893,2.044766,0.711331,0.528394,2.051391,0.702104,132.65492409667397,-142.069997795595
22.33,19.95,0.502072,2.042097,0.73204,0.509428,2.04899,0.722121,126.5608909473364,-136.86108607676906
22.34,19.96,0.48475,2.039011,0.752554,0.491364,2.045866,0.742146,122.43484479339014,-133.97491947893272
22.35,19.97,0.467346,2.035594,0.773937,0.474184,2.042443,0.763827,124.07284961390737,-134.9539524045487
22.36,19.98,0.451133,2.032948,0.795938,0.458314,2.039523,0.785624,124.84710689572216,-137.52244890970198
22.37,19.99,0.436826,2.031017,0.818813,0.44361,2.037613,0.80852,123.3884253782822,-135.80499983324196
22.38,20.0,0.423165,2.028259,0.842227,0.429661,2.03548,0.832053,122.5578352268768,-131.97449705449867
22.39,20.01,0.409507,2.023503,0.86618,0.41552,2.031488,0.856189,121.04128114451599,-126.98109802269413
22.4,20.02,0.396211,2.017337,0.889991,0.401217,2.025624,0.879603,115.72951917933017,-121.13527899876097
22.41,20.03,0.383279,2.010619,0.913584,0.387743,2.018534,0.902943,112.75850937227811,-119.4226687649201
22.42,20.04,0.37043,2.003595,0.938079,0.37502,2.011624,0.927496,113.44707436851657,-119.75563919165889
22.43,20.05,0.358504,1.99799,0.963414,0.363358,2.00541,0.952263,113.523361479487,-123.19182474554246
22.44,20.06,0.348331,1.993743,0.989259,0.352725,2.001037,0.977744,110.88631580290647,-121.06530376718683
22.45,20.07,0.339226,1.989323,1.015596,0.343317,1.997315,1.004769,110.69915545539764,-117.10731135512404
22.46,20.08,0.330653,1.983226,1.04247,0.334251,1.991384,1.031532,108.20836008192231,-113.79937254462416
22.47,20.09,0.322512,1.975375,1.069409,0.324925,1.983443,1.058202,102.15095779679588,-106.65101931466174
22.48,20.1,0.314278,1.966516,1.096334,0.316155,1.974498,1.085378,99.72162720602046,-103.23291792775422
22.49,20.11,0.306314,1.957461,1.124364,0.308193,1.965484,1.113044,99.42456227627842,-103.18119640697162
22.5,20.12,0.298747,1.949725,1.152041,0.301071,1.957287,1.140934,101.81792543470287,-107.08355973441425
22.51,20.13,0.293091,1.943674,1.180887,0.295078,1.950936,1.169243,99.68400523572336,-105.3025075340377
22.52,20.14,0.288938,1.937883,1.209768,0.290777,1.945664,1.198386,99.17801473170539,-103.29755593619697
22.53,20.15,0.285328,1.930899,1.238508,0.286229,1.938663,1.2272,94.55559479556005,-96.61947579830768
22.54,20.16,0.281819,1.922659,1.268385,0.279442,1.929792,1.256368,78.81114965010319,-71.56987080858731
22.55,20.17,0.278254,1.913087,1.298031,0.278562,1.920556,1.286756,91.5647638580956,-92.36137465817544
22.56,20.18,0.276132,1.903964,1.328096,0.276022,1.911285,1.316404,89.46096905543105,-89.13918023131893
22.57,20.19,0.274938,1.895999,1.358033,0.272504,1.903045,1.346108,78.46387321002085,-70.94282383426645
22.58,20.2,0.275107,1.890147,1.387607,0.271957,1.89677,1.375863,74.98541354574353,-64.56352550568226
22.59,20.21,0.276325,1.883884,1.417511,0.273237,1.890904,1.406111,74.8435907344752,-66.25597610687556
22.6,20.22,0.277339,1.87573,1.448781,0.273736,1.882674,1.43709,72.87144583684646,-62.57677195185215
22.61,20.23,0.278327,1.865988,1.48044,0.277691,1.873495,1.468851,86.85877999726802,-85.15741245492248
22.62,20.24,0.280296,1.856117,1.51161,0.279843,1.863644,1.499504,87.85702262602027,-86.5559028264797
22.63,20.25,0.283567,1.847004,1.542798,0.282625,1.854884,1.530729,85.53704342241177,-83.18303213723486
22.64,20.26,0.287934,1.839681,1.572991,0.284159,1.846567,1.561373,71.99962989945477,-61.26784026584687
22.65,20.27,0.294231,1.833502,1.602756,0.288864,1.840245,1.591474,64.55893505168497,-51.48243674285422
22.66,20.28,0.301087,1.826512,1.634304,0.297845,1.833507,1.622957,74.0546040990773,-65.13350765379005
22.67,20.29,0.307369,1.818017,1.666583,0.304089,1.825388,1.655608,73.36064346423301,-66.01155238107268
22.68,20.3,0.314017,1.808191,1.699143,0.312777,1.816127,1.688283,83.48615012901713,-81.11934084947995
22.69,20.31,0.32166,1.798436,1.73074,0.315195,1.805469,1.719556,59.969599409168296,-47.40960246135916
22.7,20.32,0.33023,1.788379,1.761891,0.327245,1.79583,1.750754,74.99592082026011,-68.16810346207099
22.71,20.33,0.339443,1.778677,1.793882,0.335916,1.786039,1.781907,73.58870275964203,-64.40176845603925
22.72,20.34,0.349174,1.770039,1.826001,0.346221,1.776671,1.814259,75.88341555458324,-65.99824539246208
22.73,20.35,0.360196,1.763338,1.857932,0.356567,1.769623,1.845731,73.43569896132678,-59.997582709310784
22.74,20.36,0.372493,1.756834,1.889611,0.368374,1.763093,1.877819,70.74545610495286,-56.651391341029466
22.75,20.37,0.385409,1.748809,1.922329,0.38083,1.755674,1.910952,68.07626577617647,-56.2964524737109
22.76,20.38,0.399262,1.737265,1.955216,0.395035,1.745499,1.944702,68.09812771007718,-62.82588399109639
22.77,20.39,0.413553,1.724085,1.9877,0.40957,1.733142,1.977214,69.20123070386725,-66.26153053136301
22.78,20.4,0.427091,1.71157,2.019421,0.422644,1.720121,2.008969,66.95176047295372,-62.5230367654894
22.79,20.41,0.44072,1.699061,2.052159,0.436895,1.708134,2.04168,69.94712175250315,-67.14065986393551
22.8,20.42,0.453864,1.688706,2.08588,0.450997,1.697384,2.074872,75.40179970041967,-71.71770210901165
22.81,20.43,0.468546,1.680015,2.119132,0.466025,1.687471,2.107762,77.49840687691753,-71.3187330992476
22.82,20.44,0.4839,1.671053,2.151797,0.48019,1.678431,2.140553,71.73949962216754,-63.30463264237504
22.83,20.45,0.499525,1.660545,2.185058,0.495798,1.668842,2.174461,70.62305781206123,-65.81045511790319
22.84,20.46,0.515661,1.648443,2.218827,0.51182,1.657407,2.208749,69.1367950907061,-66.80526669706845
22.85,20.47,0.532252,1.634619,2.252121,0.528108,1.644507,2.242947,65.69076546837938,-67.2617419210465
22.86,20.48,0.548362,1.619379,2.284883,0.545038,1.62961,2.276337,68.74625919791735,-72.00128365349919
22.87,20.49,0.564572,1.604225,2.317626,0.561913,1.6148,2.309329,72.23052576792446,-75.8860181391903
22.88,20.5,0.581085,1.588407,2.350631,0.578314,1.599645,2.342895,70.29270696325204,-76.14864682434273
22.89,20.51,0.597423,1.573574,2.383282,0.594459,1.584159,2.37519,69.88283927565989,-74.35674966752059
22.9,20.52,0.614432,1.559226,2.41652,0.611362,1.5694,2.407497,71.2095591805628,-73.20883472045979
22.91,20.53,0.631034,1.545984,2.450243,0.628057,1.555689,2.440922,72.28722863862261,-72.94665212699006
22.92,20.54,0.646702,1.534053,2.485063,0.643035,1.542621,2.47488,70.1955450482894,-66.82966303497192
22.93,20.55,0.661501,1.522255,2.52162,0.657757,1.530233,2.510587,71.25558264178751,-64.85977848763764
22.94,20.56,0.675417,1.509729,2.557945,0.671525,1.517102,2.546783,70.77720339133121,-62.17168294461676
22.95,20.57,0.689469,1.4947,2.594432,0.685276,1.501512,2.583452,69.09933639640364,-58.386397466029244
22.96,20.58,0.704079,1.476743,2.630969,0.700271,1.483986,2.620337,70.29430233509838,-62.26689563580484
22.97,20.59,0.719036,1.457326,2.667883,0.715703,1.46616,2.65769,71.89281892810612,-69.32889603806646
22.98,20.6,0.733986,1.438549,2.704377,0.730904,1.448351,2.694886,72.00989934430275,-72.54551608155661
22.99,20.61,0.748718,1.422572,2.741476,0.746061,1.43196,2.73208,74.21016297530012,-74.19737943319889
23.0,20.62,0.762541,1.407928,2.77968,0.759861,1.417135,2.769528,75.21199772505537,-73.77062671248058
23.01,20.63,0.776327,1.395551,2.81839,0.773818,1.404011,2.807926,76.5164857760043,-73.48111246033245
23.02,20.64,0.790118,1.38517,2.858235,0.787285,1.392042,2.84676,76.13188229807412,-67.59596637687342
23.03,20.65,0.802475,1.37322,2.899874,0.800183,1.38011,2.887944,79.12480485423204,-71.5999845806912
23.04,20.66,0.816328,1.358629,2.941973,0.813479,1.366269,2.930706,75.80950777482686,-69.54922487278857
23.05,20.67,0.830335,1.342158,2.983482,0.827294,1.350404,2.972832,74.06384168622856,-69.75678902371443
23.06,20.68,0.844464,1.324729,3.024893,0.841482,1.333301,3.014411,74.1195996616609,-70.81839954574747
23.07,20.69,0.858502,1.308341,3.065877,0.856138,1.317243,3.055575,77.0760795771698,-75.12788773520779
23.08,20.7,0.872884,1.294014,3.10749,0.870661,1.302231,3.096808,78.24413486747216,-74.86176792533755
23.09,20.71,0.886192,1.281331,3.149758,0.883954,1.289242,3.138322,78.92727983922906,-74.20393865815478
23.1,20.72,0.899397,1.271249,3.192505,0.897264,1.278543,3.180648,79.80192392027364,-73.69938393100682
23.11,20.73,0.912905,1.262831,3.23624,0.909956,1.268623,3.223752,76.71320206579966,-63.01705541250259
23.12,20.74,0.926443,1.253554,3.281356,0.922918,1.259319,3.269305,73.69544066921262,-58.556366180435646
23.13,20.75,0.94025,1.241518,3.327576,0.9363,1.248826,3.316345,70.62296655802139,-61.60862043080496
23.14,20.76,0.954366,1.226801,3.372288,0.950131,1.23569,3.362264,67.09662121218545,-64.52539687637338
23.15,20.77,0.969063,1.211765,3.417788,0.967691,1.220087,3.407558,82.36133770501662,-80.63818876317598
23.16,20.78,0.983516,1.197714,3.462689,0.981008,1.206355,3.452424,76.27016925141893,-73.81493641939433
23.17,20.79,0.997649,1.186366,3.507984,0.995364,1.194161,3.496994,78.25461397115649,-73.66220656961616
23.18,20.8,1.011911,1.177155,3.553143,1.009129,1.184283,3.541417,76.6533113746152,-68.67970578810643
23.19,20.81,1.026482,1.170381,3.598562,1.02232,1.175792,3.586414,71.08813825232062,-52.43345492523758
23.2,20.82,1.041223,1.165569,3.644251,1.036687,1.169297,3.631573,70.31354541340951,-39.415741901627285
23.21,20.83,1.056313,1.159246,3.692471,1.051526,1.163859,3.680206,68.67941800781021,-43.93953965840208
23.22,20.84,1.07135,1.150668,3.741591,1.066406,1.156778,3.729792,67.26541135207809,-51.02141710195984
23.23,20.85,1.086389,1.140668,3.790266,1.082415,1.147249,3.778165,71.81968476476987,-58.87391842878101
23.24,20.86,1.101028,1.129533,3.83782,1.098095,1.139777,3.819526,80.89152355146139,-74.02284451124291
23.25,20.87,1.116238,1.120383,3.885658,1.11386,1.127147,3.874151,78.32380336560671,-70.63000237438439
23.26,20.88,1.130587,1.113491,3.932876,1.127833,1.119896,3.920582,77.37352408006504,-66.73342763397946
23.27,20.89,1.1455,1.109226,3.980301,1.141595,1.114439,3.967986,72.40654434475202,-53.16352943332235
23.28,20.9,1.160637,1.107453,4.02711,1.156468,1.111122,4.014211,72.08899368431085,-41.349945836275296
23.29,20.91,1.176407,1.106412,4.075397,1.172021,1.109685,4.06243,71.31224033625071,-36.731699563964696
23.3,20.92,1.191852,1.105204,4.12595,1.18777,1.109703,4.1136,71.70992009595417,-47.782141830272394
23.31,20.93,1.207009,1.102235,4.176301,1.202954,1.107598,4.163329,72.64094560173778,-52.90683111864759
23.32,20.94,1.223135,1.097584,4.225631,1.218402,1.102966,4.213366,68.89865666511996,-48.67118726109239
23.33,20.95,1.23872,1.091383,4.27574,1.234427,1.096859,4.262839,71.59436802141887,-51.904746270643564
23.34,20.96,1.25376,1.084673,4.32446,1.250377,1.090854,4.312321,74.42745640319053,-61.30712283038968
23.35,20.97,1.26885,1.080547,4.3728,1.265494,1.085695,4.360319,74.94978732286728,-56.89952340326989
23.36,20.98,1.284449,1.078955,4.42072,1.280741,1.082723,4.407113,74.75663968586656,-45.459827844222445
23.37,20.99,1.300199,1.07841,4.468039,1.295596,1.081128,4.455238,70.22236473448022,-30.561190866355876
23.38,21.0,1.316307,1.079172,4.516472,1.31225,1.082269,4.503372,72.79252622562097,-37.35709873093422
23.39,21.01,1.332021,1.081347,4.565883,1.328365,1.084757,4.552623,74.5855928056769,-43.0060753824492
23.4,21.02,1.348534,1.082694,4.615332,1.344483,1.086442,4.602455,72.53684646500288,-42.775112921453186
23.41,21.03,1.364709,1.081798,4.665082,1.360599,1.086532,4.652246,72.24528728077863,-49.03589046501342
23.42,21.04,1.381035,1.079434,4.714802,1.377181,1.084534,4.702155,73.05211808421592,-52.92215913276037
23.43,21.05,1.396935,1.076522,4.764129,1.393178,1.082043,4.751648,73.24728348195727,-55.76500005356382
23.44,21.06,1.41296,1.074793,4.812723,1.40901,1.079868,4.800533,72.04580408579301,-52.10548147768059
23.45,21.07,1.429299,1.074838,4.860688,1.425095,1.079733,4.847949,71.73658278309135,-49.34284369723014
23.46,21.08,1.445885,1.076542,4.908404,1.441721,1.081378,4.895838,71.66633356367362,-49.27016109286749
23.47,21.09,1.462873,1.080584,4.955061,1.458524,1.084721,4.94247,70.94480867014099,-43.56891595377896
23.48,21.1,1.480908,1.087122,5.001357,1.476222,1.090336,4.988548,69.90563479889475,-34.445166853783476
23.49,21.11,1.498911,1.093965,5.048532,1.494411,1.09671,5.035369,71.12611644428956,-31.383191056358047
23.5,21.12,1.516099,1.09866,5.096538,1.511955,1.101388,5.083477,72.3967845949202,-33.3569562820581
23.51,21.13,1.534721,1.100785,5.144208,1.530368,1.103752,5.131484,71.11370046338212,-34.2782992144453
23.52,21.14,1.553474,1.102388,5.191654,1.549175,1.104431,5.178837,71.45783113004865,-25.41831952834191
23.53,21.15,1.572154,1.104573,5.238107,1.566734,1.105801,5.225224,67.18304914495654,-12.765880000850624
23.54,21.16,1.591055,1.107424,5.284623,1.585418,1.109325,5.272038,65.87171556769395,-18.635964447658875
23.55,21.17,1.610066,1.111763,5.330237,1.604711,1.114017,5.318253,65.9227210641052,-22.826957225167405
23.56,21.18,1.630299,1.117498,5.375834,1.624686,1.119996,5.363324,65.83512974281601,-23.990895876766718
23.57,21.19,1.650981,1.126208,5.419252,1.645405,1.128027,5.406653,66.12702571184285,-18.06733658356302
23.58,21.2,1.672054,1.136272,5.463182,1.666912,1.13783,5.450478,67.9641421254917,-16.856543194254506
23.59,21.21,1.693791,1.145166,5.508197,1.687963,1.147393,5.495867,64.70138368860995,-20.912896412445924
23.6,21.22,1.715934,1.152199,5.553228,1.709948,1.154968,5.54124,63.465545324659026,-24.824286589273736
23.61,21.23,1.737404,1.158359,5.597764,1.73222,1.160602,5.585665,66.80655350365248,-23.39704779812704
23.62,21.24,1.758992,1.165002,5.641276,1.753239,1.166009,5.629325,64.29465910416708,-9.928419745339209
23.63,21.25,1.781157,1.17132,5.684361,1.774606,1.172969,5.672884,60.28254504295761,-14.128811874731646
23.64,21.26,1.803671,1.179599,5.72643,1.7966,1.181104,5.714812,58.67427981386657,-12.015601725710233
23.65,21.27,1.826474,1.189404,5.767248,1.819608,1.190594,5.755494,59.709023583797524,-9.83269980705619
23.66,21.28,1.851894,1.201878,5.806238,1.84336,1.202075,5.794715,53.47613927340198,-1.322388597999888
23.67,21.29,1.87574,1.21517,5.844971,1.868238,1.215356,5.833552,56.69607791960897,-1.4202655463992135
23.68,21.3,1.900636,1.228202,5.884701,1.892945,1.228274,5.873473,55.58948179979566,-0.5363640122824138
23.69,21.31,1.927783,1.237913,5.924786,1.919167,1.238598,5.913414,52.85059729214289,-4.545639450102853
23.7,21.32,1.953041,1.247384,5.963483,1.944624,1.247042,5.952661,52.12538288472001,2.3267653120301333
23.71,21.33,1.97789,1.256685,6.002803,1.969439,1.255793,5.992395,50.92438348934268,6.025239755374463
23.72,21.34,2.005108,1.265469,6.042055,1.995662,1.26597,6.031537,48.07363980819995,-3.0360273523577064
23.73,21.35,2.030519,1.2765,6.079197,2.021275,1.276414,6.068515,49.12770966253804,0.5330262749557901
23.74,21.36,2.056633,1.288516,6.114514,2.047319,1.288222,6.103902,48.72703985833462,1.807963055089037
23.75,21.37,2.083695,1.302216,6.148192,2.074229,1.301617,6.13764,48.10531917331904,3.6207978956006914
23.76,21.38,2.111892,1.317065,6.181264,2.101665,1.316199,6.170767,45.746428550506145,4.840134918357212
23.77,21.39,2.140765,1.33105,6.214846,2.129864,1.330673,6.204751,42.801593941383565,1.980726839258967
23.78,21.4,2.16959,1.34279,6.248443,2.159049,1.34322,6.238796,42.46438562526012,-2.335976924932565
23.79,21.41,2.199172,1.353646,6.282342,2.189031,1.354192,6.272549,43.99985421605688,-3.081877477821111
23.8,21.42,2.228094,1.363865,6.316079,2.217657,1.364674,6.305988,44.034369508977164,-4.432287755435362
23.81,21.43,2.256998,1.375039,6.3487,2.245801,1.375649,6.338818,41.430265370974986,-3.1183272241848994
23.82,21.44,2.285163,1.387322,6.379096,2.274017,1.387521,6.36975,39.98007136880536,-1.0228466586437113
23.83,21.45,2.313994,1.400835,6.407918,2.303012,1.400666,6.398459,40.73892979517173,0.881644735489114
23.84,21.46,2.343204,1.415536,6.43448,2.331211,1.414432,6.425551,36.66833358201279,5.259465772361359
23.85,21.47,2.372338,1.430711,6.459825,2.360218,1.429057,6.452332,31.725779466247204,7.771072756301912
23.86,21.48,2.403192,1.445286,6.487039,2.390767,1.443887,6.479403,31.57352830039208,6.424194188718037
23.87,21.49,2.43543,1.457884,6.514971,2.423936,1.45802,6.50648,36.45451473201517,-0.6779069428331282
23.88,21.5,2.467057,1.469337,6.542003,2.454771,1.469686,6.533401,34.99765357101071,-1.6271244675838477
23.89,21.51,2.49645,1.479634,6.56825,2.486124,1.480849,6.560194,37.96016408639237,-6.710802618888458
23.9,21.52,2.526939,1.491024,6.593962,2.516374,1.492318,6.586106,36.63402433158484,-6.982802071815802
23.91,21.53,2.559299,1.504505,6.617027,2.546666,1.504154,6.610073,28.83115991176039,1.59151793019219
23.92,21.54,2.589194,1.51707,6.638886,2.576195,1.516611,6.632542,26.01411313255682,2.0222971752732413
23.93,21.55,2.621498,1.531083,6.659948,2.607864,1.529932,6.653024,26.923647828887706,4.825542071193161
23.94,21.56,2.653265,1.544976,6.679904,2.63967,1.543887,6.672461,28.69985379018137,4.5797839545002565
23.95,21.57,2.681985,1.556557,6.699924,2.671381,1.558076,6.692286,35.76498821906987,-8.152038239731642
23.96,21.58,2.717686,1.57032,6.719645,2.703628,1.57108,6.712632,26.51285884489331,-3.094497388139752
23.97,21.59,2.74962,1.581628,6.738971,2.73593,1.582437,6.732627,24.86319237467486,-3.3819168999548515
23.98,21.6,2.779494,1.591357,6.756776,2.767851,1.592943,6.751769,23.269822875173624,-7.75704063963577
23.99,21.61,2.810002,1.601735,6.774514,2.796837,1.602498,6.770204,18.12757799724088,-3.3169639476895147
24.0,21.62,2.83997,1.613057,6.791852,2.829763,1.614313,6.786046,29.63231487063232,-7.015140603834701
24.01,21.63,2.873202,1.626361,6.805357,2.861439,1.627214,6.800033,24.351775101479824,-4.147573106645359
24.02,21.64,2.90257,1.63838,6.818284,2.892139,1.639462,6.8128,27.73272649112584,-5.922069881642988
24.03,21.65,2.935405,1.650084,6.830855,2.925359,1.652038,6.825171,29.501065700934046,-11.00689921296221
24.04,21.66,2.970568,1.660829,6.842583,2.958204,1.663084,6.838191,19.55630242104227,-10.336243871023504
24.05,21.67,3.003931,1.670413,6.853271,2.990396,1.671977,6.849714,14.724391308855749,-6.591424273802118
24.06,21.68,3.03567,1.679652,6.864205,3.022011,1.68066,6.860898,13.610065576807525,-4.220634207048513
24.07,21.69,3.066653,1.689932,6.874183,3.054438,1.691082,6.870172,18.17846116513626,-5.378346396460401
24.08,21.7,3.098116,1.70144,6.881623,3.084872,1.702111,6.878355,13.861027563021997,-2.900379309122546
24.09,21.71,3.127702,1.712597,6.887765,3.113578,1.713113,6.885271,10.013996564078704,-2.0922882640822476
24.1,21.72,3.159214,1.722545,6.893035,3.145495,1.723895,6.890363,11.02131346572274,-5.620021712194384
24.11,21.73,3.191181,1.731202,6.898255,3.175886,1.733669,6.896495,6.564170806786505,-9.1625825981784
24.12,21.74,3.226089,1.738726,6.904397,3.206312,1.74188,6.902235,6.238738360977453,-9.061122848787834
24.13,21.75,3.259229,1.746251,6.909029,3.23733,1.749871,6.906476,6.649563678239687,-9.386360170578778
24.14,21.76,3.289075,1.754863,6.91178,3.271599,1.757595,6.911039,2.4279444276848046,-8.885059655839903
24.15,21.77,3.319977,1.76391,6.912854,3.303765,1.766042,6.913167,-1.1060542344989193,-7.491835061249392
24.16,21.78,3.349119,1.773195,6.911854,3.334337,1.775116,6.9131,-4.81816937127629,-7.404396435726505
24.17,21.79,3.379455,1.780879,6.910396,3.363189,1.783763,6.91085,-1.5987662814238013,-10.054190277959387
24.18,21.8,3.407408,1.786628,6.907023,3.390273,1.791022,6.907751,-2.4328133828378036,-14.382681766091494
24.19,21.81,3.432266,1.792402,6.901813,3.419033,1.796677,6.905697,-16.35742032073314,-17.903361810578534
24.2,21.82,3.462306,1.797835,6.898974,3.448594,1.801858,6.903288,-17.46435410246264,-16.351300765518587
24.21,21.83,3.491117,1.804263,6.894911,3.477613,1.807783,6.899155,-17.446747112815995,-14.609819429726818
24.22,21.84,3.518374,1.811269,6.889011,3.504823,1.814312,6.893434,-18.076505326742886,-12.656335298636549
24.23,21.85,3.546471,1.818321,6.882555,3.532387,1.82124,6.886652,-16.219579937924323,-11.709142574321397
24.24,21.86,3.574416,1.823499,6.874838,3.560338,1.827401,6.878911,-16.13603743604774,-15.491780119230782
24.25,21.87,3.600962,1.826596,6.865654,3.588469,1.831414,6.870687,-21.942810042133097,-21.089430789534745
24.26,21.88,3.628148,1.828866,6.856905,3.617547,1.833997,6.863824,-33.13145106261814,-25.82749008030082
24.27,21.89,3.654171,1.831774,6.847475,3.645044,1.836651,6.855846,-42.52607797899409,-28.117757890969482
24.28,21.9,3.680827,1.835601,6.837306,3.671054,1.840193,6.845701,-40.66255495789469,-25.16723368880266
24.29,21.91,3.706879,1.840792,6.826392,3.695683,1.844497,6.834068,-34.43461318606176,-18.310503193913828
24.3,21.92,3.731075,1.846233,6.813627,3.721325,1.849873,6.821664,-39.499021131091496,-20.472279519742518
24.31,21.93,3.755364,1.849309,6.800251,3.746247,1.853846,6.808013,-40.41029385004088,-26.456855858883777
24.32,21.94,3.780855,1.850632,6.786722,3.772106,1.855406,6.794695,-42.343042102809186,-28.619635579264354
24.33,21.95,3.805917,1.851109,6.773321,3.797293,1.855804,6.781695,-44.157376621386945,-28.564356304718938
24.34,21.96,3.830988,1.850984,6.758912,3.823231,1.856037,6.768315,-50.479090953301295,-33.080688768588296
24.35,21.97,3.853856,1.852254,6.743331,3.846283,1.856711,6.752173,-49.420591901838016,-30.47843813087361
24.36,21.98,3.875948,1.854453,6.726872,3.869426,1.858188,6.736172,-54.958392398082786,-29.798778687259244
24.37,21.99,3.897768,1.857485,6.709402,3.888958,1.861649,6.718328,-45.374730246811126,-25.297512604750768
24.38,22.0,3.919619,1.85912,6.690876,3.911628,1.863926,6.700078,-49.029010947099884,-31.023820501982136
24.39,22.01,3.940143,1.859282,6.672042,3.933844,1.864194,6.681736,-56.984858733864094,-37.94733074022401
24.4,22.02,3.96261,1.857128,6.653266,3.955162,1.862392,6.663144,-52.98375093351926,-35.25140575831501
24.41,22.03,3.984743,1.854801,6.634099,3.977027,1.860151,6.64354,-50.74134132402081,-34.73606309216391
24.42,22.04,4.005216,1.852942,6.614299,3.998619,1.858186,6.624067,-55.96614574433961,-38.48142646246759
24.43,22.05,4.025939,1.851899,6.594773,4.018498,1.857026,6.604304,-52.020287696752135,-34.56763016972324
24.44,22.06,4.044236,1.85212,6.573749,4.037183,1.856764,6.583923,-55.268842504546214,-33.36263437641467
24.45,22.07,4.061055,1.852832,6.55167,4.054454,1.857646,6.562108,-57.69070499402516,-36.1026519412576
24.46,22.08,4.078179,1.851693,6.529057,4.071381,1.85689,6.539411,-56.712784780399595,-37.397534767458474
24.47,22.09,4.097674,1.84854,6.505756,4.090803,1.854093,6.515949,-56.01648177965136,-38.944426169357186
24.48,22.1,4.11599,1.84423,6.482494,4.109531,1.849757,6.492877,-58.11530831861711,-40.55377662504125
24.49,22.11,4.132537,1.839147,6.458816,4.126183,1.845092,6.469238,-58.63051382435839,-43.09534586712972
24.5,22.12,4.149711,1.835413,6.434667,4.141502,1.841336,6.445147,-51.9283475263787,-35.811396331125074
24.51,22.13,4.163011,1.833057,6.410707,4.157646,1.838023,6.42183,-64.25041081032542,-42.7882432036421
24.52,22.14,4.176757,1.83118,6.384969,4.17115,1.836437,6.395905,-62.85531771115769,-43.154769028031595
24.53,22.15,4.191356,1.828807,6.358726,4.183995,1.83502,6.368801,-53.84737574820705,-40.16580220201058
24.54,22.16,4.205442,1.824984,6.332271,4.198976,1.831619,6.342561,-57.85568791718482,-45.739061880354086
24.55,22.17,4.219365,1.819395,6.305564,4.213945,1.825729,6.316356,-63.333104854613886,-49.44641579556444
24.56,22.18,4.232739,1.81347,6.279288,4.227011,1.818966,6.290442,-62.817790305057116,-43.815865266610146
24.57,22.19,4.244578,1.807493,6.2514,4.2397,1.813342,6.262886,-66.98950893272803,-50.17227500310444
24.58,22.2,4.25492,1.803565,6.223618,4.25031,1.808744,6.235363,-68.56962282783812,-48.326658113723866
24.59,22.21,4.264758,1.800833,6.195297,4.259956,1.805925,6.20716,-67.96248857835323,-46.67889834373597
24.6,22.22,4.273491,1.797946,6.166069,4.269064,1.803667,6.177855,-69.413061540825,-52.2667306870988
24.61,22.23,4.281956,1.793101,6.136007,4.278306,1.79938,6.147614,-72.54344186633101,-59.83044510912362
24.62,22.24,4.290908,1.786042,6.105968,4.287369,1.792546,6.117707,-73.22332122085847,-61.448208306522645
24.63,22.25,4.299546,1.777716,6.076163,4.296678,1.784553,6.088533,-76.94653646501594,-67.24281662020103
24.64,22.26,4.308533,1.770151,6.045923,4.305994,1.776884,6.057147,-77.25355427088097,-69.33864719279786
24.65,22.27,4.317819,1.763288,6.015738,4.314473,1.769458,6.027658,-74.32031954018257,-61.528958529471
24.66,22.28,4.321539,1.758454,5.984357,4.318562,1.763934,5.996674,-76.41228739853413,-61.487059354753974
24.67,22.29,4.327067,1.754467,5.952964,4.323596,1.760105,5.965287,-74.26914798277721,-58.38172595230174
24.68,22.3,4.330889,1.750432,5.920828,4.328522,1.756052,5.933403,-79.33991055315045,-67.16042099842787
24.69,22.31,4.334908,1.744172,5.887929,4.333413,1.750505,5.900084,-82.9881417255237,-76.71763296225807
24.7,22.32,4.338345,1.735547,5.854478,4.337595,1.74266,5.866201,-86.33938839457815,-83.98093089663189
24.71,22.33,4.342004,1.725917,5.820801,4.341537,1.733211,5.832991,-87.80606641524409,-86.33662496726119
24.72,22.34,4.346279,1.716075,5.788018,4.345401,1.723687,5.799758,-85.7229795922863,-83.42034093633526
24.73,22.35,4.350038,1.707456,5.755376,4.348725,1.714369,5.767233,-83.68102380475335,-79.24579265040828
24.74,22.36,4.352616,1.70057,5.722291,4.351026,1.706665,5.734666,-82.678473397353,-75.37912601136698
24.75,22.37,4.354531,1.694196,5.688618,4.352844,1.700369,5.701349,-82.45164397171051,-74.71504138377455
24.76,22.38,4.354682,1.689068,5.654548,4.353795,1.69482,5.667098,-85.9572122022642,-81.23362890683607
24.77,22.39,4.355425,1.682411,5.619412,4.354408,1.688752,5.631733,-85.28138853600186,-80.88822742815702
24.78,22.4,4.356295,1.674058,5.583837,4.355809,1.681323,5.595531,-87.62016986713734,-86.17283927700683
24.79,22.41,4.355928,1.663968,5.548366,4.35468,1.672196,5.559627,-83.67600344071262,-81.37527571426601
24.8,22.42,4.354571,1.65388,5.512858,4.353628,1.663833,5.526952,-86.17216465985716,-84.58765039100786
24.81,22.43,4.355693,1.643376,5.478417,4.355138,1.651046,5.49004,-87.26619440209394,-85.86129963906002
24.82,22.44,4.354495,1.633693,5.443052,4.351679,1.641161,5.454381,-76.04113173784782,-69.3397685294044
24.83,22.45,4.353224,1.62559,5.407584,4.351861,1.632594,5.419761,-83.61333380453331,-78.9877011714396
24.84,22.46,4.350775,1.618666,5.372012,4.349186,1.625575,5.384291,-82.62644960589378,-77.04778682639409
24.85,22.47,4.347873,1.612316,5.336074,4.347124,1.618935,5.348417,-86.52742608525583,-83.54392503842145
24.86,22.48,4.3458,1.605578,5.299157,4.345968,1.612249,5.3114,-90.78617061703048,-91.44261082479532
24.87,22.49,4.340687,1.596943,5.262318,4.341787,1.604035,5.274169,-95.30295259185262,-98.81657104129614
24.88,22.5,4.336284,1.587243,5.225653,4.337935,1.593532,5.237895,-97.68077148959863,-104.70947582999372
24.89,22.51,4.330538,1.575709,5.189,4.330309,1.581907,5.200809,-88.88906010679567,-87.88403227223512
24.9,22.52,4.327045,1.563708,5.15246,4.329083,1.570614,5.164458,-99.6403405648629,-106.44163065781808
24.91,22.53,4.322585,1.55277,5.115457,4.324863,1.559812,5.127425,-100.7768180008263,-107.92575345530021
24.92,22.54,4.317777,1.543644,5.078325,4.318481,1.550401,5.090608,-93.2803181106393,-95.94808636681832
24.93,22.55,4.312252,1.536538,5.04095,4.313482,1.543002,5.053329,-95.6743880024868,-100.77370745174308
24.94,22.56,4.305517,1.530154,5.003163,4.306267,1.536262,5.015739,-93.41292924976455,-97.00029481035196
24.95,22.57,4.298427,1.523157,4.964289,4.300556,1.529701,4.976487,-99.90049321350328,-108.02158172995415
24.96,22.58,4.291411,1.51414,4.925276,4.294271,1.521278,4.936884,-103.84096525468752,-111.8346164062839
24.97,22.59,4.284278,1.503602,4.886177,4.287305,1.510684,4.897811,-104.58417986306151,-113.1429114001195
24.98,22.6,4.275753,1.492018,4.847394,4.280145,1.499202,4.85872,-111.19531292463805,-121.43988778371688
24.99,22.61,4.268759,1.48066,4.808842,4.273039,1.488012,4.820232,-110.59462451892638,-120.2060178213895
25.0,22.62,4.261343,1.470854,4.770177,4.264307,1.47775,4.782062,-104.00334355062606,-113.25872880887233
25.01,22.63,4.253378,1.463094,4.731133,4.255949,1.469427,4.74333,-101.90309875275825,-112.09561458739091
25.02,22.64,4.244178,1.456469,4.692153,4.246271,1.46266,4.704605,-99.54139712206118,-108.67892434421503
25.03,22.65,4.234205,1.451429,4.652734,4.236338,1.457086,4.665261,-99.66320315280241,-110.65920080446793
25.04,22.66,4.224693,1.445896,4.611953,4.226383,1.451571,4.624775,-97.50857241408893,-106.58339236277679
25.05,22.67,4.213356,1.439211,4.570895,4.217762,1.445496,4.582702,-110.46398807183515,-125.03176985776754
25.06,22.68,4.202684,1.429845,4.529888,4.206861,1.436119,4.542229,-108.69917505921075,-123.6542260436202
25.07,22.69,4.191779,1.419642,4.489603,4.195814,1.426868,4.50176,-108.36139480875183,-119.17900061300114
25.08,22.7,4.179386,1.41007,4.449125,4.185105,1.41734,4.460346,-117.00654608416633,-128.19062526129517
25.09,22.71,4.169012,1.401017,4.407983,4.172936,1.407723,4.420162,-107.85862604823136,-120.33393557660254
25.1,22.72,4.158237,1.394275,4.367201,4.160056,1.400674,4.379817,-98.20447856697633,-105.86849838833494
25.11,22.73,4.146863,1.389173,4.325971,4.148165,1.395491,4.338991,-95.71059313749926,-101.64438050765825
25.12,22.74,4.137266,1.385264,4.286039,4.135397,1.391498,4.298386,-81.39232491344266,-73.31087467260879
25.13,22.75,4.120651,1.38316,4.243564,4.128305,1.387071,4.256809,-120.02269147964525,-152.93411913359236
25.14,22.76,4.106704,1.378879,4.200947,4.114879,1.382789,4.213724,-122.61198923274776,-154.43879484766538
25.15,22.77,4.092298,1.371505,4.15827,4.097926,1.377205,4.169691,-116.23299294824385,-134.63583681362636
25.16,22.78,4.079969,1.363142,4.11453,4.083388,1.369193,4.127314,-104.97297303811621,-119.46777610564567
25.17,22.79,4.0666,1.353981,4.072988,4.070554,1.361453,4.084424,-109.07284003622634,-117.88670050412586
25.18,22.8,4.054438,1.346649,4.031236,4.056739,1.353674,4.042561,-101.48495212977016,-108.1359232567125
25.19,22.81,4.038642,1.341944,3.98922,4.048401,1.345963,4.001702,-128.01992674790776,-157.6169121052964
25.2,22.82,4.023878,1.338016,3.947496,4.031271,1.342132,3.960211,-120.17539968396152,-150.8934385867283
25.21,22.83,4.008858,1.335851,3.906105,4.014755,1.339649,3.918885,-114.76973857893792,-147.21618471973625
25.22,22.84,3.992939,1.335694,3.864584,3.998444,1.338609,3.877132,-113.68779808207995,-152.09794714804053
25.23,22.85,3.977157,1.334392,3.820795,3.982476,1.338375,3.833376,-112.91768790048566,-143.17321429448694
25.24,22.86,3.961252,1.331112,3.77673,3.966401,1.336366,3.788738,-113.20953108626902,-134.4217194492912
25.25,22.87,3.945101,1.326298,3.733522,3.95047,1.331733,3.744459,-116.14653422455274,-134.64999311280278
25.26,22.88,3.928616,1.319934,3.689536,3.933954,1.326165,3.701027,-114.91663395700374,-130.58614604875135
25.27,22.89,3.912374,1.314151,3.64606,3.916499,1.320236,3.657956,-109.12425518737534,-124.133206578898
25.28,22.9,3.895682,1.309502,3.603467,3.899327,1.315171,3.61557,-106.76046275282206,-122.73982337844109
25.29,22.91,3.878727,1.306691,3.561563,3.88385,1.311545,3.573701,-112.88280593948232,-136.5444353608497
25.3,22.92,3.860894,1.305141,3.520373,3.866546,1.308962,3.532033,-115.86105176330534,-145.93958114197125
25.31,22.93,3.842818,1.304301,3.47775,3.848148,1.307862,3.490253,-113.0884394565053,-146.25291436681297
25.32,22.94,3.824852,1.305182,3.435051,3.829581,1.308644,3.447325,-111.07097398104558,-143.7929377493512
25.33,22.95,3.80632,1.306646,3.391085,3.81091,1.311125,3.404135,-109.37800405539221,-135.70123651733098
25.34,22.96,3.787315,1.306347,3.347768,3.79286,1.311246,3.359361,-115.56206370052976,-138.53944648628007
25.35,22.97,3.767484,1.30383,3.304157,3.772904,1.309247,3.316266,-114.11333507719115,-135.0158611547612
25.36,22.98,3.747718,1.300493,3.261507,3.752766,1.306161,3.27491,-110.63798457120377,-131.6887061604905
25.37,22.99,3.727996,1.297318,3.2191,3.733942,1.301915,3.231701,-115.26109284865166,-142.29150146375076
25.38,23.0,3.708545,1.294147,3.175904,3.714284,1.298645,3.188406,-114.65732599735523,-141.91206285832942
25.39,23.01,3.689413,1.2925,3.133099,3.692578,1.296995,3.14502,-104.86887735224664,-125.14997701781596
25.4,23.02,3.669732,1.292685,3.090596,3.674614,1.296795,3.103273,-111.06203897494332,-139.90704427718458
25.41,23.03,3.649835,1.293954,3.048399,3.654608,1.297842,3.061114,-110.57530198081832,-140.83435890108757
25.42,23.04,3.630001,1.297239,3.00563,3.634228,1.300526,3.018715,-107.90261753922469,-142.1306471992565
25.43,23.05,3.609676,1.300877,2.962329,3.614148,1.304342,2.975421,-108.85927663601241,-142.23071980497159
25.44,23.06,3.588725,1.303165,2.919622,3.594154,1.306484,2.932327,-113.13760398153511,-148.56061695911208
25.45,23.07,3.567362,1.303072,2.87601,3.573162,1.30681,2.888271,-115.31623801128077,-147.19891768598046
25.46,23.08,3.545809,1.301121,2.832042,3.551197,1.305954,2.844627,-113.17715797260311,-138.10810680666654
25.47,23.09,3.525923,1.299084,2.789148,3.529099,1.303969,2.800769,-105.28556877557284,-123.03005108739048
25.48,23.1,3.503702,1.296777,2.745506,3.509619,1.302376,2.757696,-115.89183736614673,-136.58174964859617
25.49,23.11,3.483052,1.295856,2.703,3.488627,1.300545,2.714854,-115.18785415940113,-139.9336062627155
25.5,23.12,3.461847,1.295912,2.660478,3.465323,1.300801,2.672936,-105.59003250983355,-125.41221197145404
25.51,23.13,3.440613,1.297871,2.618832,3.445245,1.302448,2.63214,-109.1910302210203,-135.3421902927215
25.52,23.14,3.419945,1.301319,2.577437,3.425181,1.30444,2.590831,-111.35158744890056,-149.20228034635787
25.53,23.15,3.398502,1.305348,2.534969,3.404292,1.308067,2.548319,-113.44675692931159,-154.8451202962609
25.54,23.16,3.37674,1.309475,2.491782,3.382502,1.312671,2.504702,-114.03568778030926,-150.9842473625482
25.55,23.17,3.355465,1.313172,2.448547,3.360887,1.316405,2.461171,-113.24349229469583,-149.1934566279636
25.56,23.18,3.335497,1.315718,2.40531,3.338826,1.318024,2.417884,-104.82898482981186,-145.28963464591482
25.57,23.19,3.316232,1.317723,2.363561,3.31644,1.318091,2.374684,-91.07130569858421,-119.47588900327536
25.58,23.2,3.288688,1.313054,2.319544,3.294425,1.31719,2.331974,-114.77543287634049,-144.21087371416883
25.59,23.21,3.26739,1.313436,2.276952,3.272839,1.316361,2.290244,-112.29097215067156,-151.77328596146845
25.6,23.22,3.246482,1.314767,2.235507,3.252342,1.317199,2.248245,-114.70436067856407,-157.46071587205572
25.61,23.23,3.222897,1.316838,2.194462,3.230016,1.319776,2.206761,-120.06344072813434,-157.5741380786471
25.62,23.24,3.200397,1.320581,2.153924,3.207073,1.323135,2.166028,-118.87907301533474,-159.06492813452832
25.63,23.25,3.177024,1.326035,2.112843,3.183184,1.328123,2.125597,-115.7798796570339,-161.2753433645903
25.64,23.26,3.15425,1.333073,2.072007,3.161064,1.33465,2.08448,-118.64778024233233,-166.9691562028348
25.65,23.27,3.13087,1.338974,2.030254,3.137614,1.340681,2.04283,-118.20285898318984,-165.79596265695488
25.66,23.28,3.105959,1.342422,1.988678,3.113412,1.345406,2.000517,-122.19162628710325,-158.18003661072265
25.67,23.29,3.080281,1.344511,1.947253,3.087679,1.347973,1.959135,-121.90732015788765,-154.92208325979104
25.68,23.3,3.056639,1.346858,1.906277,3.061831,1.34971,1.918201,-113.52948205202269,-151.21971609147394
25.69,23.31,3.030486,1.348045,1.865745,3.037316,1.351538,1.877385,-120.40312186181355,-152.91387990288231
25.7,23.32,3.006748,1.351287,1.825945,3.013475,1.354242,1.837553,-120.09289786625001,-156.28533749955648
25.71,23.33,2.982707,1.355857,1.786472,2.989812,1.358563,1.798063,-121.50728035879166,-159.1502368789282
25.72,23.34,2.958188,1.361247,1.747461,2.965504,1.363613,1.758932,-122.52900709217762,-162.07875296404214
25.73,23.35,2.933145,1.367406,1.709357,2.940716,1.369547,1.720636,-123.87138638054972,-164.209649126875
25.74,23.36,2.906507,1.374466,1.671299,2.914538,1.376715,1.682521,-125.58932212178603,-164.3556365537379
25.75,23.37,2.880933,1.381817,1.632509,2.887447,1.383558,1.643842,-119.8894972835983,-165.03628778552735
25.76,23.38,2.853634,1.386288,1.593425,2.861389,1.389325,1.6046,-124.75909076736758,-158.6137793117445
25.77,23.39,2.82731,1.389968,1.55369,2.835153,1.39353,1.5647,-125.46426276445229,-155.57421111277085
25.78,23.4,2.801005,1.392969,1.514457,2.808798,1.396533,1.525319,-125.65775068520021,-155.42379420324863
25.79,23.41,2.775205,1.395788,1.476094,2.783563,1.398914,1.486643,-128.38987643494653,-159.4935536957554
25.8,23.42,2.74868,1.398931,1.438299,2.757552,1.401988,1.448708,-130.4422600177039,-160.98772976396555
25.81,23.43,2.721898,1.403514,1.401245,2.730296,1.406496,1.411658,-128.88589453965437,-160.4508359200603
25.82,23.44,2.694945,1.409518,1.365325,2.703712,1.412029,1.375848,-129.79860816582482,-164.01749487983713
25.83,23.45,2.667105,1.417274,1.330481,2.675707,1.419079,1.341257,-128.59880561229207,-168.14927995413012
25.84,23.46,2.638835,1.426571,1.295996,2.647386,1.427762,1.306946,-127.9867487461629,-172.07074364560702
25.85,23.47,2.610753,1.434804,1.260135,2.618926,1.436241,1.271538,-125.6307288742167,-170.02801703963328
25.86,23.48,2.579524,1.440803,1.224915,2.589038,1.443452,1.235278,-132.5542301418972,-164.44110726415434
25.87,23.49,2.549742,1.445504,1.189698,2.559052,1.448124,1.200088,-131.8620527524355,-164.2824514743969
25.88,23.5,2.520306,1.449967,1.155078,2.530061,1.452367,1.164983,-134.56285858766182,-166.17816513588647
25.89,23.51,2.490542,1.454875,1.120689,2.500011,1.457302,1.13096,-132.67345708773917,-165.6239919788069
25.9,23.52,2.46109,1.46199,1.087747,2.47051,1.464034,1.098458,-131.33064933857744,-167.75744959873
25.91,23.53,2.431829,1.471027,1.056685,2.4411,1.472479,1.067246,-131.27835928481974,-171.09879270154147
25.92,23.54,2.401569,1.482095,1.026654,2.411428,1.482461,1.037102,-133.3386145013334,-177.87395984632542
25.93,23.55,2.370733,1.493042,0.996597,2.380681,1.493567,1.00685,-134.1349990067668,-176.97905057473264
25.94,23.56,2.338537,1.502239,0.9656,2.34879,1.503621,0.975429,-136.20953100603083,-172.32337957577303
25.95,23.57,2.306063,1.509676,0.934969,2.316441,1.511592,0.944506,-137.4181339445031,-169.53976235832826
25.96,23.58,2.274014,1.516764,0.905465,2.285035,1.518201,0.914479,-140.72050310979063,-172.57125907830797
25.97,23.59,2.241717,1.524298,0.875799,2.252719,1.525285,0.884971,-140.183161502727,-174.87366347985994
25.98,23.6,2.210722,1.533535,0.847215,2.22128,1.534434,0.856844,-137.63487647130765,-175.13307828250987
25.99,23.61,2.179263,1.544687,0.820058,2.190477,1.544791,0.829549,-139.75700024187248,-179.46864720511604
26.0,23.62,2.147952,1.55709,0.794398,2.158843,1.556802,0.803834,-139.09423018647166,178.4852318601378
26.01,23.63,2.115934,1.569627,0.769067,2.126976,1.569561,0.778344,-139.9645084257561,179.6575370027958
26.02,23.64,2.082588,1.581183,0.742939,2.09393,1.581829,0.751915,-141.64209082855925,-176.7401580526698
26.03,23.65,2.049368,1.591116,0.716931,2.060742,1.592447,0.725776,-142.12955031894165,-173.32553095288256
26.04,23.66,2.016557,1.600628,0.691625,2.02858,1.601725,0.699559,-146.5791060371732,-174.78666584886676
26.05,23.67,1.983891,1.61045,0.667179,1.996109,1.611404,0.674532,-148.95975634543495,-175.53531710745023
26.06,23.68,1.951628,1.621553,0.643512,1.963265,1.622414,0.651366,-145.98394803242272,-175.76850195058142
26.07,23.69,1.919971,1.634084,0.621427,1.931872,1.634471,0.629446,-146.02755862182548,-178.13749635022984
26.08,23.7,1.888327,1.647941,0.601448,1.900398,1.648028,0.608948,-148.14633050577677,-179.5870560427441
26.09,23.71,1.855675,1.661904,0.581927,1.868075,1.661704,0.58949,-148.62017662314162,179.0759546472274
26.1,23.72,1.822872,1.67394,0.562576,1.834606,1.675011,0.569798,-148.38868381052188,-174.784879544222
26.11,23.73,1.78949,1.68573,0.542453,1.80191,1.687295,0.549248,-151.31686688301102,-172.81821301868482
26.12,23.74,1.757098,1.697323,0.524406,1.770346,1.698184,0.529215,-160.0491945069925,-176.28152282717488
26.13,23.75,1.723709,1.710877,0.518212,1.737632,1.710183,0.516652,173.6069686322613,177.14642043463326
26.14,23.76,1.69279,1.722176,0.486326,1.704577,1.723522,0.504682,-122.70587352438581,-173.48540784043968
26.15,23.77,1.664745,1.734431,0.473489,1.673151,1.73664,0.487995,-120.09162068023859,-165.2762337824887
26.16,23.78,1.632459,1.748494,0.459649,1.641919,1.750425,0.468842,-135.8200787244571,-168.46312477493552
26.17,23.79,1.596134,1.762965,0.446605,1.609536,1.763381,0.4517,-159.18484142251904,-178.22210164501584
26.18,23.8,1.563538,1.774544,0.432552,1.576925,1.775513,0.437958,-158.00993157444557,-175.85994240698386
26.19,23.81,1.531051,1.785454,0.420284,1.544437,1.787011,0.424602,-162.12155352433675,-173.36542291240565
26.2,23.82,1.498499,1.796566,0.408503,1.512231,1.797704,0.412501,-163.76735720769548,-175.2626024416888
26.21,23.83,1.467375,1.808563,0.397426,1.480042,1.809695,0.403262,-155.26330776932883,-174.89326718873963
26.22,23.84,1.436532,1.82193,0.389767,1.449848,1.822468,0.393932,-162.63127666356482,-177.68636428529854
26.23,23.85,1.406389,1.834838,0.383,1.419901,1.835516,0.386695,-164.70577939171406,-177.12744337240224
26.24,23.86,1.375504,1.846447,0.376133,1.389096,1.847941,0.380038,-163.97056990416635,-173.72736636114814
26.25,23.87,1.343977,1.856577,0.369617,1.357511,1.85892,0.372946,-166.18111353225507,-170.17832802713474
26.26,23.88,1.313573,1.866197,0.364569,1.327242,1.868993,0.366908,-170.2897573978781,-168.4395948882941
26.27,23.89,1.283176,1.87675,0.36004,1.296797,1.878538,0.361444,-174.11495617121156,-172.52166174199346
26.28,23.9,1.253236,1.887629,0.356868,1.266366,1.888897,0.358138,-174.47524904995367,-174.48389574181326
26.29,23.91,1.224118,1.899069,0.355436,1.23751,1.900362,0.356321,-176.2191499839468,-174.48517610897102
26.3,23.92,1.195381,1.909702,0.355179,1.208423,1.911417,0.356226,-175.4101896310434,-172.5086881020441
26.31,23.93,1.165869,1.918418,0.355146,1.179117,1.921203,0.356561,-173.90343269357544,-168.12812621499538
26.32,23.94,1.136094,1.926287,0.355165,1.149464,1.929501,0.356255,-175.339223152998,-166.48319816285402
26.33,23.95,1.107103,1.933907,0.358195,1.120599,1.936898,0.356515,172.904246048714,-167.50401082926513
26.34,23.96,1.0788,1.941491,0.360296,1.091729,1.94446,0.357805,169.0945859400066,-167.06689268874496
26.35,23.97,1.050453,1.949904,0.363733,1.063496,1.952216,0.360921,167.83356250255113,-169.94817146018738
26.36,23.98,1.023615,1.958199,0.369417,1.036929,1.960608,0.366302,166.8317002060028,-169.74401355665583
26.37,23.99,0.997078,1.965818,0.37486,1.009897,1.968571,0.371862,166.83673333442945,-167.87929996959443
26.38,24.0,0.969897,1.972686,0.379816,0.983057,1.974837,0.37829,173.385667860357,-170.71709957725028
26.39,24.01,0.943192,1.975476,0.388761,0.955709,1.979406,0.384534,161.34013711764464,-162.5691197293825
26.4,24.02,0.917638,1.979201,0.396294,0.929516,1.983476,0.390499,153.99332796717704,-160.2057356631944
26.41,24.03,0.8923,1.983076,0.404671,0.903847,1.987124,0.397978,149.9020864720456,-160.68100491366837
26.42,24.04,0.867154,1.987846,0.414133,0.878799,1.991179,0.40758,150.63220263892396,-164.02796426974012
26.43,24.05,0.842753,1.993062,0.425079,0.854604,1.996488,0.418934,152.59228344200514,-163.87597204344706
26.44,24.06,0.818918,1.997246,0.436745,0.830995,2.001398,0.4312,155.3383842489779,-161.0273382060758
26.45,24.07,0.795252,1.999417,0.449249,0.80706,2.004259,0.443531,154.16150802066065,-157.7033800258914
26.46,24.08,0.771327,2.000479,0.461874,0.78274,2.005753,0.45609,153.12454131023875,-155.19812333360971
26.47,24.09,0.748292,2.000204,0.475616,0.759174,2.006139,0.468608,147.21849453623366,-151.39212268733863
26.48,24.1,0.726641,2.000632,0.489303,0.73669,2.006585,0.480752,139.60452823841302,-149.35761604875557
26.49,24.11,0.705796,2.001248,0.503831,0.714849,2.006702,0.495205,136.38359308316058,-148.93304479447832
26.5,24.12,0.684523,2.002367,0.519496,0.694711,2.007339,0.511162,140.71610605767066,-153.986461306131
26.51,24.13,0.66425,2.003604,0.536,0.674121,2.008903,0.52799,140.94177797950746,-151.77198270689672
26.52,24.14,0.643916,2.0026,0.552644,0.653536,2.008925,0.545092,141.86698082014743,-146.67570398226465
26.53,24.15,0.623872,2.000269,0.569825,0.632696,2.006822,0.561896,138.0580207215116,-143.40117489578964
26.54,24.16,0.604717,1.996741,0.587498,0.612395,2.003612,0.578916,131.81782796315912,-138.174813530189
26.55,24.17,0.586264,1.99302,0.604731,0.593303,2.00003,0.596101,129.2021678875639,-135.11827000113294
26.56,24.18,0.569494,1.98988,0.623586,0.575544,1.997022,0.613489,120.92953016534202,-130.26799039593158
26.57,24.19,0.552607,1.987083,0.643646,0.5591,1.993567,0.633254,121.99745306503685,-135.03973660575923
26.58,24.2,0.535665,1.984346,0.664285,0.54319,1.990876,0.654255,126.87903645739638,-139.0494022248943
26.59,24.21,0.519453,1.980459,0.685865,0.526748,1.988018,0.676168,126.9539436089445,-133.98178985987985
26.6,24.22,0.503393,1.975151,0.707012,0.510706,1.982953,0.697692,128.11973984365414,-133.14701505584273
26.61,24.23,0.48778,1.968537,0.728647,0.494365,1.976578,0.719076,124.52858924794336,-129.31500680560907
26.62,24.24,0.473359,1.961854,0.750004,0.478689,1.970137,0.739847,117.6887480236089,-122.76074045864817
26.63,24.25,0.460033,1.955239,0.771887,0.463918,1.963439,0.761243,110.05179714032447,-115.35068115354684
26.64,24.26,0.447017,1.949216,0.795262,0.451773,1.956928,0.784708,114.25798603316969,-121.66218642457571
26.65,24.27,0.434914,1.944169,0.819936,0.439773,1.951898,0.809327,114.60812794788434,-122.15639406221081
26.66,24.28,0.423692,1.938085,0.845159,0.42828,1.946713,0.83497,114.24153902317525,-118.00212784779004
26.67,24.29,0.412658,1.930397,0.870181,0.416862,1.939331,0.860577,113.64064336780042,-115.19988822356773
26.68,24.3,0.402447,1.921524,0.895706,0.406065,1.930668,0.885684,109.84987572093877,-111.58718425258729
26.69,24.31,0.393535,1.912823,0.92045,0.395598,1.921417,0.909724,100.88711204947518,-103.49850694237858
26.7,24.32,0.385192,1.904475,0.945827,0.385128,1.912432,0.934513,89.67589793373854,-89.53916666880886
26.71,24.33,0.377143,1.896525,0.97252,0.377301,1.904107,0.961159,90.79677401621488,-91.1938041546807
26.72,24.34,0.370058,1.889619,0.999954,0.371121,1.897034,0.988534,95.31790027795735,-98.15822669616772
26.73,24.35,0.363834,1.881918,1.02814,0.366075,1.890192,1.017194,101.57040718328817,-105.15487449360043
26.74,24.36,0.3579,1.872303,1.056435,0.359905,1.881348,1.04607,100.94804679712612,-102.49862202935815
26.75,24.37,0.351901,1.861384,1.084397,0.353583,1.870614,1.074295,99.45312456796036,-100.32778793930692
26.76,24.38,0.346751,1.850596,1.112464,0.347927,1.859074,1.101788,96.28599464388405,-97.89721705393758
26.77,24.39,0.342694,1.840047,1.140588,0.341489,1.848176,1.129577,83.75463090040317,-81.56817763367708
26.78,24.4,0.339658,1.830208,1.169865,0.339503,1.838224,1.158857,89.1932904275651,-88.89224809849989
26.79,24.41,0.337706,1.82155,1.199545,0.336909,1.829412,1.188504,85.87123742746476,-84.21148978715328
26.8,24.42,0.336748,1.812755,1.229737,0.336205,1.820852,1.218831,87.14964805139158,-86.16338219554024
26.81,24.43,0.336011,1.802167,1.260621,0.33709,1.810926,1.250138,95.87667680408481,-97.022747142981
26.82,24.44,0.33475,1.790033,1.291527,0.335871,1.798788,1.281137,96.1579473284091,-97.29651428442754
26.83,24.45,0.334882,1.777628,1.322183,0.335203,1.786144,1.31128,91.68638300928302,-92.15867098403331
26.84,24.46,0.336286,1.765266,1.352309,0.333239,1.773179,1.341292,74.54001573106773,-68.9401730011625
26.85,24.47,0.337992,1.753527,1.383433,0.336337,1.760818,1.371956,81.7944294334277,-77.21101942127561
26.86,24.48,0.340519,1.743016,1.415665,0.339997,1.750427,1.403879,87.46403666291953,-85.9709778666411
26.87,24.49,0.344093,1.734065,1.447914,0.34199,1.740946,1.436691,79.38681788278699,-73.00558050403934
26.88,24.5,0.349329,1.724533,1.480914,0.34697,1.7321,1.469733,78.08629321554425,-72.68521697467598
26.89,24.51,0.354319,1.713654,1.514046,0.348277,1.720723,1.503157,60.97533730125448,-49.47890001355688
26.9,24.52,0.36048,1.700202,1.547617,0.356999,1.708042,1.536576,72.50100977193503,-66.05853475873464
26.91,24.53,0.365479,1.68575,1.580388,0.362319,1.693364,1.56961,73.65939940322775,-67.46033027175115
26.92,24.54,0.371027,1.671105,1.614734,0.368622,1.678804,1.603599,77.81215339041036,-72.6523317208536
26.93,24.55,0.37779,1.658391,1.64846,0.375894,1.66593,1.637164,80.4718886608082,-75.88331511237942
26.94,24.56,0.385475,1.646529,1.681865,0.383178,1.654094,1.670053,78.99542050150009,-73.10986540766783
26.95,24.57,0.394479,1.636126,1.715303,0.391728,1.642839,1.703386,77.00116961184312,-67.716089531889
26.96,24.58,0.405357,1.625735,1.748621,0.401847,1.63212,1.736642,73.66874155528382,-61.20126417449066
26.97,24.59,0.41588,1.613787,1.784711,0.413629,1.621382,1.773146,78.98571860136803,-73.49127220792266
26.98,24.6,0.426253,1.600902,1.821195,0.424633,1.609567,1.809995,81.76965519461397,-79.4102902504803
26.99,24.61,0.437004,1.586944,1.856207,0.435176,1.595377,1.845356,80.43752541238423,-77.76936129247149
27.0,24.62,0.448189,1.572469,1.890537,0.445398,1.580691,1.879588,75.69933716313142,-71.24995573744351
27.01,24.63,0.45944,1.557848,1.925423,0.456679,1.565824,1.914617,75.6672191010111,-70.90601454894302
27.02,24.64,0.471652,1.545245,1.961833,0.470416,1.552152,1.949927,84.0731722379067,-79.85437095634936
27.03,24.65,0.484475,1.534183,1.997972,0.483357,1.541018,1.985948,84.68787139137889,-80.71040239212789
27.04,24.66,0.498055,1.52442,2.034768,0.496635,1.531292,2.022698,83.29016319224293,-78.32496800345882
27.05,24.67,0.512108,1.514857,2.071988,0.510079,1.522161,2.059986,80.40457780211703,-74.47507983796882
27.06,24.68,0.527512,1.503776,2.110369,0.525208,1.512039,2.099093,78.45184092861436,-74.41975664770011
27.07,24.69,0.54324,1.490607,2.147497,0.540359,1.499765,2.137295,74.23055331980943,-72.53703259002454
27.08,24.7,0.559761,1.475935,2.184455,0.55642,1.485131,2.174578,71.31134715132913,-70.03340378784189
27.09,24.71,0.575436,1.459938,2.221342,0.572501,1.469589,2.211847,72.82309491988394,-73.08477212907232
27.1,24.72,0.590604,1.444237,2.258499,0.588415,1.454022,2.249205,76.74676708358248,-77.38999910053639
27.11,24.73,0.605998,1.430118,2.296298,0.603951,1.439061,2.285737,79.03058754719387,-77.10742950487052
27.12,24.74,0.621641,1.418064,2.334059,0.619666,1.426238,2.323003,79.87174111436488,-76.41654753233395
27.13,24.75,0.63794,1.406939,2.372732,0.635419,1.414507,2.361193,77.67586994158971,-71.57640812034124
27.14,24.76,0.653471,1.396456,2.412434,0.651235,1.403835,2.400696,79.21480493026237,-73.14203224310177
27.15,24.77,0.669416,1.386368,2.453292,0.666978,1.39395,2.441872,77.94910728621134,-72.17475135622186
27.16,24.78,0.68583,1.375634,2.49471,0.682524,1.383491,2.484,72.84540741691788,-67.18003960800354
27.17,24.79,0.702205,1.362273,2.535172,0.698372,1.370764,2.525135,69.09879237746273,-65.70467207042402
27.18,24.8,0.719758,1.347208,2.575762,0.715471,1.354916,2.565452,67.42197550904883,-60.91826453070997
27.19,24.81,0.736141,1.331478,2.616707,0.732343,1.339766,2.606198,70.12991571923813,-65.3802439822555
27.2,24.82,0.752419,1.317359,2.657462,0.748837,1.3248,2.646301,72.20653923747962,-64.29444516294693
27.21,24.83,0.768328,1.304933,2.698237,0.7649,1.31136,2.686268,74.01794046909272,-61.92566226087901
27.22,24.84,0.783422,1.29332,2.740356,0.780763,1.299832,2.728772,77.07222927762169,-67.78867205639848
27.23,24.85,0.799243,1.282995,2.783267,0.795875,1.28963,2.771556,73.95514245104502,-63.08714243694967
27.24,24.86,0.814025,1.274618,2.826968,0.811296,1.280849,2.814843,77.31568105731188,-66.34795455752196
27.25,24.87,0.828869,1.265972,2.872072,0.82572,1.272407,2.860173,75.17682881071364,-63.92495009788157
27.26,24.88,0.844106,1.255133,2.917585,0.840639,1.262323,2.906563,72.53888997322069,-64.25675157386594
27.27,24.89,0.859603,1.242327,2.962698,0.855948,1.249756,2.951625,71.7328639040202,-63.80323618096277
27.28,24.9,0.875356,1.228459,3.007426,0.87229,1.23613,2.996377,74.4911349248339,-68.21404557551966
27.29,24.91,0.890792,1.215725,3.052341,0.888189,1.222734,3.04046,77.64236123038502,-69.62602776127312
27.3,24.92,0.905987,1.204108,3.097226,0.904087,1.210815,3.085501,80.7954079338055,-74.18331023866573
27.31,24.93,0.921135,1.194312,3.142589,0.920047,1.201196,3.130985,84.64356313650215,-81.01882560364848
27.32,24.94,0.936065,1.186272,3.188282,0.932601,1.192997,3.176334,73.83191061346909,-62.747324084641015
27.33,24.95,0.951098,1.18026,3.234173,0.947878,1.185964,3.222117,75.04610461094192,-60.55457127007411
27.34,24.96,0.96607,1.175747,3.281752,0.963541,1.181283,3.269476,78.35925484380172,-65.4477504742244
27.35,24.97,0.981244,1.169973,3.329923,0.976835,1.175244,3.317967,69.75759834867641,-50.088742862410676
27.36,24.98,0.996283,1.162012,3.377882,0.992291,1.166807,3.365759,71.7737289191312,-50.22147185521915
27.37,24.99,1.01185,1.151847,3.426012,1.007772,1.157144,3.41374,71.61829221475644,-52.408414618655435
27.38,25.0,1.027626,1.140881,3.473645,1.023158,1.147246,3.46234,68.43491096007587,-54.932531891495856
27.39,25.01,1.043235,1.131452,3.521278,1.039007,1.137718,3.509183,70.73211269493535,-55.99038788640026
27.4,25.02,1.058388,1.124112,3.568653,1.055555,1.12979,3.556145,77.23811055807438,-63.483405316700846
27.41,25.03,1.074059,1.118851,3.61574,1.070841,1.12382,3.603148,75.66437474841024,-57.0722920813144
27.42,25.04,1.089496,1.115231,3.66292,1.086171,1.119325,3.649891,75.6836924534182,-50.91773422261848
27.43,25.05,1.10516,1.113069,3.711031,1.101095,1.116911,3.698292,72.30217771768484,-43.38452347990906
27.44,25.06,1.121278,1.111522,3.761084,1.117496,1.116083,3.748243,73.58896230653922,-50.3343375043429
27.45,25.07,1.136886,1.10824,3.810862,1.133042,1.113157,3.79846,72.77917704441694,-51.98250384823643
27.46,25.08,1.154458,1.102791,3.859874,1.149439,1.108136,3.848073,66.95980788348102,-46.8016468073234
27.47,25.09,1.171031,1.095558,3.909358,1.166121,1.101434,3.897722,67.12189365074022,-50.117786771040386
27.48,25.1,1.187414,1.0876,3.958561,1.183756,1.094781,3.946778,72.75318769918354,-63.005715441626975
27.49,25.11,1.203576,1.081105,4.007383,1.199989,1.08772,3.995618,73.04419789299536,-61.531128139903146
27.5,25.12,1.219496,1.076196,4.055806,1.216063,1.082238,4.043835,73.99835929426494,-60.39522340708923
27.51,25.13,1.236014,1.073152,4.104109,1.232049,1.078917,4.091545,72.48512659387262,-55.480933458750336
27.52,25.14,1.252536,1.071659,4.15186,1.248371,1.076904,4.138873,72.21867777446192,-51.54727597474962
27.53,25.15,1.269076,1.072827,4.19984,1.264575,1.076782,4.186749,71.02580038546986,-41.30556668988748
27.54,25.16,1.285937,1.074953,4.248813,1.280615,1.078558,4.236063,67.343768936558,-34.112806588384764
27.55,25.17,1.303407,1.075401,4.29907,1.297977,1.079993,4.286814,66.10434391976932,-40.22027222933838
27.56,25.18,1.320983,1.073921,4.348838,1.315543,1.078952,4.336774,65.7280352358528,-42.763148987752146
27.57,25.19,1.338646,1.070585,4.398511,1.333032,1.075854,4.386516,64.91907373274655,-43.18428499998509
27.58,25.2,1.35586,1.066242,4.448273,1.35082,1.072251,4.436307,67.15949620300931,-50.01203038253973
27.59,25.21,1.372906,1.063302,4.497307,1.367972,1.068767,4.485466,67.37910431750933,-47.923132777804035
27.6,25.22,1.390057,1.062285,4.54579,1.385046,1.066667,4.533458,67.88606536632628,-41.16892152909054
27.61,25.23,1.407486,1.062581,4.594074,1.402181,1.066512,4.581548,67.04641538049988,-36.538410904710496
27.62,25.24,1.425327,1.064553,4.641571,1.419204,1.067824,4.629236,63.60054847795468,-28.111812750905145
27.63,25.25,1.44328,1.068727,4.688867,1.437531,1.071218,4.676215,65.56321073208983,-23.426734963576415
27.64,25.26,1.461186,1.073906,4.737207,1.455547,1.076234,4.72456,65.96903121831193,-22.43275199425287
27.65,25.27,1.479047,1.077367,4.78624,1.473888,1.080248,4.773368,68.1594613952896,-29.180806052501396
27.66,25.28,1.498339,1.078935,4.835021,1.49262,1.082218,4.822722,65.06170640707678,-29.858039371368225
27.67,25.29,1.516553,1.079076,4.884559,1.511262,1.082508,4.8721,66.99038271644116,-32.96940390346323
27.68,25.3,1.534114,1.078944,4.933153,1.528803,1.082189,4.920561,67.1311633512227,-31.424765255542578
27.69,25.31,1.552251,1.079444,4.981288,1.546413,1.082493,4.968949,64.67957873710856,-27.57662026508086
27.7,25.32,1.570956,1.081045,5.028749,1.565226,1.084379,5.016479,64.9677703928462,-30.19298120226075
27.71,25.33,1.590075,1.084241,5.075541,1.584413,1.087639,5.063104,65.52238611741197,-30.969708721904706
27.72,25.34,1.609148,1.089342,5.121555,1.603747,1.092421,5.109121,66.52115127603011,-29.686583035730166
27.73,25.35,1.629091,1.096999,5.166935,1.623135,1.099157,5.154421,64.54803041304189,-19.916652472853503
27.74,25.36,1.649167,1.105241,5.211933,1.643843,1.107405,5.200265,65.47322653654885,-22.119839517756095
27.75,25.37,1.668971,1.111977,5.25948,1.664597,1.114607,5.247064,70.59328284396433,-31.017663835601148
27.76,25.38,1.690665,1.116871,5.306467,1.685167,1.119815,5.29407,66.08298215448494,-28.167599723118403
27.77,25.39,1.711809,1.120852,5.352861,1.705855,1.123502,5.340728,63.86153096019282,-23.99283914940227
27.78,25.4,1.732649,1.12493,5.398459,1.725699,1.126672,5.386078,60.69258573013914,-14.07115389726736
27.79,25.41,1.75306,1.129789,5.443247,1.746,1.131489,5.431737,58.47589361865574,-13.538697435205998
27.8,25.42,1.774497,1.136274,5.487287,1.767129,1.137886,5.476058,56.728790137240196,-12.340942561398446
27.81,25.43,1.796484,1.143642,5.530468,1.789169,1.14529,5.519183,57.048467668799496,-12.69622485229707
27.82,25.44,1.819528,1.153289,5.572603,1.811835,1.154703,5.560978,56.50486573228912,-10.414915868966588
27.83,25.45,1.842978,1.164704,5.613739,1.835279,1.165495,5.602454,55.69689928667192,-5.866021581748647
27.84,25.46,1.866865,1.175187,5.656227,1.859015,1.176689,5.644798,55.51680332269598,-10.831916350851449
27.85,25.47,1.891714,1.183984,5.698712,1.883834,1.185878,5.687586,54.69193009514379,-13.51498182860233
27.86,25.48,1.916685,1.191588,5.740668,1.908318,1.193233,5.729692,52.68174224416173,-11.122812608216567
27.87,25.49,1.940091,1.198805,5.782275,1.931979,1.199536,5.771323,53.473146477066166,-5.149210323418838
27.88,25.5,1.964462,1.20619,5.823562,1.955611,1.207192,5.812789,50.5937823319306,-6.458816378718362
27.89,25.51,1.98935,1.2149,5.86421,1.979934,1.215917,5.853206,49.446765073101986,-6.164485506773608
27.9,25.52,2.014756,1.224768,5.902614,2.005719,1.225726,5.89167,50.45183408263876,-6.0512470627245944
27.91,25.53,2.040525,1.236793,5.939814,2.031369,1.237209,5.928867,50.091107244758184,-2.6014267782297895
27.92,25.54,2.066821,1.250665,5.975977,2.057687,1.250349,5.965292,49.474746592122145,1.9814153849969298
27.93,25.55,2.093859,1.26411,6.013273,2.084155,1.263938,6.002329,48.43672707291833,1.015441287902136
27.94,25.56,2.121716,1.275701,6.050246,2.111574,1.276122,6.039971,45.37322970511958,-2.377014659379339
27.95,25.57,2.148911,1.286071,6.087286,2.13849,1.286342,6.077125,44.27625544913219,-1.4896514237563445
27.96,25.58,2.177242,1.295184,6.124892,2.166062,1.295851,6.1143,43.45297947176901,-3.4142254100695295
27.97,25.59,2.204062,1.304341,6.161587,2.193585,1.305383,6.151319,44.42278077632108,-5.679728404611695
27.98,25.6,2.23087,1.315121,6.196703,2.220232,1.315613,6.186725,43.16636090649599,-2.64800246018769
27.99,25.61,2.258307,1.327452,6.229934,2.246952,1.327339,6.22024,40.48807601106337,0.570163748937227
28.0,25.62,2.285222,1.341151,6.261559,2.274066,1.340288,6.252006,40.57379131894132,4.423447346516513
28.01,25.63,2.312841,1.355923,6.291162,2.300993,1.353851,6.282547,36.02190974277043,9.919676288843947
28.02,25.64,2.341969,1.3701,6.322867,2.330128,1.368952,6.314057,36.65016940083909,5.537591635753741
28.03,25.65,2.372583,1.382673,6.355533,2.361429,1.383158,6.346367,39.412270306485105,-2.4897758393564158
28.04,25.66,2.402524,1.394389,6.386926,2.391252,1.395518,6.377782,39.04943524981217,-5.719651838257737
28.05,25.67,2.430873,1.405273,6.41745,2.420079,1.406445,6.408324,40.21350740883733,-6.196833130526394
28.06,25.68,2.460129,1.417429,6.446777,2.448533,1.417953,6.438793,34.54792745375642,-2.587321340825269
28.07,25.69,2.488894,1.430612,6.47436,2.476509,1.430646,6.466937,30.93653569676394,-0.15729120788641726
28.08,25.7,2.518158,1.44441,6.500232,2.505549,1.443676,6.49344,28.30969718172081,3.3315643368822347
28.09,25.71,2.547767,1.458801,6.525305,2.534755,1.458065,6.518382,28.01509147662155,3.237381447018747
28.1,25.72,2.578013,1.473265,6.549563,2.565588,1.472482,6.542133,30.878914179359615,3.605903350140082
28.11,25.73,2.607555,1.485809,6.574292,2.597033,1.487106,6.566278,37.29443141539186,-7.027147130867579
28.12,25.74,2.638706,1.498518,6.598814,2.628175,1.500398,6.590827,37.17768013930233,-10.12184705112742
28.13,25.75,2.668948,1.510314,6.622526,2.659326,1.512433,6.61495,38.215561871331886,-12.419686238906545
28.14,25.76,2.698721,1.521952,6.64497,2.687603,1.524028,6.63851,30.15829070154746,-10.576710523433313
28.15,25.77,2.727961,1.534741,6.665939,2.718145,1.536299,6.659826,31.912947869009177,-9.01878018976732
28.16,25.78,2.757936,1.5479,6.685486,2.748251,1.549265,6.679055,33.58481738737119,-8.022403647326787
28.17,25.79,2.7884,1.562163,6.703426,2.778739,1.563008,6.697204,32.78285990126538,-4.998658213405416
28.18,25.8,2.819485,1.575681,6.721189,2.808438,1.576829,6.715025,29.16062336386134,-5.932859690204278
28.19,25.81,2.851244,1.58779,6.739124,2.841463,1.589816,6.732714,33.2389182797698,-11.702540396135568
28.2,25.82,2.884546,1.599053,6.755652,2.871763,1.600976,6.75002,23.777577197135532,-8.555092793021544
28.21,25.83,2.915213,1.610117,6.771191,2.903825,1.611968,6.766594,21.982477893728007,-9.232092041443623
28.22,25.84,2.946603,1.621841,6.785641,2.932895,1.622352,6.782005,14.85542674460623,-2.1348550388502887
28.23,25.85,2.976653,1.633851,6.799308,2.963627,1.634348,6.794835,18.951966346728216,-2.1850296616709257
28.24,25.86,3.005015,1.645853,6.811705,2.994387,1.647042,6.806265,27.105885294739746,-6.383382038370343
28.25,25.87,3.037676,1.657625,6.82177,3.025806,1.659747,6.816796,22.73561384009647,-10.135697463490612
28.26,25.88,3.068728,1.668103,6.832215,3.056878,1.670737,6.82758,21.36241801477751,-12.53187937480647
28.27,25.89,3.099844,1.678722,6.841386,3.087304,1.680866,6.838125,14.576784007060885,-9.702213194369754
28.28,25.9,3.130716,1.688657,6.849911,3.117083,1.689744,6.847497,10.04130202942305,-4.558720294843846
28.29,25.91,3.160792,1.698164,6.858073,3.148355,1.699826,6.854734,15.028003456062136,-7.611541306540201
28.3,25.92,3.191148,1.708809,6.864231,3.177727,1.710039,6.861071,13.249085836055574,-5.236382400260173
28.31,25.93,3.219988,1.719524,6.868623,3.20754,1.720961,6.865386,14.576458083461576,-6.585089328841683
28.32,25.94,3.250273,1.729042,6.871293,3.236324,1.730877,6.869331,8.00642810623977,-7.494263838317233
28.33,25.95,3.278555,1.737076,6.874489,3.262485,1.740193,6.872552,6.872998560406128,-10.977008799748804
28.34,25.96,3.309173,1.744332,6.876696,3.285845,1.74892,6.874403,5.613792152033108,-11.126553332708188
28.35,25.97,3.338604,1.751588,6.878829,3.319664,1.755156,6.87816,2.022964480574089,-10.668597296320614
28.36,25.98,3.368035,1.759127,6.879826,3.350099,1.762274,6.879878,-0.16611129499933217,-9.951659708528224
28.37,25.99,3.402736,1.766461,6.882714,3.383759,1.769296,6.881853,2.5977687799786473,-8.496657907222403
28.38,26.0,3.431209,1.774284,6.880309,3.415235,1.776808,6.881434,-4.028515012489723,-8.978888891546196
28.39,26.01,3.458976,1.781232,6.876403,3.445081,1.784108,6.878562,-8.831972814742231,-11.69400507621152
28.4,26.02,3.48491,1.786228,6.871199,3.472457,1.789921,6.874446,-14.613943825501302,-16.51798924785788
28.41,26.03,3.509243,1.790361,6.864804,3.495714,1.794756,6.868211,-14.13485231258285,-17.996787693381258
28.42,26.04,3.536833,1.793913,6.859766,3.524972,1.79846,6.864772,-22.882442804596586,-20.97468673095721
28.43,26.05,3.56402,1.797774,6.853967,3.55273,1.802645,6.85998,-28.03955136488088,-23.337480942977844
28.44,26.06,3.5909,1.80258,6.847404,3.579128,1.806999,6.853212,-26.260538454039594,-20.575244608832815
28.45,26.07,3.617236,1.808246,6.839791,3.605055,1.812089,6.844968,-23.02579081363331,-17.51003416825291
28.46,26.08,3.642944,1.812231,6.830944,3.630538,1.816762,6.836082,-22.497108627939518,-20.06353330234017
28.47,26.09,3.669062,1.814402,6.821794,3.656618,1.819672,6.826718,-21.588344074124056,-22.95252491921722
28.48,26.1,3.694308,1.815119,6.811777,3.685056,1.820395,6.818233,-34.90714502086147,-29.694169994641832
28.49,26.11,3.718591,1.815796,6.801398,3.709905,1.821155,6.809282,-42.2290052331181,-31.673334071268336
28.5,26.12,3.742155,1.817048,6.790196,3.734786,1.822177,6.799351,-51.16887824876652,-34.83883866872187
28.51,26.13,3.766826,1.81931,6.777766,3.758093,1.823602,6.786384,-44.620257151482924,-26.172692610110577
28.52,26.14,3.791241,1.82265,6.764119,3.781842,1.826947,6.772002,-39.986770805385596,-24.568755999090634
28.53,26.15,3.814763,1.824161,6.749416,3.80543,1.829708,6.75657,-37.471152846983514,-30.72482186383032
28.54,26.16,3.837762,1.823713,6.734361,3.827965,1.829767,6.741781,-37.13936708652546,-31.713754501512142
28.55,26.17,3.860296,1.821453,6.718936,3.853222,1.827486,6.72746,-50.31098857764959,-40.458917773515864
28.56,26.18,3.882415,1.818987,6.703164,3.875232,1.825613,6.712431,-52.220163497097566,-42.690168858015426
28.57,26.19,3.902985,1.817779,6.686265,3.897066,1.824126,6.695963,-58.602946287535005,-46.99842234795004
28.58,26.2,3.924263,1.818192,6.668836,3.916762,1.823397,6.678333,-51.69731989464986,-34.75707000364748
28.59,26.21,3.945112,1.819191,6.650071,3.938657,1.824557,6.659535,-55.70373128829171,-39.736529536580385
28.6,26.22,3.964382,1.818885,6.63029,3.95801,1.825197,6.63968,-55.839410179799216,-44.7289718440794
28.61,26.23,3.984473,1.816401,6.609988,3.978714,1.822873,6.618896,-57.117431570130634,-48.336252960389686
28.62,26.24,4.00485,1.812729,6.58961,3.99656,1.818912,6.598913,-48.29543618755737,-36.716988117501224
28.63,26.25,4.023892,1.808259,6.569161,4.016692,1.814285,6.579069,-53.994638582793705,-39.92746019795481
28.64,26.26,4.042658,1.804135,6.547296,4.036758,1.810212,6.557396,-59.70830389967969,-45.84667402385874
28.65,26.27,4.060515,1.801373,6.5253,4.053957,1.806569,6.53579,-57.98774385121611,-38.39030383119665
28.66,26.28,4.077831,1.799888,6.502412,4.071342,1.805029,6.512989,-58.47084294465816,-38.38851218775554
28.67,26.29,4.092927,1.798589,6.477821,4.087463,1.804183,6.488507,-62.91828453566435,-45.67354930544832
28.68,26.3,4.108051,1.795277,6.453058,4.10384,1.801621,6.463577,-68.18262728657207,-56.42471588108224
28.69,26.31,4.125202,1.789883,6.428423,4.115131,1.796673,6.439337,-47.30042342824024,-33.98836450722799
28.7,26.32,4.140687,1.783577,6.403131,4.137098,1.788788,6.414667,-72.71840099734227,-55.44344100315854
28.71,26.33,4.155028,1.77746,6.380352,4.156459,1.781491,6.390317,-98.17195580855513,-109.54479921172033
28.72,26.34,4.170516,1.770076,6.351619,4.175243,1.775065,6.365575,-108.71161907061537,-133.45534610403115
28.73,26.35,4.185463,1.765353,6.325401,4.180912,1.770918,6.336749,-68.1472486636658,-50.724051538687064
28.74,26.36,4.198254,1.762477,6.297853,4.19255,1.768405,6.308972,-62.84236812463277,-46.10322115511791
28.75,26.37,4.210293,1.75959,6.269785,4.206246,1.765193,6.281471,-70.8984253407215,-54.15973361297676
28.76,26.38,4.223067,1.754415,6.241475,4.219044,1.759877,6.253274,-71.17262046773648,-53.6267423074775
28.77,26.39,4.236773,1.746628,6.212346,4.232284,1.752683,6.223849,-68.68198229423847,-53.447843091288924
28.78,26.4,4.249839,1.738128,6.183366,4.244811,1.744426,6.194575,-65.84051656824519,-51.39792942131761
28.79,26.41,4.262683,1.729851,6.154368,4.256708,1.736647,6.165424,-61.611858457262116,-48.67827063579708
28.8,26.42,4.270544,1.723797,6.124377,4.266382,1.730054,6.136082,-70.42590848380125,-56.3691419685868
28.81,26.43,4.279329,1.719375,6.09445,4.276176,1.725096,6.106675,-75.53778573044289,-61.13963546561221
28.82,26.44,4.287358,1.715195,6.0633,4.284421,1.721201,6.075404,-76.36094794762701,-63.94085867262453
28.83,26.45,4.295687,1.709032,6.031097,4.292293,1.716063,6.042522,-73.45500901085764,-64.23249552159761
28.84,26.46,4.304483,1.701462,5.998994,4.301446,1.708609,6.010408,-75.10014333815099,-66.97773344563677
28.85,26.47,4.313008,1.693062,5.967041,4.309519,1.699943,5.978521,-73.09493148767967,-63.11278593136984
28.86,26.48,4.321368,1.684242,5.935096,4.317319,1.691584,5.946169,-69.91434170289475,-61.12394060859771
28.87,26.49,4.329517,1.67644,5.903366,4.324531,1.682975,5.915095,-66.96964647373099,-52.65750444770194
28.88,26.5,4.331677,1.670197,5.869992,4.32926,1.676062,5.882331,-78.91706172137235,-67.60316121254364
28.89,26.51,4.336177,1.665061,5.836602,4.334003,1.671191,5.848968,-80.02902887246049,-70.47298612702376
28.9,26.52,4.340419,1.660015,5.802494,4.338121,1.666399,5.814633,-79.28034970504706,-70.20303051736117
28.91,26.53,4.344211,1.653014,5.767429,4.341918,1.660093,5.779244,-79.01683889546914,-72.05204140035589
28.92,26.54,4.348017,1.644482,5.732072,4.346148,1.651826,5.743653,-80.8323644385587,-75.72170187048755
28.93,26.55,4.349865,1.635514,5.697716,4.348268,1.642066,5.709558,-82.31948780523982,-76.30169571126194
28.94,26.56,4.352152,1.62614,5.662283,4.351649,1.632618,5.67485,-87.7079333374636,-85.56003914792139
28.95,26.57,4.355487,1.617147,5.627175,4.354995,1.62343,5.639337,-87.68342698006387,-85.52250262587418
28.96,26.58,4.359035,1.609354,5.592108,4.357166,1.615446,5.604433,-81.37719104837073,-72.94420659762872
28.97,26.59,4.358523,1.602924,5.556355,4.353587,1.609385,5.568342,-67.61914373536479,-52.62131477346797
28.98,26.6,4.357712,1.597458,5.520652,4.355287,1.603372,5.533366,-79.20141411496988,-67.70421444719632
28.99,26.61,4.35516,1.59078,5.484543,4.354454,1.596834,5.497194,-86.80587252362086,-83.34837607960544
29.0,26.62,4.35335,1.581667,5.446993,4.353049,1.588984,5.458889,-88.55057577225783,-87.6443472395237
29.01,26.63,4.351876,1.570808,5.410121,4.351284,1.578638,5.421689,-87.07040654147706,-85.67628468300595
29.02,26.64,4.350494,1.559347,5.373238,4.344363,1.567137,5.383713,-59.65963270239799,-51.796028122693706
29.03,26.65,4.348183,1.548082,5.336563,4.347496,1.547914,5.336726,-13.347388895825503,13.741514691419166
29.04,26.66,4.344719,1.538763,5.299859,4.34178,1.546225,5.311392,-75.70338134354107,-68.50239273985417
29.05,26.67,4.341033,1.531194,5.262915,4.339952,1.538013,5.275071,-84.91820981575688,-80.99199603710878
29.06,26.68,4.336208,1.524995,5.225303,4.33589,1.531323,5.237741,-88.53544866356756,-87.12314416065668
29.07,26.69,4.331015,1.51956,5.187116,4.330841,1.525277,5.199862,-89.21788432416626,-88.25670998210757
29.08,26.7,4.324742,1.513085,5.148669,4.326625,1.518612,5.161289,-98.48635871975368,-108.81352244607717
29.09,26.71,4.318894,1.503471,5.109414,4.32133,1.50957,5.121687,-101.22641491597389,-111.77224885801587
29.1,26.72,4.313231,1.49138,5.069885,4.314307,1.498263,5.081995,-95.07752154732692,-98.88497596277732
29.11,26.73,4.306002,1.479365,5.030494,4.308735,1.486665,5.042398,-102.93027153939951,-110.52507406593993
29.12,26.74,4.300772,1.467643,4.991954,4.303266,1.475118,5.003612,-102.07528858319083,-108.45104378844916
29.13,26.75,4.294082,1.457766,4.953231,4.293397,1.464689,4.965156,-86.71240865533616,-84.34923079705086
29.14,26.76,4.28654,1.449502,4.914249,4.287847,1.455994,4.92661,-96.03578723815976,-101.38289475042902
29.15,26.77,4.278608,1.442883,4.875031,4.280077,1.448775,4.887604,-96.66409094521676,-103.99962836438463
29.16,26.78,4.270689,1.437058,4.835238,4.271891,1.442567,4.848075,-95.34932657130621,-102.30837682782585
29.17,26.79,4.261377,1.43089,4.794415,4.264249,1.436412,4.806902,-102.95272093435418,-117.47900520062993
29.18,26.8,4.251912,1.421891,4.752914,4.255061,1.428326,4.764882,-104.74144196628255,-116.07504990212243
29.19,26.81,4.243023,1.411204,4.711617,4.245774,1.418076,4.723428,-103.11147741282736,-111.81722037287614
29.2,26.82,4.233798,1.400292,4.670437,4.236109,1.407159,4.682322,-101.00366988554354,-108.59999382067262
29.21,26.83,4.223483,1.388272,4.630113,4.226919,1.395869,4.641355,-106.99522559996483,-114.33646880441042
29.22,26.84,4.213292,1.379099,4.589397,4.215382,1.385942,4.601455,-99.8333179328625,-106.98380326245234
29.23,26.85,4.202627,1.371941,4.548898,4.20521,1.377934,4.561383,-101.68891392071946,-113.31617927230714
29.24,26.86,4.191817,1.366101,4.508465,4.194272,1.371401,4.521262,-100.85978525044645,-114.8539282107125
29.25,26.87,4.180688,1.362051,4.467718,4.184177,1.366413,4.480745,-104.99354019461545,-128.65500236754534
29.26,26.88,4.16875,1.357285,4.424423,4.172485,1.362162,4.43744,-106.00990440429185,-127.44632451886211
29.27,26.89,4.156252,1.350309,4.380793,4.159908,1.356839,4.393046,-106.61383582579077,-119.24348242845551
29.28,26.9,4.143423,1.341994,4.337776,4.14742,1.348766,4.349693,-108.54161790779239,-120.55014344663437
29.29,26.91,4.135378,1.330932,4.295972,4.135348,1.338303,4.307465,-89.8504420532891,-89.76680723178457
29.3,26.92,4.120426,1.321933,4.253196,4.122653,1.329275,4.264082,-101.56173820406075,-106.87377547530457
29.31,26.93,4.107187,1.314063,4.210717,4.10941,1.321322,4.2226,-100.59607281362457,-107.02671121575625
29.32,26.94,4.092932,1.308304,4.167574,4.098133,1.313014,4.18161,-110.33204397009067,-137.83616653992092
29.33,26.95,4.079344,1.303747,4.126483,4.08481,1.308329,4.139534,-112.724836385191,-140.02780610022904
29.34,26.96,4.064712,1.300722,4.084976,4.072434,1.303663,4.098073,-120.52362998662282,-159.15017030169383
29.35,26.97,4.049785,1.298006,4.04114,4.05563,1.301337,4.054467,-113.68145515601654,-150.3216692015184
29.36,26.98,4.034881,1.294799,3.996896,4.041754,1.299106,4.009547,-118.51422518092076,-147.92647798354497
29.37,26.99,4.023842,1.294841,3.962503,4.026489,1.295484,3.9647,-140.30745501317918,-166.34636890742485
29.38,27.0,4.004798,1.283014,3.908187,4.012001,1.288504,3.920303,-120.73161609749535,-142.68598734509476
29.39,27.01,3.98921,1.275307,3.864465,3.999679,1.279557,3.876283,-131.53619501171207,-157.90479272369143
29.4,27.02,3.973823,1.269112,3.821111,3.995262,1.273832,3.83637,-144.5590097566106,-167.58386375772005
29.41,27.03,3.958334,1.264571,3.778937,3.95842,1.264515,3.778463,100.28357065113704,146.9293221773253
29.42,27.04,3.942222,1.261929,3.736639,3.947186,1.265084,3.7488,-112.20479725091711,-147.56093380625487
29.43,27.05,3.925589,1.259528,3.693036,3.92028,1.265571,3.706793,-68.89776881257305,-48.699492809012135
29.44,27.06,3.908303,1.258424,3.64983,3.900954,1.263521,3.663919,-62.45288693736297,-34.7437745049352
29.45,27.07,3.890512,1.258458,3.605046,3.895473,1.262435,3.617671,-111.45236973825075,-141.28249208816084
29.46,27.08,3.87238,1.256966,3.561085,3.882763,1.259506,3.572675,-131.85584244526635,-166.2536650860747
29.47,27.09,3.85408,1.253468,3.516639,3.85976,1.258447,3.528437,-115.70790951594758,-138.7626968185319
29.48,27.1,3.835356,1.248571,3.47222,3.840786,1.253625,3.484065,-114.62772860257971,-137.05398546787526
29.49,27.11,3.816706,1.243084,3.429422,3.822029,1.248448,3.440415,-115.83706532595349,-134.78018944183472
29.5,27.12,3.797803,1.238125,3.38527,3.803185,1.243404,3.396558,-115.49131651299123,-135.5535392253372
29.51,27.13,3.779669,1.234761,3.341412,3.786117,1.238945,3.353688,-117.71081401525241,-147.02113108372413
29.52,27.14,3.761085,1.233625,3.298081,3.765304,1.238137,3.310724,-108.45398035190719,-133.0779560550676
29.53,27.15,3.742122,1.234034,3.25499,3.746278,1.238335,3.268287,-107.35672342518187,-134.01772802620548
29.54,27.16,3.722834,1.236734,3.212143,3.72659,1.240096,3.225472,-105.73738952117723,-138.16823882333415
29.55,27.17,3.702644,1.239822,3.168309,3.706775,1.243046,3.18144,-107.46352538816421,-142.03007807617618
29.56,27.18,3.681585,1.241573,3.124782,3.687411,1.244504,3.137335,-114.89658795007112,-153.2935071529992
29.57,27.19,3.660619,1.240991,3.080867,3.66683,1.243894,3.093269,-116.60199831334862,-154.94877530447482
29.58,27.2,3.639509,1.238235,3.036184,3.645221,1.24225,3.048676,-114.5723739974399,-144.89638006695813
29.59,27.21,3.618793,1.234905,2.991902,3.623416,1.239899,3.004421,-110.26811400259577,-132.79076648943592
29.6,27.22,3.598016,1.23268,2.948281,3.602985,1.237464,2.960952,-111.41289262977753,-136.0866859640647
29.61,27.23,3.577404,1.232243,2.90503,3.58164,1.236322,2.918004,-108.08181650979823,-136.08170398277733
29.62,27.24,3.556539,1.233353,2.862148,3.561355,1.237157,2.875185,-110.27474114477259,-141.69595290571937
29.63,27.25,3.535705,1.235971,2.820005,3.540933,1.23896,2.832897,-112.073676344907,-150.24213770198756
29.64,27.26,3.514756,1.239972,2.777578,3.519876,1.242397,2.790519,-111.58582027333858,-154.6562293214545
29.65,27.27,3.493149,1.244437,2.733766,3.498469,1.247564,2.746762,-112.26206914412676,-149.55375609829886
29.66,27.28,3.472394,1.248277,2.689917,3.477661,1.251693,2.702564,-112.60989201642872,-147.0339072376848
29.67,27.29,3.449751,1.249464,2.645992,3.455638,1.253805,2.658271,-115.61475669711022,-143.5954019746777
29.68,27.3,3.427942,1.249991,2.602482,3.433629,1.254439,2.614922,-114.56771555170238,-141.96980397293967
29.69,27.31,3.406876,1.249546,2.559661,3.411473,1.253503,2.570654,-112.69347230919632,-139.27882916498675
29.7,27.32,3.383632,1.249168,2.515468,3.389623,1.25298,2.527834,-115.84896115499,-147.53190193496863
29.71,27.33,3.362124,1.250573,2.473211,3.368016,1.253558,2.486018,-114.70531028102599,-153.13235357262855
29.72,27.34,3.340513,1.253347,2.43162,3.345868,1.256453,2.444076,-113.26351205246927,-149.88546623503396
29.73,27.35,3.318172,1.257532,2.389572,3.323993,1.260264,2.402184,-114.77542865814854,-154.8576835537906
29.74,27.36,3.295829,1.262923,2.348156,3.301555,1.265594,2.361125,-113.82214793675878,-154.9924196128493
29.75,27.37,3.272185,1.269998,2.3063,3.278695,1.272232,2.319323,-116.55977143331184,-161.0596062084529
29.76,27.38,3.249794,1.276977,2.26373,3.255314,1.279281,2.27662,-113.18249468688269,-157.34476729132052
29.77,27.39,3.225884,1.281613,2.221062,3.232186,1.284711,2.233444,-116.97448420813105,-153.8217314220707
29.78,27.4,3.202207,1.284894,2.178699,3.208139,1.287907,2.191041,-115.67057908292178,-153.0729315073905
29.79,27.41,3.178962,1.287165,2.136121,3.184347,1.289551,2.1489,-112.85028889504146,-156.10269952748445
29.8,27.42,3.155553,1.289094,2.093576,3.161266,1.291849,2.106625,-113.64434798724868,-154.25507778928366
29.81,27.43,3.13225,1.291562,2.052622,3.138197,1.294562,2.064769,-116.08571868035726,-153.23106380233014
29.82,27.44,3.107853,1.295867,2.011312,3.11413,1.298691,2.023755,-116.76913308927843,-155.7771888690396
29.83,27.45,3.083516,1.301051,1.971192,3.089745,1.303807,1.983572,-116.70926561976124,-156.13316760056338
29.84,27.46,3.059116,1.307997,1.931503,3.065982,1.310468,1.943935,-118.91118665727741,-160.20673830029014
29.85,27.47,3.034489,1.317242,1.892237,3.041562,1.319016,1.904352,-120.27731037042538,-165.9199262030724
29.86,27.48,3.009495,1.326601,1.852178,3.016086,1.327905,1.864648,-117.85862459437328,-168.80880988627604
29.87,27.49,2.983271,1.333997,1.811823,2.990352,1.335792,1.823998,-120.18235300964456,-165.77542817642077
29.88,27.5,2.957838,1.3398,1.77127,2.963895,1.341878,1.783359,-116.61242654209732,-161.06423164565342
29.89,27.51,2.930744,1.34357,1.730946,2.937688,1.346384,1.742776,-120.41217758528308,-157.9401449612671
29.9,27.52,2.905065,1.347319,1.690898,2.911537,1.350501,1.702482,-119.19216470377253,-153.8186677658324
29.91,27.53,2.879407,1.351098,1.651499,2.885413,1.354354,1.662848,-117.88822385282602,-151.5367920774559
29.92,27.54,2.852842,1.356229,1.61321,2.86044,1.359538,1.624159,-124.75850762453354,-156.46642459034166
29.93,27.55,2.82649,1.362788,1.575547,2.833658,1.365102,1.586663,-122.8153907548573,-162.10869285895825
29.94,27.56,2.800212,1.370597,1.539108,2.807781,1.3721,1.550172,-124.37644595299476,-168.7686984640526
29.95,27.57,2.772919,1.380205,1.503765,2.781468,1.3803,1.514569,-128.35389939713946,-179.3633319660662
29.96,27.58,2.745692,1.390846,1.468007,2.753973,1.390157,1.478541,-128.17163657155834,175.24380221978348
29.97,27.59,2.715321,1.399276,1.429936,2.724412,1.400558,1.44109,-129.18154648661042,-171.97315861636238
29.98,27.6,2.686042,1.40578,1.393266,2.694929,1.40822,1.404048,-129.49685196390254,-164.64727730546858
29.99,27.61,2.656706,1.411343,1.356218,2.665567,1.413955,1.367536,-128.0578244211669,-163.57580856374406
30.0,27.62,2.628004,1.41625,1.319983,2.636351,1.41895,1.330983,-127.1918878896072,-162.07518720598296
30.01,27.63,2.598999,1.421782,1.284322,2.607813,1.42418,1.295175,-129.08093786619298,-164.78009012886744
30.02,27.64,2.570029,1.428533,1.249625,2.5788,1.430481,1.260757,-128.23488371197533,-167.47810914715882
30.03,27.65,2.540625,1.436832,1.216816,2.550079,1.438474,1.227168,-132.40399893384756,-170.14698172227992
30.04,27.66,2.510838,1.446421,1.184516,2.520532,1.447632,1.194886,-133.0703099466998,-172.8793483232969
30.05,27.67,2.481027,1.4576,1.152696,2.490413,1.458251,1.16318,-131.83709870806888,-176.03239791078522
30.06,27.68,2.449491,1.46864,1.12048,2.459359,1.469566,1.130968,-133.25543306036195,-174.639138819403
30.07,27.69,2.417685,1.477822,1.088084,2.426984,1.480011,1.098683,-131.26199584271902,-166.753641951952
30.08,27.7,2.385742,1.485425,1.056087,2.395089,1.487698,1.066556,-131.75932085962347,-166.33213409333717
30.09,27.71,2.354091,1.49193,1.024242,2.363471,1.494666,1.035139,-130.72145399558158,-163.73885706250886
30.1,27.72,2.322377,1.499053,0.993317,2.332129,1.500828,1.003399,-134.04679525956809,-169.68429637872455
30.11,27.73,2.291042,1.50746,0.963282,2.301726,1.508215,0.973108,-137.39547206310576,-175.95783212685336
30.12,27.74,2.259676,1.516833,0.934325,2.270049,1.517543,0.944308,-136.09759385624895,-176.08438705553834
30.13,27.75,2.228286,1.527738,0.90631,2.238503,1.527826,0.916062,-136.3339538019317,-179.50651816374435
30.14,27.76,2.195681,1.540135,0.879642,2.20643,1.539451,0.889603,-137.17901038335378,176.35895952859047
30.15,27.77,2.162819,1.552358,0.852707,2.173548,1.5522,0.862569,-137.41105898492475,179.1562979931177
30.16,27.78,2.12923,1.563058,0.825265,2.139519,1.56365,0.834978,-136.64949759352058,-176.70699333120183
30.17,27.79,2.094526,1.571888,0.798247,2.105384,1.572772,0.807787,-138.6969804490879,-175.34555123149326
30.18,27.8,2.060696,1.579548,0.771537,2.07162,1.580799,0.780804,-139.6915372958529,-173.467033401883
30.19,27.81,2.027039,1.587588,0.745292,2.038736,1.588418,0.753719,-144.22947015992787,-175.9411881796854
30.2,27.82,1.993875,1.596828,0.719682,2.004788,1.597475,0.728554,-140.88973949977017,-176.60707164777463
30.21,27.83,1.960924,1.60792,0.695732,1.972067,1.608057,0.704744,-141.03549293681658,-179.29560025864367
30.22,27.84,1.928241,1.620732,0.673526,1.939824,1.620033,0.682288,-142.89419195640264,176.54655628587093
30.23,27.85,1.89533,1.633946,0.652574,1.9067,1.633129,0.660909,-143.75599432178782,175.89003205861476
30.24,27.86,1.860306,1.646557,0.630554,1.872428,1.646396,0.638782,-145.83267754372764,179.2390630138948
30.25,27.87,1.824991,1.656979,0.609303,1.837092,1.657756,0.616613,-148.86456863092232,-176.32610612085122
30.26,27.88,1.790166,1.666222,0.588566,1.802679,1.667443,0.595636,-150.53301373796936,-174.42680654998603
30.27,27.89,1.755396,1.675468,0.56821,1.767849,1.676609,0.575104,-151.03101871389552,-174.76491931958182
30.28,27.9,1.721022,1.686397,0.54792,1.733401,1.686958,0.554936,-150.45689698551658,-177.40520603347375
30.29,27.91,1.688038,1.698449,0.529355,1.699931,1.69882,0.536414,-149.3090716845246,-178.21324786621034
30.3,27.92,1.655099,1.711769,0.512616,1.667009,1.711961,0.519519,-149.90354875341706,-179.07642008060392
30.31,27.93,1.621251,1.725163,0.497,1.633353,1.725659,0.503735,-150.90320550054187,-177.65304822445114
30.32,27.94,1.586185,1.737726,0.480872,1.59874,1.738678,0.487565,-151.93817300836636,-175.66376725197568
30.33,27.95,1.551758,1.748963,0.464793,1.564235,1.750443,0.471223,-152.73576470787785,-173.23528347006038
30.34,27.96,1.516711,1.760151,0.450582,1.530422,1.761469,0.455362,-160.7801582077042,-174.50918833517468
30.35,27.97,1.482636,1.77151,0.435817,1.495813,1.771793,0.441175,-157.87247610125166,-178.7696582483551
30.36,27.98,1.449797,1.782906,0.422083,1.462211,1.783625,0.428175,-153.8611385460888,-176.6852188131369
30.37,27.99,1.417078,1.79615,0.410625,1.429812,1.796649,0.416633,-154.74169798296194,-177.75593112145484
30.38,28.0,1.385093,1.809059,0.400513,1.397148,1.809889,0.406265,-154.49202445341706,-176.06133846433463
30.39,28.01,1.350903,1.821687,0.391385,1.364354,1.822861,0.395988,-161.10879493772626,-175.01187880424473
30.4,28.02,1.317576,1.833586,0.384191,1.33118,1.834063,0.385397,-174.93394988621205,-177.99184835731555
30.41,28.03,1.284901,1.844581,0.3774,1.298092,1.844957,0.375973,173.82576363763278,-178.36726697283675
30.42,28.04,1.251398,1.855198,0.362691,1.265094,1.856308,0.367795,-159.5614091286629,-175.36655845199223
30.43,28.05,1.219646,1.866543,0.349821,1.233491,1.867926,0.361424,-140.03482878646398,-174.29555302749318
30.44,28.06,1.188705,1.878786,0.340052,1.20248,1.880441,0.356683,-129.6340182010315,-173.14902601212427
30.45,28.07,1.157232,1.890254,0.333949,1.1711,1.89307,0.35338,-125.51563634046187,-168.52172850627838
30.46,28.08,1.125565,1.901186,0.331447,1.140103,1.904564,0.350325,-127.59996737131054,-166.9190632488155
30.47,28.09,1.094559,1.911298,0.331503,1.108876,1.914587,0.347471,-131.87958433553797,-167.062097790584
30.48,28.1,1.064143,1.920946,0.333212,1.078862,1.924132,0.344724,-141.97038494746553,-167.78646590023578
30.49,28.11,1.034598,1.932435,0.346137,1.047852,1.934361,0.343688,169.5312801097279,-171.7319582505675
30.5,28.12,1.005232,1.943047,0.346651,1.019122,1.944973,0.344603,171.6125017902125,-172.1056528811556
30.51,28.13,0.977311,1.954325,0.349051,0.990916,1.95599,0.346903,171.0280221659118,-173.022753081949
30.52,28.14,0.948853,1.964761,0.351485,0.96229,1.96615,0.350386,175.3242379093261,-174.0982232813695
30.53,28.15,0.920122,1.973149,0.355499,0.933934,1.974893,0.353876,173.29810589634658,-172.80351710644524
30.54,28.16,0.89284,1.980678,0.360109,0.906347,1.982679,0.357569,169.34986988287855,-171.57318471303893
30.55,28.17,0.867253,1.987864,0.368185,0.879303,1.989765,0.361768,151.9633096522583,-171.03494272857944
30.56,28.18,0.840358,1.996199,0.374905,0.853118,1.997725,0.369643,157.58960874029162,-173.18024561504112
30.57,28.19,0.814724,2.004919,0.383038,0.827379,2.006354,0.377666,156.99895959992426,-173.53064084373324
30.58,28.2,0.788733,2.01317,0.390218,0.802324,2.014642,0.387373,168.17700886361956,-173.81856294611617
30.59,28.21,0.763892,2.01899,0.400072,0.777349,2.021262,0.39771,170.04473555607115,-170.41689398970132
30.6,28.22,0.740394,2.023647,0.41303,0.75273,2.02634,0.40731,155.1236219247938,-167.68529372612966
30.61,28.23,0.717614,2.027677,0.42415,0.729323,2.03101,0.416888,148.19253421647485,-164.11084676475744
30.62,28.24,0.693908,2.0324,0.436009,0.705671,2.03518,0.429192,149.9064629063319,-166.70302330417465
30.63,28.25,0.671412,2.038253,0.448822,0.683411,2.03951,0.44274,153.12066329094415,-174.01958040705762
30.64,28.26,0.650618,2.043427,0.463724,0.662417,2.045689,0.458982,158.10488117817928,-169.14743633392442
30.65,28.27,0.630632,2.047647,0.479739,0.641914,2.050863,0.473211,149.945432485637,-164.08948900372647
30.66,28.28,0.609947,2.049305,0.495449,0.620845,2.053536,0.488991,149.34962026994148,-158.78197667246596
30.67,28.29,0.58934,2.050249,0.510601,0.600055,2.054742,0.504377,149.84906938651108,-157.25078401339024
30.68,28.3,0.570578,2.050886,0.526931,0.579749,2.054004,0.518877,138.71029904573479,-161.2227507981842
30.69,28.31,0.550966,2.050432,0.542922,0.560862,2.053956,0.536755,148.06962008761818,-160.3990087965827
30.7,28.32,0.532385,2.051238,0.5605,0.543094,2.054464,0.554921,152.48212319696765,-163.2354952889948
30.71,28.33,0.516412,2.052836,0.581408,0.526041,2.056356,0.572817,138.26063676327078,-159.91948993506455
30.72,28.34,0.501679,2.053076,0.601203,0.509667,2.057956,0.592249,131.736639112298,-148.57855881197153
30.73,28.35,0.485665,2.050689,0.621361,0.49402,2.056775,0.612118,132.1112890682333,-143.92942850775387
30.74,28.36,0.470004,2.046761,0.641604,0.477701,2.053618,0.632188,129.26388299640539,-138.30322388067884
30.75,28.37,0.455871,2.042685,0.661933,0.462188,2.049331,0.651874,122.12860854494545,-133.54614937856823
30.76,28.38,0.44101,2.038559,0.682611,0.447768,2.045171,0.672451,123.63016196871988,-135.62564333047848
30.77,28.39,0.427066,2.035405,0.704357,0.433785,2.041698,0.693346,121.3918747687615,-136.87513734728398
30.78,28.4,0.414422,2.033808,0.726131,0.421169,2.039554,0.715477,122.34539636710834,-139.58103021137447
30.79,28.41,0.403332,2.031927,0.749657,0.409142,2.03848,0.738552,117.6180135059736,-131.56073591600415
30.8,28.42,0.392157,2.028233,0.773127,0.397839,2.035543,0.762555,118.25613742632754,-127.85761537319834
30.81,28.43,0.380974,2.021707,0.797186,0.386247,2.029839,0.78695,117.25492623250913,-122.96042286958662
30.82,28.44,0.370062,2.01472,0.82065,0.374655,2.022697,0.810082,113.49043704025631,-119.9324926303248
30.83,28.45,0.359975,2.007914,0.844541,0.362747,2.015303,0.833308,103.86208904808905,-110.56369281424114
30.84,28.46,0.349836,2.000946,0.869282,0.352794,2.00849,0.858016,104.71151541983386,-111.4101298808414
30.85,28.47,0.340886,1.995014,0.894391,0.345265,2.001848,0.88309,111.18074338755466,-122.65039836468597
30.86,28.48,0.334073,1.990095,0.920523,0.336219,1.996992,0.908584,100.18993483168877,-107.28351814612843
30.87,28.49,0.328029,1.984395,0.946468,0.329462,1.992198,0.935238,97.27190735754708,-100.40626168189449
30.88,28.5,0.322255,1.976381,0.973248,0.32402,1.985031,0.962699,99.49842984338794,-101.53267402466962
30.89,28.51,0.315443,1.966899,1.000543,0.316098,1.975849,0.98982,93.49549229709605,-94.18569266957333
30.9,28.52,0.309172,1.957194,1.02744,0.311823,1.965634,1.016632,103.78150288853371,-107.43747909947858
30.91,28.53,0.304331,1.947637,1.054464,0.30537,1.955965,1.043357,95.34415945413106,-97.11146784447344
30.92,28.54,0.300379,1.939251,1.081493,0.299755,1.946961,1.069985,86.89628182154983,-85.37291717475904
30.93,28.55,0.298068,1.931965,1.108532,0.296528,1.938816,1.096707,82.57998510473884,-77.33135826206717
30.94,28.56,0.296657,1.924423,1.137261,0.294989,1.931585,1.125561,81.88635249304043,-76.88975229439633
30.95,28.57,0.294701,1.915378,1.167113,0.296333,1.923327,1.156143,98.46179490607327,-101.60210698368189
30.96,28.58,0.292436,1.904603,1.196965,0.292477,1.913077,1.186052,90.21525849056411,-90.2772136688367
30.97,28.59,0.290793,1.89328,1.226036,0.290422,1.901632,1.215212,88.03691650353801,-87.45656494218181
30.98,28.6,0.290587,1.881528,1.255335,0.288633,1.889539,1.24415,80.09053024498515,-76.29238040670934
30.99,28.61,0.29145,1.871365,1.284606,0.289761,1.878808,1.273064,81.67470528187243,-77.2147004272302
31.0,28.62,0.293696,1.862369,1.313857,0.291468,1.869039,1.301723,79.59545822777964,-71.52898045096887
31.01,28.63,0.296489,1.85378,1.344102,0.294248,1.860562,1.332539,79.03160952193787,-71.71471440383814
31.02,28.64,0.300042,1.844569,1.375633,0.298991,1.851598,1.364028,84.82515847902563,-81.49594236212091
31.03,28.65,0.303493,1.833546,1.40776,0.302314,1.841619,1.396671,83.93102213855248,-81.69112824307985
31.04,28.66,0.3067,1.821394,1.439835,0.305524,1.829635,1.428795,83.91968229219974,-81.87865802182918
31.05,28.67,0.310716,1.808943,1.471178,0.310015,1.816347,1.459673,86.51327693124006,-84.59144092710842
31.06,28.68,0.315805,1.795636,1.501428,0.311335,1.80358,1.490263,68.18089707500334,-60.63402876864014
31.07,28.69,0.321754,1.783239,1.533592,0.318647,1.789889,1.52203,74.95852800512024,-64.95716994910575
31.08,28.7,0.328278,1.772199,1.56563,0.325894,1.778901,1.554021,78.39519536016128,-70.41877902044861
31.09,28.71,0.336355,1.763118,1.598122,0.334943,1.769969,1.586129,83.28517384012949,-78.35433194793225
31.1,28.72,0.345374,1.753612,1.63099,0.342172,1.760447,1.619176,74.83520131021062,-64.89826742871742
31.11,28.73,0.354343,1.741817,1.664487,0.350043,1.749219,1.653084,69.3388543077816,-59.84666467950895
31.12,28.74,0.364764,1.728258,1.697969,0.36228,1.73637,1.686881,77.3727460311763,-72.97472992028753
31.13,28.75,0.37482,1.713738,1.729954,0.37152,1.722497,1.719879,71.86413157516117,-69.35583174581562
31.14,28.76,0.385191,1.698874,1.763724,0.383736,1.706908,1.752879,82.35864389462411,-79.73469642523776
31.15,28.77,0.395021,1.685276,1.797441,0.390526,1.692748,1.785596,69.21899675771992,-58.96975808147686
31.16,28.78,0.405741,1.673851,1.83103,0.403537,1.680654,1.818759,79.81764609723109,-72.0489866854806
31.17,28.79,0.418497,1.66365,1.863829,0.415346,1.670347,1.85231,74.70111901443602,-64.80258463253223
31.18,28.8,0.432115,1.65504,1.897355,0.428533,1.660738,1.885094,73.71449700464909,-57.84482188642603
31.19,28.81,0.44592,1.644877,1.934262,0.443242,1.651649,1.922279,77.40235822934048,-68.42358808324265
31.2,28.82,0.459771,1.633578,1.970833,0.45773,1.642086,1.960107,79.22625745779297,-76.51012502708366
31.21,28.83,0.474201,1.620953,2.006341,0.47131,1.629719,1.99584,74.60739088334775,-71.74760246229344
31.22,28.84,0.488727,1.607116,2.041598,0.486866,1.615342,2.03094,80.0954027553064,-77.25234405071971
31.23,28.85,0.503806,1.593045,2.077112,0.501382,1.601492,2.066174,77.50447476140822,-73.98833206704747
31.24,28.86,0.518095,1.580082,2.112873,0.516333,1.588409,2.101758,80.99217080500621,-78.05240319634713
31.25,28.87,0.532401,1.569347,2.148987,0.531634,1.577163,2.137632,86.13569274850173,-84.39539308100134
31.26,28.88,0.548208,1.559311,2.185591,0.546399,1.56745,2.174188,80.98557877299798,-77.4689561834649
31.27,28.89,0.563656,1.549474,2.222429,0.561492,1.557663,2.211415,78.88427618964694,-75.1975613990165
31.28,28.9,0.579404,1.539534,2.260072,0.577476,1.547968,2.249008,80.11496217933414,-77.12352276242046
31.29,28.91,0.595923,1.529063,2.297695,0.593409,1.537828,2.287308,76.39416246659061,-73.99591269247964
31.3,28.92,0.613136,1.516875,2.334689,0.609706,1.526109,2.324942,70.61286899498982,-69.62231848066536
31.31,28.93,0.630953,1.503909,2.372014,0.627278,1.512827,2.361701,70.38665969101743,-67.60403301157878
31.32,28.94,0.648202,1.489505,2.408806,0.644496,1.498131,2.398496,70.22867877530226,-66.75012376733785
31.33,28.95,0.665024,1.475123,2.445593,0.661519,1.48387,2.435694,70.50215883959234,-68.16358866235367
31.34,28.96,0.681172,1.461952,2.483222,0.678214,1.470527,2.473193,73.56685769842423,-70.96780480882632
31.35,28.97,0.697229,1.450693,2.521908,0.694227,1.459012,2.511234,74.29167306602379,-70.15748003673266
31.36,28.98,0.713168,1.441539,2.561194,0.710066,1.449155,2.54983,74.7320834906966,-67.8389116799643
31.37,28.99,0.728114,1.43334,2.600816,0.725589,1.440086,2.589363,77.56710289971893,-69.47933231067657
31.38,29.0,0.743906,1.424236,2.642024,0.740512,1.431015,2.630518,73.56517764879435,-63.40452987724144
31.39,29.01,0.760413,1.413269,2.683772,0.756273,1.42031,2.672446,69.92109344576272,-59.54512488423235
31.4,29.02,0.776455,1.39996,2.724163,0.772589,1.407276,2.712967,70.95010967669458,-62.1466459094264
31.41,29.03,0.792444,1.386176,2.765186,0.789016,1.392665,2.75354,73.59820798637192,-62.15346371610197
31.42,29.04,0.808868,1.372325,2.806181,0.805422,1.379412,2.795035,72.82000146425177,-64.06901357340774
31.43,29.05,0.824823,1.359859,2.84758,0.821465,1.367161,2.836257,73.48151214283315,-65.3035281788815
31.44,29.06,0.840405,1.349095,2.889005,0.837471,1.356107,2.877578,75.59978799205749,-67.29431959031392
31.45,29.07,0.855539,1.340089,2.931103,0.852823,1.347293,2.919772,76.52071502996392,-69.34291641717456
31.46,29.08,0.870565,1.333664,2.974794,0.868065,1.340028,2.962577,78.43506086501347,-68.55337787820139
31.47,29.09,0.885335,1.32749,3.019138,0.882912,1.333268,3.006637,79.03068960493931,-67.24929569498461
31.48,29.1,0.900585,1.319806,3.063354,0.897547,1.325372,3.051138,76.03440752876531,-61.37367571907419
31.49,29.11,0.916653,1.30954,3.108351,0.913126,1.315523,3.096223,73.7847956254763,-59.480497572767426
31.5,29.12,0.932694,1.297206,3.152723,0.929248,1.304349,3.141445,73.00943484711023,-64.24592785809661
31.51,29.13,0.948982,1.285321,3.197439,0.945551,1.292811,3.186205,73.01669235306207,-65.38855288602345
31.52,29.14,0.964375,1.275694,3.242114,0.960855,1.282698,3.2306,73.000833104363,-63.31727166853027
31.53,29.15,0.979208,1.267725,3.286407,0.976081,1.274803,3.274689,75.05854043398637,-66.16456745982055
31.54,29.16,0.994516,1.261931,3.331244,0.990568,1.268145,3.319261,71.76466721661988,-57.570590226653906
31.55,29.17,1.010158,1.258037,3.376159,1.006139,1.263696,3.36371,72.10799159410563,-54.61777697966386
31.56,29.18,1.025703,1.255765,3.421895,1.02272,1.260693,3.409376,76.59760282653225,-58.812786114009455
31.57,29.19,1.041434,1.251756,3.468492,1.037213,1.257008,3.456388,70.77492188975008,-51.21137473199049
31.58,29.2,1.059006,1.245658,3.51555,1.053615,1.251474,3.50394,65.09262132197695,-47.17177149717107
31.59,29.21,1.07604,1.237688,3.562038,1.071549,1.244238,3.550884,68.06851784995897,-55.56356069117312
31.6,29.22,1.09305,1.228751,3.608715,1.089622,1.23588,3.597408,73.13400700413439,-64.31929269233162
31.61,29.23,1.109843,1.221106,3.654985,1.106206,1.227891,3.643661,72.19421456393341,-61.8071172837571
31.62,29.24,1.126084,1.214897,3.700931,1.123191,1.221478,3.689124,76.23239461833141,-66.26976478813177
31.63,29.25,1.142174,1.211323,3.746841,1.138654,1.217111,3.73485,73.64021402728754,-58.693923390122364
31.64,29.26,1.158594,1.209592,3.792534,1.154569,1.214457,3.779834,72.41507455816893,-50.397748776480185
31.65,29.27,1.174909,1.210207,3.837912,1.170113,1.213461,3.825249,69.25625794091724,-34.15618867993045
31.66,29.28,1.191429,1.210641,3.884708,1.186185,1.213702,3.87222,67.22133845951406,-30.272738493280748
31.67,29.29,1.208612,1.208889,3.933335,1.202658,1.213172,3.920714,64.74424423594954,-35.72928960957073
31.68,29.3,1.226009,1.205211,3.981112,1.220263,1.210371,3.969275,64.1068093909925,-41.92434708442825
31.69,29.31,1.242842,1.20015,4.029283,1.237814,1.206434,4.016859,67.96679218260905,-51.33574435171579
31.7,29.32,1.259705,1.195355,4.076941,1.255013,1.201395,4.064998,68.55181838736499,-52.15918198558696
31.71,29.33,1.276255,1.191552,4.124094,1.272265,1.197381,4.11183,71.97809289577303,-55.608028483195746
31.72,29.34,1.29345,1.189525,4.170454,1.289546,1.195077,4.158038,72.54513220677178,-54.88626241508744
31.73,29.35,1.310692,1.189415,4.216465,1.306297,1.194309,4.203718,70.97647183883385,-48.07494234542587
31.74,29.36,1.328493,1.19096,4.261878,1.323943,1.194982,4.248991,70.55345373286488,-41.47526843397091
31.75,29.37,1.345882,1.194627,4.307824,1.340998,1.197648,4.294696,69.59332677403742,-31.73887837560159
31.76,29.38,1.363019,1.197919,4.355336,1.358314,1.201304,4.342006,70.5588410198177,-35.73302967271774
31.77,29.39,1.379777,1.199587,4.403291,1.375442,1.203401,4.390308,71.53592939903699,-41.34181769344265
31.78,29.4,1.397539,1.199008,4.451215,1.393579,1.203169,4.438066,73.23961151729505,-46.41781811448962
31.79,29.41,1.416498,1.196364,4.498664,1.412061,1.201497,4.485869,70.87467727045626,-49.159642293712785
31.8,29.42,1.43496,1.193931,4.5451,1.430172,1.199491,4.533049,68.33150998536928,-49.266578377700135
31.81,29.43,1.452984,1.192036,4.591756,1.448229,1.197112,4.57932,69.07526180782827,-46.87014680760187
31.82,29.44,1.471194,1.191251,4.637813,1.466485,1.195874,4.625024,69.78593722515804,-44.47199983348975
31.83,29.45,1.489687,1.191959,4.683086,1.48457,1.196186,4.67035,68.11099657960503,-39.55908923543816
31.84,29.46,1.508504,1.19427,4.727387,1.503112,1.197504,4.714827,66.7661830662518,-30.954379665726023
31.85,29.47,1.527419,1.198196,4.77177,1.521762,1.200631,4.758904,66.26558031910984,-23.28898545152363
31.86,29.48,1.546275,1.20305,4.816072,1.540722,1.204778,4.803398,66.3397996063811,-17.285261270671768
31.87,29.49,1.564603,1.205837,4.862317,1.559792,1.208435,4.849578,69.3104971486572,-28.369599526465816
31.88,29.5,1.585998,1.207134,4.907669,1.580184,1.210387,4.895509,64.44637075422841,-29.227515856497604
31.89,29.51,1.605748,1.206602,4.953634,1.600343,1.210697,4.941365,66.22453167255037,-37.14872758209595
31.9,29.52,1.624854,1.205232,4.999386,1.619665,1.209862,4.987245,66.85838957727312,-41.741643161706236
31.91,29.53,1.64469,1.204416,5.044502,1.639186,1.208786,5.031746,66.66061261016888,-38.448451448368225
31.92,29.54,1.663941,1.204727,5.086836,1.658867,1.208545,5.075846,65.21758646336107,-36.96012714529075
31.93,29.55,1.684961,1.206505,5.131376,1.679158,1.209965,5.119206,64.50687429010712,-30.80522819014474
31.94,29.56,1.705028,1.209549,5.17375,1.699143,1.212347,5.161656,64.05221728134873,-25.428566510968235
31.95,29.57,1.725695,1.214254,5.215676,1.718723,1.216362,5.203878,59.41913700277235,-16.82281076484531
31.96,29.58,1.746758,1.220494,5.257707,1.739897,1.221736,5.245712,60.23094739304316,-10.260747359126265
31.97,29.59,1.767816,1.225978,5.301474,1.760906,1.22745,5.289436,60.14350302441924,-12.025655078994612
31.98,29.6,1.790094,1.228764,5.345416,1.782727,1.231432,5.333603,58.05089217988509,-19.90813580345795
31.99,29.61,1.812895,1.229912,5.3886,1.805733,1.2332,5.377205,57.84976441703087,-24.65936500518007
32.0,29.62,1.835387,1.230772,5.431424,1.828067,1.234362,5.420384,56.45389141609103,-26.125048355108138
32.01,29.63,1.857842,1.23299,5.473598,1.850738,1.236428,5.462426,57.548722821145574,-25.824786480432323
32.02,29.64,1.879877,1.237267,5.514697,1.872747,1.23975,5.503389,57.76745930221133,-19.200511004265213
32.03,29.65,1.902669,1.242697,5.554722,1.894665,1.244591,5.543795,53.77731746070857,-13.3131148463461
32.04,29.66,1.925813,1.250048,5.593781,1.918458,1.250913,5.58261,56.63904423342149,-6.707576886662621
32.05,29.67,1.949525,1.258803,5.633415,1.942401,1.259171,5.621918,58.21599268723699,-2.957063825902452
32.06,29.68,1.975222,1.266363,5.674107,1.967498,1.268308,5.663065,55.026789513899296,-14.133943310895697
32.07,29.69,2.001462,1.272235,5.714532,1.993704,1.275339,5.703375,55.18724872841657,-21.806502670880676
32.08,29.7,2.027892,1.277165,5.7545,2.019804,1.280265,5.742934,55.03525146763636,-20.971022799473623
32.09,29.71,2.052796,1.281334,5.793786,2.044804,1.284413,5.782756,54.074064526037056,-21.06969129739393
32.1,29.72,2.077846,1.286419,5.832837,2.069437,1.289086,5.82207,52.0102527977959,-17.596954589015443
32.11,29.73,2.10284,1.293595,5.870135,2.093431,1.294721,5.859408,48.74494777936879,-6.824283390001507
32.12,29.74,2.127802,1.302002,5.906064,2.117682,1.301848,5.89571,45.65481238055018,0.8718250052135227
32.13,29.75,2.154388,1.311251,5.942045,2.143998,1.311157,5.931572,45.22794059391733,0.5183499842902943
32.14,29.76,2.182169,1.321585,5.977209,2.172154,1.321946,5.966654,46.50377328246227,-2.064385938572012
32.15,29.77,2.209788,1.3317,6.012824,2.200435,1.332715,6.002033,49.08319116822293,-6.193576422041612
32.16,29.78,2.238868,1.340555,6.048801,2.229145,1.342116,6.037923,48.20894218282544,-9.120841530629713
32.17,29.79,2.266995,1.347473,6.083853,2.257599,1.350164,6.073642,47.38023126257901,-15.981631526949775
32.18,29.8,2.295245,1.354339,6.118731,2.285254,1.356315,6.109177,43.719156581754206,-11.187465703871537
32.19,29.81,2.322901,1.36181,6.152577,2.312384,1.363006,6.143567,40.586934688348094,-6.487840925483911
32.2,29.82,2.351587,1.37005,6.185884,2.340711,1.371436,6.176788,39.90698310874938,-7.26243158033437
32.21,29.83,2.380811,1.380057,6.217874,2.369121,1.380774,6.208436,38.91590502046801,-3.509809695112117
32.22,29.84,2.409424,1.391459,6.247656,2.397828,1.391918,6.238365,38.702564492953,-2.2667334315474954
32.23,29.85,2.437719,1.403167,6.276811,2.427648,1.403838,6.267498,42.76062298881901,-3.8118092237759678
32.24,29.86,2.469568,1.414599,6.30658,2.457717,1.415676,6.297459,37.583308830229164,-5.192685248230035
32.25,29.87,2.499618,1.424528,6.335956,2.488911,1.425881,6.32773,37.534439814569495,-7.202061277156887
32.26,29.88,2.52886,1.433735,6.364289,2.516571,1.434723,6.357521,28.84317859060542,-4.596528187879224
32.27,29.89,2.558497,1.442467,6.393479,2.547096,1.443567,6.38666,30.883872973969282,-5.510996971709069
32.28,29.9,2.58976,1.453189,6.421927,2.577906,1.453627,6.414505,32.05141367087598,-2.1160907746805813
32.29,29.91,2.619825,1.464627,6.448515,2.607652,1.464608,6.440705,32.68357458550173,0.08942897615373957
32.3,29.92,2.650388,1.477107,6.472706,2.638126,1.476677,6.465079,31.881733429208307,2.0084075601048843
32.31,29.93,2.680349,1.488749,6.496149,2.669337,1.489144,6.488246,35.6659308085208,-2.054316559001158
32.32,29.94,2.71321,1.499733,6.519583,2.701913,1.501248,6.512181,33.23354648678655,-7.638158721653825
32.33,29.95,2.746291,1.510126,6.543074,2.734938,1.512272,6.536255,30.990467157453978,-10.704036460564547
32.34,29.96,2.780676,1.520374,6.565349,2.76689,1.521893,6.559546,22.82789409010172,-6.287728528990834
32.35,29.97,2.812876,1.530386,6.58729,2.798204,1.531554,6.581472,21.630188668022775,-4.551570170244791
32.36,29.98,2.840948,1.540706,6.608261,2.829328,1.542311,6.601867,28.822149410737186,-7.864158455222135
32.37,29.99,2.871191,1.55375,6.626444,2.859732,1.554603,6.6206,27.021224470671196,-4.257206253934124
32.38,30.0,2.901288,1.566833,6.643444,2.889988,1.567747,6.637339,28.380822060136726,-4.62429948922414
32.39,30.01,2.933939,1.579181,6.660025,2.918874,1.57881,6.65532,17.34427916708429,1.4107161347222736
32.4,30.02,2.966659,1.590371,6.676354,2.955595,1.592073,6.671422,24.02588198579112,-8.745383977632224
32.41,30.03,3.000342,1.601914,6.690342,2.991555,1.604118,6.686145,25.530886645400148,-14.080727759851808
32.42,30.04,3.031653,1.614002,6.705232,3.017181,1.612389,6.703637,6.289346388603856,6.359744987413636
32.43,30.05,3.063227,1.625933,6.719956,3.049165,1.624902,6.717296,10.711634583237181,4.193318207849287
32.44,30.06,3.091579,1.637574,6.73322,3.080897,1.638042,6.729047,21.338458974982437,-2.5086395659138896
32.45,30.07,3.125147,1.651246,6.743115,3.109967,1.650261,6.740467,9.895113266991851,3.712604399225465
32.46,30.08,3.158182,1.662802,6.752969,3.144786,1.664062,6.749559,14.281533933440292,-5.373313787642785
32.47,30.09,3.190834,1.673765,6.763502,3.17752,1.675686,6.760543,12.530174671697056,-8.21021604026583
32.48,30.1,3.22178,1.684619,6.773552,3.207572,1.68626,6.771656,7.600982799799646,-6.588373251071637
32.49,30.11,3.252446,1.695607,6.782039,3.23733,1.696381,6.78139,2.458463709399594,-2.9312144196822154
32.5,30.12,3.282693,1.707231,6.788746,3.267569,1.707725,6.788121,2.3664042700884327,-1.8708050584741684
32.51,30.13,3.312783,1.719915,6.793719,3.298647,1.720685,6.792858,3.48548370599848,-3.117868859369003
32.52,30.14,3.342494,1.731624,6.7976,3.326955,1.732179,6.796976,2.2995924417758293,-2.0455400077070336
32.53,30.15,3.373376,1.74244,6.801092,3.354765,1.742286,6.802531,-4.4213051961847265,0.47409320668834376
32.54,30.16,3.403775,1.752597,6.804531,3.384605,1.755643,6.801612,8.657876043773102,-9.028484795392535
32.55,30.17,3.437458,1.761646,6.80811,3.419819,1.763973,6.807906,0.6626122759244234,-7.515266636075753
32.56,30.18,3.468099,1.771294,6.809686,3.452225,1.773542,6.812313,-9.396755037929974,-8.06035645443878
32.57,30.19,3.496645,1.781774,6.809311,3.482956,1.783602,6.813053,-15.288758568502425,-7.606157848674898
32.58,30.2,3.524821,1.792551,6.808677,3.512019,1.794109,6.811391,-11.969383580149247,-6.9387591571286675
32.59,30.21,3.552655,1.802309,6.805988,3.539085,1.804279,6.808362,-9.923172896573785,-8.260104931111137
32.6,30.22,3.581551,1.810334,6.803162,3.564554,1.813156,6.803952,-2.6611233726178383,-9.426787064415647
32.61,30.23,3.607817,1.817142,6.798484,3.588745,1.820405,6.799019,-1.6068165672505386,-9.708649459079645
32.62,30.24,3.629949,1.824158,6.791634,3.616959,1.826847,6.79584,-17.94130646151825,-11.695348971367947
32.63,30.25,3.654678,1.831081,6.785048,3.644193,1.834101,6.7915,-31.606282674632133,-16.068015245629937
32.64,30.26,3.680425,1.83887,6.778493,3.667668,1.8418,6.784377,-24.760898162027413,-12.93523138853323
32.65,30.27,3.70495,1.847457,6.769967,3.694192,1.849944,6.776081,-29.61048956643665,-13.016786016159482
32.66,30.28,3.729236,1.854164,6.760799,3.719165,1.857203,6.766647,-30.14275802113299,-16.791583496593898
32.67,30.29,3.758696,1.858495,6.753418,3.74454,1.862566,6.757372,-15.605908993354005,-16.044242429951975
32.68,30.3,3.783578,1.86222,6.743699,3.770721,1.866213,6.748498,-20.468576783246515,-17.25323279215231
32.69,30.31,3.806342,1.865663,6.732897,3.796112,1.869766,6.739301,-32.04664662901927,-21.85450044550188
32.7,30.32,3.827693,1.86968,6.721101,3.820139,1.873754,6.7293,-47.34464209491419,-28.33873591731764
32.71,30.33,3.847703,1.874152,6.708541,3.842251,1.877539,6.716962,-57.079807580654084,-31.850200224096483
32.72,30.34,3.872788,1.87897,6.694946,3.8642,1.882288,6.702872,-42.70440183596031,-21.12419141241281
32.73,30.35,3.895928,1.882349,6.68049,3.886461,1.886349,6.687702,-37.30030117666033,-22.905046370237066
32.74,30.36,3.918182,1.883465,6.665009,3.909652,1.888458,6.672611,-41.70766492393427,-30.342394746859632
32.75,30.37,3.939507,1.88294,6.648981,3.930639,1.888435,6.656532,-40.41401235388385,-31.784162833724416
32.76,30.38,3.959591,1.882016,6.632901,3.953441,1.887643,6.64187,-55.56175557419412,-42.45724570918829
32.77,30.39,3.980358,1.881453,6.616957,3.972052,1.887338,6.626128,-47.833463424163725,-35.31848571620309
32.78,30.4,4.000578,1.881848,6.599905,3.9914,1.886857,6.609067,-44.95001459980177,-28.62401696706599
32.79,30.41,4.019928,1.883778,6.581532,4.011328,1.887772,6.591031,-47.84361604977971,-24.911032310452075
32.8,30.42,4.03852,1.88552,6.562191,4.02888,1.890934,6.571017,-42.475977948097714,-29.319361768564022
32.81,30.43,4.056252,1.885414,6.542085,4.048507,1.891395,6.551308,-49.978191862811634,-37.67676113420148
32.82,30.44,4.074307,1.883087,6.521629,4.067417,1.889174,6.531045,-53.80582609469448,-41.459125862550124
32.83,30.45,4.092191,1.879769,6.501509,4.086176,1.885509,6.511775,-59.63333678634664,-43.65984977768158
32.84,30.46,4.108659,1.876375,6.480254,4.104467,1.881561,6.491446,-69.46639906769819,-51.0503471910154
32.85,30.47,4.123693,1.87286,6.459365,4.121209,1.878335,6.469882,-76.71090505487163,-65.59626938195086
32.86,30.48,4.144207,1.870657,6.437615,4.135215,1.87592,6.4483,-49.91759163963792,-30.340355064466173
32.87,30.49,4.157844,1.869717,6.414545,4.153618,1.874846,6.425539,-68.97366509508214,-50.51344688641446
32.88,30.5,4.172894,1.868073,6.390979,4.167977,1.873722,6.401495,-64.94046842033548,-48.96305172983245
32.89,30.51,4.187387,1.864663,6.366851,4.18256,1.870678,6.37761,-65.83672329002506,-51.253174348025965
32.9,30.52,4.20147,1.859556,6.342539,4.196736,1.865708,6.353495,-66.63121326913434,-52.42150735273656
32.91,30.53,4.215957,1.853156,6.317739,4.211399,1.85939,6.328525,-67.09181801066318,-53.82753012819086
32.92,30.54,4.23061,1.846595,6.292788,4.225206,1.853292,6.303597,-63.43706916114435,-51.09895216227322
32.93,30.55,4.243124,1.841387,6.26739,4.238445,1.847698,6.278492,-67.14673741096698,-53.446618167868
32.94,30.56,4.254947,1.837723,6.241496,4.249764,1.843464,6.252808,-65.3834118476053,-47.92413788771868
32.95,30.57,4.265018,1.834992,6.214734,4.260741,1.840934,6.22626,-69.64141467691803,-54.25398806991819
32.96,30.58,4.27551,1.830654,6.187263,4.271001,1.837327,6.198404,-67.96577208627227,-55.952788079725536
32.97,30.59,4.285913,1.824485,6.159418,4.281768,1.831328,6.170612,-69.68103088781686,-58.79551663607464
32.98,30.6,4.296006,1.817237,6.131672,4.29232,1.823902,6.143166,-72.21952281226767,-61.055727495803815
32.99,30.61,4.305922,1.809904,6.104026,4.301802,1.816167,6.115777,-70.67890210314953,-56.661813040079686
33.0,30.62,4.313647,1.803294,6.075954,4.310359,1.809153,6.088084,-74.83364742026619,-60.69938612887184
33.01,30.63,4.321641,1.797398,6.047297,4.317976,1.803313,6.059301,-73.02178893674275,-58.21718287140755
33.02,30.64,4.32768,1.793297,6.01782,4.324313,1.799449,6.029843,-74.35527889907476,-61.30803764144862
33.03,30.65,4.333381,1.788532,5.987689,4.33016,1.795364,5.999348,-74.55626689112803,-64.75809845869024
33.04,30.66,4.33965,1.781704,5.957054,4.336417,1.789334,5.96816,-73.7695155861683,-67.03655064816377
33.05,30.67,4.345651,1.772852,5.926221,4.342363,1.780904,5.93731,-73.48438024847643,-67.7875594336254
33.06,30.68,4.351471,1.763505,5.895877,4.348088,1.770926,5.907325,-73.53705601471182,-65.49325280071027
33.07,30.69,4.357428,1.754053,5.865261,4.352654,1.762313,5.876473,-66.9359962260135,-59.97354360425344
33.08,30.7,4.359925,1.746631,5.83407,4.356532,1.75341,5.845951,-74.06161057547693,-63.411288246330756
33.09,30.71,4.362101,1.740272,5.802437,4.359767,1.746645,5.814558,-79.1006230527598,-69.88562528959753
33.1,30.72,4.363645,1.734242,5.770214,4.361569,1.741047,5.782105,-80.09678165107398,-73.03463522174656
33.11,30.73,4.364069,1.727156,5.73834,4.362751,1.734239,5.750169,-83.64226531284363,-79.45899801000651
33.12,30.74,4.364954,1.717695,5.705736,4.363722,1.725202,5.717306,-83.92191767755722,-80.68006879078696
33.13,30.75,4.366205,1.707034,5.672587,4.363622,1.715114,5.684039,-77.28961915686409,-72.27205413915837
33.14,30.76,4.367406,1.696226,5.639924,4.365949,1.703977,5.65124,-82.66320481412627,-79.35401455993781
33.15,30.77,4.367724,1.685434,5.607123,4.365602,1.693302,5.618506,-79.4402260169074,-74.90644418784653
33.16,30.78,4.368485,1.676648,5.574248,4.365463,1.683651,5.586023,-75.6059626317105,-66.65838487201457
33.17,30.79,4.363266,1.669642,5.541222,4.360551,1.675515,5.55379,-77.81000784373636,-65.18960582285746
33.18,30.8,4.360308,1.662414,5.507527,4.358514,1.668636,5.520119,-81.89155763840463,-73.91605023771768
33.19,30.81,4.355672,1.653977,5.473084,4.356611,1.660841,5.485112,-94.46390398506577,-97.78974928652589
33.2,30.82,4.351488,1.643534,5.438326,4.351547,1.651302,5.449806,-90.29446177952687,-90.43516812431788
33.21,30.83,4.346651,1.630997,5.404125,4.346821,1.639704,5.415043,-90.89205857058619,-91.11853050564342
33.22,30.84,4.342234,1.618057,5.369884,4.342706,1.626029,5.381536,-92.31967305978807,-93.38836851652012
33.23,30.85,4.337019,1.605376,5.335612,4.338216,1.613267,5.347309,-95.84296274981448,-98.62554204511886
33.24,30.86,4.331067,1.594496,5.301112,4.332952,1.602124,5.312704,-99.236146334228,-103.88061127368721
33.25,30.87,4.325172,1.58516,5.266412,4.32729,1.591688,5.278438,-99.98840971488755,-107.97557862571256
33.26,30.88,4.317933,1.576963,5.231188,4.319358,1.582866,5.243872,-96.41008818999585,-103.57169945795995
33.27,30.89,4.310553,1.568259,5.19528,4.311819,1.574354,5.207875,-95.73986795626797,-101.73412396696311
33.28,30.9,4.302375,1.558008,5.158564,4.30386,1.565109,5.170405,-97.14824122785721,-101.81178048243436
33.29,30.91,4.293942,1.546003,5.122056,4.295868,1.553825,5.133361,-99.66848624540133,-103.83268853512706
33.3,30.92,4.28367,1.532413,5.085482,4.287623,1.541275,5.096738,-109.35078913787106,-114.03982653938398
33.31,30.93,4.275112,1.519192,5.04926,4.277098,1.527513,5.060219,-100.27171715190043,-103.42383387665835
33.32,30.94,4.266792,1.507352,5.01324,4.269248,1.514133,5.02508,-101.71880938840796,-109.90980271557564
33.33,30.95,4.257619,1.497025,4.97681,4.261295,1.502753,4.989468,-106.193784726854,-122.69071527610528
33.34,30.96,4.247356,1.486831,4.939767,4.250562,1.492993,4.952004,-104.68108763159371,-117.48731181846631
33.35,30.97,4.237127,1.477837,4.902422,4.240525,1.48411,4.914547,-105.65539126845009,-118.443811338219
33.36,30.98,4.226074,1.46966,4.863832,4.229677,1.476026,4.875868,-106.66517314802735,-119.50879767318554
33.37,30.99,4.215197,1.460497,4.824187,4.218624,1.467571,4.835675,-106.61043564087144,-115.84787261824331
33.38,31.0,4.203729,1.449586,4.784954,4.20766,1.45718,4.795927,-109.70970558686092,-117.36814042400007
33.39,31.01,4.192341,1.437047,4.745964,4.196209,1.444439,4.757094,-109.16383213469388,-117.62164102664676
33.4,31.02,4.180485,1.423389,4.707225,4.18512,1.431688,4.718261,-112.78187614160458,-119.1834031739387
33.41,31.03,4.16852,1.410685,4.668495,4.174495,1.418647,4.67924,-119.07723633818918,-126.88601363025506
33.42,31.04,4.15641,1.399204,4.629511,4.160563,1.406491,4.640897,-110.03924795067591,-119.67963864871395
33.43,31.05,4.143675,1.389758,4.590231,4.146439,1.396631,4.602249,-102.95213059630414,-111.90769085955007
33.44,31.06,4.131371,1.382271,4.550643,4.13465,1.388688,4.562639,-105.2878492160998,-117.06641645434742
33.45,31.07,4.116539,1.375779,4.510472,4.119857,1.381538,4.522887,-104.96300930787952,-119.94803801030278
33.46,31.08,4.102916,1.368652,4.468828,4.106111,1.374605,4.481131,-104.55772594467979,-118.22264139279437
33.47,31.09,4.089122,1.359572,4.426523,4.093199,1.366496,4.43858,-108.68264817509453,-120.49049102262353
33.48,31.1,4.074196,1.349255,4.385472,4.078589,1.355577,4.397617,-109.88569768830614,-124.79447245509127
33.49,31.11,4.059494,1.338582,4.344647,4.064298,1.344564,4.356884,-111.43397305475557,-128.76710796407872
33.5,31.12,4.047515,1.324661,4.304148,4.049614,1.332751,4.31552,-100.45773530019527,-104.5450234006613
33.51,31.13,4.033175,1.31371,4.262735,4.034131,1.321503,4.274317,-94.71860428578059,-96.99377032207423
33.52,31.14,4.01459,1.305794,4.220503,4.020683,1.310869,4.233629,-114.9004081742107,-140.2083057855836
33.53,31.15,3.999345,1.298523,4.17919,4.007071,1.303345,4.192353,-120.41072937067874,-148.03062754270607
33.54,31.16,3.982608,1.29412,4.137528,3.987699,1.298519,4.150745,-111.06597361555201,-139.17056164064246
33.55,31.17,3.965475,1.29102,4.095005,3.970679,1.295375,4.10794,-111.91587421862255,-140.07551106595437
33.56,31.18,3.948785,1.286001,4.051915,3.954708,1.29063,4.063675,-116.73240582929333,-141.99131975452184
33.57,31.19,3.931026,1.278338,4.008552,3.936953,1.283887,4.020012,-117.34756351938563,-136.88654385983185
33.58,31.2,3.913773,1.268842,3.965024,3.918702,1.275049,3.976771,-112.76275034608189,-128.45320971990603
33.59,31.21,3.895791,1.261214,3.922221,3.901048,1.266912,3.933587,-114.82147568438185,-132.69476921165554
33.6,31.22,3.878878,1.253759,3.878833,3.883534,1.259068,3.890953,-111.0146991701532,-131.25080499062068
33.61,31.23,3.861346,1.24882,3.837599,3.867615,1.252397,3.849637,-117.50903857431828,-150.291549483698
33.62,31.24,3.843556,1.245253,3.794318,3.8491,1.248191,3.80697,-113.66262846946994,-152.07899221528763
33.63,31.25,3.825411,1.242393,3.75178,3.83037,1.245892,3.763802,-112.41584201236385,-144.79374904722528
33.64,31.26,3.807057,1.24142,3.7078,3.811776,1.244873,3.720315,-110.65983000031562,-143.80621408361384
33.65,31.27,3.788754,1.24004,3.66345,3.793665,1.244445,3.675384,-112.36781883223685,-138.10897434579684
33.66,31.28,3.770068,1.237005,3.619137,3.775549,1.241645,3.630761,-115.24502281192886,-139.75005483313728
33.67,31.29,3.750507,1.232013,3.57492,3.755943,1.236793,3.586373,-115.3906744204525,-138.674089583008
33.68,31.3,3.731425,1.225542,3.530783,3.736597,1.230857,3.541714,-115.32116057785021,-134.218767167888
33.69,31.31,3.71222,1.220321,3.486942,3.716237,1.225765,3.498317,-109.45030964058012,-126.42274659200737
33.7,31.32,3.693233,1.216237,3.443364,3.698047,1.22061,3.455368,-111.8524136414081,-137.74823751471962
33.71,31.33,3.673876,1.213556,3.399415,3.678167,1.218571,3.412111,-108.67424880654642,-130.55139118333247
33.72,31.34,3.654413,1.21267,3.356727,3.658396,1.217397,3.369479,-107.34583758784467,-130.11769986881302
33.73,31.35,3.634885,1.213971,3.314003,3.638579,1.218028,3.326377,-106.62189910087578,-132.3186450439047
33.74,31.36,3.614845,1.216831,3.270131,3.619031,1.220305,3.282952,-108.08163223851152,-140.3104066488348
33.75,31.37,3.594239,1.218817,3.225859,3.599345,1.222522,3.238548,-111.91964598965161,-144.03472606491405
33.76,31.38,3.573082,1.21914,3.181992,3.579129,1.222496,3.19431,-116.14677308789629,-150.97034104442312
33.77,31.39,3.55179,1.21733,3.13792,3.557673,1.220458,3.150493,-115.07524251268583,-152.0003537160894
33.78,31.4,3.530203,1.213724,3.093314,3.535337,1.220302,3.109215,-107.89385557373535,-127.97133971668251
33.79,31.41,3.508842,1.210332,3.04905,3.512939,1.217146,3.064425,-104.9209792252777,-121.01689856551769
33.8,31.42,3.487727,1.208963,3.005351,3.491612,1.21347,3.018302,-106.69802659974638,-130.76109033097364
33.81,31.43,3.466232,1.209072,2.961673,3.470885,1.213491,2.974867,-109.42572315074662,-136.47753971164852
33.82,31.44,3.445019,1.210522,2.91908,3.449865,1.214484,2.932223,-110.23960561139113,-140.73120220257698
33.83,31.45,3.423475,1.213963,2.876712,3.427931,1.217059,2.889772,-108.83935818753008,-145.20867684337364
33.84,31.46,3.402254,1.218868,2.833452,3.406625,1.221808,2.846802,-108.12926072717522,-146.07463285427926
33.85,31.47,3.379882,1.222895,2.788831,3.38522,1.226849,2.80166,-112.59163542842667,-143.4716580222565
33.86,31.48,3.356777,1.225137,2.744865,3.363322,1.229489,2.756793,-118.7539693662793,-146.3786736282152
33.87,31.49,3.334033,1.225542,2.7009,3.339926,1.230041,2.713135,-115.7178381206459,-142.64014256629594
33.88,31.5,3.31168,1.225331,2.657364,3.31664,1.229665,2.669378,-112.43336473831636,-138.8533532624917
33.89,31.51,3.287798,1.224429,2.613532,3.293923,1.229744,2.625662,-116.79132920228666,-139.0500227114264
33.9,31.52,3.265478,1.225502,2.57033,3.271483,1.229211,2.582747,-115.80892975578453,-148.29836719647128
33.91,31.53,3.2437,1.228684,2.527802,3.249699,1.23189,2.54066,-115.01177044311152,-151.87895439103707
33.92,31.54,3.222354,1.233838,2.486182,3.22813,1.235179,2.498887,-114.44769216336647,-166.92933748351555
33.93,31.55,3.200284,1.239538,2.443882,3.205191,1.240838,2.456992,-110.5205949545952,-165.16164612150334
33.94,31.56,3.176913,1.246354,2.400589,3.182603,1.247837,2.414103,-112.83327509466869,-165.39183399270607
33.95,31.57,3.153554,1.253035,2.356748,3.160241,1.255263,2.369796,-117.13479184984465,-161.5727629334365
33.96,31.58,3.130333,1.258001,2.313202,3.136605,1.26101,2.325576,-116.87904811471618,-154.37057760080174
33.97,31.59,3.107477,1.261641,2.269186,3.112699,1.264787,2.281752,-112.5661001708906,-148.93308925596364
33.98,31.6,3.084333,1.264423,2.225921,3.089353,1.267156,2.23868,-111.47704597339113,-151.4351414223472
33.99,31.61,3.062022,1.26703,2.183024,3.066232,1.269163,2.195706,-108.36444098898811,-153.13090887825206
34.0,31.62,3.038751,1.269714,2.139943,3.044402,1.272447,2.152627,-114.01401997033649,-154.19013980134997
34.01,31.63,3.015769,1.274181,2.097759,3.022182,1.27703,2.110035,-117.5826311996591,-156.04663020081892
34.02,31.64,2.992613,1.280166,2.056055,2.999123,1.282624,2.068479,-117.65390166410785,-159.31481928987736
34.03,31.65,2.970037,1.287319,2.015431,2.975819,1.289106,2.02779,-115.07194189471679,-162.8255765171378
34.04,31.66,2.947744,1.297071,1.974375,2.953578,1.297418,1.987173,-114.50598798652008,-176.5961193402001
34.05,31.67,2.925867,1.306749,1.932649,2.931277,1.307261,1.944978,-113.6920016364769,-174.59365537717892
34.06,31.68,2.900854,1.314668,1.889489,2.907987,1.316583,1.901548,-120.60467195999277,-164.9721363083948
34.07,31.69,2.877069,1.321088,1.847397,2.88306,1.323542,1.859261,-116.79254424394374,-157.72528617512359
34.08,31.7,2.852417,1.326264,1.805211,2.858105,1.32917,1.817265,-115.26152600704064,-152.9375046171346
34.09,31.71,2.827627,1.330609,1.763565,2.834598,1.334197,1.775558,-120.16754111433781,-152.7649488560921
34.1,31.72,2.80488,1.335905,1.722452,2.811167,1.338777,1.73424,-118.07273921125353,-155.44833748597966
34.11,31.73,2.781893,1.341689,1.681395,2.787969,1.344307,1.693319,-117.00159659025253,-156.68997021131685
34.12,31.74,2.757615,1.348348,1.64106,2.764599,1.35118,1.652772,-120.80810885711587,-157.927530302838
34.13,31.75,2.733836,1.355775,1.601653,2.740595,1.358224,1.613498,-119.70996741028037,-160.08294241922283
34.14,31.76,2.710124,1.364225,1.563022,2.716773,1.36652,1.574803,-119.4396583248904,-160.9571338785663
34.15,31.77,2.684313,1.374044,1.524349,2.692114,1.375863,1.536331,-123.0665387104439,-166.87456870532804
34.16,31.78,2.66033,1.383828,1.485345,2.666824,1.385642,1.497286,-118.53914064542464,-164.39310352338106
34.17,31.79,2.635549,1.391676,1.445728,2.641245,1.394173,1.457721,-115.40508692971017,-156.32842127010392
34.18,31.8,2.61013,1.399609,1.405988,2.616266,1.401491,1.417938,-117.17926526254452,-162.9484654684108
34.19,31.81,2.583755,1.404368,1.366728,2.591277,1.407253,1.378537,-122.4959870972821,-159.01610274767444
34.2,31.82,2.55855,1.409512,1.327816,2.566265,1.412155,1.339313,-123.86337407675278,-161.0895968815357
34.21,31.83,2.533549,1.414791,1.289201,2.540614,1.417343,1.301229,-120.42910067187077,-160.1394051091
34.22,31.84,2.507881,1.421621,1.25224,2.515067,1.423818,1.264003,-121.42069873934118,-162.9998591025506
34.23,31.85,2.48186,1.430099,1.216672,2.489608,1.431721,1.228472,-123.28930980692331,-168.17620507928092
34.24,31.86,2.455362,1.440734,1.182057,2.463388,1.44155,1.193817,-124.31287173704172,-174.19471018945316
34.25,31.87,2.427851,1.452192,1.1483,2.436465,1.452713,1.159523,-127.50735513369915,-176.53879956743273
34.26,31.88,2.399097,1.463159,1.113489,2.407634,1.46398,1.124714,-127.25424189299454,-174.5067802542655
34.27,31.89,2.370095,1.471515,1.078263,2.379021,1.473343,1.089274,-129.0297424781162,-168.4261472087797
34.28,31.9,2.341513,1.478894,1.043624,2.350755,1.480219,1.054803,-129.58151561273604,-171.84125800321888
34.29,31.91,2.312718,1.485973,1.00962,2.322429,1.486751,1.0205,-131.750670425078,-175.41951272179105
34.3,31.92,2.283769,1.493686,0.975724,2.293053,1.494295,0.986861,-129.81518430821487,-176.24696133468356
34.31,31.93,2.255499,1.502761,0.942885,2.26456,1.503253,0.953972,-129.25787400028685,-176.89196906500055
34.32,31.94,2.226468,1.513517,0.912325,2.235773,1.513633,0.923217,-130.50715671500663,-179.28576398160067
34.33,31.95,2.197025,1.525896,0.882908,2.206319,1.525444,0.893774,-130.54131547030093,177.2156979391108
34.34,31.96,2.166955,1.538652,0.853525,2.176336,1.538435,0.86447,-130.60000129628204,178.67487823572702
34.35,31.97,2.135853,1.549994,0.82346,2.14577,1.550875,0.834199,-132.72113221222213,-174.92332196469863
34.36,31.98,2.104137,1.559649,0.7937,2.114247,1.561139,0.80373,-135.22758879114997,-171.61616764873915
34.37,31.99,2.07235,1.568538,0.764616,2.083149,1.56989,0.77418,-138.4706928664024,-172.86388285515156
34.38,32.0,2.041755,1.577718,0.735369,2.052231,1.578447,0.745178,-136.88328917196407,-176.0193396505535
34.39,32.01,2.011368,1.587963,0.707649,2.021465,1.588377,0.717347,-136.15473203952976,-177.65205771281617
34.4,32.02,1.980291,1.600011,0.681489,1.991107,1.599874,0.691065,-138.4797661871337,179.2743063936771
34.41,32.03,1.950025,1.61319,0.657007,1.961003,1.612655,0.666222,-139.98969780114604,177.2099645152912
34.42,32.04,1.91844,1.626659,0.633868,1.93007,1.62587,0.642716,-142.736447082919,176.11889882201717
34.43,32.05,1.885824,1.638753,0.610677,1.898216,1.638809,0.618366,-148.1811862927867,-179.74107958267481
34.44,32.06,1.852914,1.649901,0.587274,1.865058,1.650883,0.594485,-149.29853334183764,-175.3769515832557
34.45,32.07,1.821129,1.660356,0.564376,1.832263,1.662056,0.570836,-149.87748812903817,-171.3188138200666
34.46,32.08,1.788986,1.670608,0.541418,1.800257,1.672559,0.54775,-150.6729073398147,-170.17946546097028
34.47,32.09,1.756996,1.684455,0.518007,1.768628,1.684115,0.525976,-145.58523597989966,178.3257376231474
34.48,32.1,1.72596,1.697604,0.49842,1.738199,1.696723,0.506067,-148.00261270665337,175.88277900871316
34.49,32.11,1.694999,1.711844,0.481362,1.707083,1.711057,0.488125,-150.76575817990255,176.2737349619096
34.5,32.12,1.663096,1.725389,0.464805,1.675585,1.725589,0.470561,-155.25570538324212,-179.0825385153289
34.51,32.13,1.624618,1.740244,0.446985,1.642692,1.73912,0.452761,-162.27741574051424,176.44142820815944
34.52,32.14,1.595585,1.751457,0.429578,1.609334,1.751574,0.435848,-155.4854410546822,-179.51244131239974
34.53,32.15,1.563874,1.762844,0.413044,1.576885,1.763013,0.41932,-154.24914761364113,-179.25582643610466
34.54,32.16,1.531727,1.775698,0.398086,1.544715,1.77531,0.403948,-155.70845380328248,178.28887028142776
34.55,32.17,1.50083,1.788746,0.384838,1.513837,1.788288,0.390534,-156.35052124422418,177.98334514269482
34.56,32.18,1.470021,1.802744,0.374108,1.483434,1.801622,0.378774,-160.81867248810866,175.2183294302241
34.57,32.19,1.438626,1.815333,0.363721,1.452087,1.814952,0.367865,-162.88889659763672,178.37873371781973
34.58,32.2,1.406361,1.827573,0.352317,1.4188,1.828143,0.357844,-156.04306712483591,-177.3763353810096
34.59,32.21,1.374438,1.838994,0.340858,1.386527,1.8403,0.347323,-151.8628554356246,-173.834129840475
34.6,32.22,1.341676,1.850906,0.332292,1.355031,1.851333,0.336832,-161.22465877852284,-178.16870339173437
34.61,32.23,1.310149,1.862407,0.324117,1.323286,1.863146,0.328386,-161.99790940786025,-176.78031489354217
34.62,32.24,1.279795,1.875414,0.324191,1.293286,1.874923,0.322082,171.11506559613048,177.91566106483714
34.63,32.25,1.250098,1.887453,0.323436,1.263502,1.886934,0.316892,153.97779256783795,177.78262739631455
34.64,32.26,1.219951,1.899322,0.321934,1.233212,1.898628,0.313164,146.5218308372855,177.00422073770292
34.65,32.27,1.189424,1.909912,0.319979,1.20248,1.909486,0.308314,138.22052012981592,178.13117756076517
34.66,32.28,1.159305,1.918739,0.31725,1.171737,1.918818,0.304953,135.31278472219856,-179.63591492460674
34.67,32.29,1.129392,1.927487,0.313776,1.142231,1.927412,0.302186,137.92685621042665,179.6653061308955
34.68,32.3,1.100458,1.935656,0.310439,1.112967,1.936226,0.301471,144.36235988361761,-177.3909969879887
34.69,32.31,1.071979,1.944879,0.307735,1.08495,1.945682,0.30309,160.29722169954331,-176.45749212921658
34.7,32.32,1.043656,1.954196,0.306122,1.056746,1.955515,0.30567,178.02235242125155,-174.2460728722362
34.71,32.33,1.014686,1.962814,0.302927,1.028107,1.963984,0.307949,-159.4846684055426,-175.0177325039508
34.72,32.34,0.984557,1.967179,0.300596,0.999011,1.971432,0.311179,-143.7889763733559,-163.6038069234423
34.73,32.35,0.957983,1.972563,0.318661,0.971097,1.976237,0.315947,168.30745246114245,-164.34932693033443
34.74,32.36,0.930358,1.97732,0.32378,0.943309,1.981344,0.320215,164.6094570657028,-162.7394788798061
34.75,32.37,0.90372,1.983459,0.330555,0.916246,1.986493,0.326305,161.25822006102055,-166.38426450755298
34.76,32.38,0.877435,1.989909,0.337491,0.890303,1.992557,0.333654,163.39639100617848,-168.3718939592806
34.77,32.39,0.85186,1.996008,0.34654,0.864774,1.999074,0.341928,160.34673806206604,-166.64429644841417
34.78,32.4,0.827195,2.000385,0.355787,0.839504,2.003939,0.351435,160.5283187903343,-163.89488817357346
34.79,32.41,0.801959,2.002295,0.365304,0.814134,2.006791,0.36042,158.14181626491535,-159.73175400831627
34.8,32.42,0.7777,2.003642,0.376276,0.788979,2.008617,0.369535,149.1349544159151,-156.1984339190611
34.81,32.43,0.752435,2.004965,0.386329,0.763713,2.009748,0.379561,149.03176104848853,-157.01819831373558
34.82,32.44,0.727426,2.006849,0.397235,0.738753,2.011395,0.39094,150.93680698801995,-158.1323395467351
34.83,32.45,0.703582,2.009482,0.409561,0.715019,2.013447,0.403153,150.73866623248765,-160.87949848819238
34.84,32.46,0.681446,2.012453,0.42411,0.692769,2.01669,0.417654,150.3096419577737,-159.48444649064456
34.85,32.47,0.659399,2.012781,0.4386,0.670553,2.018188,0.432676,152.02678558443347,-154.13780243528538
34.86,32.48,0.637071,2.011565,0.453163,0.6477,2.017545,0.447019,149.97031797410025,-150.63738402930758
34.87,32.49,0.615088,2.00988,0.468586,0.625367,2.015869,0.461775,146.47102367192127,-149.7730304431846
34.88,32.5,0.594416,2.007795,0.483826,0.603389,2.014173,0.476569,141.03546695409895,-144.59482084421353
34.89,32.51,0.574804,2.005478,0.500333,0.582707,2.012296,0.491892,133.11465962333696,-139.21531947518102
34.9,32.52,0.555018,2.004274,0.517699,0.563298,2.009985,0.509725,136.07853067928804,-145.4046390660335
34.91,32.53,0.539156,2.003635,0.536534,0.546852,2.009126,0.528622,134.20713106157342,-144.49261618529562
34.92,32.54,0.520476,2.001046,0.556305,0.525202,2.008099,0.547312,117.72281726096827,-123.82483243132164
34.93,32.55,0.500411,1.997026,0.575675,0.506594,2.004275,0.567015,125.52578485708457,-130.4623620609356
34.94,32.56,0.48167,1.990808,0.59549,0.489302,1.998727,0.586594,130.62674435291612,-133.94270322413902
34.95,32.57,0.465467,1.984715,0.615117,0.471766,1.992666,0.605585,123.45779237035254,-128.387229505456
34.96,32.58,0.449987,1.978783,0.63566,0.455183,1.986601,0.625342,116.7291838840341,-123.60881137834461
34.97,32.59,0.433968,1.973408,0.657072,0.440185,1.980743,0.647073,121.87178597373102,-130.28394673632374
34.98,32.6,0.41918,1.969677,0.680234,0.425371,1.976435,0.669962,121.07763843138578,-132.4927818047439
34.99,32.61,0.405105,1.964962,0.70438,0.41132,1.973004,0.694414,121.94850267528265,-127.69748463016691
35.0,32.62,0.391482,1.958229,0.728025,0.397177,1.966745,0.718773,121.61406668223367,-123.77227755982773
35.01,32.63,0.378362,1.949417,0.752,0.383154,1.958403,0.74232,116.33731161653756,-118.06983934834021
35.02,32.64,0.366311,1.941057,0.775604,0.370216,1.949509,0.765243,110.6511313069726,-114.79792030983546
35.03,32.65,0.354709,1.932809,0.800177,0.35801,1.940862,0.789359,106.9690224238115,-112.28918262600453
35.04,32.66,0.34371,1.925444,0.826042,0.346425,1.932987,0.814888,103.68035108164244,-109.79564857482671
35.05,32.67,0.333984,1.918656,0.852386,0.337628,1.926516,0.841492,108.49488492453848,-114.87306302723583
35.06,32.68,0.325097,1.911323,0.879676,0.328979,1.919802,0.868996,109.9753526723199,-114.60005982915287
35.07,32.69,0.316657,1.902174,0.906881,0.320168,1.911027,0.896578,108.81780277860534,-111.63271882969617
35.08,32.7,0.308108,1.891925,0.934665,0.311256,1.90065,0.924235,106.7949520338096,-109.83955996152211
35.09,32.71,0.300583,1.881717,0.961711,0.302731,1.889906,0.950825,101.16208056619382,-104.69774854417903
35.1,32.72,0.294321,1.871413,0.989172,0.292796,1.87933,0.977559,82.51881987336249,-79.09702656930534
35.11,32.73,0.288227,1.86162,1.01766,0.288699,1.869219,1.006378,92.39566090781211,-93.5542715390529
35.12,32.74,0.283504,1.853118,1.047112,0.284461,1.86066,1.035585,94.74595285706786,-97.23158172068666
35.13,32.75,0.280086,1.844439,1.076851,0.280795,1.852146,1.065786,93.66626742303781,-95.25609057958937
35.14,32.76,0.27671,1.833745,1.106947,0.278736,1.842511,1.096366,100.83952749398092,-103.01370965652097
35.15,32.77,0.27324,1.822188,1.137159,0.27312,1.830725,1.126574,89.35047718362566,-89.19467719738651
35.16,32.78,0.270828,1.810167,1.167074,0.269309,1.818387,1.156051,82.15389829411946,-79.53023964342424
35.17,32.79,0.26905,1.798109,1.197463,0.267286,1.806369,1.18626,81.05179938371877,-77.94504086484837
35.18,32.8,0.26828,1.78696,1.228755,0.267619,1.794814,1.217621,86.60246902077726,-85.18927036402226
35.19,32.81,0.268941,1.777614,1.25976,0.267715,1.784852,1.248212,83.93986109019312,-80.38627173102944
35.2,32.82,0.271554,1.76824,1.291497,0.269687,1.775953,1.280032,80.75094357485054,-76.392779534865
35.21,32.83,0.274568,1.757327,1.324155,0.273267,1.765481,1.312871,83.42306629472414,-80.93466359983924
35.22,32.84,0.277564,1.744467,1.356416,0.275374,1.752836,1.345839,78.302033045455,-75.33565827663911
35.23,32.85,0.28167,1.730671,1.388101,0.278171,1.739087,1.377376,71.93123550918307,-67.42462272280873
35.24,32.86,0.285531,1.716884,1.420194,0.28174,1.725031,1.40949,70.49755149333791,-65.04627969445644
35.25,32.87,0.289279,1.704034,1.45366,0.286959,1.711817,1.4427,78.04812486997514,-73.40144054439816
35.26,32.88,0.294298,1.692771,1.486808,0.292149,1.700343,1.475434,79.30067903954358,-74.15559303031986
35.27,32.89,0.301696,1.682878,1.520824,0.296926,1.689301,1.508477,68.87702443663217,-53.40080936254923
35.28,32.9,0.310309,1.672661,1.553698,0.306386,1.67935,1.541829,71.70999339132558,-59.60900477348957
35.29,32.91,0.319778,1.661423,1.587338,0.315551,1.668322,1.575822,69.84410962109986,-58.50430285432444
35.3,32.92,0.32925,1.64742,1.621571,0.326109,1.65539,1.61122,73.1196348788209,-68.49045715114565
35.31,32.93,0.338594,1.632172,1.656387,0.33565,1.640279,1.64586,74.37572263963449,-70.04186563483594
35.32,32.94,0.347795,1.616818,1.690769,0.344699,1.624899,1.680226,73.63488329591675,-69.03711942678808
35.33,32.95,0.357954,1.602314,1.725244,0.355856,1.610469,1.714471,78.97980480575745,-75.57263697388618
35.34,32.96,0.368868,1.589654,1.759556,0.366763,1.597258,1.748155,79.53911893677957,-74.52642225294188
35.35,32.97,0.381549,1.577868,1.793156,0.378413,1.584922,1.781327,75.15182162204628,-66.03148227052965
35.36,32.98,0.394242,1.56705,1.828899,0.391713,1.573418,1.816861,78.13557124292281,-68.33989642086883
35.37,32.99,0.407401,1.557073,1.86612,0.405395,1.563829,1.854229,80.42441738724011,-73.46272660501256
35.38,33.0,0.421536,1.546347,1.903813,0.419304,1.554255,1.892386,78.94775058200437,-74.23850165660085
35.39,33.01,0.436513,1.533931,1.939722,0.433035,1.541966,1.92906,71.9334038093491,-66.59432445605071
35.4,33.02,0.452029,1.51918,1.975821,0.448082,1.527032,1.96494,70.0621451195589,-63.31249097979145
35.41,33.03,0.466543,1.503058,2.012961,0.463921,1.511701,2.002244,76.2521852565274,-73.12394000595707
35.42,33.04,0.480891,1.487933,2.049529,0.478528,1.4966,2.0389,77.46605554989387,-74.74935639345256
35.43,33.05,0.495287,1.474597,2.08649,0.4933,1.482432,2.075077,80.12381212029833,-75.76948767276609
35.44,33.06,0.51076,1.462939,2.123687,0.508633,1.470087,2.111782,79.87016468689431,-73.42879739196933
35.45,33.07,0.526571,1.45176,2.161485,0.524151,1.459014,2.149788,78.31095477386441,-71.55083503821376
35.46,33.08,0.542188,1.441398,2.20007,0.540144,1.448744,2.188353,80.10447907754367,-74.45095121468067
35.47,33.09,0.55856,1.431026,2.239726,0.556387,1.438932,2.228236,79.29065036556845,-74.63149727412357
35.48,33.1,0.576035,1.419473,2.279011,0.572745,1.428136,2.268519,72.59002307896583,-69.2044216946726
35.49,33.11,0.594052,1.406082,2.317093,0.589804,1.414918,2.307188,66.78675030015849,-64.32358947011863
35.5,33.12,0.612082,1.390876,2.355557,0.607893,1.400232,2.34593,66.48467932749737,-65.8803112324188
35.51,33.13,0.630462,1.375998,2.394446,0.626399,1.385015,2.38455,67.67842127083296,-65.7439907352368
35.52,33.14,0.647519,1.361594,2.433132,0.643564,1.370009,2.422635,69.35487949667049,-64.8267543182582
35.53,33.15,0.664341,1.348183,2.472594,0.661101,1.356597,2.462028,72.95215860080653,-68.93967687711064
35.54,33.16,0.681361,1.336949,2.512521,0.677817,1.345119,2.501791,71.72218366476905,-66.54966178769044
35.55,33.17,0.697868,1.327373,2.553249,0.694682,1.334857,2.542004,74.18119910207255,-66.94014887435696
35.56,33.18,0.714198,1.318785,2.595478,0.711001,1.325584,2.583808,74.67967856935714,-64.8163298533656
35.57,33.19,0.730226,1.308817,2.638504,0.726759,1.316174,2.627147,73.02391759537082,-64.76775466850769
35.58,33.2,0.747831,1.297347,2.6815,0.743467,1.305172,2.670791,67.82872583033728,-60.851605939636286
35.59,33.21,0.765387,1.284148,2.723809,0.761281,1.292089,2.713469,68.34204005580123,-62.658172510298655
35.6,33.22,0.782447,1.271093,2.766237,0.778493,1.277937,2.754856,70.84169223276204,-59.98358527968465
35.61,33.23,0.798959,1.258349,2.809224,0.795354,1.264787,2.797289,73.1929122642697,-60.75307069522212
35.62,33.24,0.815182,1.24678,2.852166,0.811984,1.253656,2.840666,74.45944463449325,-65.0570506540161
35.63,33.25,0.831176,1.236832,2.896135,0.828515,1.243566,2.884566,77.04662400702583,-68.43810522588174
35.64,33.26,0.847224,1.229261,2.940251,0.84414,1.235789,2.928116,75.74067437091614,-64.71270973055107
35.65,33.27,0.862832,1.223441,2.985467,0.859655,1.229382,2.973025,75.6759002827497,-61.86397951414003
35.66,33.28,0.878375,1.21697,3.032074,0.874823,1.223193,3.02007,73.51644247686293,-60.28288933610852
35.67,33.29,0.894403,1.208631,3.078597,0.8897,1.215354,3.066906,68.0862973125716,-55.025714712807684
35.68,33.3,0.910591,1.198931,3.124302,0.906599,1.205403,3.113242,70.15344258220787,-58.33326304519106
35.69,33.31,0.926788,1.188064,3.170848,0.923515,1.194249,3.158941,74.6301238591098,-62.112945003685674
35.7,33.32,0.943006,1.177792,3.21706,0.940228,1.183694,3.205089,76.93514256015264,-64.79420136151035
35.71,33.33,0.958622,1.168688,3.262884,0.956011,1.174751,3.251452,77.13466096534448,-66.70111861139394
35.72,33.34,0.973882,1.161357,3.309215,0.972201,1.16749,3.297623,81.74883822545117,-74.67218098405299
35.73,33.35,0.989432,1.156016,3.356011,0.985274,1.161627,3.344267,70.50333166584244,-53.459912895526514
35.74,33.36,1.004256,1.152844,3.403389,1.000745,1.157999,3.391059,74.10555713175586,-55.741757972684844
35.75,33.37,1.018407,1.150938,3.451823,1.014572,1.155554,3.439363,72.89242421902179,-50.2799978434101
35.76,33.38,1.033815,1.147861,3.500318,1.02859,1.152028,3.488235,66.61510284844253,-38.572779468910234
35.77,33.39,1.048482,1.142469,3.549493,1.043515,1.146758,3.537004,68.31179027890805,-40.81057866328156
35.78,33.4,1.063887,1.135208,3.598668,1.05879,1.140274,3.586389,67.45671369831979,-44.825232347109576
35.79,33.41,1.079338,1.126804,3.6476,1.07444,1.133564,3.635828,67.40917112389283,-54.07455833521175
35.8,33.42,1.094139,1.119855,3.69624,1.09063,1.126183,3.684307,73.61357913346376,-60.990772899788254
35.81,33.43,1.108715,1.11451,3.744369,1.105775,1.120747,3.732473,76.11798436822517,-64.7617255868267
35.82,33.44,1.123568,1.11126,3.79257,1.119844,1.117079,3.780444,72.92782275533644,-57.38187457357416
35.83,33.45,1.13799,1.109622,3.840647,1.134618,1.114776,3.827971,75.10347328771869,-56.80531730441864
35.84,33.46,1.152962,1.110242,3.88875,1.149642,1.1147,3.875858,75.55874282830608,-53.32389131274088
35.85,33.47,1.167507,1.11237,3.937639,1.163613,1.11605,3.923861,74.21840953469295,-43.38156382817023
35.86,33.48,1.181693,1.11266,3.987902,1.177081,1.116465,3.975459,69.66276719810723,-39.52337046424974
35.87,33.49,1.196954,1.110776,4.038566,1.191942,1.115526,4.026315,67.7500658164629,-43.46262124219596
35.88,33.5,1.211337,1.107341,4.088953,1.207542,1.112702,4.076067,73.59000006913013,-54.70569243179868
35.89,33.51,1.225924,1.103623,4.137926,1.222043,1.109152,4.126107,71.82139338844205,-54.93363020144552
35.9,33.52,1.240361,1.099749,4.188371,1.236689,1.105519,4.175719,73.81564406526387,-57.52752267585537
35.91,33.53,1.255619,1.097682,4.237112,1.251691,1.103127,4.224212,73.06471073169574,-54.19347895124414
35.92,33.54,1.270833,1.097312,4.285425,1.267332,1.102083,4.272308,75.05580566125444,-53.72846488581775
35.93,33.55,1.286102,1.098636,4.333135,1.283157,1.102395,4.319949,77.41001622248687,-51.922967638878205
35.94,33.56,1.302217,1.101129,4.380264,1.298728,1.104537,4.366899,75.36917910019346,-44.327135742074354
35.95,33.57,1.318935,1.105357,4.427297,1.314983,1.108197,4.414179,73.23426135111076,-35.70191137479416
35.96,33.58,1.334879,1.108601,4.476037,1.331358,1.111386,4.462485,75.4357638097108,-38.34288579686147
35.97,33.59,1.35123,1.109976,4.525345,1.347606,1.113565,4.511931,74.88158716313771,-44.721983010632584
35.98,33.6,1.367555,1.109669,4.574358,1.364419,1.113487,4.56088,76.90172942099346,-50.60125952216751
35.99,33.61,1.384191,1.1086,4.622486,1.380299,1.111893,4.609125,73.75939299423125,-40.23437847377143
36.0,33.62,1.400807,1.107355,4.669255,1.39572,1.10974,4.656774,67.8251971072209,-25.119163255500467
36.01,33.63,1.418224,1.105916,4.716863,1.412161,1.108094,4.704186,64.43971497589156,-19.759714521106577
36.02,33.64,1.435704,1.105505,4.764101,1.430427,1.108359,4.75137,67.48599126433504,-28.406189350932472
36.03,33.65,1.453646,1.10641,4.810453,1.448127,1.109631,4.797711,66.5808984072544,-30.26869984777824
36.04,33.66,1.471532,1.109546,4.856141,1.466352,1.112163,4.843151,68.25945441800322,-26.803469473745483
36.05,33.67,1.4895,1.114909,4.900989,1.483577,1.116857,4.888414,64.77891182822184,-18.205383353516606
36.06,33.68,1.5077,1.121591,4.946448,1.50176,1.123469,4.934078,64.34996007393524,-17.54495499598171
36.07,33.69,1.525664,1.126531,4.993279,1.519994,1.129313,4.981111,65.01559501226966,-26.134996045084353
36.08,33.7,1.545649,1.129598,5.039807,1.539238,1.132833,5.027679,62.13855579003741,-26.775578409929903
36.09,33.71,1.564397,1.13111,5.086389,1.55903,1.134604,5.07377,66.95941495075239,-33.06474970519795
36.1,33.72,1.582619,1.132171,5.13246,1.577413,1.13589,5.120125,67.11777126510901,-35.54080091529811
36.11,33.73,1.600659,1.134152,5.178431,1.594994,1.137508,5.165616,66.15169138346437,-30.642904714597183
36.12,33.74,1.618823,1.137394,5.222962,1.613412,1.140551,5.210528,66.48239705517184,-30.261045526708433
36.13,33.75,1.637946,1.142391,5.266277,1.631799,1.145177,5.254087,63.23975315953426,-24.381422469577505
36.14,33.76,1.657406,1.148802,5.309148,1.651377,1.151147,5.296811,63.955584673044555,-21.253715688713157
36.15,33.77,1.677607,1.157417,5.351099,1.671364,1.159085,5.338741,63.198060745479346,-14.958832244444842
36.16,33.78,1.69825,1.166966,5.393386,1.692136,1.168629,5.381284,63.19683197301058,-15.216256906542858
36.17,33.79,1.718518,1.175529,5.436156,1.71296,1.177067,5.4245,64.50651492984557,-15.467737422316048
36.18,33.8,1.738022,1.182147,5.477427,1.733863,1.183832,5.467858,66.5086598758306,-22.05510732794345
36.19,33.81,1.761476,1.187926,5.522434,1.75495,1.188482,5.510111,62.09525258813372,-4.869707195789338
36.2,33.82,1.783134,1.193442,5.565479,1.77544,1.193264,5.552858,58.6327259634275,1.3252963109722546
36.21,33.83,1.80462,1.199295,5.607604,1.796088,1.199794,5.595553,54.701848268975354,-3.34717087903591
36.22,33.84,1.824971,1.205971,5.647754,1.817715,1.206855,5.636316,57.609912603047775,-6.946125607482783
36.23,33.85,1.850252,1.215217,5.687689,1.84017,1.214952,5.675745,49.832093339709196,1.5056423747678944
36.24,33.86,1.870408,1.224284,5.725274,1.862644,1.224558,5.713962,55.53621311841582,-2.021191517007639
36.25,33.87,1.894156,1.235867,5.762632,1.886681,1.235867,5.751448,56.24259797382004,0.0
36.26,33.88,1.919114,1.246534,5.801892,1.91064,1.247538,5.790253,53.94278217031707,-6.756907939948678
36.27,33.89,1.944275,1.255428,5.840392,1.935731,1.256944,5.828993,53.146994746683184,-10.061528673216257
36.28,33.9,1.969188,1.263545,5.878351,1.959927,1.264717,5.867414,49.743451580282425,-7.212566302607287
36.29,33.91,1.993177,1.270308,5.916585,1.983931,1.271764,5.905761,49.495621411507756,-8.949077179512777
36.3,33.92,2.017577,1.27757,5.954425,2.008749,1.279281,5.943775,50.343978825636206,-10.968793502724226
36.31,33.93,2.042076,1.285974,5.991179,2.033332,1.287426,5.980268,51.29155520441084,-9.428316259344168
36.32,33.94,2.067458,1.295704,6.026123,2.0585,1.296407,6.015099,50.90301060314288,-4.487223564245465
36.33,33.95,2.093517,1.306692,6.059475,2.083999,1.306648,6.048551,48.93460493582803,0.264866184112939
36.34,33.96,2.119055,1.319003,6.091757,2.110772,1.318204,6.08101,52.3775984960759,5.50985422266947
36.35,33.97,2.146059,1.33084,6.123782,2.137075,1.330382,6.113729,48.214000726312086,2.9183848305576054
36.36,33.98,2.174857,1.341497,6.156963,2.164407,1.341176,6.147171,43.13816064998286,1.7594415077357992
36.37,33.99,2.203666,1.350046,6.189767,2.192158,1.3502,6.18039,39.1739904346868,-0.7666860793338398
36.38,34.0,2.231779,1.35729,6.222857,2.220947,1.358375,6.21358,40.5781995919205,-5.7200198001011815
36.39,34.01,2.260606,1.364981,6.255773,2.248973,1.365762,6.246209,39.42512467973346,-3.8408797224508855
36.4,34.02,2.287937,1.372948,6.287058,2.277168,1.373916,6.277876,40.45199002005606,-5.136378492427071
36.41,34.03,2.316224,1.38311,6.316654,2.30514,1.38337,6.307606,39.225167635454596,-1.3437541749427557
36.42,34.04,2.34463,1.394004,6.345096,2.333491,1.394045,6.335862,39.658027332896445,-0.21089113488284075
36.43,34.05,2.37363,1.405947,6.371226,2.361443,1.405594,6.362942,34.20554200661464,1.659125028399001
36.44,34.06,2.403508,1.417683,6.397892,2.390981,1.417874,6.390198,31.557969136368694,-0.873524864921086
36.45,34.07,2.433751,1.428362,6.425574,2.421143,1.429159,6.418133,30.548290043016923,-3.6170730041031205
36.46,34.08,2.463506,1.43657,6.453323,2.452714,1.4388,6.445579,35.662033065789,-11.674972721895648
36.47,34.09,2.49385,1.445001,6.480185,2.482105,1.447348,6.472118,34.483049638299505,-11.300550796819511
36.48,34.1,2.523321,1.453468,6.506288,2.5123,1.455508,6.498589,34.9372044143305,-10.486822860052126
36.49,34.11,2.552807,1.463649,6.531156,2.541656,1.465359,6.523771,33.51541116904896,-8.718360588501636
36.5,34.12,2.582004,1.47467,6.553942,2.570866,1.476063,6.546603,33.381503452362765,-7.128815090037659
36.51,34.13,2.613008,1.487922,6.573729,2.600184,1.48763,6.567627,25.446346641450123,1.3043884242020718
36.52,34.14,2.643659,1.499947,6.593229,2.630638,1.499791,6.588264,20.872205110367336,0.6864076486297221
36.53,34.15,2.672939,1.509569,6.614675,2.661461,1.511438,6.609475,24.372456452206784,-9.248487643901571
36.54,34.16,2.706317,1.519734,6.635833,2.695024,1.521171,6.630446,25.50212985496338,-7.251742188399386
36.55,34.17,2.740116,1.529419,6.656406,2.725704,1.530346,6.650793,21.27927740134369,-3.6802748766285305
36.56,34.18,2.769084,1.537899,6.675977,2.757993,1.539579,6.670473,26.393284383282886,-8.613352698572418
36.57,34.19,2.799885,1.548735,6.693686,2.787022,1.549542,6.688124,23.383801145270787,-3.5899224162503693
36.58,34.2,2.828255,1.559893,6.709476,2.817274,1.560981,6.703919,26.841960924664868,-5.658411203372344
36.59,34.21,2.86077,1.571853,6.723524,2.848992,1.573102,6.718059,24.89133214763534,-6.053317250652538
36.6,34.22,2.894536,1.582652,6.736425,2.881345,1.584796,6.732522,16.48261927466878,-9.231843442571336
36.61,34.23,2.926368,1.591925,6.750218,2.91203,1.594142,6.747276,11.595518462163936,-8.78969825533634
36.62,34.24,2.958163,1.600631,6.763569,2.943599,1.602215,6.760453,12.076486397065379,-6.207166957866979
36.63,34.25,2.989247,1.609855,6.776266,2.976223,1.61182,6.772599,15.724943592570455,-8.579807128629483
36.64,34.26,3.019062,1.620572,6.787336,3.006817,1.622474,6.783548,17.18949238834673,-8.829123655749745
36.65,34.27,3.049752,1.632769,6.795676,3.035984,1.634001,6.792849,11.603336234154911,-5.113371270073017
36.66,34.28,3.080564,1.643677,6.802296,3.067065,1.645179,6.799704,10.869311298141438,-6.34904281712565
36.67,34.29,3.112736,1.653144,6.809309,3.097829,1.654937,6.807607,6.513514482076299,-6.858535078740202
36.68,34.3,3.144223,1.661845,6.816257,3.129825,1.664206,6.815064,4.736635421955882,-9.312544852017348
36.69,34.31,3.174866,1.670219,6.821828,3.160335,1.672924,6.822108,-1.1039042832055335,-10.545121822274739
36.7,34.32,3.204831,1.679245,6.826628,3.190375,1.681204,6.828029,-5.53552008282542,-7.717406132513663
36.71,34.33,3.23494,1.688971,6.830503,3.218965,1.689485,6.833044,-9.037813269466339,-1.8428716294240295
36.72,34.34,3.264348,1.699118,6.833195,3.244826,1.697715,6.836614,-9.933791797024103,4.110644875333721
36.73,34.35,3.294151,1.708218,6.83482,3.270788,1.705582,6.840016,-12.538674696676738,6.437342826832986
36.74,34.36,3.330532,1.715443,6.837057,3.297721,1.712475,6.843241,-10.673522114119693,5.168763907045231
36.75,34.37,3.360734,1.722037,6.83746,3.322971,1.718938,6.846263,-13.121982868964992,4.691434140609838
36.76,34.38,3.391843,1.728016,6.837372,3.346643,1.724996,6.849097,-14.542153317630763,3.822488064313155
36.77,34.39,3.421718,1.734362,6.836164,3.373408,1.731735,6.849623,-15.567654251894702,3.1125630017775143
36.78,34.4,3.459018,1.740597,6.838331,3.405156,1.73949,6.846231,-8.344141508069448,1.17740707013159
36.79,34.41,3.486651,1.748661,6.833784,3.440085,1.747741,6.839971,-7.5682871055386265,1.1318399753429
36.8,34.42,3.513628,1.756662,6.827553,3.476388,1.755969,6.831884,-6.633679611963886,1.066095403281875
36.81,34.43,3.539581,1.763095,6.820418,3.512264,1.763655,6.82302,-5.441123872631612,-1.174402129564951
36.82,34.44,3.56423,1.767431,6.812055,3.545907,1.770278,6.814425,-7.3700395712376165,-8.831908650969602
36.83,34.45,3.58869,1.771224,6.803328,3.575513,1.77532,6.807143,-16.14676705517403,-17.26757770797091
36.84,34.46,3.613425,1.775264,6.794708,3.6025,1.779398,6.800868,-29.416233839483176,-20.726550783423413
36.85,34.47,3.639598,1.779696,6.78645,3.629572,1.78337,6.793797,-36.23376499764372,-20.125220228072603
36.86,34.48,3.664593,1.78468,6.776329,3.656532,1.787966,6.784744,-46.23085613695506,-22.17785947579087
36.87,34.49,3.690666,1.790427,6.765284,3.680787,1.793535,6.772609,-36.555892598222094,-17.463926891843847
36.88,34.5,3.718884,1.793874,6.754132,3.707483,1.79818,6.760065,-27.492150958661572,-20.690857274938104
36.89,34.51,3.745055,1.7959,6.741776,3.734818,1.801093,6.748107,-31.734424746878027,-26.89765628290728
36.9,34.52,3.772387,1.79708,6.730234,3.761346,1.802287,6.736471,-29.461865369634914,-25.24883826598184
36.91,34.53,3.797046,1.798092,6.71747,3.78774,1.803055,6.725159,-39.56491820076887,-28.071528246
36.92,34.54,3.821321,1.798982,6.704406,3.813391,1.803944,6.713132,-47.73611710146048,-32.035248427560745
36.93,34.55,3.844689,1.800986,6.689902,3.836518,1.805255,6.698564,-46.670780804541096,-27.58515351128444
36.94,34.56,3.868412,1.803941,6.67437,3.859394,1.807807,6.682894,-43.38692073144778,-23.204724637012706
36.95,34.57,3.892329,1.806275,6.657996,3.881942,1.811071,6.665632,-36.32145504543879,-24.784234748291873
36.96,34.58,3.914843,1.806682,6.64066,3.904969,1.812283,6.648323,-37.81427323358795,-29.563958401420983
36.97,34.59,3.93901,1.805446,6.623648,3.929679,1.811192,6.631891,-41.45736042400132,-31.624628878421824
36.98,34.6,3.960301,1.803635,6.606194,3.953167,1.809232,6.615766,-53.30288186580894,-38.1160584396035
36.99,34.61,3.981629,1.801732,6.588001,3.975507,1.807296,6.598089,-58.748126550595444,-42.266234805747864
37.0,34.62,4.004165,1.800844,6.569817,3.99613,1.806015,6.579307,-49.7460542639762,-32.76368879283649
37.01,34.63,4.02436,1.80123,6.55022,4.016972,1.805633,6.56002,-52.98817971752173,-30.793522907741444
37.02,34.64,4.043985,1.802308,6.529459,4.035289,1.807167,6.538978,-47.587009486384865,-29.194827891674166
37.03,34.65,4.062953,1.801484,6.50798,4.05579,1.80699,6.517841,-54.005460868901466,-37.54848539824885
37.04,34.66,4.081965,1.798895,6.486447,4.074945,1.80419,6.496607,-55.35766444167602,-37.026282871994546
37.05,34.67,4.10166,1.794626,6.464621,4.094679,1.799919,6.474971,-56.00062075346094,-37.16943452628887
37.06,34.68,4.121639,1.790243,6.442324,4.112716,1.795661,6.452387,-48.43615620712314,-31.265909922577336
37.07,34.69,4.141412,1.786576,6.419631,4.133698,1.791815,6.429618,-52.31735416663101,-34.1825741425259
37.08,34.7,4.156885,1.784724,6.395917,4.15078,1.789229,6.406703,-60.48964005921194,-36.42434830468588
37.09,34.71,4.172487,1.784009,6.371864,4.16677,1.788259,6.382786,-62.370688991384654,-36.62699768302474
37.1,34.72,4.187342,1.782473,6.347009,4.182157,1.786842,6.35847,-65.65782318872053,-40.118257635370405
37.11,34.73,4.202782,1.778879,6.321299,4.197991,1.783717,6.332936,-67.62283664376793,-45.2796635425555
37.12,34.74,4.219318,1.773201,6.295265,4.214032,1.778418,6.306398,-64.60141555342261,-44.623597837489086
37.13,34.75,4.234008,1.766474,6.26908,4.228828,1.771783,6.280252,-65.12477162212123,-45.70462226522576
37.14,34.76,4.248011,1.760395,6.242675,4.243126,1.766007,6.25398,-66.63035958121372,-48.96185793351487
37.15,34.77,4.261395,1.756133,6.216597,4.255716,1.761142,6.228348,-64.20654267230496,-41.41298595187209
37.16,34.78,4.272196,1.752848,6.189351,4.267138,1.757592,6.201432,-67.28220917534703,-43.16519847940978
37.17,34.79,4.282565,1.749725,6.160283,4.277595,1.755595,6.171853,-66.75361322672845,-49.746144125377626
37.18,34.8,4.294272,1.745368,6.131713,4.288795,1.751957,6.142688,-63.478818408899784,-50.265493138536414
37.19,34.81,4.304733,1.7395,6.102465,4.300568,1.746194,6.113711,-69.67769284174186,-58.11016804129832
37.2,34.82,4.315052,1.73291,6.073534,4.311223,1.73903,6.085324,-72.007926644342,-57.96769564355307
37.21,34.83,4.323987,1.726444,6.044561,4.320617,1.731824,6.056818,-74.62668226031724,-57.93721579641789
37.22,34.84,4.332384,1.720529,6.014786,4.328767,1.725815,6.027065,-73.58671567066477,-55.61771245361548
37.23,34.85,4.339234,1.71654,5.984724,4.335884,1.72135,5.997292,-75.07482542855875,-55.14411207521618
37.24,34.86,4.345582,1.713367,5.954072,4.342333,1.718716,5.966456,-75.29948740301236,-58.72536839891458
37.25,34.87,4.35074,1.709575,5.922847,4.348307,1.715155,5.935243,-78.89554263702657,-66.4417629698277
37.26,34.88,4.356591,1.703696,5.891464,4.354195,1.709264,5.903889,-79.08522906435763,-66.7170123329621
37.27,34.89,4.362805,1.695957,5.859376,4.360093,1.701965,5.871547,-77.43829891617678,-65.70567226667707
37.28,34.9,4.368089,1.688144,5.827306,4.365175,1.694207,5.839607,-76.67279930519726,-64.33012253312877
37.29,34.91,4.371606,1.681344,5.795515,4.369456,1.686935,5.808044,-80.2627751603657,-68.96592261470883
37.3,34.92,4.373983,1.676139,5.763989,4.371856,1.680802,5.776965,-80.69097621236159,-65.48017887198353
37.31,34.93,4.374718,1.671074,5.731608,4.373748,1.676091,5.744431,-85.67408087544376,-79.05730084598133
37.32,34.94,4.374996,1.66585,5.698874,4.374081,1.671555,5.711283,-85.78282438099458,-80.88818110477999
37.33,34.95,4.37646,1.659091,5.665561,4.373147,1.665745,5.677882,-74.94969107522829,-63.53147010977686
37.34,34.96,4.374382,1.649882,5.632382,4.375096,1.657653,5.643858,-93.56017107843495,-95.24960088093451
37.35,34.97,4.372869,1.640028,5.598982,4.372824,1.647523,5.610875,-89.78320879728226,-89.65600012038055
37.36,34.98,4.371826,1.629809,5.566259,4.370568,1.637114,5.578105,-83.93812656026125,-80.22888743485636
37.37,34.99,4.373081,1.620294,5.533302,4.373157,1.627262,5.545337,-90.36181315841456,-90.62490048532509
37.38,35.0,4.370231,1.61275,5.50001,4.368332,1.618855,5.512602,-81.4238493130462,-72.72135395249295
37.39,35.01,4.368083,1.605579,5.46638,4.365914,1.61203,5.478958,-80.21591500805124,-71.41596854480457
37.4,35.02,4.364117,1.599441,5.432218,4.362088,1.605553,5.444866,-80.88622643316468,-71.63538723247942
37.41,35.03,4.359123,1.592292,5.397669,4.357862,1.598878,5.410082,-84.19939035990075,-79.1609444107496
37.42,35.04,4.352614,1.582994,5.362994,4.353751,1.590544,5.374605,-95.59282241913662,-98.56416102589762
37.43,35.05,4.347508,1.5722,5.328464,4.350057,1.5797,5.339907,-102.5579631664384,-108.77118511587916
37.44,35.06,4.341862,1.56082,5.294357,4.341191,1.567593,5.306291,-86.78188105446819,-84.34217850456443
37.45,35.07,4.336192,1.548833,5.260015,4.335592,1.555485,5.272173,-87.1747326631887,-84.84595741826388
37.46,35.08,4.33007,1.53805,5.225149,4.331208,1.544763,5.237421,-95.29796777806231,-99.62141525685067
37.47,35.09,4.323521,1.529078,5.189996,4.324772,1.535426,5.202533,-95.69837568523289,-101.14841892849208
37.48,35.1,4.31667,1.521773,5.15478,4.318108,1.527806,5.16734,-96.53138050303706,-103.40662023894275
37.49,35.11,4.308857,1.515165,5.118663,4.310776,1.520749,5.131356,-98.59719431802942,-108.96581948899164
37.5,35.12,4.300769,1.507139,5.08176,4.303133,1.513415,5.094089,-100.85432565182111,-110.64003897231336
37.51,35.13,4.292336,1.496513,5.044847,4.295768,1.504065,5.056127,-106.92266201179132,-114.43938172754851
37.52,35.14,4.283183,1.484636,5.007936,4.286931,1.49208,5.01905,-108.63576901261301,-116.72492308105139
37.53,35.15,4.27315,1.471618,4.970852,4.279073,1.480255,4.981987,-118.00968871938811,-124.44118085976805
37.54,35.16,4.265617,1.459788,4.93443,4.268592,1.466729,4.946168,-104.22215256935499,-113.20058299450561
37.55,35.17,4.256627,1.448216,4.897756,4.259252,1.454974,4.909686,-102.40925089292614,-111.22759030647069
37.56,35.18,4.247378,1.438461,4.860335,4.250523,1.445273,4.872282,-104.74828401737852,-114.78207413361127
37.57,35.19,4.237965,1.430369,4.822869,4.240901,1.436694,4.835007,-103.59780933745644,-114.90024408426466
37.58,35.2,4.228515,1.423151,4.784771,4.230063,1.42919,4.797374,-97.00244614834071,-104.37728574679043
37.59,35.21,4.217723,1.416068,4.745463,4.220189,1.421956,4.757925,-101.1931757674161,-112.72480974290838
37.6,35.22,4.207777,1.406808,4.705334,4.211129,1.413668,4.717213,-105.75793249719868,-116.04151012496023
37.61,35.23,4.197215,1.395586,4.665703,4.200244,1.402576,4.677474,-104.43068665933319,-113.42869280874336
37.62,35.24,4.186261,1.384333,4.626378,4.189521,1.39094,4.638365,-105.21426163357738,-116.26247217514289
37.63,35.25,4.175683,1.371757,4.587707,4.179658,1.378996,4.599744,-108.27486523744547,-118.77158441481743
37.64,35.26,4.165154,1.360878,4.548428,4.168611,1.366902,4.560964,-105.41703516261015,-119.85027201474512
37.65,35.27,4.153814,1.350706,4.508855,4.15626,1.356287,4.521609,-100.85653206060826,-113.66652753832395
37.66,35.28,4.141571,1.342661,4.468908,4.1433,1.348386,4.481765,-97.65914425199368,-106.8047747238176
37.67,35.29,4.129235,1.336034,4.428879,4.131035,1.341721,4.442003,-97.8095801344282,-107.56317003425919
37.68,35.3,4.116212,1.330827,4.388018,4.118692,1.336083,4.40103,-100.79077260707346,-115.25989283236862
37.69,35.31,4.104062,1.323698,4.345674,4.106251,1.329915,4.358454,-99.71949004003449,-109.39711953885849
37.7,35.32,4.09012,1.314893,4.303813,4.094479,1.321653,4.315583,-110.32202699941031,-122.81483281969435
37.71,35.33,4.076714,1.304706,4.262094,4.08083,1.310953,4.274001,-109.06919353734739,-123.37993880042927
37.72,35.34,4.063699,1.293217,4.221051,4.067651,1.300154,4.232498,-109.04689050337004,-119.67010939912329
37.73,35.35,4.052797,1.282486,4.181157,4.054013,1.289832,4.192589,-96.07161286703129,-99.39907068873362
37.74,35.36,4.039685,1.273404,4.139263,4.038556,1.280558,4.151389,-84.68076986676712,-81.03189739630642
37.75,35.37,4.022663,1.267136,4.096841,4.026994,1.271854,4.11002,-108.19201659150764,-132.55111472595084
37.76,35.38,4.008439,1.262273,4.055487,4.013661,1.266832,4.068554,-111.78326331574617,-138.87783268119765
37.77,35.39,3.994124,1.259691,4.013192,3.999439,1.262937,4.026716,-111.45507627690515,-148.58657084681434
37.78,35.4,3.979189,1.256068,3.969761,3.98591,1.259428,3.982667,-117.50894689939125,-153.43835888002553
37.79,35.41,3.963385,1.250426,3.925814,3.96818,1.255417,3.938069,-111.3688594307626,-133.85259845402368
37.8,35.42,3.947419,1.243529,3.882835,3.952691,1.248289,3.894979,-113.46681445212097,-137.92165155670486
37.81,35.43,3.931495,1.235305,3.840322,3.937488,1.239806,3.8514,-118.41259585176414,-143.09187969170682
37.82,35.44,3.915802,1.226539,3.79612,3.920107,1.231795,3.808239,-109.55642872874343,-129.31966840166726
37.83,35.45,3.900595,1.219098,3.752624,3.903481,1.224616,3.764979,-103.14794854688347,-117.61026835788238
37.84,35.46,3.885211,1.213423,3.709697,3.890316,1.217769,3.72227,-112.09856864792074,-139.5915104730933
37.85,35.47,3.869034,1.209251,3.666431,3.87343,1.213634,3.678322,-110.28891793451845,-135.0848438989898
37.86,35.48,3.852537,1.206866,3.623518,3.856815,1.210993,3.635724,-109.31471510027899,-136.02923641711175
37.87,35.49,3.835576,1.206547,3.579791,3.839776,1.210278,3.592468,-108.33048124854237,-138.3842470182541
37.88,35.5,3.818479,1.205966,3.535741,3.823051,1.209611,3.547783,-110.7903249881189,-141.4366028223663
37.89,35.51,3.800374,1.203171,3.490968,3.805517,1.207669,3.503513,-112.29186965704703,-138.82748565948438
37.9,35.52,3.781769,1.197764,3.446077,3.786721,1.20268,3.458185,-112.24386426573922,-135.20902299472215
37.91,35.53,3.76427,1.191398,3.401839,3.768506,1.197024,3.412821,-111.09272878224677,-126.97729049542453
37.92,35.54,3.746052,1.18602,3.357119,3.750186,1.191414,3.369066,-109.08706774656626,-127.46681247695331
37.93,35.55,3.728593,1.181624,3.313358,3.732404,1.18666,3.325281,-107.72566388609035,-127.1166651612254
37.94,35.56,3.711107,1.178669,3.269107,3.714404,1.184157,3.282387,-103.94281051256226,-120.9959874190799
37.95,35.57,3.69304,1.17765,3.225739,3.696959,1.181998,3.238758,-106.75292861228549,-132.02941074867718
37.96,35.58,3.67504,1.178933,3.183312,3.679248,1.1817,3.196763,-107.3717282787981,-146.6727987891188
37.97,35.59,3.65711,1.181739,3.139825,3.661524,1.183209,3.153183,-108.28555358462629,-161.5806291482877
37.98,35.6,3.639128,1.183603,3.093836,3.64331,1.186884,3.106944,-107.69485694598828,-141.88394156039686
37.99,35.61,3.619747,1.183836,3.04826,3.625391,1.188284,3.060867,-114.11747978920462,-141.7585834639363
38.0,35.62,3.600238,1.182041,3.003412,3.606002,1.18678,3.015593,-115.32332355946943,-140.57391118267518
38.01,35.63,3.581198,1.178921,2.95842,3.585156,1.186471,2.974589,-103.75491755764148,-117.6652546522653
38.02,35.64,3.562613,1.176738,2.914367,3.566987,1.18208,2.926152,-110.36239623009632,-129.31042683610787
38.03,35.65,3.543036,1.174625,2.869676,3.548096,1.178926,2.882311,-111.8248609262794,-139.63546342690498
38.04,35.66,3.524511,1.17426,2.82563,3.527971,1.178337,2.838565,-104.97551947006538,-130.32004213941713
38.05,35.67,3.505479,1.174914,2.781535,3.509596,1.179177,2.79479,-107.25478248100866,-134.00186902502372
38.06,35.68,3.487052,1.177039,2.737918,3.491527,1.180815,2.751198,-108.62242165110774,-139.84236436780301
38.07,35.69,3.468534,1.181317,2.694133,3.472467,1.184405,2.707659,-106.21302158638302,-141.86272364393633
38.08,35.7,3.449869,1.186145,2.64945,3.453985,1.189347,2.662724,-107.22761032811631,-142.11923454197995
38.09,35.71,3.430861,1.189661,2.604071,3.435695,1.193477,2.61754,-109.74297158228373,-141.71214268944203
38.1,35.72,3.412841,1.191863,2.558905,3.416681,1.194472,2.572127,-106.19462073795579,-145.80675031041795
38.11,35.73,3.394105,1.191982,2.514313,3.397542,1.194303,2.527202,-104.93114049787133,-145.96891300224016
38.12,35.74,3.375859,1.191301,2.469286,3.377696,1.19389,2.482302,-98.03332424111673,-125.35723906528233
38.13,35.75,3.357893,1.188042,2.425306,3.358718,1.193785,2.43712,-93.9946170081495,-98.17479266207572
38.14,35.76,3.333897,1.191267,2.380341,3.338852,1.194867,2.39366,-110.40645561650427,-144.00013794080266
38.15,35.77,3.314161,1.194369,2.337005,3.319302,1.197716,2.349979,-111.61614727244005,-146.93423669200325
38.16,35.78,3.294281,1.199129,2.294474,3.299619,1.202146,2.30737,-112.48597441391279,-150.52517206245696
38.17,35.79,3.273407,1.206033,2.252076,3.278978,1.208381,2.265518,-112.51142778895495,-157.14611832058637
38.18,35.8,3.25267,1.214175,2.209805,3.257501,1.215969,2.222829,-110.3513579620091,-159.6274359817659
38.19,35.81,3.232097,1.220947,2.166249,3.236635,1.223084,2.179324,-109.14058746191628,-154.78367724527203
38.2,35.82,3.208978,1.22512,2.122869,3.215039,1.227786,2.135589,-115.4775059810612,-156.25715856055405
38.21,35.83,3.187099,1.228008,2.079293,3.19258,1.231182,2.092148,-113.09199684229063,-149.9252365370199
38.22,35.84,3.165295,1.230293,2.036148,3.170361,1.233933,2.048859,-111.72987435836133,-144.3021652153166
38.23,35.85,3.143604,1.233137,1.993997,3.148121,1.23667,2.006312,-110.14245490155838,-141.9690359323155
38.24,35.86,3.121015,1.237801,1.952384,3.125961,1.240707,1.965087,-111.27379151903958,-149.5638266217961
38.25,35.87,3.097869,1.243671,1.911673,3.103743,1.246347,1.924645,-114.36203807506261,-155.50756045735395
38.26,35.88,3.07499,1.250856,1.872341,3.080917,1.252773,1.884893,-115.27647809732261,-162.07697060347456
38.27,35.89,3.051662,1.260065,1.833833,3.057645,1.261001,1.846148,-115.91188550163086,-171.1085323094009
38.28,35.9,3.027709,1.269919,1.794281,3.033345,1.270142,1.806839,-114.17042754145456,-177.7341558873127
38.29,35.91,3.001724,1.277437,1.753237,3.008406,1.279266,1.765672,-118.25154983971319,-164.69192973769097
38.3,35.92,2.976272,1.283301,1.712815,2.982845,1.286203,1.724818,-118.7056902421252,-156.1783920477347
38.31,35.93,2.951031,1.288001,1.672855,2.95683,1.291122,1.684645,-116.19061252850781,-151.71102936649905
38.32,35.94,2.925408,1.29244,1.633347,2.931563,1.29547,1.645136,-117.56892049759948,-153.7897747335759
38.33,35.95,2.900691,1.298001,1.594314,2.906403,1.299947,1.606456,-115.19385116546763,-161.1867279772185
38.34,35.96,2.874439,1.303706,1.556413,2.880308,1.30601,1.568297,-116.28279871762979,-158.56646104937886
38.35,35.97,2.84824,1.311376,1.51983,2.854785,1.313403,1.531687,-118.89846056349099,-162.79213902209452
38.36,35.98,2.821759,1.320989,1.484573,2.828913,1.322015,1.496165,-121.68080006586041,-171.83850515864484
38.37,35.99,2.794321,1.332313,1.450205,2.802796,1.332197,1.461503,-126.87476580331598,179.21582354873712
38.38,36.0,2.767616,1.343519,1.41455,2.775435,1.343164,1.425776,-124.85752411599519,177.40042934498908
38.39,36.01,2.737698,1.351146,1.377848,2.74538,1.353197,1.38892,-124.75377389587544,-165.05140810680405
38.4,36.02,2.709007,1.357948,1.34182,2.716506,1.360781,1.353048,-123.73832204314363,-159.30425210098625
38.41,36.03,2.680499,1.36421,1.305647,2.703634,1.374766,1.321211,-146.0694275955704,-155.47381189845785
38.42,36.04,2.652499,1.370767,1.270609,2.660401,1.37297,1.281687,-125.5004778310048,-164.42205190057263
38.43,36.05,2.623622,1.378221,1.236622,2.631493,1.380203,1.247835,-125.06705454432775,-165.8661692412633
38.44,36.06,2.595388,1.387305,1.203744,2.603862,1.388581,1.215571,-125.62145219236943,-171.43683550601963
38.45,36.07,2.566211,1.397094,1.172992,2.575183,1.397626,1.183783,-129.74127371874755,-176.60658648388477
38.46,36.08,2.536748,1.408868,1.142786,2.546084,1.408585,1.153639,-130.7028743336032,178.2637380067159
38.47,36.09,2.506742,1.421137,1.113057,2.516889,1.420296,1.123077,-135.36081062182936,175.26206091244472
38.48,36.1,2.475744,1.432219,1.081926,2.485555,1.432484,1.092081,-134.0129320729966,-178.4527886296041
38.49,36.11,2.443732,1.441286,1.050948,2.453784,1.442688,1.060822,-135.51181258076116,-172.0599088702841
38.5,36.12,2.412475,1.448826,1.020054,2.422223,1.450384,1.030364,-133.39506402487757,-170.9193513889455
38.51,36.13,2.38115,1.456043,0.989615,2.390662,1.457696,1.000435,-131.31911524018693,-170.14156513349707
38.52,36.14,2.349942,1.46421,0.960184,2.359514,1.465315,0.970788,-132.07187953817913,-173.41487460627383
38.53,36.15,2.319428,1.473945,0.932419,2.329098,1.474489,0.942888,-132.72802369122314,-176.78013595214503
38.54,36.16,2.288639,1.485295,0.906105,2.29926,1.485355,0.915814,-137.5685558934023,-179.67632895193137
38.55,36.17,2.257688,1.497949,0.8809,2.268584,1.497237,0.890303,-139.20655427883685,176.26131797988174
38.56,36.18,2.226238,1.510603,0.854873,2.236496,1.510418,0.864523,-136.74929723191812,178.96679954709643
38.57,36.19,2.193772,1.522469,0.828132,2.204278,1.523071,0.837946,-136.95046075527097,-176.72050413679688
38.58,36.2,2.161341,1.532724,0.801472,2.171772,1.533762,0.811289,-136.73690396588862,-174.31714430912314
38.59,36.21,2.128918,1.54206,0.775816,2.139805,1.542847,0.785193,-139.2615981584231,-175.86539170351415
38.6,36.22,2.09678,1.55082,0.750227,2.107682,1.551457,0.759592,-139.33687104592244,-176.65602989525755
38.61,36.23,2.065077,1.560677,0.726078,2.076371,1.560899,0.735175,-141.14953148485412,-178.87391311848575
38.62,36.24,2.033744,1.572338,0.703865,2.045409,1.57131,0.712315,-144.0808338129959,174.96371294257176
38.63,36.25,2.002356,1.584601,0.68196,2.013904,1.583352,0.690339,-144.0361048564469,173.82704144601772
38.64,36.26,1.97051,1.597918,0.660681,1.981766,1.596783,0.669338,-142.43608220542217,174.24203624772392
38.65,36.27,1.938258,1.611159,0.638609,1.949944,1.610881,0.647764,-141.92428103652688,178.63723917469338
38.66,36.28,1.905399,1.623133,0.616874,1.917367,1.62396,0.625472,-144.30593729028425,-176.04709165783916
38.67,36.29,1.872905,1.633917,0.595172,1.885165,1.634978,0.603816,-144.81397818740922,-175.05385504321154
38.68,36.3,1.840773,1.643884,0.574491,1.852735,1.644569,0.582279,-146.9333899796627,-176.7225553947364
38.69,36.31,1.808927,1.653723,0.555107,1.820873,1.654393,0.561806,-150.7174475946446,-176.78988810535682
38.7,36.32,1.777291,1.664934,0.53571,1.789072,1.66585,0.542588,-149.72270250335376,-175.55406540128791
38.71,36.33,1.745576,1.678264,0.518062,1.757941,1.678069,0.525199,-150.0067288707775,179.09650214983978
38.72,36.34,1.713917,1.692244,0.502179,1.726781,1.691465,0.508859,-152.55811322588616,176.53459471688177
38.73,36.35,1.682084,1.705394,0.486444,1.694711,1.705271,0.493209,-151.81952114687326,179.44189768040079
38.74,36.36,1.648947,1.717307,0.470225,1.661919,1.717862,0.47691,-152.73610456174208,-177.5501251910952
38.75,36.37,1.617114,1.727096,0.454188,1.626243,1.729275,0.460881,-143.75269299851612,-166.57526340508565
38.76,36.38,1.58484,1.737551,0.439763,1.596703,1.739186,0.445263,-155.12631589225518,-172.15273388396452
38.77,36.39,1.552473,1.748793,0.425522,1.564776,1.749808,0.43132,-154.76703727238987,-175.28376720172503
38.78,36.4,1.52085,1.761093,0.412486,1.533367,1.761653,0.418693,-153.62384943132935,-177.43834347293878
38.79,36.41,1.491427,1.773804,0.401064,1.502789,1.774644,0.407325,-151.14315463250858,-175.77177826493514
38.8,36.42,1.458782,1.787591,0.391569,1.471718,1.787972,0.396786,-158.0361178943615,-178.31297285539665
38.81,36.43,1.426876,1.798997,0.38107,1.439988,1.800385,0.386322,-158.1714732451841,-173.95733132022966
38.82,36.44,1.394927,1.8095,0.370968,1.407768,1.81151,0.375496,-160.5763043829422,-171.10368857093718
38.83,36.45,1.363457,1.819791,0.362015,1.376735,1.821607,0.365402,-165.68995093008897,-172.21211314965893
38.84,36.46,1.331848,1.830788,0.353673,1.345176,1.831753,0.357199,-165.18155514095176,-175.85878503601563
38.85,36.47,1.300974,1.842239,0.346653,1.314613,1.84279,0.350285,-165.08845603371358,-177.6865740499288
38.86,36.48,1.271853,1.854358,0.341618,1.284996,1.8551,0.344805,-166.36963637810155,-176.7687447854973
38.87,36.49,1.241942,1.86569,0.338182,1.254979,1.867127,0.341081,-167.46328178703095,-173.7099788320681
38.88,36.5,1.211243,1.875276,0.335402,1.224728,1.877942,0.337723,-170.234098568907,-168.81677182963892
38.89,36.51,1.180507,1.88409,0.33264,1.194089,1.887185,0.334221,-173.36041937229714,-167.1629183817031
38.9,36.52,1.1509,1.893212,0.331207,1.164569,1.895613,0.331025,179.23716323739635,-170.0374596241483
38.91,36.53,1.12109,1.902595,0.330026,1.134439,1.904432,0.328751,174.5440719901007,-172.16455218466825
38.92,36.54,1.091976,1.912504,0.328772,1.105769,1.913735,0.328247,177.82021530261298,-174.89996890711913
38.93,36.55,1.06444,1.922239,0.327471,1.077592,1.923358,0.327995,-177.71843691570635,-175.13686591734034
38.94,36.56,1.03551,1.931145,0.327618,1.049603,1.933055,0.33304,-158.9567680869469,-172.28182806461496
38.95,36.57,1.007052,1.937711,0.328822,1.021461,1.941033,0.335971,-153.611772337112,-167.01729060469734
38.96,36.58,0.979484,1.944559,0.340306,0.993417,1.947683,0.338403,172.22253934078023,-167.3623850618676
38.97,36.59,0.952399,1.950522,0.34466,0.965295,1.953766,0.340092,160.494919715403,-165.88015583337693
38.98,36.6,0.925839,1.956919,0.350415,0.938052,1.959719,0.344893,155.67031610215605,-167.08729840751442
38.99,36.61,0.898984,1.964001,0.356324,0.911951,1.966398,0.351739,160.5269208943235,-169.52687819431685
39.0,36.62,0.873337,1.970932,0.363885,0.886165,1.973537,0.359316,160.39542318024886,-168.52095769321622
39.01,36.63,0.847529,1.977214,0.371632,0.860677,1.980167,0.368229,165.4889885487819,-167.34160161336754
39.02,36.64,0.82244,1.98064,0.382237,0.834839,1.985086,0.377516,159.15534277923493,-160.27331855843806
39.03,36.65,0.796731,1.983337,0.391404,0.809138,1.988148,0.387085,160.80648503623644,-158.80545195673008
39.04,36.66,0.772242,1.985879,0.401938,0.784147,1.990889,0.396023,153.5795131406559,-157.1771045825446
39.05,36.67,0.748541,1.988859,0.412098,0.759365,1.993422,0.404911,146.41633914880268,-157.1415025099253
39.06,36.68,0.725397,1.991601,0.424445,0.736198,1.996111,0.416955,145.26045956906694,-157.33683243113794
39.07,36.69,0.701783,1.994974,0.436316,0.713515,1.998854,0.430427,153.3451588968494,-161.6999473275431
39.08,36.7,0.679416,1.997581,0.451095,0.690676,2.002104,0.44425,148.70441114136435,-158.11529398105176
39.09,36.71,0.657058,1.998484,0.465351,0.667676,2.003931,0.458989,149.07117216979785,-152.84232163679087
39.1,36.72,0.635266,1.997428,0.480064,0.645128,2.003225,0.473339,145.7095176893087,-149.5524850782847
39.11,36.73,0.613456,1.995812,0.495095,0.62302,2.00195,0.487963,143.28762404941577,-147.3083957956723
39.12,36.74,0.593655,1.994394,0.510092,0.601662,2.000777,0.501976,134.61265615432384,-141.43893679562888
39.13,36.75,0.574407,1.993171,0.527091,0.582395,1.999287,0.517823,130.75773463150065,-142.56058056012685
39.14,36.76,0.556437,1.992843,0.544951,0.563829,1.998123,0.535374,127.66272726307594,-144.46232220802497
39.15,36.77,0.537329,1.991903,0.563732,0.545655,1.997911,0.554783,132.93459868330035,-144.185971889865
39.16,36.78,0.519177,1.989795,0.583118,0.527001,1.996437,0.574292,131.55608321610612,-139.67119432555066
39.17,36.79,0.50108,1.985749,0.602584,0.508885,1.992773,0.593531,130.76610904786241,-138.01481544365586
39.18,36.8,0.482875,1.980524,0.621725,0.490637,1.987905,0.612361,129.6559898446381,-136.4412657624447
39.19,36.81,0.466553,1.97566,0.641428,0.472711,1.982955,0.631351,121.42887564784002,-130.1690440021504
39.2,36.82,0.451376,1.970727,0.661245,0.456721,1.977896,0.650771,117.03573196579323,-126.70715146641142
39.21,36.83,0.436657,1.966365,0.683119,0.442719,1.97314,0.672501,119.72279393603908,-131.8209114802743
39.22,36.84,0.422226,1.962805,0.705914,0.42854,1.969589,0.695619,121.52109880800286,-132.94491775603734
39.23,36.85,0.408282,1.957701,0.729477,0.414701,1.965386,0.719466,122.66777693291533,-129.87077564664415
39.24,36.86,0.394093,1.950979,0.752439,0.400312,1.95919,0.742812,122.86228368790557,-127.14023746646875
39.25,36.87,0.380508,1.943053,0.77563,0.386135,1.951411,0.765757,119.6804682079146,-123.95030036599132
39.26,36.88,0.368541,1.934994,0.798576,0.372731,1.943585,0.788318,112.2181336330554,-115.99940375465427
39.27,36.89,0.3573,1.927281,0.822653,0.360869,1.935657,0.812042,108.59031804926961,-113.0787751727974
39.28,36.9,0.346523,1.92085,0.847805,0.351085,1.928385,0.836855,112.61763568484777,-121.19244313139676
39.29,36.91,0.337378,1.915025,0.874249,0.341849,1.922632,0.863111,111.87144235439476,-120.4448033536772
39.3,36.92,0.328552,1.907831,0.90061,0.33299,1.916244,0.890141,112.972973461909,-117.81240608616
39.31,36.93,0.319897,1.899113,0.927403,0.3239,1.907653,0.917131,111.29087036999138,-115.1141473196015
39.32,36.94,0.311622,1.889318,0.954566,0.314995,1.897832,0.944163,107.96442555688759,-111.61203528624921
39.33,36.95,0.304669,1.879538,0.981078,0.305258,1.887737,0.969994,93.04181725479656,-94.10895720457388
39.34,36.96,0.298125,1.869816,1.00844,0.298523,1.87752,0.99712,92.01363347089342,-92.95735535576189
39.35,36.97,0.292625,1.860683,1.036785,0.29404,1.868442,1.025465,97.1250163489018,-100.33538550166637
39.36,36.98,0.288483,1.852723,1.066023,0.289076,1.860542,1.054587,92.96834506741513,-94.33706085856969
39.37,36.99,0.285712,1.844432,1.095729,0.28662,1.852423,1.084493,94.62012817743242,-96.48259105851737
39.38,37.0,0.28259,1.83372,1.125107,0.284314,1.842545,1.114763,99.46232220802553,-101.05375335278089
39.39,37.01,0.28004,1.821512,1.155057,0.2813,1.830506,1.144696,96.93368614262339,-97.97485863372813
39.4,37.02,0.278176,1.809225,1.184376,0.278613,1.817987,1.173711,92.34639071516752,-92.85523008569683
39.41,37.03,0.277139,1.797091,1.214225,0.275218,1.80562,1.203552,79.79675425442653,-77.30698886377817
39.42,37.04,0.276401,1.786089,1.244847,0.275208,1.794327,1.233852,83.807412583806,-81.75989891785794
39.43,37.05,0.277447,1.776646,1.276087,0.275799,1.784378,1.264906,81.61537887043484,-77.96800949498574
39.44,37.06,0.279505,1.767063,1.307619,0.278,1.775195,1.296745,82.12012175171238,-79.51483062248155
39.45,37.07,0.282182,1.755957,1.339799,0.280745,1.764449,1.32907,82.37142876442232,-80.39550221983654
39.46,37.08,0.284904,1.74366,1.371828,0.281854,1.752201,1.361371,73.73958489142242,-70.34830077801008
39.47,37.09,0.288369,1.730455,1.403398,0.285095,1.738793,1.39285,72.7561487066883,-68.56204408477234
39.48,37.1,0.291403,1.716769,1.43571,0.288355,1.725002,1.425288,73.6980049904623,-69.68456997409058
39.49,37.11,0.295076,1.703962,1.468615,0.293052,1.711901,1.45774,79.45702668782712,-75.69746367791905
39.5,37.12,0.299882,1.69263,1.501421,0.294957,1.699364,1.490042,66.59632316907705,-53.81963491695757
39.51,37.13,0.306784,1.682285,1.534663,0.297411,1.688064,1.521424,54.702117388327835,-31.656248353741738
39.52,37.14,0.315095,1.671929,1.567162,0.311571,1.679207,1.556085,72.35222430025627,-64.16378281023064
39.53,37.15,0.323882,1.659428,1.60111,0.318954,1.666801,1.59007,65.94512339329754,-56.24184057108134
39.54,37.16,0.331803,1.644751,1.635671,0.329153,1.653593,1.625222,75.7691016830364,-73.31621379476196
39.55,37.17,0.339908,1.630029,1.67013,0.338439,1.638448,1.659434,82.17986117906702,-80.10231628262137
39.56,37.18,0.349083,1.616202,1.704143,0.347095,1.624644,1.693491,79.42841709157503,-76.74888838893341
39.57,37.19,0.359571,1.603927,1.738152,0.356373,1.611455,1.726765,74.3127843671963,-66.98353384235278
39.58,37.2,0.370696,1.592925,1.772009,0.367146,1.599544,1.760651,72.64310307809963,-61.79379249168862
39.59,37.21,0.382687,1.582352,1.808226,0.380457,1.589357,1.796153,79.53486618550754,-72.34143602943644
39.6,37.22,0.395597,1.573164,1.844399,0.393452,1.580353,1.832898,79.43539890798681,-73.38634275888194
39.61,37.23,0.409577,1.563088,1.880388,0.406147,1.570587,1.869334,72.7611491342537,-65.42091255847824
39.62,37.24,0.423952,1.55033,1.916138,0.420065,1.55812,1.90524,70.3701592442773,-63.482040427472526
39.63,37.25,0.438153,1.53564,1.952569,0.435119,1.544082,1.941268,74.97206536835527,-70.23189215590766
39.64,37.26,0.451948,1.520714,1.987793,0.449704,1.529473,1.977458,77.74972716206328,-75.63025213997986
39.65,37.27,0.46662,1.507655,2.023687,0.463339,1.515583,2.012616,73.4922907185339,-67.51779958214148
39.66,37.28,0.480975,1.495405,2.059789,0.478461,1.502624,2.048312,77.64468550308644,-70.79944630713291
39.67,37.29,0.496829,1.484191,2.096648,0.494306,1.491617,2.084971,77.80776646474979,-71.2346933013767
39.68,37.3,0.512189,1.474001,2.133853,0.509467,1.481438,2.122257,76.78977782137216,-69.89698016026769
39.69,37.31,0.528318,1.463892,2.17174,0.52592,1.471564,2.1603,78.16132857192612,-72.64257355706044
39.7,37.32,0.545083,1.453002,2.209578,0.542009,1.46105,2.198445,74.56431654180244,-69.09523059671409
39.71,37.33,0.562952,1.439738,2.24684,0.558756,1.44831,2.236615,67.68838400976159,-63.918219476045806
39.72,37.34,0.5808,1.424782,2.284046,0.576757,1.433977,2.274215,67.64507851375309,-66.26512454747213
39.73,37.35,0.598442,1.409135,2.320765,0.595016,1.418293,2.311299,70.10344733531264,-69.48921968502881
39.74,37.36,0.616411,1.393687,2.358056,0.61268,1.402632,2.347985,69.67186041817436,-67.35876196959777
39.75,37.37,0.633575,1.379129,2.395604,0.630332,1.387853,2.385267,72.58193026417284,-69.60823090788618
39.76,37.38,0.650909,1.36652,2.433719,0.647995,1.375002,2.423116,74.63291760312264,-71.03978723715488
39.77,37.39,0.668423,1.356232,2.472532,0.66535,1.363965,2.461451,74.50015975462681,-68.32772987522293
39.78,37.4,0.685531,1.347945,2.512485,0.682431,1.354146,2.500707,75.2540426758755,-63.43864484791502
39.79,37.41,0.702425,1.339435,2.553621,0.698723,1.344985,2.541411,73.13300588865579,-56.29564068596306
39.8,37.42,0.720576,1.328168,2.595277,0.715858,1.334741,2.583982,67.32936710878678,-54.329786697780584
39.81,37.43,0.739288,1.314803,2.636704,0.73406,1.321803,2.626015,63.93669938155284,-53.245522686014176
39.82,37.44,0.757063,1.298985,2.677627,0.752851,1.307697,2.66765,67.11193949756301,-64.1975763884037
39.83,37.45,0.775957,1.284916,2.718907,0.771858,1.293165,2.70873,68.06185592714084,-63.57681796810861
39.84,37.46,0.793646,1.272831,2.76048,0.789966,1.280757,2.749688,71.17096616358442,-65.09480641372822
39.85,37.47,0.810513,1.263083,2.802379,0.8076,1.270308,2.790903,75.7571888711536,-68.041526364062
39.86,37.48,0.826969,1.255733,2.844959,0.823899,1.261467,2.832674,75.9692435823839,-61.83527611069598
39.87,37.49,0.842843,1.249575,2.889149,0.839875,1.25452,2.87618,77.10964468467046,-59.02772466286389
39.88,37.5,0.85876,1.242569,2.934648,0.85549,1.248205,2.922312,75.15360678114044,-59.87774770920099
39.89,37.51,0.876049,1.233439,2.980203,0.871404,1.240214,2.96874,67.9413827515368,-55.5651196239005
39.9,37.52,0.893444,1.22246,3.024697,0.888656,1.229748,3.013964,65.95831104198145,-56.69627220576279
39.91,37.53,0.911555,1.210346,3.069712,0.906765,1.217905,3.058959,65.98907967861285,-57.63831278953739
39.92,37.54,0.928655,1.198784,3.114408,0.924224,1.20645,3.103772,67.38319517223474,-59.97179640853829
39.93,37.55,0.944472,1.189433,3.15995,0.940949,1.196434,3.148347,73.11022160493017,-63.287827315846485
39.94,37.56,0.959836,1.182437,3.204845,0.958683,1.188389,3.19303,84.4262790794525,-79.03665893028646
39.95,37.57,0.975101,1.176714,3.250316,0.970758,1.181571,3.238297,70.13295499291341,-48.197765877460036
39.96,37.58,0.991055,1.172575,3.297014,0.986629,1.177279,3.284468,70.56808755647651,-46.74406427656329
39.97,37.59,1.006659,1.169194,3.344263,1.001954,1.174262,3.332215,68.6682984417626,-47.12716784023118
39.98,37.6,1.022264,1.164927,3.393028,1.017017,1.170279,3.380869,66.65824702983721,-45.56758751334456
39.99,37.61,1.0384,1.158799,3.441136,1.032475,1.164562,3.429692,62.62765534134169,-44.20591016708528
40.0,37.62,1.054329,1.150924,3.489179,1.049017,1.157129,3.477586,65.38239175292502,-49.43370350297405
40.01,37.63,1.069683,1.142344,3.536926,1.064619,1.148929,3.525578,65.95137173490681,-52.438977599601465
40.02,37.64,1.085368,1.135451,3.584242,1.08236,1.140718,3.572061,76.12878103413207,-60.26917872923897
40.03,37.65,1.100489,1.12947,3.631094,1.097323,1.13385,3.618482,75.90818560656045,-54.139428353160916
40.04,37.66,1.116057,1.124878,3.679034,1.111479,1.129189,3.666279,70.25602034224667,-43.27951683413412
40.05,37.67,1.131187,1.121229,3.726743,1.127378,1.125896,3.71377,73.63724389725628,-50.780190163109715
40.06,37.68,1.146614,1.120105,3.774447,1.143105,1.124442,3.761638,74.67980086268372,-51.02421083460444
40.07,37.69,1.16176,1.120458,3.823359,1.158413,1.124536,3.81057,75.3340886194506,-50.62271741594967
40.08,37.7,1.176795,1.119167,3.873241,1.172362,1.123722,3.860829,70.3455910912118,-45.7776653153226
40.09,37.71,1.193511,1.115861,3.922442,1.187974,1.120932,3.910397,65.31209787592255,-42.484664564927215
40.1,37.72,1.210013,1.110888,3.971533,1.204487,1.116316,3.959647,65.06549628134754,-44.487416780009696
40.11,37.73,1.226111,1.105177,4.020423,1.221299,1.111246,4.00828,68.38268186569098,-51.589739265094416
40.12,37.74,1.242269,1.100106,4.068963,1.23708,1.106112,4.056843,66.82252299184489,-49.1739895409972
40.13,37.75,1.258127,1.096193,4.11714,1.2537,1.101811,4.105363,69.39864988592151,-51.76178939670391
40.14,37.76,1.273841,1.094014,4.166121,1.269494,1.099486,4.153447,71.068767922694,-51.536093688004854
40.15,37.77,1.290194,1.093477,4.213654,1.285988,1.09852,4.200872,71.78587420102063,-50.17096900868213
40.16,37.78,1.307006,1.094986,4.261022,1.303327,1.099273,4.247807,74.4430227177027,-49.36460269279907
40.17,37.79,1.323543,1.09814,4.308752,1.319461,1.101735,4.295464,72.92333219652696,-41.370234987923894
40.18,37.8,1.339746,1.099787,4.357832,1.335358,1.103335,4.344715,71.50348368352215,-38.95792375681547
40.19,37.81,1.356395,1.09969,4.406672,1.352007,1.103282,4.393546,71.51530390580906,-39.30362488283306
40.2,37.82,1.373498,1.097849,4.454954,1.368702,1.100899,4.441869,69.87077320637458,-32.4541827759338
40.21,37.83,1.391074,1.095037,4.503087,1.385662,1.09766,4.490166,67.27347954973982,-25.857784403723837
40.22,37.84,1.407615,1.091162,4.551947,1.402748,1.095177,4.538677,69.85862207348391,-39.52070492113189
40.23,37.85,1.42492,1.088284,4.599643,1.419866,1.092254,4.58719,67.9104238231522,-38.15021645934667
40.24,37.86,1.442321,1.086922,4.64746,1.437319,1.090945,4.634488,68.91337307716992,-38.808964853738075
40.25,37.87,1.459512,1.087032,4.6941,1.454676,1.091267,4.68141,69.13878312442212,-41.20940257394049
40.26,37.88,1.476855,1.089221,4.740623,1.472216,1.092944,4.72762,70.36543859262613,-38.74856421510716
40.27,37.89,1.494785,1.093673,4.786805,1.489229,1.096704,4.7743,66.04431327570074,-28.614072171288534
40.28,37.9,1.51251,1.098182,4.834225,1.507277,1.101241,4.821696,67.33112075501772,-30.308827926902044
40.29,37.91,1.529262,1.100167,4.882422,1.524827,1.103844,4.869761,70.69524007419145,-39.661679338217
40.3,37.92,1.548473,1.100643,4.930422,1.543473,1.105101,4.917926,68.19226647620124,-41.72019608271175
40.31,37.93,1.566374,1.100183,4.978073,1.561541,1.104775,4.965773,68.54880485326963,-43.53524938203603
40.32,37.94,1.584244,1.099841,5.024961,1.579033,1.104587,5.013038,66.39205350449272,-42.326183192006454
40.33,37.95,1.602198,1.100762,5.071533,1.596357,1.104963,5.059279,64.51469794454515,-35.72467621450248
40.34,37.96,1.620355,1.103403,5.117166,1.614882,1.107181,5.104992,65.79300146964982,-34.61723423974552
40.35,37.97,1.638869,1.107282,5.162266,1.633367,1.110561,5.149993,65.8532516517893,-30.79346674174255
40.36,37.98,1.657926,1.113221,5.20675,1.651799,1.115787,5.194208,63.96363153675169,-22.724034152387798
40.37,37.99,1.676788,1.121276,5.25116,1.670591,1.122808,5.238624,63.69514085856004,-13.886038311027686
40.38,38.0,1.696206,1.12843,5.296455,1.689874,1.12981,5.284053,62.95283358844784,-12.294823433802444
40.39,38.01,1.715539,1.133448,5.341739,1.708998,1.134993,5.329795,61.2931688096076,-13.289821501550112
40.4,38.02,1.73642,1.136209,5.387925,1.729261,1.138742,5.375938,59.15307005636827,-19.484816437948165
40.41,38.03,1.756739,1.13855,5.43308,1.750044,1.141662,5.421549,59.860172795887024,-24.930159185918306
40.42,38.04,1.77685,1.141496,5.477747,1.770584,1.144516,5.466183,61.54877212686354,-25.732493641672626
40.43,38.05,1.796926,1.146308,5.521542,1.790082,1.149032,5.510043,59.23964567809187,-21.70319154769659
40.44,38.06,1.81703,1.15281,5.564378,1.810279,1.154695,5.552507,60.37324772568794,-15.600684432869759
40.45,38.07,1.837603,1.160476,5.605535,1.830473,1.161354,5.59396,58.36764837017366,-7.020155237546702
40.46,38.08,1.85868,1.170036,5.646605,1.851134,1.17,5.63507,56.807973670498306,0.2733411627485659
40.47,38.09,1.881,1.179556,5.688302,1.872871,1.181221,5.677502,53.03176533820009,-11.575351818254088
40.48,38.1,1.904334,1.188357,5.731574,1.896752,1.190305,5.720283,56.118312415559174,-14.409026462003103
40.49,38.11,1.927529,1.195364,5.773699,1.920199,1.198067,5.76243,56.95772889822989,-20.241882533353063
40.5,38.12,1.950273,1.20131,5.815887,1.943105,1.204156,5.804178,58.52592090911878,-21.655176715446807
40.51,38.13,1.972712,1.207621,5.857384,1.964849,1.210068,5.846009,55.34572672090157,-17.286370298697744
40.52,38.14,1.994899,1.215009,5.897491,1.986545,1.217055,5.886448,52.89259196142276,-13.761577405549343
40.53,38.15,2.017798,1.224266,5.935534,2.008609,1.225033,5.924845,49.315378603118724,-4.771381922972185
40.54,38.16,2.040476,1.234874,5.972739,2.030899,1.234649,5.962164,47.835178111735345,1.3458472706152522
40.55,38.17,2.064654,1.24661,6.009619,2.05564,1.246221,5.999043,49.55880897731995,2.4710713919199714
40.56,38.18,2.090897,1.258563,6.047207,2.081586,1.259327,6.036169,49.85101293958597,-4.690809838417108
40.57,38.19,2.116251,1.269407,6.084832,2.107533,1.270957,6.07356,52.28088542377455,-10.081447422142153
40.58,38.2,2.141879,1.278989,6.121684,2.133404,1.280729,6.110724,52.28642270117703,-11.602155949234236
40.59,38.21,2.167527,1.287976,6.158049,2.158141,1.28952,6.1474,48.60713443869941,-9.341512067315518
40.6,38.22,2.19267,1.297922,6.192856,2.181594,1.298084,6.18276,42.34981039407799,-0.8379608598888113
40.61,38.23,2.217431,1.309265,6.226117,2.205891,1.308558,6.216929,38.526353708949806,3.505853433088638
40.62,38.24,2.243371,1.321327,6.259309,2.232513,1.320368,6.249625,41.729035484416606,5.047379089242994
40.63,38.25,2.270325,1.334359,6.291325,2.259579,1.333643,6.281423,42.65930198468649,3.8119515363471588
40.64,38.26,2.297851,1.347481,6.322335,2.287321,1.34715,6.312484,43.09187720971961,1.8004425770490744
40.65,38.27,2.325886,1.35968,6.353986,2.3154,1.360129,6.3439,43.88608670750612,-2.451850067484684
40.66,38.28,2.354094,1.370486,6.385533,2.34343,1.371723,6.375749,42.53573979032678,-6.616610662220004
40.67,38.29,2.381862,1.380989,6.414978,2.369777,1.381827,6.406845,33.93988474886878,-3.966663542219865
40.68,38.3,2.4094,1.391442,6.444399,2.397462,1.391925,6.436714,32.77111235724018,-2.316868506052522
40.69,38.31,2.437131,1.403265,6.473381,2.425515,1.403211,6.465315,34.775612842602634,0.2663524282093614
40.7,38.32,2.46521,1.416313,6.500538,2.453609,1.415681,6.492157,35.84576669046256,3.118280607180847
40.71,38.33,2.493499,1.430313,6.525387,2.481432,1.4295,6.517172,34.24634088954878,3.854411096739815
40.72,38.34,2.52305,1.443998,6.549455,2.51109,1.443584,6.541338,34.163911751573174,1.982523861083939
40.73,38.35,2.551867,1.455397,6.574535,2.541272,1.457137,6.566304,37.84277228876525,-9.32634258544511
40.74,38.36,2.5814,1.467067,6.598766,2.571061,1.468824,6.591062,36.691259959460766,-9.644652066149014
40.75,38.37,2.61015,1.478745,6.621806,2.598099,1.479748,6.615693,26.8968946091595,-4.757739574257419
40.76,38.38,2.641932,1.492066,6.644157,2.626851,1.49132,6.639141,18.39732848721443,2.831897101422025
40.77,38.39,2.669925,1.504294,6.66646,2.656445,1.503653,6.660457,24.004672714567103,2.7224740561787772
40.78,38.4,2.700375,1.518055,6.685841,2.686586,1.516733,6.679756,23.811569767763487,5.47640989898829
40.79,38.41,2.730571,1.531379,6.703861,2.716591,1.530299,6.697656,23.93396279887079,4.417509351535056
40.8,38.42,2.761228,1.543385,6.722094,2.747384,1.543978,6.716074,23.501592298429884,-2.4527333323900185
40.81,38.43,2.793144,1.554872,6.740953,2.77915,1.555879,6.734919,23.324970797706094,-4.115876122536972
40.82,38.44,2.821416,1.564077,6.758125,2.810157,1.566517,6.752935,24.74802701770377,-12.227796035917708
40.83,38.45,2.852282,1.57547,6.773745,2.840324,1.577209,6.769677,18.787825082201056,-8.274271897104583
40.84,38.46,2.882463,1.587137,6.788961,2.869929,1.588248,6.784327,20.29007796762133,-5.065396647636396
40.85,38.47,2.909982,1.598985,6.803139,2.89906,1.600201,6.797711,26.426391963766523,-6.352858377024122
40.86,38.48,2.942297,1.612149,6.814517,2.929945,1.613716,6.809324,22.802748742199736,-7.230038231327263
40.87,38.49,2.975394,1.623984,6.82478,2.96119,1.625794,6.820601,16.394563157089774,-7.261999466099478
40.88,38.5,3.006786,1.634205,6.835311,2.992419,1.636382,6.831985,13.034512905870198,-8.616357003777544
40.89,38.51,3.035975,1.644223,6.845868,3.0228,1.646161,6.842711,13.475171631115014,-8.36801449622751
40.9,38.52,3.064535,1.654651,6.854572,3.050462,1.655363,6.853355,4.942508311263561,-2.8963150189378126
40.91,38.53,3.094215,1.665321,6.862416,3.079582,1.665679,6.861555,3.3673787840985776,-1.4014759845317215
40.92,38.54,3.123658,1.676486,6.868513,3.109438,1.676851,6.867179,5.3593198904384085,-1.4703494024411712
40.93,38.55,3.154216,1.687286,6.873541,3.140461,1.688498,6.871224,9.561588783879863,-5.0355216869515145
40.94,38.56,3.185159,1.696504,6.87817,3.173022,1.699118,6.875097,14.2082823500654,-12.154386438977193
40.95,38.57,3.216178,1.704467,6.882103,3.202031,1.707152,6.880698,5.671694171558523,-10.746513522605508
40.96,38.58,3.246012,1.712189,6.88547,3.231582,1.714822,6.885586,-0.46057985184760847,-10.340831886178343
40.97,38.59,3.274824,1.720068,6.886776,3.259591,1.723699,6.888812,-7.612874190420874,-13.407073899540865
40.98,38.6,3.303438,1.728883,6.88754,3.290801,1.73155,6.891561,-17.65068564786642,-11.917217848561187
40.99,38.61,3.331721,1.73854,6.88709,3.319334,1.740798,6.891085,-17.875317884622735,-10.33089499821603
41.0,38.62,3.367253,1.746451,6.889798,3.346712,1.750051,6.888166,4.542656259641248,-9.940656730471032
41.01,38.63,3.398705,1.752631,6.888723,3.37343,1.758111,6.884177,10.196288400947035,-12.23324210983944
41.02,38.64,3.428761,1.758052,6.886576,3.398521,1.764515,6.880064,12.152713121923837,-12.063957698107632
41.03,38.65,3.460379,1.763146,6.885144,3.420825,1.770092,6.874615,14.906079667563988,-9.960044342730212
41.04,38.66,3.494941,1.767834,6.884535,3.444582,1.774629,6.87002,16.078595212330754,-7.684576004995713
41.05,38.67,3.524741,1.773126,6.880984,3.466996,1.780889,6.863695,16.667833924162714,-7.656702329664614
41.06,38.68,3.551889,1.779924,6.874485,3.493733,1.787366,6.857213,16.541118936673207,-7.292288664986018
41.07,38.69,3.576648,1.786899,6.865423,3.522435,1.793674,6.849934,15.944977142530231,-7.123325359925125
41.08,38.7,3.603669,1.79333,6.856594,3.554203,1.798355,6.843292,15.051455997410507,-5.800489480752025
41.09,38.71,3.631,1.797172,6.848189,3.582531,1.803521,6.835213,14.987614083813536,-7.462738289153311
41.1,38.72,3.658929,1.799374,6.840516,3.609147,1.805609,6.827101,15.081530216441921,-7.1388979588323345
41.11,38.73,3.689132,1.801591,6.833141,3.632368,1.808532,6.817551,15.35738766902111,-6.971417058086264
41.12,38.74,3.716526,1.803377,6.823868,3.653773,1.811849,6.806608,15.378734084328512,-7.688757129192914
41.13,38.75,3.740939,1.805154,6.812398,3.676787,1.814184,6.794918,15.241817163162388,-8.012282543754692
41.14,38.76,3.764894,1.809344,6.798172,3.703622,1.815458,6.782285,14.53591542190509,-5.698371697208647
41.15,38.77,3.788448,1.813051,6.783579,3.729733,1.817748,6.768661,14.255765574322167,-4.573727335234726
41.16,38.78,3.815261,1.81672,6.769931,3.754641,1.818404,6.755106,13.742313052701604,-1.5912452083275248
41.17,38.79,3.841748,1.815979,6.756954,3.779821,1.818218,6.741904,13.659667354488985,-2.070654079670974
41.18,38.8,3.868111,1.815348,6.74352,3.801698,1.818144,6.727695,13.402605585705963,-2.4107396606304987
41.19,38.81,3.8925,1.815446,6.729079,3.821826,1.818718,6.712269,13.37934482194956,-2.650734626270143
41.2,38.82,3.914586,1.815038,6.712178,3.843711,1.820071,6.69572,13.073057298576613,-4.06188915643561
41.21,38.83,3.935502,1.815542,6.693097,3.868092,1.821944,6.67775,12.825718622689843,-5.425169897233092
41.22,38.84,3.955923,1.815417,6.673237,3.890727,1.822145,6.659123,12.215217177723584,-5.891868651996926
41.23,38.85,3.977426,1.81442,6.653406,3.913052,1.820903,6.639933,11.820952928858736,-5.750774538610879
41.24,38.86,4.001147,1.81193,6.634535,3.933635,1.818956,6.620676,11.600632459730805,-5.941405823332563
41.25,38.87,4.023575,1.809443,6.61569,3.952319,1.816504,6.601218,11.480543431281085,-5.659159030347317
41.26,38.88,4.044575,1.806749,6.595582,3.971366,1.814341,6.581065,11.215985799430587,-5.920586300455194
41.27,38.89,4.062404,1.805856,6.573489,3.989598,1.813344,6.559855,10.606635646568902,-5.872147695173445
41.28,38.9,4.079829,1.806375,6.5504,4.009084,1.813573,6.537607,10.250172559394786,-5.809607221718744
41.29,38.91,4.097334,1.805617,6.526624,4.028158,1.812785,6.514603,9.8580818988562,-5.915861803353276
41.3,38.92,4.114879,1.803705,6.502694,4.045676,1.8105,6.490838,9.721649597456981,-5.607861359449232
41.31,38.93,4.13479,1.799891,6.479164,4.061362,1.807418,6.467184,9.266335217118197,-5.85286546567872
41.32,38.94,4.155346,1.795273,6.455909,4.07596,1.803702,6.44374,8.714974793590065,-6.060809834264515
41.33,38.95,4.169711,1.791663,6.430339,4.092769,1.799625,6.418755,8.561860449589048,-5.907970347898967
41.34,38.96,4.185069,1.788935,6.404988,4.107509,1.797079,6.393774,8.227088624358814,-5.994239083628328
41.35,38.97,4.199788,1.787468,6.378617,4.121225,1.795521,6.367937,7.741439590346135,-5.852590090394418
41.36,38.98,4.211506,1.786312,6.350964,4.135642,1.794222,6.341168,7.357651313117289,-5.952466519684689
41.37,38.99,4.22356,1.78323,6.322707,4.149367,1.790902,6.313604,6.994860905946506,-5.9037434844300885
41.38,39.0,4.238317,1.777811,6.295135,4.160618,1.785881,6.286019,6.691609843494232,-5.929613080954989
41.39,39.01,4.251515,1.771161,6.26714,4.173163,1.779838,6.258579,6.235591375510407,-6.319403470804342
41.4,39.02,4.263149,1.764692,6.237877,4.186169,1.778659,6.230038,5.814480623313661,-10.283689226579888
41.41,39.03,4.274831,1.759231,6.209166,4.197062,1.773111,6.201808,5.404866936692807,-10.119444245415048
41.42,39.04,4.285568,1.755824,6.179923,4.206403,1.769457,6.173032,4.974831390445806,-9.77106397274863
41.43,39.05,4.294889,1.753792,6.149708,4.214581,1.76753,6.143445,4.4593143118569625,-9.70741854177306
41.44,39.06,4.303063,1.750796,6.118927,4.222165,1.765037,6.113046,4.157887392592424,-9.98385720362978
41.45,39.07,4.310867,1.745621,6.087404,4.230956,1.760189,6.082134,3.773099484499612,-10.331722879212997
41.46,39.08,4.318553,1.738413,6.055089,4.240102,1.753053,6.050675,3.2203184856375984,-10.570568662439504
41.47,39.09,4.327386,1.730203,6.02328,4.24886,1.744986,6.019567,2.7071402830590903,-10.661500637046345
41.48,39.1,4.336032,1.722122,5.991411,4.257032,1.737488,5.988215,2.316677327176479,-11.006957367202027
41.49,39.11,4.33963,1.716025,5.958946,4.262171,1.73092,5.95659,1.7421765298284093,-10.88484117632389
41.5,39.12,4.347151,1.710732,5.927326,4.26632,1.725887,5.925349,1.4010859304070042,-10.619098907144089
41.51,39.13,4.351892,1.706678,5.894902,4.270357,1.721834,5.893546,0.9527922395540216,-10.530148465411225
41.52,39.14,4.354194,1.701875,5.860888,4.274788,1.717483,5.860168,0.5195052105485017,-11.120260778936068
41.53,39.15,4.356398,1.695598,5.826154,4.280991,1.711806,5.826186,-0.02431425244819261,-12.130608376249494
41.54,39.16,4.359933,1.68772,5.791573,4.286925,1.70441,5.792214,-0.5030359824985473,-12.876834138099648
41.55,39.17,4.350735,1.680652,5.755576,4.292463,1.69601,5.759264,-3.6213855320327375,-14.764952728146028
41.56,39.18,4.330627,1.674857,5.718477,4.29784,1.686532,5.725448,-12.003190111192234,-19.60011547497498
41.57,39.19,4.332828,1.66769,5.684719,4.316068,1.675952,5.694468,-30.18581800215034,-26.24142712442781
41.58,39.2,4.335427,1.661346,5.650612,4.332347,1.667536,5.663207,-76.25848530857579,-63.54613066172825
41.59,39.21,4.336478,1.656344,5.616233,4.333827,1.662386,5.628826,-78.11202986468773,-66.30995974091637
41.6,39.22,4.337974,1.651924,5.58112,4.335456,1.657866,5.593587,-78.58140065736617,-67.03456429733863
41.61,39.23,4.335776,1.645999,5.545056,4.334994,1.652448,5.557447,-86.38883414323996,-83.08611962299365
41.62,39.24,4.33568,1.638284,5.508705,4.334814,1.645636,5.520533,-85.8124984631482,-83.28202433034288
41.63,39.25,4.335474,1.629264,5.472377,4.334648,1.636634,5.484137,-85.98225195156049,-83.6052051094907
41.64,39.26,4.333575,1.620036,5.436226,4.335601,1.6271,5.448903,-99.08005274028244,-106.0032271353708
41.65,39.27,4.335466,1.609981,5.400322,4.333618,1.617118,5.412561,-81.41361499259845,-75.48309851683679
41.66,39.28,4.333976,1.601167,5.363995,4.330915,1.607976,5.375953,-75.64177864815562,-65.79360118992713
41.67,39.29,4.332048,1.593715,5.327701,4.330428,1.600124,5.340186,-82.60685265018041,-75.81450531604452
41.68,39.3,4.329018,1.587569,5.291101,4.327559,1.593683,5.303809,-83.45057232419447,-76.5783664397706
41.69,39.31,4.32465,1.58207,5.254344,4.32446,1.588026,5.26694,-89.13580719526163,-88.17284963297675
41.7,39.32,4.320649,1.576183,5.216519,4.320788,1.582341,5.228989,-90.63863540734938,-91.29307586471516
41.71,39.33,4.315937,1.568897,5.178325,4.31785,1.575353,5.19044,-98.97311232876672,-106.50526788404702
41.72,39.34,4.311121,1.559565,5.140418,4.313621,1.565618,5.152777,-101.43558286612634,-112.4415228538003
41.73,39.35,4.306522,1.548833,5.102196,4.308484,1.555639,5.115018,-98.69981787565774,-106.08095173341432
41.74,39.36,4.301721,1.536464,5.064262,4.304244,1.544305,5.075895,-102.23696163468735,-107.83662717926978
41.75,39.37,4.296569,1.526064,5.026343,4.298541,1.533224,5.038245,-99.40766855941871,-105.3985676127522
41.76,39.38,4.291113,1.517519,4.988115,4.29163,1.524263,5.00043,-92.4039410626429,-94.38376241540742
41.77,39.39,4.284433,1.510495,4.949919,4.285333,1.517079,4.962302,-94.15696439292313,-97.78380535829561
41.78,39.4,4.277667,1.505129,4.91132,4.27843,1.510777,4.924112,-93.41345733310321,-97.69362839577067
41.79,39.41,4.26987,1.499392,4.871884,4.271464,1.504877,4.884726,-97.07559030771404,-106.2044328428999
41.8,39.42,4.262184,1.492244,4.831797,4.265405,1.498075,4.844089,-104.68366292337147,-118.91592626129565
41.81,39.43,4.254443,1.482706,4.791303,4.25815,1.489063,4.803292,-107.18161404786707,-120.2480305170758
41.82,39.44,4.247108,1.472099,4.750654,4.250015,1.478752,4.762525,-103.75994876252201,-113.60271739368585
41.83,39.45,4.237444,1.460477,4.710826,4.242244,1.468087,4.722297,-112.70670244607732,-122.24163920683826
41.84,39.46,4.23115,1.449983,4.670922,4.233633,1.457417,4.682768,-101.83819029288021,-108.46962449723044
41.85,39.47,4.221934,1.440907,4.631292,4.226204,1.447198,4.643958,-108.63014519677341,-124.16659824189009
41.86,39.48,4.211295,1.43377,4.59145,4.213189,1.44042,4.603646,-98.82733969990942,-105.8975906209929
41.87,39.49,4.202305,1.428095,4.551049,4.203263,1.434251,4.563798,-94.297309168478,-98.84544948976914
41.88,39.5,4.190396,1.424105,4.510392,4.19276,1.429451,4.523126,-100.51693192032093,-113.85500353201485
41.89,39.51,4.180132,1.418357,4.468195,4.182373,1.424302,4.481031,-99.90328938343839,-110.6542067486294
41.9,39.52,4.16872,1.410528,4.425865,4.172372,1.417223,4.438113,-106.60306147555308,-118.61165886182631
41.91,39.53,4.156908,1.400877,4.383833,4.160597,1.407521,4.395935,-106.9525660386132,-119.04069042479998
41.92,39.54,4.14643,1.389539,4.341926,4.148978,1.397473,4.354079,-101.84112921008457,-107.804394544209
41.93,39.55,4.135051,1.380126,4.299974,4.137945,1.387388,4.312024,-103.50472469031513,-111.72791501163347
41.94,39.56,4.123065,1.372038,4.259177,4.13017,1.377404,4.272099,-118.80364443080948,-142.93833634333006
41.95,39.57,4.112426,1.365204,4.218508,4.122092,1.369109,4.231499,-126.65122333064959,-158.00161791154292
41.96,39.58,4.100395,1.36071,4.178277,4.112987,1.362787,4.191847,-132.8591395118445,-170.63362704256366
41.97,39.59,4.08967,1.356467,4.137458,4.102786,1.357136,4.150136,-135.97282855679126,-177.08007875340695
41.98,39.6,4.069442,1.353423,4.092524,4.077722,1.356734,4.105573,-122.39640888520013,-158.20455608976997
41.99,39.61,4.055817,1.347788,4.048059,4.063932,1.352506,4.060516,-123.08186853657821,-149.82660268698285
42.0,39.62,4.040774,1.340981,4.004244,4.045691,1.346769,4.016428,-111.97713305210308,-130.34844136535293
42.01,39.63,4.027439,1.331559,3.961524,4.03588,1.336512,3.973314,-125.60060735173495,-149.5964920662385
42.02,39.64,4.013149,1.322478,3.918239,4.019556,1.328227,3.930178,-118.21999138442429,-138.0983766320082
42.03,39.65,3.998697,1.314842,3.875409,4.007698,1.318903,3.88791,-125.75473242643785,-155.7164322621628
42.04,39.66,3.983418,1.308469,3.833592,3.993649,1.311834,3.845856,-129.83588655972127,-161.7938427854254
42.05,39.67,3.967743,1.303262,3.790862,3.972944,1.30806,3.803151,-112.939248626914,-137.30800166294523
42.06,39.68,3.952066,1.299022,3.747816,3.956749,1.304159,3.760272,-110.60442286829966,-132.35297610790937
42.07,39.69,3.935992,1.297402,3.704908,3.940615,1.301181,3.717598,-110.01681375536104,-140.7362487685802
42.08,39.7,3.91966,1.295969,3.660916,3.924278,1.300081,3.673514,-110.131225176226,-138.31721237599626
42.09,39.71,3.902664,1.292149,3.616113,3.907785,1.297475,3.628061,-113.2003267669276,-133.87583731497494
42.1,39.72,3.885301,1.286554,3.572073,3.890817,1.292216,3.583427,-115.91140744762717,-134.25168114518274
42.11,39.73,3.868079,1.280153,3.528088,3.873647,1.285219,3.539398,-116.21137801783266,-137.7027594541692
42.12,39.74,3.850137,1.273237,3.484361,3.855867,1.278773,3.496708,-114.89508784136189,-135.98653317516803
42.13,39.75,3.832732,1.266383,3.440721,3.837873,1.271761,3.452653,-113.3091899284319,-133.70930670956827
42.14,39.76,3.815691,1.260511,3.398147,3.821301,1.265548,3.409239,-116.82891416659567,-138.08057106903792
42.15,39.77,3.797484,1.257273,3.353257,3.801507,1.262324,3.365901,-107.64975013990885,-128.53647847197675
42.16,39.78,3.779192,1.255722,3.310217,3.782861,1.26048,3.323097,-105.90014600753734,-127.63661852514427
42.17,39.79,3.760066,1.256636,3.267056,3.763459,1.26072,3.2806,-104.06411057869546,-129.71990865326342
42.18,39.8,3.739916,1.257199,3.222812,3.744912,1.26109,3.235475,-111.53098248070303,-142.08771906414287
42.19,39.81,3.718893,1.256232,3.179269,3.724926,1.260086,3.191599,-116.07224458319715,-147.4287530432776
42.2,39.82,3.698067,1.252996,3.135201,3.7043,1.256997,3.14737,-117.12166728969741,-147.30335173067465
42.21,39.83,3.677452,1.248137,3.090274,3.683184,1.252345,3.101903,-116.23894901985469,-143.71670606253812
42.22,39.84,3.657141,1.242872,3.045979,3.661633,1.248501,3.058202,-110.1785762390462,-128.5902278304469
42.23,39.85,3.636329,1.238785,3.001856,3.641396,1.244379,3.014456,-111.90717317285633,-132.17002932773266
42.24,39.86,3.615805,1.236614,2.958392,3.620128,1.242075,2.971317,-108.49344372808388,-128.36560420017395
42.25,39.87,3.594406,1.236278,2.915968,3.59937,1.240574,2.928609,-111.43946210260488,-139.12606871568957
42.26,39.88,3.573049,1.238115,2.873526,3.57794,1.241089,2.886356,-110.86764194754147,-148.69807234720813
42.27,39.89,3.551344,1.241741,2.83093,3.556859,1.243551,2.844211,-112.55090666486066,-161.8303797766656
42.28,39.9,3.529442,1.244313,2.786442,3.534436,1.247413,2.7993,-111.22598722849469,-148.17026874319527
42.29,39.91,3.505623,1.244932,2.741794,3.511689,1.249642,2.754068,-116.29929229736396,-142.17212812080905
42.3,39.92,3.482828,1.244263,2.697924,3.488804,1.249076,2.709746,-116.81651652182991,-141.15244063698043
42.31,39.93,3.460113,1.242145,2.653968,3.466128,1.246865,2.665751,-117.04345720295328,-141.87854907284992
42.32,39.94,3.437839,1.241011,2.610595,3.443683,1.245124,2.622692,-115.78495510611954,-144.86216425890845
42.33,39.95,3.415131,1.24076,2.567573,3.423488,1.242384,2.580783,-122.3185418452689,-169.00288203043218
42.34,39.96,3.392855,1.241857,2.526111,3.405075,1.241925,2.54001,-131.3219329263955,-179.68117243921003
42.35,39.97,3.368776,1.244362,2.48367,3.386973,1.242733,2.499184,-139.55047983402707,174.8845033636095
42.36,39.98,3.344609,1.248563,2.441721,3.351001,1.251591,2.454238,-117.05183298365299,-154.65228281314535
42.37,39.99,3.320829,1.255355,2.40028,3.319324,1.249854,2.409956,-81.15908479166445,74.69906301041826
42.38,40.0,3.296957,1.261759,2.358256,3.294607,1.254748,2.372098,-80.36458739427388,71.46948887416738
42.39,40.01,3.272153,1.265627,2.31518,3.279927,1.268409,2.327159,-122.98232231164098,-160.30976685162716
42.4,40.02,3.247551,1.268095,2.271977,3.255029,1.271124,2.283847,-122.21058217578258,-157.94935386237358
42.41,40.03,3.223259,1.269582,2.229431,3.230285,1.272937,2.24147,-120.26797620494717,-154.4749601867968
42.42,40.04,3.19887,1.270865,2.187789,3.205372,1.274113,2.1996,-118.83294930647213,-153.45610158328734
42.43,40.05,3.173557,1.274562,2.146897,3.181201,1.276632,2.159441,-121.35708522400965,-164.84767778753772
42.44,40.06,3.149922,1.279793,2.107067,3.156356,1.280825,2.119503,-117.35564102733599,-170.88749629921256
42.45,40.07,3.124735,1.285641,2.066802,3.131781,1.286924,2.079102,-119.80604543580252,-169.68012691341374
42.46,40.08,3.098909,1.293004,2.027322,3.106169,1.29449,2.039563,-120.67170489825968,-168.4322943613239
42.47,40.09,3.07288,1.30155,1.987525,3.079378,1.303088,1.999622,-118.24282331424433,-166.6838181379775
42.48,40.1,3.045881,1.309004,1.947088,3.053288,1.31117,1.959375,-121.08292851326611,-163.6997033984013
42.49,40.11,3.019057,1.314795,1.907319,3.026599,1.317671,1.918868,-123.14628606286091,-159.1265897213481
42.5,40.12,2.992881,1.320058,1.867082,2.999542,1.322751,1.878724,-119.77614182197256,-157.9868291437229
42.51,40.13,2.966831,1.324301,1.827161,2.972973,1.326542,1.839112,-117.2000769171294,-159.95475057457796
42.52,40.14,2.940423,1.327941,1.787433,2.946862,1.330654,1.799502,-118.08061759636966,-157.15242411536914
42.53,40.15,2.914215,1.332587,1.748439,2.920442,1.335142,1.760275,-117.74916270065447,-157.6911697829387
42.54,40.16,2.886972,1.338206,1.710962,2.893512,1.340921,1.722181,-120.23960489319236,-157.45482398408714
42.55,40.17,2.859326,1.345312,1.67382,2.866682,1.347596,1.685153,-122.98671191786002,-162.75070126065972
42.56,40.18,2.831714,1.353756,1.637517,2.839307,1.35549,1.648978,-123.52477724897103,-167.13606308026485
42.57,40.19,2.803822,1.364151,1.601783,2.811677,1.364946,1.61346,-123.92832337025564,-174.2208064913007
42.58,40.2,2.77516,1.373847,1.565575,2.78331,1.374863,1.576697,-126.23328560281799,-172.89401994297563
42.59,40.21,2.745619,1.381749,1.528803,2.754791,1.383237,1.539233,-131.32795743486335,-170.7850253389093
42.6,40.22,2.716732,1.388003,1.491937,2.725547,1.389785,1.502201,-130.65687343532286,-168.57137046191323
42.61,40.23,2.687779,1.392871,1.454822,2.696402,1.395203,1.465458,-129.03296533426047,-164.86695579292166
42.62,40.24,2.658723,1.397647,1.418567,2.667067,1.40003,1.429087,-128.41989990664848,-164.06095276237065
42.63,40.25,2.629467,1.403091,1.383006,2.637822,1.405579,1.393588,-128.29279640748987,-163.41721811918075
42.64,40.26,2.59999,1.4105,1.348466,2.608654,1.412338,1.359601,-127.88602515313953,-168.0227169534195
42.65,40.27,2.570607,1.418812,1.315439,2.579154,1.42034,1.326482,-127.73895609127672,-169.86395995039743
42.66,40.28,2.541012,1.429588,1.283484,2.550209,1.429844,1.294491,-129.88075363535333,-178.40557430137218
42.67,40.29,2.510776,1.441635,1.252095,2.520544,1.441728,1.262704,-132.63662860315495,-179.45450998171268
42.68,40.3,2.479379,1.452173,1.219313,2.489428,1.453278,1.229821,-133.72090316117763,-173.72489857486713
42.69,40.31,2.447346,1.460723,1.186636,2.45693,1.462794,1.197272,-132.02171798663764,-167.80647760014446
42.7,40.32,2.415848,1.468141,1.154379,2.425175,1.470345,1.1652,-130.7592057619539,-166.70470893063924
42.71,40.33,2.384046,1.475649,1.122832,2.393527,1.477563,1.133338,-132.06425324247613,-168.58667291454523
42.72,40.34,2.352794,1.483648,1.091834,2.361808,1.485203,1.102343,-130.6210445349253,-170.21227166214348
42.73,40.35,2.321617,1.493213,1.061996,2.331071,1.494355,1.072568,-131.80464110895963,-173.11230297390742
42.74,40.36,2.290338,1.504233,1.033867,2.300697,1.504772,1.04398,-135.68845659527622,-177.02146919006495
42.75,40.37,2.259213,1.516769,1.007378,2.269506,1.516468,1.017052,-136.77566646223542,178.32496686124364
42.76,40.38,2.227294,1.529963,0.980678,2.23827,1.529493,0.990026,-139.57974769104547,177.5480525391917
42.77,40.39,2.194597,1.542512,0.952254,2.205506,1.543202,0.961642,-139.28557428563946,-176.38083292291378
42.78,40.4,2.161588,1.553432,0.9242,2.172665,1.555002,0.933544,-139.8507049270665,-171.93290856505686
42.79,40.41,2.12855,1.563198,0.896765,2.139617,1.564531,0.906112,-139.81613245860746,-173.13191367560253
42.8,40.42,2.095591,1.572267,0.869622,2.106364,1.573506,0.879053,-138.80014625431886,-173.43925245059302
42.81,40.43,2.063061,1.581606,0.843183,2.074129,1.582249,0.852392,-140.23824664561263,-176.6751154064415
42.82,40.44,2.030763,1.592309,0.818409,2.042076,1.592366,0.82739,-141.55515290028828,-179.71132044577288
42.83,40.45,1.998996,1.604144,0.795109,2.010802,1.603805,0.803576,-144.3527526503418,178.35524871308584
42.84,40.46,1.967543,1.617446,0.772869,1.979247,1.616351,0.780997,-145.22143471218908,174.65509384049525
42.85,40.47,1.9349,1.631223,0.750715,1.946954,1.630448,0.758859,-145.95600308525465,176.32128790866653
42.86,40.48,1.901639,1.644412,0.727857,1.91364,1.644455,0.736266,-144.98139362377168,-179.794708109661
42.87,40.49,1.868286,1.656316,0.704942,1.880381,1.656877,0.713282,-145.4121395011389,-177.3443644788474
42.88,40.5,1.835096,1.667307,0.683198,1.847313,1.668309,0.691041,-147.30057988031916,-175.31127449929494
42.89,40.51,1.802661,1.677981,0.661987,1.814932,1.678675,0.669318,-149.14485701977253,-176.7630220317012
42.9,40.52,1.770591,1.689495,0.64197,1.782859,1.689861,0.648861,-150.67684923807548,-178.2911609803061
42.91,40.53,1.739231,1.702834,0.623607,1.75192,1.702123,0.629275,-155.93034816311976,176.79291154256583
42.92,40.54,1.708049,1.716031,0.605156,1.72102,1.716523,0.611162,-155.1543102291281,-177.8277684051371
42.93,40.55,1.675461,1.730891,0.588594,1.688094,1.730978,0.594812,-153.79345222978228,-179.60542594662695
42.94,40.56,1.642237,1.743818,0.570788,1.654873,1.745127,0.577389,-152.41759861981552,-174.0856598741755
42.95,40.57,1.609664,1.755813,0.553385,1.621633,1.757763,0.559948,-151.2625791215851,-170.74662112973039
42.96,40.58,1.576936,1.767974,0.536928,1.589377,1.76893,0.542673,-155.2134705361383,-175.60587298239744
42.97,40.59,1.544837,1.779183,0.521108,1.557361,1.780183,0.526893,-155.20716498478166,-175.43480675468243
42.98,40.6,1.513292,1.791793,0.507138,1.52632,1.792282,0.511993,-159.56164371238503,-177.85043830052433
42.99,40.61,1.481842,1.805452,0.495398,1.495034,1.8059,0.49896,-164.88977718138108,-178.05498420366027
43.0,40.62,1.450921,1.818852,0.482921,1.463749,1.819864,0.488722,-155.66685561007318,-175.48928224908255
43.01,40.63,1.419453,1.832148,0.471817,1.432225,1.83378,0.477745,-155.10208538469143,-172.71823310408107
43.02,40.64,1.38814,1.844784,0.460461,1.400601,1.846416,0.466497,-154.154855965647,-172.5385190149901
43.03,40.65,1.356609,1.856873,0.450358,1.369742,1.858356,0.454901,-160.91834643474206,-173.5573576880134
43.04,40.66,1.325768,1.86859,0.441374,1.339338,1.869885,0.443812,-169.81484015409862,-174.54870932441645
43.05,40.67,1.295743,1.880626,0.433561,1.309274,1.881813,0.43513,-173.38575231390314,-174.9865913626579
43.06,40.68,1.265799,1.893053,0.42674,1.279307,1.894083,0.428222,-173.73896274171827,-175.63957097332678
43.07,40.69,1.236086,1.905472,0.421246,1.249571,1.906564,0.42333,-171.21488990671867,-175.37035489759074
43.08,40.7,1.206673,1.916926,0.416262,1.220002,1.918614,0.418901,-168.8008813485323,-172.78241761812905
43.09,40.71,1.176462,1.927885,0.406137,1.190377,1.929642,0.414207,-149.8884236520057,-172.80353940758027
43.1,40.72,1.147068,1.937582,0.398225,1.160875,1.939891,0.409307,-141.248205622465,-170.50605278036355
43.11,40.73,1.117732,1.946949,0.392645,1.132012,1.949798,0.40638,-136.11448372351836,-168.71707599928533
43.12,40.74,1.090586,1.958342,0.405904,1.104178,1.959852,0.404025,172.12914210909176,-173.66073358847106
43.13,40.75,1.062795,1.968604,0.406689,1.076038,1.970259,0.403802,167.70182121862598,-172.87658113191605
43.14,40.76,1.034967,1.979251,0.406051,1.048337,1.980534,0.406323,-178.8345323464791,-174.51861762152402
43.15,40.77,1.006227,1.986892,0.403448,1.020472,1.989774,0.408475,-160.56227949825606,-168.56249809262368
43.16,40.78,0.978086,1.994183,0.402766,0.992301,1.997373,0.410182,-152.4488414364885,-167.35175071675582
43.17,40.79,0.951818,2.001924,0.414908,0.965273,2.004585,0.412635,170.41135572335057,-168.8129563636056
43.18,40.8,0.926016,2.008666,0.419396,0.939242,2.011523,0.415347,162.9785852158336,-167.81060523351275
43.19,40.81,0.900134,2.015746,0.424899,0.913161,2.017975,0.419945,159.17883654532653,-170.2903676202074
43.2,40.82,0.875051,2.023256,0.43095,0.888268,2.025537,0.427171,164.04372627702344,-170.20830249837357
43.21,40.83,0.84944,2.030484,0.437271,0.863114,2.032455,0.434982,170.4969138420289,-171.7977566969548
43.22,40.84,0.824633,2.034318,0.446682,0.837505,2.037893,0.443282,165.2038658122011,-164.47818477396729
43.23,40.85,0.799122,2.037324,0.454898,0.812114,2.041588,0.451474,165.235599809794,-161.83006214343396
43.24,40.86,0.775432,2.039764,0.464135,0.787531,2.044562,0.459322,158.3072645134067,-158.36861929273667
43.25,40.87,0.752665,2.042365,0.474197,0.764107,2.047052,0.467513,149.70808210928234,-157.72446378794132
43.26,40.88,0.729787,2.045267,0.485427,0.740944,2.04953,0.477744,145.44769239322588,-159.08854527231836
43.27,40.89,0.707209,2.048321,0.49655,0.718659,2.052117,0.489992,150.1980286820163,-161.6581758874474
43.28,40.9,0.685397,2.051442,0.510378,0.696865,2.055884,0.503417,148.742526705284,-158.82668711974696
43.29,40.91,0.664318,2.052528,0.523098,0.674343,2.058354,0.516012,144.74607248220894,-149.83711007714476
43.3,40.92,0.642142,2.052219,0.536285,0.652181,2.057926,0.529872,147.42920788371998,-150.3825094595014
43.31,40.93,0.62057,2.051061,0.549454,0.630458,2.056559,0.543194,147.66248309972926,-150.92473672066004
43.32,40.94,0.600047,2.049199,0.564,0.609417,2.054908,0.557055,143.45433120461695,-148.64667721725687
43.33,40.95,0.580995,2.047575,0.57812,0.589871,2.053889,0.570778,140.40331818163025,-144.5736092537456
43.34,40.96,0.56157,2.046314,0.593602,0.571221,2.051712,0.586986,145.56839522359485,-150.78082995497846
43.35,40.97,0.543621,2.045204,0.61214,0.553082,2.050761,0.604081,139.57522106161522,-149.57178614546916
43.36,40.98,0.526352,2.042958,0.630157,0.535136,2.04928,0.621991,137.08808932630458,-144.2567677572876
43.37,40.99,0.508396,2.038563,0.647736,0.51729,2.046019,0.639767,138.1397459080486,-140.02629164987272
43.38,41.0,0.490832,2.033563,0.665782,0.4993,2.041138,0.657476,135.55333419057314,-138.18596188205336
43.39,41.01,0.474673,2.027533,0.683906,0.481952,2.035582,0.674839,128.75754444219132,-132.12417175612487
43.4,41.02,0.458702,2.021366,0.702476,0.464913,2.029728,0.693019,123.29539541563565,-126.60366852480121
43.41,41.03,0.442682,2.016038,0.722481,0.44968,2.024136,0.713346,127.45444688036011,-130.83239500156157
43.42,41.04,0.428534,2.011664,0.743776,0.435266,2.019235,0.733823,124.07359424135711,-131.64293247219032
43.43,41.05,0.414843,2.007083,0.765251,0.42172,2.014995,0.755954,126.49036907222977,-130.99671378496686
43.44,41.06,0.401654,2.000637,0.787073,0.408193,2.009235,0.777935,125.58687600563651,-127.25392181953549
43.45,41.07,0.388791,1.992587,0.808919,0.394589,2.001246,0.799729,122.24795680810196,-123.80596120772813
43.46,41.08,0.376953,1.98406,0.830666,0.381338,1.992646,0.820884,114.14537378126532,-117.05408802910107
43.47,41.09,0.365715,1.975546,0.853227,0.368928,1.983911,0.842488,106.6566502453295,-111.01180344239614
43.48,41.1,0.354186,1.967201,0.87695,0.358531,1.975049,0.866107,111.83693186318511,-118.97085381782696
43.49,41.11,0.344286,1.959472,0.901665,0.348406,1.967199,0.890491,110.23959049969729,-118.06632878942106
43.5,41.12,0.335147,1.952142,0.926683,0.33963,1.960459,0.916579,113.92617519773799,-118.32539875720975
43.51,41.13,0.326475,1.94298,0.952371,0.330985,1.952025,0.942581,114.73430252905237,-116.50167091585797
43.52,41.14,0.318145,1.932218,0.977755,0.322061,1.941364,0.968381,112.67279285724072,-113.17892982724331
43.53,41.15,0.311097,1.920963,1.003345,0.313706,1.930304,0.993139,104.33965115582859,-105.60538244859676
43.54,41.16,0.304829,1.910263,1.029403,0.304985,1.918833,1.018651,90.83124204769379,-91.042841841448
43.55,41.17,0.298796,1.90048,1.056601,0.298751,1.908553,1.045441,89.76896988310443,-89.68062883995583
43.56,41.18,0.29431,1.89177,1.084448,0.294723,1.899623,1.073081,92.08082630100617,-93.01048985228584
43.57,41.19,0.291272,1.882718,1.112906,0.293502,1.891163,1.102277,101.84898837204817,-104.79197568022367
43.58,41.2,0.288861,1.871586,1.1413,0.290502,1.880716,1.130802,98.88432191417704,-100.18938440354398
43.59,41.21,0.286607,1.859273,1.169715,0.285652,1.868129,1.159133,84.84316385954322,-83.84520785313859
43.6,41.22,0.285255,1.847282,1.197641,0.282936,1.855976,1.186793,77.93338054547985,-75.0648912420701
43.61,41.23,0.284471,1.835346,1.226416,0.281408,1.843505,1.21542,74.43451109864378,-69.42317899203013
43.62,41.24,0.28443,1.823966,1.256415,0.28179,1.83163,1.245107,76.85893024228454,-70.99282771107568
43.63,41.25,0.285913,1.814104,1.286825,0.283861,1.821602,1.275391,79.82573393263107,-74.69445967941012
43.64,41.26,0.288812,1.803844,1.317398,0.286697,1.811663,1.30664,78.87761944800816,-74.86399659046319
43.65,41.27,0.291909,1.791198,1.348363,0.29048,1.800346,1.337801,82.2948774553722,-81.12163359011303
43.66,41.28,0.295431,1.776322,1.379421,0.292894,1.785802,1.369558,75.57486786112791,-75.0178113761609
43.67,41.29,0.299244,1.761501,1.409893,0.295675,1.77038,1.399737,70.63761288335962,-68.10186165870303
43.68,41.3,0.303996,1.747118,1.439934,0.301608,1.755817,1.429873,76.64780058690805,-74.64962331448675
43.69,41.31,0.308989,1.733877,1.47167,0.307831,1.741814,1.461003,83.80428429106846,-81.69917355817059
43.7,41.32,0.315483,1.722317,1.503879,0.314184,1.729777,1.492564,83.45092352499087,-80.12220079659146
43.71,41.33,0.323553,1.711994,1.536282,0.320407,1.71909,1.524676,74.83347605403215,-66.0899741826664
43.72,41.34,0.33292,1.700771,1.569323,0.328457,1.708287,1.557845,68.75238523832545,-59.29816392218894
43.73,41.35,0.342021,1.688015,1.60268,0.338465,1.696017,1.591519,72.32762984743385,-66.04016846747906
43.74,41.36,0.351736,1.672901,1.635004,0.345833,1.680847,1.624444,60.794974987623355,-53.39173038583288
43.75,41.37,0.361089,1.656155,1.667781,0.356225,1.664051,1.657563,64.54449121091243,-58.36659404056215
43.76,41.38,0.370385,1.639643,1.701427,0.366293,1.648065,1.690734,69.05913816702584,-64.08625796291639
43.77,41.39,0.380637,1.625082,1.735381,0.377554,1.632686,1.724188,74.60031333886897,-67.93017654552168
43.78,41.4,0.392482,1.612051,1.768964,0.390143,1.619687,1.757791,78.17622663757841,-72.96953422905547
43.79,41.41,0.405129,1.600275,1.80295,0.402303,1.607402,1.791338,76.32189409467254,-68.37067023118291
43.8,41.42,0.419024,1.589512,1.837191,0.415543,1.595788,1.825204,73.80681216366614,-60.98494284689736
43.81,41.43,0.432837,1.57718,1.872893,0.430006,1.584458,1.861382,76.18297409703176,-68.74493578185982
43.82,41.44,0.44735,1.562856,1.909309,0.444504,1.571859,1.898892,74.71928724485173,-72.45737686417782
43.83,41.45,0.462232,1.547264,1.944516,0.458915,1.556234,1.934465,71.73623614578871,-69.70620186951369
43.84,41.46,0.477186,1.530741,1.979083,0.47341,1.539137,1.968811,69.81650935551517,-65.78474088469017
43.85,41.47,0.492921,1.514266,2.013879,0.488281,1.522696,2.003261,66.39497116215986,-61.170945901763794
43.86,41.48,0.507425,1.498003,2.049957,0.503661,1.506513,2.038957,71.10998600940923,-66.14004139019562
43.87,41.49,0.521457,1.484777,2.087075,0.519285,1.492971,2.075818,79.07917532783401,-75.15391819535549
43.88,41.5,0.536546,1.473189,2.124384,0.534066,1.481227,2.113348,77.3349362349583,-72.85320275606117
43.89,41.51,0.551498,1.462582,2.16249,0.549182,1.470085,2.150835,78.760988640812,-72.84577066717506
43.9,41.52,0.567864,1.451649,2.20156,0.564926,1.459314,2.190176,75.52879259661162,-69.02813592286019
43.91,41.53,0.584228,1.438981,2.240109,0.580701,1.447262,2.229764,71.17382399647533,-66.93013002087203
43.92,41.54,0.601825,1.424957,2.278723,0.597722,1.432995,2.268644,67.8495462951553,-62.957944582378126
43.93,41.55,0.618745,1.408751,2.316608,0.615027,1.416563,2.306025,70.64269901973034,-64.54861338760247
43.94,41.56,0.63649,1.392181,2.354922,0.632716,1.400715,2.344706,69.7247357187126,-66.14349643822712
43.95,41.57,0.653359,1.376562,2.393823,0.649912,1.385022,2.383166,72.07623153554762,-67.83171805182374
43.96,41.58,0.669384,1.362501,2.433208,0.666523,1.370588,2.422189,75.44497516892821,-70.51735782319015
43.97,41.59,0.685266,1.350074,2.473474,0.682405,1.358264,2.462508,75.3776371684654,-70.74423892387597
43.98,41.6,0.700356,1.339458,2.514349,0.697899,1.347068,2.503379,77.37555568236061,-72.10656593048446
43.99,41.61,0.715705,1.329814,2.556764,0.712982,1.336853,2.545291,76.64846831195864,-68.85130078991463
44.0,41.62,0.731476,1.319107,2.600183,0.727893,1.326526,2.589109,72.07097820799204,-64.22181820364072
44.01,41.63,0.7472,1.306173,2.642978,0.743176,1.314186,2.632976,68.08411358403401,-63.33493135429214
44.02,41.64,0.762677,1.290972,2.685902,0.759507,1.299992,2.676259,71.80245094239704,-70.63642155071756
44.03,41.65,0.778932,1.275689,2.729108,0.775609,1.283975,2.718648,72.37565402873045,-68.1473441981878
44.04,41.66,0.794918,1.260804,2.772043,0.791505,1.26906,2.761626,71.85926301397767,-67.53997889502
44.05,41.67,0.809965,1.247534,2.815164,0.807211,1.255495,2.804365,75.69317782203417,-70.91763233742275
44.06,41.68,0.824824,1.236115,2.859396,0.822131,1.243981,2.848267,76.39702568407144,-71.10087202688334
44.07,41.69,0.839334,1.226303,2.903874,0.836311,1.233471,2.892591,75.00128273735895,-67.13312073293312
44.08,41.7,0.852971,1.21841,2.949677,0.850127,1.225073,2.937674,76.67011632676059,-66.88552589847843
44.09,41.71,0.865995,1.210956,2.996947,0.863441,1.216929,2.984479,78.42342961646622,-66.84889248560928
44.1,41.72,0.879278,1.201954,3.044376,0.876148,1.20792,3.031943,75.86945952634136,-62.316716162300956
44.11,41.73,0.893356,1.190982,3.091367,0.8897,1.196564,3.079026,73.49816784938182,-56.77670961001861
44.12,41.74,0.90748,1.177364,3.138385,0.903778,1.184207,3.126505,72.6921218179163,-61.58702000458739
44.13,41.75,0.92189,1.163866,3.18582,0.918604,1.17138,3.174436,73.89917656002352,-66.37942309558544
44.14,41.76,0.935262,1.151129,3.232736,0.932752,1.158102,3.221702,77.1845125818666,-70.2031604149256
44.15,41.77,0.948544,1.139873,3.27969,0.946345,1.14688,3.268481,78.90058262867686,-72.57662864114069
44.16,41.78,0.961455,1.130862,3.327275,0.957961,1.137374,3.315376,73.63575028885478,-61.78431039838264
44.17,41.79,0.974151,1.12378,3.374931,0.971874,1.129568,3.362422,79.68346487476664,-68.52531695022512
44.18,41.8,0.986315,1.11909,3.422414,0.983655,1.123224,3.409968,77.93605656910924,-57.24096351483691
44.19,41.81,0.998785,1.114412,3.472837,0.995697,1.118787,3.459808,76.66637406565243,-54.78446375855286
44.2,41.82,1.011141,1.108205,3.523657,1.007676,1.113614,3.511322,74.3095233336267,-57.356416027952605
44.21,41.83,1.024423,1.10015,3.573938,1.020699,1.106585,3.561697,73.07900605342094,-59.9415966045159
44.22,41.84,1.037098,1.090987,3.624384,1.033702,1.097553,3.611882,74.8030653330437,-62.65154857865953
44.23,41.85,1.048962,1.081,3.673611,1.046102,1.088347,3.661708,76.48933906955132,-68.73030383542677
44.24,41.86,1.061762,1.072796,3.723364,1.05951,1.07921,3.711624,79.14126528262302,-70.65347105292621
44.25,41.87,1.075174,1.066515,3.772018,1.072108,1.072193,3.759563,76.17068173548947,-61.631891234816
44.26,41.88,1.087979,1.06197,3.820685,1.08475,1.066574,3.808019,75.69797355217794,-54.95622889655924
44.27,41.89,1.100588,1.057645,3.870786,1.097424,1.062457,3.857965,76.13738595244577,-56.67416581130352
44.28,41.9,1.113032,1.055472,3.920812,1.110774,1.060558,3.907748,80.19380209055247,-66.06051046127772
44.29,41.91,1.12489,1.055397,3.971877,1.122327,1.06022,3.958047,79.5009572300453,-62.013287896431706
44.3,41.92,1.136636,1.054143,4.023537,1.133052,1.058676,4.010804,74.2795046008898,-51.66846861253238
44.31,41.93,1.148667,1.050863,4.075396,1.145796,1.055639,4.062266,77.66585810497432,-58.98863365378683
44.32,41.94,1.161913,1.045682,4.126968,1.159124,1.050684,4.113512,78.29021621745683,-60.856969060429705
44.33,41.95,1.175667,1.039578,4.176666,1.172096,1.04493,4.164246,73.9589914523053,-56.28770374784806
44.34,41.96,1.188161,1.034336,4.226717,1.184561,1.039473,4.213789,74.4393226801012,-54.977300335129655
44.35,41.97,1.201066,1.030781,4.276193,1.196798,1.034302,4.263377,71.5811470038426,-39.52183248158099
44.36,41.98,1.214355,1.028338,4.326345,1.210664,1.032328,4.313298,74.20377675525216,-47.22924003127119
44.37,41.99,1.227185,1.026984,4.376221,1.224089,1.031233,4.363173,76.65183656079603,-53.921345916368786
44.38,42.0,1.240276,1.028588,4.425532,1.237735,1.032109,4.412194,79.21392559256817,-54.18314708093425
44.39,42.01,1.253532,1.031475,4.475463,1.250549,1.034469,4.461777,77.70411871591095,-45.105446354874026
44.4,42.02,1.266932,1.032854,4.526194,1.264035,1.036287,4.512562,78.00229640603244,-49.840040012819244
44.41,42.03,1.280498,1.032211,4.576774,1.277871,1.036184,4.563701,78.63782112426824,-56.526796614456366
44.42,42.04,1.294672,1.029869,4.62762,1.291716,1.034311,4.614283,77.50303717673475,-56.35758463437232
44.43,42.05,1.309361,1.02672,4.67755,1.30564,1.031652,4.664695,73.85641878403003,-52.96688280936442
44.44,42.06,1.323029,1.02464,4.726967,1.318941,1.02884,4.714035,72.45746992529284,-45.7742201649273
44.45,42.07,1.337657,1.023662,4.776176,1.333096,1.027489,4.763129,70.73127827171882,-39.99901646340764
44.46,42.08,1.352902,1.024039,4.82449,1.348452,1.028111,4.811791,70.68845254235735,-42.46026543613399
44.47,42.09,1.368566,1.025791,4.872281,1.364017,1.029547,4.859545,70.34446603701396,-39.54566885273388
44.48,42.1,1.385645,1.029835,4.919551,1.381047,1.033169,4.90682,70.1420208707211,-35.94578721698982
44.49,42.11,1.402526,1.036266,4.966954,1.398019,1.039213,4.953931,70.91028579967296,-33.179539195924285
44.5,42.12,1.419535,1.041968,5.015041,1.415183,1.04501,5.002011,71.53075970593312,-34.953124066376276
44.51,42.13,1.436952,1.045917,5.063524,1.432859,1.049017,5.050655,72.35667550625257,-37.13994820613967
44.52,42.14,1.455196,1.048609,5.110916,1.450737,1.051193,5.098721,69.91548245570493,-30.09238326803669
44.53,42.15,1.472789,1.050462,5.158861,1.467766,1.052405,5.146327,68.16155738115799,-21.147498256010554
44.54,42.16,1.489652,1.052032,5.206409,1.485435,1.05465,5.194085,71.11018880384343,-31.83285767750471
44.55,42.17,1.508944,1.055008,5.253613,1.503825,1.058075,5.241234,67.5337850114238,-30.927530903228295
44.56,42.18,1.528298,1.059804,5.29976,1.522858,1.062471,5.28714,66.6809713731537,-26.11674316151142
44.57,42.19,1.548604,1.065729,5.344133,1.543078,1.068437,5.33198,65.54858635784935,-26.107027812772934
44.58,42.2,1.569813,1.074143,5.388363,1.564016,1.076187,5.375626,65.52826002837665,-19.422455153929313
44.59,42.21,1.591559,1.083686,5.432585,1.586019,1.085509,5.41989,66.42391514521398,-18.214378403282666
44.6,42.22,1.614699,1.091988,5.47761,1.60766,1.094125,5.464992,60.8448683082199,-16.887988908948685
44.61,42.23,1.636521,1.098618,5.521607,1.630019,1.100934,5.509892,60.96907098335898,-19.605802111574803
44.62,42.24,1.659034,1.104004,5.566162,1.652356,1.106047,5.554465,60.27727912721387,-17.010439087554378
44.63,42.25,1.681088,1.108878,5.610059,1.674005,1.110744,5.598688,58.081206646211726,-14.75909047130598
44.64,42.26,1.702621,1.114729,5.654103,1.696409,1.116486,5.642694,61.43248461644297,-15.793007383296436
44.65,42.27,1.725674,1.120981,5.695655,1.719291,1.123208,5.684946,59.203336636840866,-19.2336499979071
44.66,42.28,1.750174,1.128989,5.737479,1.742834,1.131159,5.72581,57.8294070468116,-16.469804220979917
44.67,42.29,1.774869,1.13861,5.776987,1.767622,1.140454,5.765325,58.142355541290556,-14.275965588739504
44.68,42.3,1.801453,1.150321,5.81592,1.79285,1.151399,5.803984,54.21741770732524,-7.142229180203385
44.69,42.31,1.826083,1.16219,5.854462,1.818793,1.163052,5.843358,56.71429336836649,-6.743579364251317
44.7,42.32,1.853858,1.171363,5.894316,1.844896,1.173366,5.883111,51.34642815696398,-12.59851221612445
44.71,42.33,1.880567,1.180199,5.932666,1.871966,1.18122,5.922064,50.94889231370331,-6.769737674408296
44.72,42.34,1.905708,1.188404,5.970419,1.897181,1.188527,5.960377,49.66429365716181,-0.8264210330722218
44.73,42.35,1.933882,1.195627,6.009675,1.923798,1.196464,5.998868,46.98211296244755,-4.744832292735127
44.74,42.36,1.960428,1.203935,6.0473,1.951095,1.205072,6.036612,48.871813128041694,-6.945875499881437
44.75,42.37,1.987728,1.213622,6.082911,1.978578,1.214829,6.072044,49.90266458072247,-7.514646592435095
44.76,42.38,2.016056,1.225397,6.116755,2.006443,1.225609,6.10583,48.655178541704885,-1.2633659238058237
44.77,42.39,2.044869,1.238341,6.149271,2.035369,1.237599,6.138556,48.439561047072225,4.466035082128046
44.78,42.4,2.074455,1.25106,6.181668,2.064387,1.250496,6.17123,46.03370419635405,3.206305162972537
44.79,42.41,2.104979,1.262323,6.214235,2.094183,1.262281,6.20469,41.480662022996924,0.22289835119774107
44.8,42.42,2.13658,1.271639,6.247509,2.12547,1.271811,6.237991,40.58685154485322,-0.8869565127087269
44.81,42.43,2.167713,1.279809,6.28109,2.156945,1.280701,6.271147,42.718891378480876,-4.735457954191847
44.82,42.44,2.197619,1.287799,6.313649,2.187177,1.289009,6.30365,43.758472793748965,-6.609850943471588
44.83,42.45,2.228309,1.297108,6.344964,2.216677,1.297685,6.335462,39.24485213592581,-2.8398030511342687
44.84,42.46,2.257622,1.307333,6.374245,2.247156,1.307775,6.365083,41.199099994056525,-2.418277731305793
44.85,42.47,2.288464,1.319295,6.401662,2.276519,1.318717,6.393295,35.00972206056712,2.7702929815296877
44.86,42.48,2.319051,1.332075,6.427364,2.307194,1.330591,6.419783,32.593593630410275,7.13393721962702
44.87,42.49,2.352499,1.344363,6.45404,2.340246,1.343825,6.446094,32.96317672988363,2.514106196388
44.88,42.5,2.38583,1.355627,6.481545,2.373983,1.356223,6.472997,35.81168730081937,-2.880013469800401
44.89,42.51,2.41901,1.365691,6.508638,2.40742,1.366981,6.499928,36.92522532303308,-6.351043219172863
44.9,42.52,2.45028,1.374271,6.534647,2.439256,1.376218,6.526507,36.441751036505345,-10.015984945254365
44.91,42.53,2.483891,1.384764,6.559655,2.471494,1.385161,6.552423,30.257873954597915,-1.8342061421431777
44.92,42.54,2.515241,1.395371,6.583154,2.501718,1.395264,6.577083,24.177164158221103,0.4533402701041372
44.93,42.55,2.546474,1.406916,6.604983,2.533138,1.405961,6.5998,21.238479425313496,4.095997611601244
44.94,42.56,2.579088,1.419547,6.626246,2.56595,1.418281,6.620637,23.119066489574898,5.504124310248911
44.95,42.57,2.612686,1.431875,6.646385,2.59984,1.430966,6.640344,25.18587112307702,4.047578725107648
44.96,42.58,2.644485,1.441666,6.667243,2.63395,1.443489,6.660828,31.33818135174478,-9.817371238339398
44.97,42.59,2.682991,1.453412,6.687451,2.669202,1.454516,6.681108,24.70263599733202,-4.5775545468686145
44.98,42.6,2.71685,1.462733,6.70678,2.703165,1.4639,6.700745,23.797181356189338,-4.874154191701929
44.99,42.61,2.747744,1.471162,6.725133,2.735454,1.473213,6.719746,23.66898496090911,-9.474417739930354
45.0,42.62,2.780746,1.482495,6.741273,2.76871,1.483554,6.736909,19.92957766143629,-5.028279984738737
45.01,42.63,2.813064,1.493957,6.756752,2.801126,1.494699,6.752164,21.022715389558208,-3.556613273049518
45.02,42.64,2.846922,1.506838,6.771379,2.834707,1.507375,6.766145,23.19462764096043,-2.5172357770571465
45.03,42.65,2.878955,1.517829,6.785617,2.868901,1.519729,6.779521,31.229515848561967,-10.701524024766503
45.04,42.66,2.914881,1.528655,6.798272,2.902413,1.531074,6.793235,21.998423777385234,-10.979922908889186
45.05,42.67,2.949779,1.538323,6.810226,2.936783,1.540555,6.806339,16.651504842109013,-9.745198533781696
45.06,42.68,2.982434,1.54817,6.821602,2.968395,1.549597,6.819324,9.216615209079388,-5.803919842776204
45.07,42.69,3.014218,1.559041,6.830901,2.999913,1.559818,6.830285,2.4657398663660257,-3.109060937700188
45.08,42.7,3.045872,1.570664,6.838897,3.031982,1.570944,6.838753,0.5939738432423246,-1.1548341063366956
45.09,42.71,3.07853,1.582636,6.846367,3.065161,1.583252,6.845148,5.209885220369297,-2.6381370812165295
45.1,42.72,3.112626,1.593378,6.853324,3.098651,1.595081,6.851601,7.028617526099994,-6.947833767806243
45.11,42.73,3.146577,1.602961,6.859869,3.132969,1.605428,6.858056,7.588851625952834,-10.275572716080875
45.12,42.74,3.179724,1.611852,6.865393,3.165764,1.614563,6.86428,4.558423833967564,-10.989918277462147
45.13,42.75,3.212768,1.621688,6.869355,3.198375,1.623605,6.869313,0.16719349052714766,-7.586559915095647
45.14,42.76,3.243936,1.632074,6.872421,3.229402,1.633488,6.87312,-2.7534686740545986,-5.5567678047006765
45.15,42.77,3.273702,1.643425,6.873483,3.258897,1.643581,6.875857,-9.10989767690551,-0.6037021838247513
45.16,42.78,3.304024,1.654355,6.873533,3.291322,1.655491,6.87767,-18.04026075368116,-5.110635852566038
45.17,42.79,3.342906,1.662229,6.877738,3.322391,1.665957,6.875892,5.141794905202977,-10.299439374829484
45.18,42.8,3.376398,1.670254,6.878586,3.351621,1.674884,6.874076,10.316241851076017,-10.584606609830063
45.19,42.81,3.404651,1.678434,6.876318,3.379251,1.682999,6.872071,9.492314825126842,-10.188678357698581
45.2,42.82,3.431277,1.687051,6.872,3.407462,1.691095,6.869973,4.864971822956215,-9.63740574843844
45.21,42.83,3.460075,1.695323,6.868085,3.436853,1.699412,6.867033,2.593832457438099,-9.98644326371523
45.22,42.84,3.488564,1.704279,6.86379,3.476161,1.706174,6.868749,-21.792647811325516,-8.686793455919188
45.23,42.85,3.51625,1.713308,6.857681,3.503988,1.715368,6.863306,-24.642547391696436,-9.536563048540623
45.24,42.86,3.545162,1.720363,6.851069,3.533034,1.723351,6.856728,-25.014048513360095,-13.840437294394807
45.25,42.87,3.576136,1.726568,6.845145,3.563122,1.729933,6.849889,-20.02834095263007,-14.497320785952807
45.26,42.88,3.6059,1.732471,6.838755,3.592916,1.735701,6.843152,-18.708545358316808,-13.96977266627791
45.27,42.89,3.636237,1.737251,6.831673,3.622719,1.740851,6.836535,-19.782064741662925,-14.912421479035805
45.28,42.9,3.662119,1.743034,6.821747,3.651131,1.746414,6.827825,-28.949126305419714,-17.098331861323594
45.29,42.91,3.689635,1.7496,6.812463,3.676472,1.752458,6.817631,-21.43574953711862,-12.250135282655206
45.3,42.92,3.71337,1.75671,6.799719,3.702354,1.759719,6.806793,-32.70682687938511,-15.277561232076339
45.31,42.93,3.738458,1.762257,6.787197,3.728554,1.766037,6.794793,-37.486865719323944,-20.890053841332318
45.32,42.94,3.764909,1.766035,6.774694,3.756915,1.769884,6.782951,-45.927172153425786,-25.710169279746697
45.33,42.95,3.792209,1.76862,6.762187,3.781974,1.772727,6.769739,-36.42214271268822,-21.864118475915934
45.34,42.96,3.818543,1.770877,6.749228,3.809881,1.774928,6.75721,-42.6604497669828,-25.064312062080443
45.35,42.97,3.843496,1.773769,6.735153,3.833947,1.777901,6.743333,-40.58448990006381,-23.3988816111697
45.36,42.98,3.866357,1.777748,6.720156,3.857367,1.781364,6.728881,-44.142972104159796,-21.911209243689434
45.37,42.99,3.887199,1.782315,6.703854,3.880099,1.786276,6.71386,-54.64146933072595,-29.156593969820065
45.38,43.0,3.909252,1.78607,6.686458,3.902415,1.790395,6.696594,-55.999294183318874,-32.316929363873406
45.39,43.01,3.933063,1.78738,6.668065,3.925838,1.79279,6.677523,-52.6236611767146,-36.82546263851214
45.4,43.02,3.957107,1.787651,6.65019,3.94874,1.792979,6.658927,-46.239250030594135,-32.48846967042823
45.41,43.03,3.981433,1.787315,6.632684,3.97176,1.792354,6.64102,-40.754112877912895,-27.51656470658136
45.42,43.04,4.002426,1.787159,6.613604,3.993593,1.792532,6.622553,-45.37376089006547,-31.31160998657918
45.43,43.05,4.022079,1.788084,6.594439,4.013554,1.79272,6.604058,-48.45049535095832,-28.537892244636144
45.44,43.06,4.04082,1.789961,6.574598,4.033241,1.794171,6.584923,-53.71970814283572,-29.051394647052422
45.45,43.07,4.059061,1.791915,6.552589,4.051076,1.796521,6.562589,-51.392634780612006,-29.9777050724684
45.46,43.08,4.078187,1.792453,6.530323,4.071732,1.797493,6.540061,-56.46091093774339,-37.9823651737242
45.47,43.09,4.099292,1.790839,6.508062,4.090935,1.796692,6.517361,-48.05400429654317,-35.00628192062681
45.48,43.1,4.11795,1.788342,6.485593,4.110364,1.794154,6.495512,-52.59142740737096,-37.45746457325537
45.49,43.11,4.135468,1.785984,6.462921,4.129183,1.791095,6.473701,-59.756783286645046,-39.11821773068347
45.5,43.12,4.153212,1.784076,6.440124,4.145801,1.788945,6.451424,-56.74150657607959,-33.30476813266632
45.51,43.13,4.167852,1.783434,6.416003,4.161801,1.787322,6.427186,-61.58266053364812,-32.72230306006595
45.52,43.14,4.182307,1.783386,6.390395,4.176279,1.788016,6.401457,-61.41277080402567,-37.52722788793652
45.53,43.15,4.197271,1.782372,6.364379,4.19125,1.787956,6.375129,-60.747116394431856,-42.84347858195828
45.54,43.16,4.21151,1.77986,6.338072,4.205787,1.785987,6.348616,-61.508078951170056,-46.95261881016918
45.55,43.17,4.226106,1.77572,6.311619,4.220754,1.781848,6.322581,-63.97688570075086,-48.867072487769946
45.56,43.18,4.239684,1.771249,6.285594,4.235037,1.776694,6.297275,-68.30607445672723,-49.521115352721765
45.57,43.19,4.251947,1.766849,6.258316,4.247429,1.772338,6.270044,-68.93172245249693,-50.542178360264096
45.58,43.2,4.264072,1.764019,6.231094,4.259254,1.768709,6.24299,-67.95155601376264,-44.228710898653844
45.59,43.21,4.274081,1.762584,6.203129,4.270229,1.766927,6.215412,-72.58835779481261,-48.42875380574351
45.6,43.22,4.284355,1.761115,6.174402,4.279788,1.766087,6.186635,-69.52766567017204,-47.431162870190796
45.61,43.23,4.293747,1.757668,6.144753,4.289784,1.763721,6.156574,-71.46623036990778,-56.78656261982291
45.62,43.24,4.302392,1.752182,6.114757,4.29912,1.758772,6.126435,-74.34792685466489,-63.595148129360894
45.63,43.25,4.311287,1.745885,6.08545,4.308637,1.751784,6.09764,-77.73522627210778,-65.80901640537819
45.64,43.26,4.319376,1.739135,6.05562,4.31723,1.744673,6.068099,-80.24234900697726,-68.81842561903481
45.65,43.27,4.327627,1.733122,6.025326,4.324896,1.738745,6.037623,-77.4785926153677,-64.09490536170993
45.66,43.28,4.334494,1.728789,5.995152,4.331717,1.73393,6.007721,-77.54119763228717,-61.6235335159993
45.67,43.29,4.340873,1.725828,5.964334,4.337691,1.730953,5.976792,-75.67195197638772,-58.164761903052145
45.68,43.3,4.34473,1.722819,5.932674,4.342343,1.72835,5.945125,-79.14741714864952,-66.6565405674702
45.69,43.31,4.349775,1.717386,5.900524,4.347318,1.723761,5.912661,-78.55577086387014,-68.92275042012304
45.7,43.32,4.354212,1.710244,5.867891,4.352054,1.717084,5.879799,-79.72818337740712,-72.48966687951398
45.71,43.33,4.358726,1.702478,5.835749,4.356523,1.709024,5.847792,-79.63362125564599,-71.39978291562903
45.72,43.34,4.363252,1.69484,5.804234,4.360809,1.700846,5.816503,-78.73857149780015,-67.865479269724
45.73,43.35,4.364951,1.687741,5.771982,4.363218,1.693518,5.784499,-82.11741346321644,-73.30166567055734
45.74,43.36,4.367169,1.681606,5.739177,4.365224,1.687081,5.751814,-81.25009004269914,-70.4423597940552
45.75,43.37,4.368347,1.67643,5.706141,4.366488,1.682094,5.718595,-81.5101829211992,-71.8294773309878
45.76,43.38,4.368286,1.671531,5.672736,4.366723,1.677399,5.685256,-82.88399569817385,-75.08499263606569
45.77,43.39,4.368336,1.665142,5.638935,4.365277,1.671864,5.65124,-76.0393778425559,-65.53100476261
45.78,43.4,4.367797,1.657152,5.605067,4.365726,1.664276,5.617129,-80.25752388180335,-73.79045768131557
45.79,43.41,4.367485,1.647749,5.571082,4.364095,1.654794,5.58266,-73.68014426726657,-64.30349679355234
45.8,43.42,4.367068,1.637475,5.537215,4.365276,1.645113,5.549024,-81.37127311448347,-76.7962794476797
45.81,43.43,4.366017,1.627539,5.50339,4.361975,1.634691,5.514945,-70.71989352518577,-60.52675084431585
45.82,43.44,4.364562,1.618834,5.469333,4.36211,1.625572,5.481694,-78.78012571365113,-70.00323959767529
45.83,43.45,4.360557,1.611308,5.435567,4.359182,1.617864,5.447911,-83.64401601324514,-78.15495342146785
45.84,43.46,4.357913,1.605,5.400888,4.355926,1.611269,5.413525,-81.0641635369306,-72.41365220151643
45.85,43.47,4.353076,1.59843,5.366247,4.352554,1.604504,5.378886,-87.6349862437617,-85.08806551810723
45.86,43.48,4.349592,1.590096,5.330963,4.348989,1.596508,5.343492,-87.24457529949781,-84.62756692366386
45.87,43.49,4.34378,1.579367,5.295706,4.344204,1.586713,5.307621,-92.03803305779306,-93.30336061733836
45.88,43.5,4.337693,1.567268,5.260167,4.339993,1.575871,5.272053,-100.95166449009253,-104.96788886185949
45.89,43.51,4.333826,1.55478,5.225084,4.335524,1.563207,5.236708,-98.310819427957,-101.39228211068317
45.9,43.52,4.328372,1.543647,5.189729,4.329629,1.551175,5.201583,-96.05303317906765,-99.47960041780084
45.91,43.53,4.322452,1.53445,5.154421,4.322567,1.541594,5.166456,-90.54747105228175,-90.92223482667796
45.92,43.54,4.315974,1.52669,5.118833,4.316101,1.533558,5.131023,-90.5969073620204,-91.05936732546805
45.93,43.55,4.308201,1.520573,5.082315,4.309832,1.526792,5.094768,-97.46169697136034,-104.69548221958077
45.94,43.56,4.300636,1.51332,5.045088,4.303532,1.51967,5.057165,-103.48460792169685,-114.51597362815366
45.95,43.57,4.292248,1.504172,5.007373,4.294505,1.51104,5.0192,-100.80410914662319,-108.1918423419822
45.96,43.58,4.284074,1.492652,4.969742,4.287387,1.50016,4.981122,-106.23158688898194,-113.81007677597795
45.97,43.59,4.277019,1.481693,4.931623,4.278668,1.487771,4.943625,-97.82310270298116,-105.17931484708461
45.98,43.6,4.267092,1.467263,4.894851,4.27148,1.475442,4.905837,-111.77262939044145,-118.21337582953366
45.99,43.61,4.258961,1.456156,4.857697,4.26087,1.463088,4.869687,-99.0464736716078,-105.39699673850491
46.0,43.62,4.249525,1.44709,4.820544,4.25005,1.453141,4.83295,-92.42321032241922,-94.95870840083033
46.01,43.63,4.240425,1.439112,4.783032,4.243417,1.444327,4.795729,-103.25963384909691,-119.84417039935742
46.02,43.64,4.230029,1.43175,4.744625,4.231974,1.436808,4.757533,-98.56896351407701,-111.03371554724797
46.03,43.65,4.220246,1.424549,4.705048,4.221673,1.430071,4.717983,-96.29546057498195,-104.48943473917257
46.04,43.66,4.209755,1.415887,4.664738,4.211255,1.422694,4.677034,-96.95519717685312,-102.42716738714903
46.05,43.67,4.198713,1.405502,4.624557,4.202152,1.413086,4.636218,-106.43156162864324,-114.39213639110618
46.06,43.68,4.187196,1.394793,4.58464,4.190777,1.401676,4.596343,-107.01358246250479,-117.48648683337858
46.07,43.69,4.175166,1.381644,4.545539,4.180424,1.390013,4.55609,-116.48897564200689,-122.13995510315586
46.08,43.7,4.164836,1.371331,4.506175,4.169129,1.37845,4.517791,-110.28312514367236,-121.09141123249908
46.09,43.71,4.153468,1.362706,4.466965,4.154104,1.368216,4.479815,-92.83349447332692,-96.58431277127096
46.1,43.72,4.140908,1.354762,4.426983,4.142962,1.36064,4.439915,-99.02494735823727,-109.26138486967453
46.11,43.73,4.128626,1.348211,4.386705,4.129861,1.354095,4.399811,-95.38317987303105,-101.85381017912675
46.12,43.74,4.114379,1.343708,4.345994,4.117084,1.348732,4.358837,-101.89382919972587,-118.29871548756255
46.13,43.75,4.102628,1.337591,4.303456,4.104154,1.343782,4.316345,-96.75213197636334,-103.84663849943489
46.14,43.76,4.089373,1.329465,4.261579,4.091941,1.336102,4.273705,-101.95722267536071,-111.15254058327812
46.15,43.77,4.075,1.3201,4.219188,4.07921,1.32711,4.231431,-108.97655477877592,-120.98778999522257
46.16,43.78,4.062545,1.308527,4.177651,4.065573,1.316327,4.189273,-104.603212035396,-111.2164675718711
46.17,43.79,4.047741,1.298809,4.136464,4.051996,1.305437,4.148478,-109.50262507110355,-122.69938554566295
46.18,43.8,4.038128,1.288575,4.095716,4.037516,1.2962,4.107233,-86.95822974017679,-85.41114622071571
46.19,43.81,4.01964,1.282192,4.053151,4.024785,1.287115,4.066107,-111.6586855139541,-136.26317065930866
46.2,43.82,4.005081,1.276197,4.01135,4.00987,1.281864,4.024153,-110.50845859617435,-130.20008081225765
46.21,43.83,3.989987,1.272545,3.969273,3.994618,1.27682,3.982432,-109.38831829815858,-137.28906849363415
46.22,43.84,3.974073,1.269821,3.92626,3.978284,1.274566,3.938924,-108.39286250570517,-131.58778852422338
46.23,43.85,3.957753,1.265926,3.882564,3.962608,1.27068,3.894942,-111.41650927161874,-135.6022125749154
46.24,43.86,3.94082,1.260127,3.839841,3.946615,1.264814,3.851534,-116.36281544897518,-141.03404408692563
46.25,43.87,3.924276,1.251535,3.796479,3.930289,1.255662,3.808316,-116.92981541826954,-145.5363894816902
46.26,43.88,3.907614,1.241776,3.752432,3.912063,1.247593,3.7642,-110.7095570951319,-127.40974358285602
46.27,43.89,3.890841,1.23351,3.709098,3.895481,1.239536,3.720954,-111.37353763999828,-127.59615176608385
46.28,43.9,3.874235,1.227417,3.665912,3.877258,1.233046,3.677632,-104.46334474825458,-118.23759183783723
46.29,43.91,3.856964,1.223708,3.623231,3.861764,1.227963,3.635257,-111.75868210957827,-138.4443484565819
46.3,43.92,3.839332,1.221914,3.581281,3.844896,1.224632,3.593228,-114.97250726841771,-153.96460727064056
46.31,43.93,3.820913,1.220915,3.537457,3.826103,1.22368,3.549929,-112.59376416994651,-151.95330390043543
46.32,43.94,3.80264,1.219818,3.491898,3.807079,1.224144,3.504428,-109.50769643482944,-135.73862685904493
46.33,43.95,3.783195,1.217205,3.447046,3.788299,1.222498,3.458549,-113.92735606108235,-133.95857365047692
46.34,43.96,3.763602,1.213103,3.402897,3.76911,1.218509,3.414099,-116.18324918339442,-135.53545898556362
46.35,43.97,3.744736,1.208095,3.358539,3.754612,1.211474,3.369808,-131.23088869606303,-161.1119991946715
46.36,43.98,3.72564,1.203475,3.314772,3.739605,1.205452,3.325236,-143.15571248632807,-171.94228428581627
46.37,43.99,3.706419,1.199901,3.271137,3.72223,1.200453,3.28151,-146.732632340984,-178.0004787948256
46.38,44.0,3.687152,1.197676,3.227437,3.703423,1.19803,3.237496,-148.27496107063712,-178.75364104140516
46.39,44.01,3.667801,1.19703,3.183817,3.671751,1.201478,3.196978,-106.70603377984054,-131.60634399988976
46.4,44.02,3.648708,1.198574,3.140047,3.653096,1.202174,3.153269,-108.35951518938856,-140.6338843993353
46.41,44.03,3.629568,1.201733,3.095724,3.634015,1.205211,3.108872,-108.68689145750228,-141.9710269131574
46.42,44.04,3.610266,1.204131,3.05062,3.615009,1.208277,3.063438,-110.30581047557713,-138.84230946934198
46.43,44.05,3.590163,1.204767,3.00561,3.59596,1.208902,3.018058,-114.97126840319864,-144.49973741119118
46.44,44.06,3.569711,1.203587,2.960925,3.575944,1.207075,2.972984,-117.33332848699685,-150.76853118467722
46.45,44.07,3.54977,1.201407,2.91661,3.555471,1.204719,2.929516,-113.8326069984983,-149.8455236448237
46.46,44.08,3.529569,1.198984,2.871526,3.534504,1.202995,2.88393,-111.69540962571425,-140.89696351021166
46.47,44.09,3.509898,1.197713,2.827249,3.513453,1.201836,2.839641,-106.00705413069423,-130.76910272824793
46.48,44.1,3.489764,1.197658,2.782979,3.493779,1.202108,2.795792,-107.3985715784752,-132.05826817900473
46.49,44.11,3.469726,1.19956,2.739019,3.474351,1.203765,2.752076,-109.50496660613628,-137.72322808944173
46.5,44.12,3.449839,1.203023,2.695598,3.454365,1.206971,2.708686,-109.07604862394066,-138.90202330215504
46.51,44.13,3.429754,1.208751,2.651731,3.434379,1.211953,2.665065,-109.12949468999588,-145.30420228339244
46.52,44.14,3.409854,1.214506,2.606884,3.41513,1.217628,2.620513,-111.16220332415078,-149.38566228641335
46.53,44.15,3.391838,1.218294,2.560989,3.395117,1.221361,2.574763,-103.39043573629232,-136.91336111390595
46.54,44.16,3.368538,1.219216,2.516651,3.373698,1.223255,2.529704,-111.56945324175788,-141.94786802272463
46.55,44.17,3.347748,1.219293,2.471828,3.352534,1.223662,2.484924,-110.07508863792931,-137.607956028931
46.56,44.18,3.327839,1.219262,2.428136,3.331524,1.223866,2.439951,-107.32226499502394,-128.67346455721176
46.57,44.19,3.307053,1.220063,2.382961,3.311698,1.224139,2.395699,-110.0347347355689,-138.7329613968093
46.58,44.2,3.286432,1.222257,2.339532,3.291562,1.226147,2.352336,-111.83380612721143,-142.82751795014525
46.59,44.21,3.265792,1.226715,2.296937,3.270422,1.229372,2.309814,-109.77634222713665,-150.14994742423923
46.6,44.22,3.245964,1.232258,2.25457,3.25051,1.23334,2.267945,-108.77227316999593,-166.61204610440242
46.61,44.23,3.225424,1.238812,2.211915,3.230168,1.239938,2.225039,-109.87366449014333,-166.64778467718222
46.62,44.24,3.203111,1.245617,2.168002,3.209179,1.247476,2.181239,-114.62729074961567,-162.966965816416
46.63,44.25,3.181676,1.25115,2.12411,3.187359,1.253863,2.13703,-113.7428064951424,-154.4807177082821
46.64,44.26,3.159004,1.254933,2.080485,3.164557,1.258398,2.093056,-113.8325322387853,-148.03637147007663
46.65,44.27,3.137062,1.25751,2.036719,3.141911,1.261176,2.0495,-110.77630874344082,-142.9095465506582
46.66,44.28,3.115422,1.259373,1.993474,3.120152,1.263265,2.006097,-110.54161854715029,-140.55132525942898
46.67,44.29,3.094455,1.261841,1.950604,3.098921,1.265038,1.962986,-109.83360662514845,-144.4029006111059
46.68,44.3,3.073047,1.264809,1.907903,3.078372,1.267806,1.920332,-113.19191385114708,-150.62845538434016
46.69,44.31,3.050114,1.269155,1.865977,3.055997,1.272181,1.878416,-115.31171386805063,-152.78036759962836
46.7,44.32,3.027298,1.274576,1.82488,3.033665,1.277237,1.837472,-116.8229176712514,-157.31818264532419
46.71,44.33,3.004217,1.281763,1.784646,3.010424,1.283873,1.79737,-116.0039668658056,-161.2251110783151
46.72,44.34,2.980928,1.290753,1.744631,2.986825,1.292105,1.757135,-115.24899070404751,-167.08701421748358
46.73,44.35,2.956649,1.298694,1.703596,2.962952,1.300525,1.715929,-117.07011568216792,-163.80159924588708
46.74,44.36,2.931687,1.304878,1.6624,2.938288,1.307396,1.674236,-119.14863990330095,-159.12028006827842
46.75,44.37,2.908048,1.309825,1.620794,2.913443,1.31237,1.632701,-114.37503388763393,-154.7451975225935
46.76,44.38,2.882916,1.313421,1.57984,2.889067,1.315636,1.591784,-117.2478607917,-160.19584627244117
46.77,44.39,2.858907,1.316683,1.539086,2.865378,1.319688,1.550838,-118.8384854254771,-155.09080887643393
46.78,44.4,2.833819,1.320551,1.499001,2.840565,1.323711,1.510731,-119.903490214144,-154.90039918535203
46.79,44.41,2.808613,1.326274,1.46007,2.815404,1.329085,1.472024,-119.60066260074424,-157.51385914200742
46.8,44.42,2.783056,1.333594,1.422212,2.790241,1.335891,1.434406,-120.5076216410858,-162.2712437884616
46.81,44.43,2.757047,1.34234,1.385827,2.764352,1.344568,1.397495,-122.04950133341737,-163.03847350946182
46.82,44.44,2.730067,1.353033,1.349198,2.736747,1.354207,1.36083,-119.86779704312286,-170.032148084586
46.83,44.45,2.704144,1.362378,1.310981,2.709665,1.363901,1.322816,-115.00894206268042,-164.57817122976743
46.84,44.46,2.67408,1.369444,1.273551,2.680987,1.371947,1.285188,-120.69073483486301,-160.08019339831353
46.85,44.47,2.645823,1.375404,1.236347,2.65379,1.378157,1.248341,-123.5940522676485,-160.93738934923357
46.86,44.48,2.617726,1.381477,1.200222,2.62633,1.383027,1.211352,-127.70566657461856,-169.78777021643452
46.87,44.49,2.590055,1.387725,1.163682,2.598441,1.389166,1.174917,-126.73830181884388,-170.24985629215863
46.88,44.5,2.561508,1.395706,1.128712,2.56985,1.397026,1.140161,-126.07792628501204,-171.0083286351994
46.89,44.51,2.533188,1.405113,1.095058,2.541809,1.405944,1.106404,-127.22855953871199,-174.4941254617839
46.9,44.52,2.504145,1.416397,1.062782,2.512411,1.417009,1.074342,-125.56673577173204,-175.76564777661142
46.91,44.53,2.474393,1.428048,1.030768,2.482733,1.429014,1.042022,-126.54102891521978,-173.39302374135178
46.92,44.54,2.443275,1.43849,0.997839,2.452004,1.440229,1.009042,-127.92451991450419,-168.73299137885812
46.93,44.55,2.412162,1.447411,0.965161,2.421182,1.449408,0.976265,-129.08764214924912,-167.51626257562523
46.94,44.56,2.381588,1.455541,0.93338,2.390902,1.457585,0.944437,-130.10952328489373,-167.62239221339263
46.95,44.57,2.350647,1.463915,0.901729,2.360524,1.465388,0.91242,-132.7336426557109,-171.51774708795384
46.96,44.58,2.320513,1.473355,0.870976,2.329555,1.474757,0.882152,-128.97476754066972,-171.1862349379811
46.97,44.59,2.289848,1.485106,0.843086,2.299478,1.48554,0.853656,-132.33568281587625,-177.4195686805509
46.98,44.6,2.259005,1.498811,0.816403,2.268842,1.497923,0.826934,-133.0485126834962,174.84180930904168
46.99,44.61,2.227249,1.512041,0.790381,2.237447,1.51144,0.800267,-135.89000425198674,176.6272817141102
47.0,44.62,2.1941,1.524665,0.763026,2.204941,1.524977,0.77287,-137.75947390561277,-178.35150353172176
47.01,44.63,2.161023,1.535555,0.736587,2.17215,1.535989,0.745518,-141.24800080336547,-177.76635482818642
47.02,44.64,2.128606,1.54588,0.711645,2.140321,1.545703,0.719713,-145.44521520495823,179.13439339303062
47.03,44.65,2.09603,1.556137,0.685891,2.107761,1.555434,0.694043,-145.20414119432576,176.5705549443474
47.04,44.66,2.06334,1.568218,0.661275,2.074733,1.566967,0.669742,-143.38116787737798,173.73378241477155
47.05,44.67,2.031332,1.581049,0.638384,2.042933,1.579675,0.647038,-143.27815927205643,173.24546467104827
47.06,44.68,1.999627,1.595444,0.617389,2.011091,1.593937,0.625835,-143.61939902373845,172.51112386403295
47.07,44.69,1.966904,1.609629,0.59655,1.978647,1.608642,0.605016,-144.21065322733745,175.19557782715808
47.08,44.7,1.932669,1.622296,0.575457,1.94487,1.622689,0.583736,-145.84110931711797,-178.15511360790225
47.09,44.71,1.898617,1.633339,0.554302,1.91051,1.635032,0.562876,-144.21110026224648,-171.89822716344932
47.1,44.72,1.865367,1.644492,0.534394,1.87799,1.645902,0.541767,-149.71111854442003,-173.62643217235333
47.11,44.73,1.833204,1.656261,0.515324,1.846086,1.657197,0.521595,-154.04302853658157,-175.8442189656306
47.12,44.74,1.800263,1.66871,0.496781,1.812734,1.669849,0.503246,-152.5976548856277,-174.781545969239
47.13,44.75,1.767496,1.682395,0.479879,1.779991,1.682682,0.486754,-151.17952568612407,-178.68419385406872
47.14,44.76,1.736038,1.696413,0.465005,1.748111,1.696312,0.471686,-151.04057822643023,179.52068758916
47.15,44.77,1.702788,1.710812,0.450701,1.715361,1.710728,0.457465,-151.7207168658129,179.61721356294933
47.16,44.78,1.6694,1.723065,0.435732,1.681276,1.724684,0.443001,-148.5302510562727,-172.23698691415555
47.17,44.79,1.636227,1.734728,0.420901,1.647329,1.737009,0.428178,-146.75646179032904,-168.38966673489548
47.18,44.8,1.601875,1.745434,0.404769,1.613955,1.747796,0.413958,-142.74052091586213,-168.93655050989497
47.19,44.81,1.569256,1.756516,0.390143,1.581852,1.75789,0.400584,-140.34419097545586,-173.77466132488635
47.2,44.82,1.537019,1.768096,0.377082,1.550155,1.768962,0.388262,-139.5990192768201,-176.22819362796616
47.21,44.83,1.504111,1.780249,0.364992,1.517229,1.781558,0.378447,-134.27341125841954,-174.3015156549471
47.22,44.84,1.471938,1.793362,0.354921,1.484637,1.794753,0.370041,-130.02625990154584,-173.7489598246815
47.23,44.85,1.43892,1.804985,0.347319,1.451449,1.8073,0.362768,-129.04174146988393,-169.53145060031102
47.24,44.86,1.405646,1.816585,0.341646,1.418535,1.818836,0.354912,-134.17419181354757,-170.09348871460668
47.25,44.87,1.372149,1.828447,0.347294,1.385162,1.829705,0.346882,178.1865843063301,-174.47822915002865
47.26,44.88,1.339489,1.838172,0.338607,1.35301,1.839854,0.339553,-175.99780899646103,-172.90888647525497
47.27,44.89,1.307691,1.848332,0.33195,1.321251,1.850083,0.334583,-169.01138843583078,-172.64212385761653
47.28,44.9,1.277301,1.859726,0.325422,1.290735,1.860812,0.331558,-155.45137733125682,-175.37827887478247
47.29,44.91,1.246519,1.870971,0.319518,1.260064,1.872595,0.330395,-141.23459698984038,-173.16306463624852
47.3,44.92,1.215536,1.882365,0.335816,1.228545,1.883711,0.329704,154.83452058841002,-174.0928070333364
47.31,44.93,1.184285,1.891922,0.348421,1.196437,1.892794,0.329129,122.20676041152423,-175.89561969056302
47.32,44.94,1.152258,1.897821,0.329952,1.165659,1.90104,0.328342,173.1493029092712,-166.49310958229137
47.33,44.95,1.121231,1.90407,0.3153,1.135238,1.908826,0.328786,-136.0856410209664,-161.24536322642265
47.34,44.96,1.09013,1.912086,0.303017,1.105312,1.917434,0.330587,-118.8403028987736,-160.59471596945315
47.35,44.97,1.059793,1.920408,0.29152,1.076195,1.926715,0.334817,-110.74795643887516,-158.96693665949746
47.36,44.98,1.034392,1.933048,0.344139,1.047623,1.935208,0.341048,166.85050962534314,-170.7280868750306
47.37,44.99,1.005797,1.939542,0.35155,1.019235,1.942822,0.348135,165.74125755341532,-166.28322400769693
47.38,45.0,0.977147,1.944785,0.358659,0.989433,1.948791,0.353978,159.14302094147058,-161.9408109843044
47.39,45.01,0.950069,1.949548,0.366558,0.961749,1.95363,0.360417,152.26592835351434,-160.73617870418846
47.4,45.02,0.922837,1.955026,0.374998,0.934316,1.95847,0.36787,148.16137242593808,-163.29938200808607
47.41,45.03,0.895791,1.961326,0.384573,0.907466,1.964182,0.378233,151.49623946668515,-166.25395585568495
47.42,45.04,0.8695,1.967499,0.395055,0.881267,1.970212,0.388575,151.1587476725221,-167.01676341365936
47.43,45.05,0.843645,1.972923,0.406719,0.855928,1.976199,0.400628,153.62371004529723,-165.06626020438839
47.44,45.06,0.818429,1.975865,0.41901,0.8301,1.980312,0.412931,152.4866297104621,-159.1416632721213
47.45,45.07,0.792374,1.977608,0.431289,0.803837,1.982763,0.425205,152.04282281705918,-155.78618084754893
47.46,45.08,0.767989,1.979249,0.444596,0.778998,1.984195,0.437999,149.06839941542358,-155.8071048084714
47.47,45.09,0.744608,1.981269,0.458714,0.754914,1.986416,0.450678,142.05503375299492,-153.46164043767467
47.48,45.1,0.722166,1.98382,0.474093,0.732027,1.988129,0.465051,137.48087150419403,-156.395925955062
47.49,45.11,0.69924,1.986858,0.49016,0.710052,1.990801,0.482512,144.72585558770106,-159.9637252694099
47.5,45.12,0.67814,1.988834,0.507807,0.688629,1.993379,0.500192,144.02040044025307,-156.57238027511053
47.51,45.13,0.656802,1.988496,0.525671,0.666689,1.994215,0.518259,143.14215798543074,-149.95335189936526
47.52,45.14,0.636116,1.98685,0.544186,0.644745,1.993152,0.536261,137.43517808006362,-143.85829934337534
47.53,45.15,0.616142,1.984454,0.562318,0.624105,1.991245,0.553766,132.95743768241354,-139.54181535061548
47.54,45.16,0.597047,1.982828,0.580951,0.604538,1.989278,0.572151,130.40608987437574,-139.27045536322788
47.55,45.17,0.57975,1.981644,0.600627,0.586002,1.987549,0.590274,121.12706137030311,-136.6349624771679
47.56,45.18,0.562565,1.980571,0.6219,0.569243,1.986211,0.610983,121.45439709527083,-139.81675961370905
47.57,45.19,0.544847,1.979671,0.643774,0.552222,1.985323,0.633683,126.16117485166787,-142.53442333696594
47.58,45.2,0.527602,1.976009,0.666126,0.535423,1.983158,0.656552,129.24538411552297,-137.57026939538636
47.59,45.21,0.510624,1.971614,0.688166,0.518128,1.979009,0.678689,128.37259521751818,-135.41916427609996
47.6,45.22,0.49378,1.966468,0.710371,0.500926,1.973613,0.700566,126.08500835835686,-135.00400922114767
47.61,45.23,0.478575,1.961164,0.732899,0.484445,1.968593,0.722434,119.28882280212954,-128.3139113379404
47.62,45.24,0.465235,1.956389,0.756219,0.469745,1.9634,0.744919,111.7576856093748,-122.75215764853913
47.63,45.25,0.451974,1.95204,0.780685,0.456927,1.958478,0.769444,113.77920902945476,-127.57246266786322
47.64,45.26,0.439457,1.948059,0.806635,0.444897,1.954741,0.795511,116.06014622479525,-129.14998313437496
47.65,45.27,0.42706,1.942272,0.832301,0.432999,1.949934,0.822158,120.35012356920349,-127.78012231744107
47.66,45.28,0.414982,1.935031,0.858677,0.420411,1.94318,0.848544,118.18125751854258,-123.67221584621059
47.67,45.29,0.402988,1.926752,0.884674,0.408094,1.935049,0.874624,116.93328844130156,-121.60827282206489
47.68,45.3,0.392952,1.918207,0.910977,0.39653,1.926845,0.900295,108.51858284545241,-112.50013162228943
47.69,45.31,0.384024,1.910523,0.936716,0.384573,1.918609,0.925779,92.87364025608368,-93.88414325976666
47.7,45.32,0.375487,1.903139,0.964246,0.378236,1.910464,0.95308,103.83080949881533,-110.57061622846524
47.71,45.33,0.367406,1.896282,0.992941,0.368945,1.90368,0.981434,97.61779871158978,-101.7515870582734
47.72,45.34,0.360129,1.888522,1.02236,0.362064,1.896287,1.01141,100.02141164760776,-103.99283100501654
47.73,45.35,0.35316,1.878904,1.051982,0.356533,1.887591,1.041583,107.9708913319288,-111.2202622063323
47.74,45.36,0.346425,1.868521,1.081567,0.349194,1.877076,1.07083,104.46109447019612,-107.93523042163464
47.75,45.37,0.340204,1.857304,1.110123,0.342003,1.865602,1.099221,99.37025485503973,-102.23237715650608
47.76,45.38,0.334945,1.846155,1.139483,0.336129,1.854107,1.128385,96.08961714031356,-98.4687450108062
47.77,45.39,0.330609,1.836016,1.169867,0.330444,1.843718,1.158256,89.18584382736138,-88.77273983920776
47.78,45.4,0.327576,1.827674,1.200956,0.326419,1.834542,1.188924,84.50731249492587,-80.43759792954225
47.79,45.41,0.325651,1.819336,1.233021,0.325408,1.826403,1.221393,88.80281663604488,-88.03065075409492
47.8,45.42,0.324079,1.808773,1.265257,0.323379,1.816908,1.254252,86.36046462673612,-85.08193047359075
47.81,45.43,0.322701,1.796273,1.297441,0.323638,1.805241,1.286977,95.11690948016366,-95.96477008296804
47.82,45.44,0.321552,1.783199,1.32928,0.321607,1.791778,1.318523,90.29294788632824,-90.36731841716943
47.83,45.45,0.321301,1.769988,1.36173,0.319567,1.777775,1.350208,81.44151556931989,-77.44626448798087
47.84,45.46,0.320981,1.756859,1.394175,0.321243,1.765228,1.383417,91.39510387029306,-91.79311662418134
47.85,45.47,0.322224,1.746021,1.427396,0.321866,1.753444,1.41592,88.21320676597273,-87.23885116978322
47.86,45.48,0.325246,1.736399,1.460783,0.323673,1.743785,1.449085,82.3415221742182,-77.97731104821878
47.87,45.49,0.329486,1.726893,1.494446,0.326898,1.73382,1.482604,77.67216812575514,-69.51378341033411
47.88,45.5,0.334091,1.714834,1.529039,0.332174,1.722584,1.516766,81.12233152450958,-76.10648655611985
47.89,45.51,0.338187,1.701222,1.563135,0.335815,1.709277,1.552245,77.71207469852492,-73.59159147083288
47.9,45.52,0.342679,1.686804,1.597967,0.341898,1.695109,1.58717,85.86272091037426,-84.6277194348222
47.91,45.53,0.347159,1.672736,1.632475,0.345203,1.680464,1.62146,79.93060741076408,-75.7964089845441
47.92,45.54,0.353517,1.660471,1.667149,0.351421,1.667698,1.655964,79.38622127747509,-73.82659778301357
47.93,45.55,0.361684,1.64951,1.701019,0.358387,1.656969,1.68953,73.98810133373124,-66.15378736401507
47.94,45.56,0.370473,1.63896,1.736141,0.367731,1.645652,1.724099,77.17229200551547,-67.7189790753823
47.95,45.57,0.380001,1.62868,1.772254,0.378374,1.635433,1.760227,82.2958559038415,-76.45389667510166
47.96,45.58,0.389812,1.61736,1.809012,0.388066,1.624948,1.79739,81.45621689562482,-77.04178528870483
47.97,45.59,0.400309,1.604797,1.844839,0.396842,1.612715,1.834167,72.00263690418068,-66.3531629545971
47.98,45.6,0.410799,1.591135,1.879956,0.406788,1.598319,1.869015,69.86692796194109,-60.82432627279377
47.99,45.61,0.421107,1.575912,1.916244,0.418876,1.583793,1.905144,78.63548217461194,-74.19393012591182
48.0,45.62,0.432335,1.562748,1.952786,0.430067,1.570115,1.941412,78.72300838107793,-72.88852717141337
48.01,45.63,0.444562,1.551473,1.989057,0.442561,1.558261,1.97702,80.56160796269803,-73.57527833193969
48.02,45.64,0.458282,1.542288,2.025002,0.455148,1.548052,2.01268,75.72986181791252,-61.466206011158306
48.03,45.65,0.472661,1.532876,2.062399,0.470082,1.538658,2.049927,78.3168592541239,-65.96124411566724
48.04,45.66,0.487205,1.522348,2.100707,0.486507,1.52938,2.089228,86.52031770366612,-84.33135932528789
48.05,45.67,0.503233,1.510707,2.138383,0.500772,1.518684,2.127128,77.66592285906361,-72.85437931093425
48.06,45.68,0.519158,1.496597,2.175644,0.516607,1.504969,2.164775,76.79151073107548,-73.05369813171713
48.07,45.69,0.534832,1.481269,2.213331,0.532293,1.490221,2.202551,76.74674215993363,-74.16540297953632
48.08,45.7,0.550161,1.465395,2.250345,0.548364,1.474999,2.240596,79.55609265202273,-79.4019582952992
48.09,45.71,0.565104,1.450267,2.287741,0.563975,1.459718,2.277713,83.57641746941394,-83.1878274297233
48.1,45.72,0.580851,1.435579,2.325349,0.580047,1.444897,2.314932,85.58657376235548,-85.06847025097785
48.11,45.73,0.597313,1.420625,2.36285,0.595809,1.430041,2.352688,81.58120470498962,-80.92491233673714
48.12,45.74,0.613674,1.405768,2.399879,0.610724,1.415099,2.389979,73.40700651025308,-72.4556257974504
48.13,45.75,0.629921,1.390757,2.437308,0.626923,1.399079,2.426748,74.15067531459702,-70.1884471568011
48.14,45.76,0.64611,1.375702,2.475102,0.643038,1.383927,2.464412,73.96686394660881,-69.51956903442564
48.15,45.77,0.662652,1.360998,2.513496,0.659676,1.369313,2.503306,73.71950152605486,-70.30733578964626
48.16,45.78,0.678907,1.346996,2.553087,0.675786,1.355288,2.542313,73.84481519978682,-69.37432097917811
48.17,45.79,0.694429,1.334461,2.593643,0.691563,1.342374,2.58259,75.4635660578388,-70.09018029306334
48.18,45.8,0.709715,1.321278,2.634485,0.706392,1.329828,2.624016,72.38986864748745,-68.76113728125777
48.19,45.81,0.72489,1.30734,2.675098,0.721104,1.316022,2.66506,69.33519156708456,-66.43920509138604
48.2,45.82,0.740761,1.292385,2.715317,0.736222,1.29974,2.704433,67.36219543351355,-58.31996984007214
48.21,45.83,0.756421,1.274727,2.755685,0.752502,1.283231,2.745579,68.80423366205075,-65.25776691358287
48.22,45.84,0.771161,1.257327,2.796261,0.76773,1.265976,2.786351,70.90333084678575,-68.36210607487696
48.23,45.85,0.786475,1.24151,2.837251,0.783026,1.249915,2.826925,71.53010153811596,-67.6891571734106
48.24,45.86,0.800877,1.227714,2.878417,0.798164,1.236096,2.868017,75.37935028030527,-72.06480067794926
48.25,45.87,0.814877,1.215511,2.920402,0.812585,1.223616,2.909968,77.61081011870513,-74.20971224116485
48.26,45.88,0.829694,1.205898,2.964302,0.826703,1.212974,2.952712,75.52955638769916,-67.08639255349078
48.27,45.89,0.843661,1.196707,3.00887,0.840401,1.203402,2.996934,74.7237623227738,-64.03713454170318
48.28,45.9,0.857529,1.185974,3.053974,0.854029,1.192171,3.042003,73.70249287864142,-60.54269858299143
48.29,45.91,0.871171,1.173171,3.099341,0.867745,1.179329,3.087177,74.27008503653593,-60.910648216648234
48.3,45.92,0.88324,1.159824,3.148392,0.882267,1.165065,3.132436,86.51041332162049,-79.4826879837635
48.31,45.93,0.901081,1.142292,3.18879,0.897748,1.150302,3.177912,72.96502801828841,-67.40756752841678
48.32,45.94,0.915682,1.128178,3.233628,0.912891,1.135858,3.222898,75.41978197097451,-70.02827547588835
48.33,45.95,0.92934,1.116261,3.27809,0.927357,1.123779,3.26747,79.42334855894674,-75.22380538705609
48.34,45.96,0.944014,1.106282,3.324273,0.940077,1.113271,3.312924,70.8681960563926,-60.60683954771034
48.35,45.97,0.957987,1.098459,3.370334,0.95441,1.105091,3.358318,73.42244635400775,-61.659589617858316
48.36,45.98,0.972157,1.092821,3.417236,0.969473,1.098383,3.404655,77.95719254215892,-64.2398916045631
48.37,45.99,0.986015,1.08595,3.465076,0.981981,1.09106,3.452757,71.86836331902303,-51.71129101535832
48.38,46.0,1.000598,1.076372,3.513874,0.996112,1.082093,3.501999,69.30501841355988,-51.89898912387211
48.39,46.01,1.015323,1.065243,3.562217,1.011152,1.07172,3.550483,70.43159450193917,-57.21964030148419
48.4,46.02,1.029757,1.052808,3.609512,1.026332,1.060422,3.598587,72.59373225504478,-65.78039039793191
48.41,46.03,1.044711,1.041589,3.657556,1.041921,1.049058,3.646241,76.14858098619595,-69.51712835294241
48.42,46.04,1.05936,1.03254,3.704674,1.056506,1.039683,3.693402,75.79166176259479,-68.22072151397575
48.43,46.05,1.074177,1.025758,3.752622,1.070919,1.032192,3.740483,74.97637732856349,-63.14360481778779
48.44,46.06,1.088933,1.020371,3.800182,1.086048,1.026138,3.787786,76.89841960316812,-63.42302793131666
48.45,46.07,1.10398,1.017498,3.848172,1.101067,1.02248,3.835586,76.96848403574526,-59.68496287037375
48.46,46.08,1.119032,1.015504,3.897337,1.114647,1.019516,3.884699,70.86478774130207,-42.45655760390015
48.47,46.09,1.134853,1.010938,3.947063,1.129406,1.015583,3.93501,65.68080525761276,-40.456317073256486
48.48,46.1,1.150928,1.003937,3.997367,1.145644,1.00976,3.985613,65.79374292962913,-47.77826749227411
48.49,46.11,1.16652,0.995807,4.047324,1.162557,1.002268,4.035363,71.66858206186203,-58.47619032876118
48.5,46.12,1.182112,0.987195,4.0967,1.178248,0.994484,4.084915,71.84700625452854,-62.07131701032611
48.51,46.13,1.19749,0.9804,4.145622,1.193621,0.986973,4.133796,71.88394832664474,-59.51807734954121
48.52,46.14,1.213091,0.975293,4.194239,1.209599,0.981385,4.181857,74.25036503887988,-60.178200794716666
48.53,46.15,1.228945,0.97275,4.242133,1.224425,0.977195,4.229679,70.05236295803019,-44.520682295857796
48.54,46.16,1.244394,0.972043,4.289579,1.238872,0.974555,4.277112,66.11004215047271,-24.46115086117022
48.55,46.17,1.259734,0.97236,4.338789,1.254663,0.974971,4.326102,68.21338616699998,-27.24342163398969
48.56,46.18,1.275053,0.972144,4.389614,1.26983,0.975608,4.377272,67.06244779733859,-33.55314819136971
48.57,46.19,1.29031,0.970058,4.440624,1.285574,0.974412,4.428216,69.10868296563126,-42.59360648799028
48.58,46.2,1.30624,0.966613,4.49116,1.302017,0.971423,4.478501,71.55147397839528,-48.71807811536099
48.59,46.21,1.322499,0.962206,4.541298,1.318358,0.966968,4.528416,72.17967136641866,-48.990019462280856
48.6,46.22,1.339173,0.957112,4.59013,1.334633,0.962703,4.577854,69.7042299868275,-50.92273449216299
48.61,46.23,1.355316,0.954495,4.638878,1.350397,0.959601,4.626833,67.78562122029594,-46.06863524725039
48.62,46.24,1.371517,0.953961,4.68731,1.366868,0.958287,4.674846,69.5447751648596,-42.93887987629634
48.63,46.25,1.387531,0.955179,4.735123,1.382691,0.958441,4.722307,69.31080919933278,-33.97866766211009
48.64,46.26,1.40423,0.957591,4.783335,1.39906,0.960842,4.770487,68.08028081259603,-32.16250740264456
48.65,46.27,1.420769,0.96155,4.83167,1.415759,0.964541,4.819048,68.35058497763197,-30.837454427526247
48.66,46.28,1.436831,0.964081,4.881014,1.432423,0.967479,4.868533,70.5479597703209,-37.62759252585404
48.67,46.29,1.453929,0.96483,4.930856,1.449642,0.968877,4.918159,71.34332148402984,-43.350469437391084
48.68,46.3,1.471282,0.964144,4.980129,1.46737,0.968445,4.967404,72.9111936712581,-47.711727023779666
48.69,46.31,1.488752,0.962413,5.028675,1.484152,0.967093,5.016297,69.61357059313588,-45.493916898617876
48.7,46.32,1.505242,0.962218,5.076938,1.500347,0.966145,5.064349,68.75234976062106,-38.738231117125395
48.71,46.33,1.522383,0.963088,5.124352,1.516971,0.966924,5.111922,66.47177620724686,-35.32883387357665
48.72,46.34,1.540194,0.965941,5.171353,1.534238,0.969672,5.158963,64.3259292683868,-32.06414543061946
48.73,46.35,1.557799,0.970739,5.21747,1.55216,0.974032,5.204825,65.96566076647024,-30.283594851935998
48.74,46.36,1.576564,0.978231,5.263142,1.570588,0.980784,5.250243,65.14210076365237,-23.132601586606672
48.75,46.37,1.595117,0.98628,5.309287,1.589753,0.988643,5.296443,67.3332720113244,-23.774904723662466
48.76,46.38,1.61349,0.992295,5.356155,1.608797,0.99518,5.343468,69.7002534646449,-31.580928791446492
48.77,46.39,1.631785,0.996851,5.402231,1.6278,0.999696,5.390255,71.5951970257667,-35.52407480563992
48.78,46.4,1.650595,1.001337,5.447759,1.646014,1.002877,5.435999,68.71705587114822,-18.581159027112566
48.79,46.41,1.671414,1.006202,5.494943,1.665306,1.007658,5.482131,64.51096892526171,-13.40771485775746
48.8,46.42,1.691319,1.012357,5.539339,1.684822,1.013946,5.527486,61.271474625375106,-13.743295195317897
48.81,46.43,1.711059,1.019981,5.582936,1.70517,1.021378,5.571179,63.39402744873643,-13.345136457669833
48.82,46.44,1.730845,1.028925,5.624837,1.726416,1.030781,5.613723,68.27240232014226,-22.736424087528057
48.83,46.45,1.753388,1.039997,5.666997,1.748841,1.042009,5.655359,68.65926985425199,-23.868889532386355
48.84,46.46,1.777817,1.052198,5.709795,1.771744,1.053684,5.69824,62.27478099739668,-13.749522470954174
48.85,46.47,1.802262,1.061434,5.752953,1.794997,1.063851,5.741463,57.6952848645674,-18.401818935933292
48.86,46.48,1.825916,1.069341,5.794915,1.818135,1.072078,5.784051,54.38905335034072,-19.37954058113364
48.87,46.49,1.849016,1.077024,5.837207,1.840746,1.079286,5.826259,52.93299803323029,-15.297318623052249
48.88,46.5,1.872243,1.085479,5.878606,1.863721,1.087722,5.867589,52.27690805813164,-14.745879381879915
48.89,46.51,1.89579,1.09543,5.918204,1.887378,1.09754,5.90704,53.002217520968166,-14.081108435164126
48.9,46.52,1.920268,1.10736,5.956494,1.911407,1.108556,5.945162,51.97655034400848,-7.6869554376374705
48.91,46.53,1.945387,1.120937,5.992677,1.936224,1.121394,5.981758,49.997317670037816,-2.8552322213163364
48.92,46.54,1.971951,1.135539,6.028717,1.962585,1.135731,6.017613,49.85304395343075,-1.1743806401675685
48.93,46.55,1.998155,1.148741,6.065658,1.988637,1.149243,6.054571,49.3544736701626,-3.0191065198972487
48.94,46.56,2.02452,1.160493,6.101536,2.015463,1.16011,6.09146,48.04862231248312,2.421465930372209
48.95,46.57,2.050616,1.171109,6.137861,2.041244,1.170349,6.127717,47.26528449182144,4.6361200292728455
48.96,46.58,2.078518,1.181868,6.174567,2.068357,1.181232,6.164079,45.90726688646689,3.581600143998051
48.97,46.59,2.105306,1.193079,6.209898,2.095309,1.193006,6.199169,47.02272919827887,0.4183772697269494
48.98,46.6,2.132983,1.205927,6.242729,2.122847,1.205718,6.232144,46.241338724782686,1.1812471638314235
48.99,46.61,2.160798,1.220336,6.273795,2.150612,1.21985,6.263175,46.1949804233448,2.73165594888089
49.0,46.62,2.189197,1.235764,6.302746,2.178329,1.234749,6.292893,42.19565804471854,5.335573471929399
49.01,46.63,2.218676,1.250852,6.332901,2.207566,1.250491,6.323254,40.968332000276874,1.8610712533029066
49.02,46.64,2.248302,1.264613,6.363369,2.236665,1.264328,6.354134,38.43514369452999,1.4029417853317003
49.03,46.65,2.278363,1.276438,6.393955,2.266734,1.276599,6.384696,38.52677388255155,-0.7931921223592864
49.04,46.66,2.307757,1.287424,6.424232,2.297088,1.288273,6.414634,41.97504539274111,-4.549801036587769
49.05,46.67,2.337145,1.299282,6.453391,2.326686,1.299976,6.443753,42.6606611294734,-3.796258417726751
49.06,46.68,2.367149,1.313011,6.480454,2.355616,1.312879,6.471362,38.25035510052418,0.6557454846879405
49.07,46.69,2.395941,1.32732,6.506067,2.384439,1.32661,6.496984,38.29775347030239,3.532294583890792
49.08,46.7,2.425359,1.34281,6.529322,2.413405,1.341299,6.520933,35.06015940596571,7.20405065487541
49.09,46.71,2.455548,1.358494,6.551378,2.443227,1.356609,6.543712,31.889450840437455,8.69828269486381
49.1,46.72,2.486206,1.373301,6.574779,2.474043,1.371632,6.567602,30.543505029586225,7.81329906080744
49.11,46.73,2.518952,1.386097,6.599165,2.506854,1.385651,6.591441,32.55630346067911,2.1112870353152178
49.12,46.74,2.551138,1.397578,6.623324,2.538901,1.397997,6.615225,33.49839285547535,-1.9610653143113534
49.13,46.75,2.582911,1.408858,6.646407,2.5702,1.40928,6.638501,31.880825597859456,-1.9014980271581476
49.14,46.76,2.611381,1.419629,6.668665,2.600881,1.421355,6.660995,36.147238857750374,-9.334852896811205
49.15,46.77,2.644143,1.434281,6.688807,2.630837,1.434155,6.681367,29.211574444216037,0.5425411428586185
49.16,46.78,2.67461,1.448831,6.706665,2.66083,1.448106,6.700037,25.6869466426785,3.0116963430587953
49.17,46.79,2.703789,1.463663,6.722508,2.690173,1.463007,6.717151,21.47637282496069,2.7582983619055805
49.18,46.8,2.735875,1.477054,6.738919,2.723596,1.47753,6.733565,23.55859748659824,-2.219980610838915
49.19,46.81,2.770452,1.490215,6.756707,2.756883,1.491409,6.750923,23.086891044942266,-5.02877189431961
49.2,46.82,2.80314,1.502021,6.774282,2.789558,1.503125,6.768161,24.259661158890065,-4.647016685070379
49.21,46.83,2.835177,1.513114,6.790599,2.82161,1.513952,6.784778,23.222032289215914,-3.5345279993104857
49.22,46.84,2.863091,1.523077,6.806213,2.85238,1.524988,6.800516,28.007757270329993,-10.115969802134815
49.23,46.85,2.896007,1.536381,6.818909,2.883315,1.536981,6.814106,20.728013578695823,-2.7065783841595055
49.24,46.86,2.925805,1.550133,6.829785,2.911675,1.549504,6.826765,12.064292386600574,2.5488512762164595
49.25,46.87,2.955513,1.563635,6.840068,2.941664,1.563273,6.83772,9.622590642618846,1.497317519881756
49.26,46.88,2.988209,1.57549,6.850613,2.974601,1.576476,6.847774,11.784429203473154,-4.144259527487165
49.27,46.89,3.021626,1.586193,6.861435,3.009718,1.588689,6.857479,18.377191000237488,-11.838210525028016
49.28,46.9,3.054649,1.596438,6.87144,3.042432,1.598916,6.867376,18.3997678255529,-11.465874537491024
49.29,46.91,3.085765,1.606416,6.880428,3.074068,1.608733,6.876816,17.160537782343212,-11.204391208149794
49.3,46.92,3.116432,1.61736,6.888236,3.1031,1.619022,6.885489,11.64260698329824,-7.105973826084654
49.31,46.93,3.146161,1.629116,6.893981,3.13248,1.630417,6.892004,8.222719039357033,-5.432228882902918
49.32,46.94,3.175579,1.641413,6.897858,3.161473,1.642892,6.897077,3.1690318624438296,-5.985535520806575
49.33,46.95,3.206589,1.652895,6.900477,3.19242,1.655244,6.900218,1.0472125356570392,-9.413134538098443
49.34,46.96,3.236919,1.662537,6.903454,3.219675,1.666513,6.903326,0.425291410691328,-12.98393905252907
49.35,46.97,3.268501,1.671369,6.906675,3.252138,1.675184,6.906991,-1.1063506710492674,-13.12394895583809
49.36,46.98,3.29863,1.679836,6.909385,3.281519,1.68369,6.909709,-1.0847767170589164,-12.693211035736828
49.37,46.99,3.328516,1.688993,6.910689,3.313463,1.692409,6.912767,-7.859753215215372,-12.785674544184896
49.38,47.0,3.357271,1.699041,6.910709,3.34489,1.701293,6.91449,-16.982005065633036,-10.308918808181923
49.39,47.01,3.3849,1.709577,6.908857,3.374365,1.711353,6.914001,-26.02520076341403,-9.569003359497124
49.4,47.02,3.413429,1.718523,6.905892,3.402164,1.721331,6.911159,-25.058645316413013,-13.996744002220721
49.41,47.03,3.44482,1.725937,6.904668,3.43093,1.729823,6.907954,-13.309934763696406,-15.630005469602278
49.42,47.04,3.473962,1.732244,6.901428,3.460834,1.736742,6.905536,-17.375890597854973,-18.912816036322692
49.43,47.05,3.501884,1.738798,6.89785,3.488677,1.742966,6.902917,-20.9898193214349,-17.515186484317724
49.44,47.06,3.528294,1.74575,6.892723,3.518393,1.749092,6.899729,-35.28342693380263,-18.651681710781446
49.45,47.07,3.557912,1.752979,6.888507,3.546021,1.755847,6.894474,-26.647867971030617,-13.560228650595553
49.46,47.08,3.585167,1.760867,6.882067,3.572722,1.763518,6.887954,-25.31608674258134,-12.025253550001224
49.47,47.09,3.611148,1.768005,6.87396,3.59929,1.770964,6.879892,-26.57664638324136,-14.011228940149214
49.48,47.1,3.638235,1.772808,6.865611,3.626278,1.777241,6.871178,-24.96598117207502,-20.342018568236853
49.49,47.11,3.665252,1.776741,6.857109,3.654159,1.781533,6.86293,-27.688033109914908,-23.363578393337118
49.5,47.12,3.691973,1.779963,6.848417,3.681711,1.784746,6.85565,-35.17745851484695,-24.9896841681164
49.51,47.13,3.717267,1.783492,6.838878,3.707647,1.788098,6.847203,-40.87240829748886,-25.584828191755882
49.52,47.14,3.742811,1.787827,6.828324,3.733626,1.791566,6.836593,-41.99582731425583,-22.15009586084023
49.53,47.15,3.767102,1.793065,6.816617,3.75756,1.796132,6.8249,-40.95984354134843,-17.818500177337086
49.54,47.16,3.79153,1.798306,6.803655,3.781371,1.801785,6.811458,-37.52741266302654,-18.904022649040265
49.55,47.17,3.815615,1.801472,6.790226,3.806567,1.806121,6.798047,-40.8398048378885,-27.19478817808204
49.56,47.18,3.840842,1.802861,6.776385,3.831378,1.80819,6.783874,-38.355077893557954,-29.38304144443748
49.57,47.19,3.86551,1.803678,6.762702,3.85633,1.808719,6.770727,-41.15940241351792,-28.772444924715867
49.58,47.2,3.888756,1.804238,6.748339,3.881362,1.809117,6.757595,-51.380979179617135,-33.419197198759015
49.59,47.21,3.910875,1.805309,6.733064,3.903855,1.809992,6.742893,-54.46507938440536,-33.70701559672847
49.6,47.22,3.93293,1.807524,6.717117,3.923911,1.811049,6.726228,-45.29074277280978,-21.347623655274962
49.61,47.23,3.954151,1.810212,6.699405,3.945471,1.814162,6.708474,-46.25553499473276,-24.46881626436974
49.62,47.24,3.974995,1.811673,6.680772,3.967244,1.81659,6.689614,-48.76181817148938,-32.38980629514068
49.63,47.25,3.995623,1.811637,6.661864,3.988651,1.817084,6.670578,-51.33698450364461,-37.99937033984272
49.64,47.26,4.017962,1.809597,6.642965,4.009006,1.815549,6.65177,-44.51289599303715,-33.60731292416667
49.65,47.27,4.037505,1.807492,6.623725,4.030145,1.813034,6.633606,-53.31890504785099,-36.97934978980895
49.66,47.28,4.057826,1.805488,6.604024,4.049473,1.811046,6.613964,-49.95825218873143,-33.63938433409984
49.67,47.29,4.076117,1.804861,6.583299,4.068788,1.809239,6.593573,-54.4976824757027,-30.852109380091864
49.68,47.3,4.094056,1.805685,6.562002,4.08636,1.809668,6.57224,-53.067474262828775,-27.363443909019573
49.69,47.31,4.110527,1.806429,6.539074,4.103163,1.810945,6.549269,-54.15885893057138,-31.51886027980485
49.7,47.32,4.127638,1.804632,6.515602,4.120594,1.81052,6.525542,-54.67663366626742,-39.89186947879714
49.71,47.33,4.143718,1.801369,6.491715,4.138211,1.807127,6.502433,-62.80551377594334,-46.27641912637086
49.72,47.34,4.158286,1.797153,6.468441,4.154881,1.802306,6.479536,-72.93901195443927,-56.544064537159976
49.73,47.35,4.178265,1.791694,6.44407,4.170136,1.797324,6.454956,-53.24987077859741,-34.705781030240395
49.74,47.36,4.192252,1.788127,6.419156,4.18611,1.793326,6.430042,-60.56783445003183,-40.246811072962835
49.75,47.37,4.205709,1.786244,6.393972,4.200073,1.790667,6.40534,-63.6288150939747,-38.12398742990809
49.76,47.38,4.218971,1.785251,6.367985,4.21337,1.789971,6.379373,-63.81049459502294,-40.12106226695979
49.77,47.39,4.230906,1.783272,6.341367,4.226051,1.78823,6.35305,-67.43413145980796,-45.60137048598284
49.78,47.4,4.243774,1.778845,6.314023,4.238927,1.78429,6.32555,-67.19368360742449,-48.32533976608856
49.79,47.41,4.256311,1.772344,6.285954,4.251178,1.77831,6.297234,-65.53194001476062,-49.29210500619217
49.8,47.42,4.267552,1.765569,6.258122,4.263533,1.771369,6.269657,-70.79075084169253,-55.28071025525055
49.81,47.43,4.279802,1.759128,6.230344,4.274934,1.765167,6.241667,-66.73609604947491,-51.12793058254871
49.82,47.44,4.289248,1.754965,6.202626,4.284743,1.759929,6.214557,-69.31407552507514,-47.77518148658649
49.83,47.45,4.296929,1.751904,6.174059,4.293358,1.756408,6.186653,-74.16943599030535,-51.59083193881926
49.84,47.46,4.305115,1.748209,6.143791,4.30096,1.753862,6.155735,-70.81857326889354,-53.683817454281936
49.85,47.47,4.31249,1.743151,6.112968,4.308511,1.749637,6.124442,-70.87427071394961,-58.47191759527997
49.86,47.48,4.32061,1.736234,6.082375,4.317202,1.743085,6.093797,-73.38639273567568,-63.55215218270245
49.87,47.49,4.327778,1.728489,6.051992,4.324595,1.735137,6.06369,-74.77845619627001,-64.415337978753
49.88,47.5,4.334002,1.720612,6.02152,4.330613,1.727248,6.033356,-74.02200246525074,-62.94663457405532
49.89,47.51,4.339004,1.713939,5.990207,4.335769,1.720175,6.00221,-74.91627738020287,-62.581429968236826
49.9,47.52,4.343882,1.708704,5.959251,4.34054,1.714612,5.971392,-74.6096003455264,-60.504302051300634
49.91,47.53,4.346725,1.704856,5.927414,4.343543,1.710534,5.939754,-75.54065961209781,-60.73335494633932
49.92,47.54,4.348847,1.700087,5.894992,4.346628,1.706106,5.90731,-79.78809695209097,-69.76278986901723
49.93,47.55,4.350618,1.693276,5.862039,4.348989,1.700092,5.874034,-82.26617028918025,-76.55864512760814
49.94,47.56,4.352386,1.6843,5.829132,4.351356,1.691436,5.840973,-85.0285888592625,-81.78673329947807
49.95,47.57,4.354414,1.674295,5.796225,4.35333,1.681386,5.808133,-84.79862993541093,-81.30849130329764
49.96,47.58,4.356311,1.663594,5.763265,4.355332,1.671299,5.774724,-85.11679144565086,-82.75878003843745
49.97,47.59,4.357291,1.65411,5.7299,4.357125,1.661269,5.741899,-89.20739289250166,-88.67168663849455
49.98,47.6,4.353537,1.646751,5.697356,4.355549,1.652778,5.708761,-100.00482728832716,-108.46061258547996
49.99,47.61,4.356208,1.639058,5.663009,4.354793,1.645738,5.675083,-83.31577018130648,-78.04003558883419
50.0,47.62,4.354245,1.632981,5.629013,4.351669,1.639122,5.641626,-78.45701366084499,-67.24313690294626
50.01,47.63,4.352545,1.625488,5.594691,4.350151,1.631853,5.607049,-79.03642318565508,-69.3877457276397
50.02,47.64,4.348812,1.615327,5.559475,4.348899,1.623386,5.570913,-90.43579617861586,-90.61850591766127
50.03,47.65,4.347797,1.604184,5.524377,4.346039,1.612301,5.535786,-81.24025275905637,-77.77948459381699
50.04,47.66,4.3431,1.592072,5.489327,4.339881,1.600086,5.499629,-72.64787543767514,-68.11604956216387
50.05,47.67,4.341723,1.579892,5.454817,4.337101,1.587894,5.464887,-65.34548802940813,-59.989029239853565
50.06,47.68,4.338358,1.569029,5.419911,4.336117,1.576936,5.431125,-78.69891083189704,-74.17622254218271
50.07,47.69,4.335158,1.560254,5.38471,4.333552,1.567188,5.396927,-82.51105751034508,-76.95952728650506
50.08,47.7,4.329177,1.552562,5.34956,4.330782,1.55915,5.361718,-97.52023731675476,-103.6919441834287
50.09,47.71,4.324241,1.545882,5.313653,4.324094,1.551377,5.32653,-89.34595684170209,-88.46761214291615
50.1,47.72,4.318023,1.537782,5.276636,4.319336,1.543015,5.289491,-95.83192343029997,-104.08518118633266
50.11,47.73,4.312415,1.526769,5.238779,4.314359,1.533445,5.250796,-99.18917771746806,-106.23515478099374
50.12,47.74,4.306321,1.513591,5.201224,4.308364,1.521066,5.212715,-100.08134984568841,-105.28624572782556
50.13,47.75,4.299574,1.499509,5.16356,4.302254,1.5073,5.174736,-103.4848744625524,-108.98253315978917
50.14,47.76,4.29417,1.486122,5.126675,4.296019,1.494026,5.138032,-99.24702711165565,-103.16655810663974
50.15,47.77,4.288167,1.473554,5.089561,4.288847,1.481565,5.101058,-93.38486505026282,-94.85182357320788
50.16,47.78,4.280782,1.463068,5.052181,4.282502,1.470742,5.063838,-98.39347720252114,-102.63311679446929
50.17,47.79,4.273007,1.453854,5.014682,4.274306,1.460993,5.026646,-96.19665685180244,-100.31261519645254
50.18,47.8,4.264894,1.446259,4.976491,4.266429,1.452413,4.988963,-97.0164321231364,-104.00557003912307
50.19,47.81,4.256176,1.438403,4.937214,4.258925,1.444412,4.94959,-102.52341548816862,-114.58316823855665
50.2,47.82,4.247462,1.428192,4.896751,4.250574,1.43516,4.908412,-104.94242601145913,-114.06616403457957
50.21,47.83,4.238303,1.416028,4.856695,4.241632,1.423688,4.867894,-106.55503862827268,-113.48953927260843
50.22,47.84,4.229551,1.402816,4.816662,4.232437,1.410413,4.827886,-104.41995229851076,-110.80112317467166
50.23,47.85,4.219877,1.388607,4.77693,4.223725,1.397116,4.787938,-109.26778606703445,-114.33376974840226
50.24,47.86,4.21112,1.376164,4.737519,4.214337,1.384024,4.748685,-106.0720483823383,-112.2586735682225
50.25,47.87,4.201038,1.365457,4.698102,4.201715,1.372801,4.709885,-93.28835135411471,-95.26687415325358
50.26,47.88,4.190387,1.356207,4.658332,4.19252,1.362812,4.670577,-99.88140612034887,-107.89719668102443
50.27,47.89,4.178946,1.348632,4.618626,4.181216,1.354253,4.631292,-100.1606773919143,-111.99096138134453
50.28,47.9,4.167643,1.342461,4.577858,4.170707,1.347221,4.590785,-103.33436029941733,-122.76928166901446
50.29,47.91,4.155498,1.33401,4.535856,4.157598,1.339428,4.548736,-99.26022153117336,-111.18617644040263
50.3,47.92,4.142329,1.323913,4.493219,4.145108,1.330424,4.505342,-102.91105705314794,-113.11357254063162
50.31,47.93,4.129447,1.312205,4.451064,4.132062,1.319233,4.463039,-102.31839541230325,-110.40938322521501
50.32,47.94,4.117783,1.299689,4.409407,4.119862,1.307654,4.420911,-100.24391312153513,-104.62878012622755
50.33,47.95,4.103533,1.289095,4.367505,4.10757,1.296198,4.37898,-109.38229412499521,-119.61179534604432
50.34,47.96,4.091292,1.280043,4.325431,4.096302,1.285647,4.338462,-111.0301447493539,-131.79685047583968
50.35,47.97,4.077923,1.272749,4.284754,4.079313,1.278898,4.297271,-96.33667491053909,-102.73779673872063
50.36,47.98,4.063134,1.267801,4.243125,4.064397,1.272675,4.25635,-95.4552564801942,-104.52751948396578
50.37,47.99,4.047448,1.264044,4.201198,4.051807,1.268008,4.21442,-108.24624108892728,-137.7171529842658
50.38,48.0,4.031968,1.258127,4.156642,4.039952,1.262422,4.171838,-117.71750001325361,-151.72193020600648
50.39,48.01,4.017488,1.250952,4.11332,4.030156,1.25471,4.128887,-129.13775615551782,-163.47685311743834
50.4,48.02,3.999952,1.2424,4.069786,4.021684,1.24579,4.08622,-142.9029896851906,-171.1338181326102
50.41,48.03,3.983732,1.231771,4.026189,4.004501,1.23531,4.042742,-141.44497406926902,-170.32978238140475
50.42,48.04,3.967052,1.221971,3.983163,3.989025,1.224182,4.000281,-142.07973295003094,-174.25403926121706
50.43,48.05,3.950865,1.213606,3.940018,3.969922,1.215729,3.956513,-139.12180671764725,-173.64330943531684
50.44,48.06,3.933836,1.208125,3.898,3.945485,1.2106,3.910423,-133.15837237776745,-168.0050419348173
50.45,48.07,3.916742,1.204055,3.855805,3.92216,1.208087,3.868112,-113.76088272954368,-143.34389158403283
50.46,48.08,3.899144,1.200432,3.812011,3.903993,1.204559,3.82416,-111.75830121808828,-139.5987834924128
50.47,48.09,3.881165,1.198048,3.766908,3.885951,1.202291,3.779472,-110.8533202101612,-138.44159726024398
50.48,48.1,3.862782,1.195274,3.722023,3.867799,1.200328,3.734214,-112.36878776157789,-134.78950111170926
50.49,48.11,3.844111,1.190541,3.677014,3.849687,1.195938,3.68875,-115.41329449557412,-135.9345698490793
50.5,48.12,3.82524,1.183956,3.632567,3.830734,1.189551,3.643834,-115.99472883796771,-134.4781572985483
50.51,48.13,3.806524,1.176604,3.588027,3.812292,1.182485,3.599149,-117.41178564294557,-134.44422525366338
50.52,48.14,3.78724,1.170484,3.544086,3.791617,1.175929,3.555796,-110.49489312490823,-128.79429612210998
50.53,48.15,3.768385,1.165482,3.501043,3.775247,1.168997,3.512611,-120.67591388790703,-152.87659936804124
50.54,48.16,3.748603,1.161744,3.456809,3.75339,1.165676,3.468874,-111.64156960279246,-140.60061557096245
50.55,48.17,3.728841,1.159733,3.412443,3.733067,1.163776,3.42515,-108.39571163147727,-136.26779736013236
50.56,48.18,3.709092,1.159866,3.36852,3.713559,1.163418,3.381306,-109.25770381130845,-141.50952448189938
50.57,48.19,3.689333,1.161196,3.32399,3.69368,1.1648,3.336084,-109.77018425448263,-140.33863593001644
50.58,48.2,3.668748,1.16118,3.27845,3.673602,1.16554,3.291154,-110.91107588609368,-138.06892142377305
50.59,48.21,3.647345,1.159086,3.233529,3.652854,1.163699,3.245944,-113.92865229805341,-140.05864023708565
50.6,48.22,3.625976,1.155661,3.188966,3.631464,1.159485,3.201488,-113.66633221710958,-145.13148609155724
50.61,48.23,3.604861,1.151042,3.144375,3.610211,1.155521,3.156947,-113.05212190935289,-140.06405613228856
50.62,48.24,3.583624,1.146914,3.099403,3.593675,1.149268,3.110405,-132.41360989832236,-166.81859276436836
50.63,48.25,3.562886,1.144319,3.054942,3.576555,1.145415,3.064886,-143.964651942381,-175.41574968311346
50.64,48.26,3.541184,1.144081,3.009746,3.558004,1.143862,3.019851,-149.00369331918938,179.25403883903016
50.65,48.27,3.52013,1.144575,2.967056,3.522898,1.149948,2.983342,-99.64592534736495,-117.25609448079138
50.66,48.28,3.498095,1.148213,2.921964,3.50224,1.151992,2.938453,-104.11062062384357,-137.6445433722314
50.67,48.29,3.47708,1.151784,2.87881,3.481159,1.155176,2.893078,-105.9544118426048,-140.2538901626109
50.68,48.3,3.455361,1.154568,2.834521,3.459301,1.1579,2.847486,-106.90376989849163,-139.77929057403642
50.69,48.31,3.430838,1.155518,2.789667,3.437088,1.159023,2.802166,-116.56688475937132,-150.716291666794
50.7,48.32,3.407581,1.154598,2.744622,3.412173,1.158623,2.757123,-110.16982925524259,-138.76464464747121
50.71,48.33,3.384737,1.152273,2.699872,3.388775,1.157129,2.711698,-108.85252378852856,-129.74516928731535
50.72,48.34,3.361796,1.150903,2.655512,3.366904,1.155726,2.667811,-112.55400699842058,-136.64382404275185
50.73,48.35,3.339806,1.150932,2.611838,3.347206,1.153502,2.625346,-118.71496404978055,-160.84802395035646
50.74,48.36,3.317291,1.152233,2.568978,3.329703,1.153075,2.583431,-130.65544480508655,-176.1191390428103
50.75,48.37,3.294234,1.155799,2.525313,3.3123,1.153761,2.541883,-137.4731852430757,173.56375390055814
50.76,48.38,3.271583,1.160551,2.482639,3.276897,1.163296,2.49552,-112.41838069201549,-152.68093139660866
50.77,48.39,3.249897,1.167532,2.441695,3.246179,1.170917,2.450865,-67.92977994836973,-42.31584755621794
50.78,48.4,3.225808,1.173459,2.395523,3.230516,1.175456,2.408576,-109.8335307110123,-157.0147211572158
50.79,48.41,3.201508,1.177363,2.350907,3.208137,1.180835,2.364353,-116.24371548863236,-152.3562854490869
50.8,48.42,3.177303,1.179687,2.306592,3.183797,1.183613,2.319268,-117.12636849462372,-148.84460217915736
50.81,48.43,3.154053,1.180858,2.262844,3.160053,1.184897,2.275479,-115.4017054746974,-146.0528743704633
50.82,48.44,3.130729,1.181855,2.219324,3.135942,1.185855,2.231535,-113.11812851611568,-142.50052290889906
50.83,48.45,3.106829,1.183526,2.176225,3.111902,1.186904,2.188442,-112.5502313976779,-146.3412202685992
50.84,48.46,3.083155,1.186701,2.133989,3.088534,1.189704,2.146513,-113.24329893037802,-150.82615407617195
50.85,48.47,3.059887,1.191618,2.092588,3.065453,1.193809,2.105259,-113.71448050237625,-158.51341886670463
50.86,48.48,3.036446,1.197173,2.05101,3.042068,1.199003,2.06331,-114.5638686656328,-161.96957178208254
50.87,48.49,3.011954,1.204086,2.009473,3.01817,1.206169,2.021662,-117.02012673596364,-161.47384674280377
50.88,48.5,2.987298,1.212012,1.96743,2.993536,1.214327,1.979742,-116.86951684340973,-159.63947867842563
50.89,48.51,2.962167,1.218838,1.925029,2.968779,1.221373,1.937364,-118.19289601106115,-159.02348454976476
50.9,48.52,2.937925,1.224535,1.882764,2.943209,1.22708,1.895013,-113.33450524333266,-154.282548179774
50.91,48.53,2.915433,1.230079,1.842578,2.917846,1.231209,1.852738,-103.36021844476336,-154.90646104009508
50.92,48.54,2.88671,1.23087,1.798469,2.892641,1.234253,1.810478,-116.28382602926928,-150.29987370347388
50.93,48.55,2.862253,1.234174,1.757096,2.868244,1.236868,1.769266,-116.20992049862743,-155.78776517963985
50.94,48.56,2.837654,1.238252,1.71657,2.843991,1.240474,1.728308,-118.36330159014707,-160.67733850792877
50.95,48.57,2.81219,1.243414,1.676087,2.818743,1.246198,1.68812,-118.5720802666221,-156.98209933782528
50.96,48.58,2.786511,1.250309,1.63642,2.793079,1.252425,1.648549,-118.43608015946302,-162.1427159061834
50.97,48.59,2.760771,1.259074,1.597748,2.767835,1.261211,1.610202,-119.56222475353307,-163.16839368620674
50.98,48.6,2.734762,1.269001,1.559536,2.740961,1.270469,1.571503,-117.38451147483038,-166.67708092610502
50.99,48.61,2.707339,1.278132,1.519862,2.714819,1.280256,1.53169,-122.3091663826341,-164.14772180459929
51.0,48.62,2.680986,1.28594,1.48044,2.687277,1.287847,1.492329,-117.88531281917345,-163.13629309513874
51.01,48.63,2.655579,1.292994,1.441441,2.66001,1.293857,1.452921,-111.1053720353855,-168.9788091264288
51.02,48.64,2.624868,1.296838,1.402798,2.632914,1.299124,1.414098,-125.45221193100674,-164.13928594624457
51.03,48.65,2.597489,1.302338,1.364267,2.605765,1.304915,1.375482,-126.42510953251653,-162.70433540555052
51.04,48.66,2.570782,1.309657,1.326175,2.578422,1.311714,1.338156,-122.52469320019301,-164.93097395045547
51.05,48.67,2.543348,1.318154,1.290371,2.551338,1.319862,1.302115,-124.22931126407788,-167.933649841365
51.06,48.68,2.51551,1.328928,1.255416,2.519452,1.327546,1.263564,-115.8176834580621,160.68017763669147
51.07,48.69,2.487312,1.341428,1.2209,2.495377,1.341579,1.232818,-124.08650682508373,-178.9273835110373
51.08,48.7,2.461009,1.353234,1.186413,2.466202,1.353317,1.19787,-114.38288635072182,-179.08431642328566
51.09,48.71,2.430368,1.363408,1.151766,2.436934,1.363817,1.162982,-120.34529038972764,-176.43561752497803
51.1,48.72,2.398104,1.371588,1.117011,2.407382,1.372315,1.128066,-130.0053328923988,-175.5196061543913
51.11,48.73,2.368554,1.379405,1.082312,2.377635,1.38005,1.09306,-130.19451301731817,-175.9372514894591
51.12,48.74,2.338804,1.387511,1.048324,2.348035,1.388121,1.059092,-130.60523816081755,-176.21929534450376
51.13,48.75,2.308813,1.396827,1.015378,2.318052,1.397765,1.026709,-129.19289927864278,-174.20284442931109
51.14,48.76,2.280118,1.404945,0.987209,2.288783,1.408469,0.994991,-138.07312269338283,-157.86873935343897
51.15,48.77,2.249882,1.42134,0.95418,2.259005,1.421054,0.965488,-128.89568579708776,178.20440338043232
51.16,48.78,2.219435,1.434503,0.925925,2.229262,1.433999,0.936513,-132.86520159496925,177.06402834075172
51.17,48.79,2.187979,1.447741,0.896532,2.197892,1.44775,0.906794,-134.0089599587518,-179.94798124947616
51.18,48.8,2.156397,1.459091,0.866377,2.166717,1.45957,0.876274,-136.19862388273705,-177.3425391907393
51.19,48.81,2.124075,1.468979,0.836895,2.134678,1.469583,0.846888,-136.69645618007692,-176.73966891100747
51.2,48.82,2.092529,1.478195,0.808062,2.102563,1.479043,0.818334,-134.3284856128253,-175.1692606236196
51.21,48.83,2.061179,1.488843,0.780165,2.071236,1.48926,0.790514,-134.18018103292735,-177.62566749703242
51.22,48.84,2.029966,1.501626,0.75415,2.040497,1.501308,0.764062,-136.73434694544213,178.27038998829028
51.23,48.85,1.999287,1.515531,0.729459,2.01025,1.514577,0.738919,-139.20900908296875,175.0266508986866
51.24,48.86,1.968506,1.530781,0.705777,1.97943,1.529301,0.715114,-139.4787092218608,172.28445935016646
51.25,48.87,1.936714,1.545478,0.682279,1.948349,1.544761,0.690756,-143.92375866805995,176.47364079419086
51.26,48.88,1.904265,1.558948,0.657457,1.916117,1.559271,0.666083,-143.9525107336588,-178.43891688037263
51.27,48.89,1.871364,1.570896,0.632979,1.883316,1.571629,0.642068,-142.7485177227581,-176.49052285827943
51.28,48.9,1.839336,1.582042,0.60959,1.851097,1.582371,0.617942,-144.6197747343297,-178.397636530649
51.29,48.91,1.807222,1.593038,0.587288,1.818811,1.593723,0.595001,-146.35445133026138,-176.6173097158003
51.3,48.92,1.775668,1.605847,0.565854,1.786994,1.606096,0.573473,-146.07127905089223,-178.7405658435826
51.31,48.93,1.744793,1.619745,0.545928,1.756383,1.620005,0.55323,-147.78801060505884,-178.7148917605667
51.32,48.94,1.714077,1.634979,0.527833,1.726539,1.634479,0.534371,-152.31692887867592,177.7024127434193
51.33,48.95,1.682297,1.649088,0.509393,1.694236,1.650078,0.515866,-151.53465911831404,-175.2597916772875
51.34,48.96,1.648851,1.663448,0.489867,1.660737,1.66487,0.497102,-148.67115420806132,-173.17775616749262
51.35,48.97,1.616202,1.676135,0.47077,1.628912,1.677856,0.478072,-150.12227658814626,-172.28875315644285
51.36,48.98,1.584356,1.689062,0.453029,1.596558,1.689777,0.459716,-151.276160933937,-176.6464767111976
51.37,48.99,1.554469,1.701135,0.436395,1.565383,1.701989,0.442475,-150.87857921509706,-175.52582944828075
51.38,49.0,1.525605,1.714256,0.421612,1.53493,1.71494,0.427065,-149.6820944850728,-175.8047986373576
51.39,49.01,1.492449,1.728992,0.407651,1.503363,1.729612,0.413292,-152.66740775559856,-176.74864904288194
51.4,49.02,1.460301,1.743621,0.394482,1.471486,1.744604,0.400926,-150.0525189492126,-174.97743296760353
51.41,49.03,1.428047,1.75812,0.381458,1.440277,1.759197,0.388164,-151.2629932085659,-174.9673933079678
51.42,49.04,1.396595,1.77161,0.368284,1.408561,1.772772,0.375122,-150.25408740584018,-174.45348530450116
51.43,49.05,1.365681,1.784286,0.356064,1.377608,1.785456,0.362534,-151.52164421641123,-174.3973952928306
51.44,49.06,1.333828,1.797335,0.346272,1.347267,1.797533,0.350804,-161.3644803585734,-179.15590865377408
51.45,49.07,1.304418,1.809791,0.336305,1.316628,1.810042,0.342157,-154.39256526197588,-178.82234108138937
51.46,49.08,1.275921,1.823698,0.328484,1.287252,1.823792,0.334452,-152.22437291362402,-179.5246951083127
51.47,49.09,1.246591,1.837787,0.321996,1.25838,1.838104,0.327792,-153.81920358359494,-178.4597178290726
51.48,49.1,1.2167,1.850967,0.315721,1.228749,1.851877,0.32112,-155.8634700732306,-175.68093924395913
51.49,49.11,1.185614,1.862667,0.308895,1.198902,1.864462,0.314274,-157.96183244174094,-172.3068094561499
51.5,49.12,1.155874,1.873373,0.303115,1.169918,1.874354,0.308242,-159.94453382428475,-176.00427161446814
51.51,49.13,1.126742,1.884395,0.29881,1.140512,1.885402,0.304933,-156.02708813643116,-175.81740562228092
51.52,49.14,1.098194,1.896552,0.294913,1.111848,1.896813,0.302863,-149.79002634191366,-178.90490863765348
51.53,49.15,1.070605,1.908477,0.291883,1.084162,1.909091,0.302073,-143.0699674157819,-177.40683155384363
51.54,49.16,1.042922,1.919258,0.290407,1.056888,1.92061,0.302347,-139.47176164516887,-174.47062429401473
51.55,49.17,1.014531,1.92862,0.290889,1.028894,1.931292,0.303343,-139.07179948227633,-169.46153360626388
51.56,49.18,0.987314,1.937335,0.305325,1.000495,1.940198,0.303222,170.93498539314209,-167.74533268458134
51.57,49.19,0.96029,1.945278,0.307924,0.972995,1.948372,0.304063,163.0961775607232,-166.313388862844
51.58,49.2,0.932914,1.954037,0.310508,0.945891,1.956324,0.306898,164.4542581603014,-170.00511810370156
51.59,49.21,0.906711,1.963558,0.312497,0.920441,1.964829,0.311793,177.06475343476592,-174.7111447415673
51.6,49.22,0.882213,1.972474,0.32023,0.895612,1.974097,0.317015,166.50733961607418,-173.0934979479801
51.61,49.23,0.857093,1.980348,0.326355,0.870729,1.982476,0.323334,167.50812400450712,-171.13010803417794
51.62,49.24,0.832619,1.987044,0.332391,0.845455,1.988855,0.329948,169.22411205533518,-171.969283655527
51.63,49.25,0.808261,1.990685,0.342752,0.820917,1.993972,0.33732,156.77081911044743,-165.4408810343861
51.64,49.26,0.784664,1.994898,0.351191,0.796627,1.998328,0.344272,149.95634431345647,-164.00148278584555
51.65,49.27,0.760796,1.999928,0.360167,0.77287,2.002574,0.353818,152.2627817784828,-167.63912026046256
51.66,49.28,0.737804,2.005943,0.369918,0.750227,2.007501,0.363878,154.07121264884825,-172.8517116054588
51.67,49.29,0.716501,2.011382,0.382409,0.728302,2.013708,0.375745,150.54667374407998,-168.84981631384846
51.68,49.3,0.694953,2.015012,0.39478,0.707183,2.018829,0.389113,155.13846694234684,-162.6667844834991
51.69,49.31,0.673706,2.016893,0.407735,0.685146,2.02161,0.401552,151.61001853086836,-157.59241322522448
51.7,49.32,0.652433,2.01797,0.420689,0.662984,2.022614,0.414314,148.85928711554675,-156.2434085672668
51.71,49.33,0.63222,2.018782,0.434157,0.642866,2.023283,0.427172,146.73051997247316,-157.08194664772796
51.72,49.34,0.612883,2.019554,0.449652,0.622881,2.023212,0.441696,141.4886587328604,-159.90378262463867
51.73,49.35,0.594068,2.02037,0.465231,0.603971,2.023706,0.456788,139.55008784561488,-161.38299529564185
51.74,49.36,0.575992,2.022517,0.481572,0.585915,2.02595,0.473768,141.81651737356486,-160.9162260395273
51.75,49.37,0.558189,2.024473,0.497598,0.570474,2.028033,0.493404,161.1505088109581,-163.83924214463107
51.76,49.38,0.541226,2.022223,0.517595,0.548831,2.027131,0.510258,136.0275480274767,-147.16322198859868
51.77,49.39,0.523451,2.017689,0.536567,0.531957,2.024025,0.528211,135.50967502282484,-143.3180913016032
51.78,49.4,0.508678,2.013245,0.555021,0.515873,2.020494,0.546671,130.75070762624378,-134.78579633903038
51.79,49.41,0.492758,2.008997,0.573414,0.498078,2.0168,0.564278,120.21274520004019,-124.2857377420938
51.8,49.42,0.476611,2.00555,0.592907,0.481862,2.01247,0.583204,118.4210480248857,-127.19177325037433
51.81,49.43,0.461324,2.002155,0.613172,0.468875,2.00855,0.602911,126.34909850784878,-139.73848034876394
51.82,49.44,0.447718,1.999316,0.634364,0.454762,2.005946,0.624733,126.18129807544615,-136.73418230348682
51.83,49.45,0.434757,1.994987,0.656181,0.441308,2.002507,0.646679,124.58369244638493,-131.0605433908187
51.84,49.46,0.421394,1.988433,0.678313,0.427557,1.996846,0.668873,123.13891959507951,-126.22489272066753
51.85,49.47,0.408027,1.981077,0.700198,0.413864,1.989406,0.690652,121.44413017813132,-125.02294124387278
51.86,49.48,0.396254,1.973253,0.721973,0.400822,1.981683,0.71183,114.24488905485696,-118.45212383238002
51.87,49.49,0.38475,1.965331,0.744634,0.388588,1.973621,0.733836,109.56705412219071,-114.84259990282622
51.88,49.5,0.373177,1.957595,0.768157,0.377788,1.965183,0.75752,113.43609940671601,-121.28579497416125
51.89,49.51,0.363254,1.950735,0.792799,0.367894,1.958017,0.781982,113.21712683765769,-122.5047813283032
51.9,49.52,0.354195,1.943754,0.818216,0.358751,1.951599,0.80754,113.11044323009529,-120.14596635318748
51.91,49.53,0.345305,1.934965,0.843309,0.349896,1.944023,0.833432,114.9298178923829,-116.87793293326614
51.92,49.54,0.336931,1.924739,0.869171,0.340782,1.933976,0.859123,110.96984745507976,-112.63175578520794
51.93,49.55,0.329142,1.913304,0.893807,0.332165,1.922529,0.883862,106.90779511410545,-108.14378768327987
51.94,49.56,0.321941,1.901661,0.919111,0.322942,1.91048,0.90847,95.37400544184034,-96.4756391383885
51.95,49.57,0.314676,1.890488,0.945738,0.315936,1.899192,0.935151,96.78706875545853,-98.23697671440492
51.96,49.58,0.308719,1.880841,0.973018,0.311399,1.889182,0.961607,103.21700901810493,-107.81244039317403
51.97,49.59,0.304509,1.872095,1.000666,0.305569,1.880273,0.989555,95.44957913381072,-97.38527756067006
51.98,49.6,0.301256,1.861853,1.028951,0.301783,1.870505,1.018238,92.81625640093955,-93.4856237268115
51.99,49.61,0.298032,1.84968,1.057639,0.299766,1.858689,1.04766,99.85756828047462,-100.89472630778646
52.0,49.62,0.294874,1.835739,1.086047,0.294371,1.844731,1.075857,87.17405263467049,-86.79829035293263
52.01,49.63,0.292486,1.822049,1.11388,0.290751,1.830572,1.103228,80.74889103605653,-78.49369944510082
52.02,49.64,0.290294,1.807665,1.143155,0.289163,1.81679,1.132709,83.8205937180977,-82.93449685658415
52.03,49.65,0.288672,1.794768,1.173292,0.287914,1.80327,1.162316,86.04943926849133,-84.90523696374034
52.04,49.66,0.288587,1.783471,1.20313,0.287427,1.791436,1.191873,84.11660819206375,-81.71386103213692
52.05,49.67,0.290288,1.772755,1.233766,0.288781,1.780625,1.222668,82.26709031522988,-79.15984396627502
52.06,49.68,0.292606,1.760174,1.264769,0.290731,1.768371,1.254082,80.04891706934863,-77.11569887208927
52.07,49.69,0.295182,1.745595,1.295842,0.292423,1.753874,1.285232,75.42376052802437,-71.56920364695839
52.08,49.7,0.296867,1.729715,1.326725,0.294777,1.737967,1.316184,78.7852205717376,-75.78745233647102
52.09,49.71,0.299088,1.71323,1.358332,0.296382,1.721629,1.347649,75.78596087688531,-72.14203464842863
52.1,49.72,0.302066,1.697318,1.390285,0.299991,1.705525,1.379416,79.19172282227079,-75.81109071869078
52.11,49.73,0.306211,1.682606,1.422142,0.304414,1.690587,1.411046,80.80080429350197,-77.31090460753047
52.12,49.74,0.311726,1.668824,1.454093,0.309242,1.676549,1.443077,77.29288649868363,-72.17462901069075
52.13,49.75,0.31891,1.656546,1.486655,0.314029,1.663783,1.474736,67.73020256010386,-56.00227531789961
52.14,49.76,0.326496,1.642391,1.519581,0.323421,1.64981,1.508685,74.2402089086986,-67.48714983135292
52.15,49.77,0.333686,1.626199,1.553388,0.331276,1.634184,1.543583,76.19084647000591,-73.20535061728098
52.16,49.78,0.340949,1.608706,1.587338,0.33905,1.617817,1.577623,78.93979989650121,-78.22643750276244
52.17,49.79,0.348441,1.5912,1.620766,0.344518,1.599758,1.610553,68.98730471121331,-65.37320786702874
52.18,49.8,0.356741,1.573906,1.654527,0.354795,1.582474,1.64413,79.39864583172626,-77.203827130438
52.19,49.81,0.365667,1.55844,1.688378,0.363884,1.566545,1.677337,80.82655879631557,-77.59325575795117
52.2,49.82,0.376487,1.544312,1.721569,0.373062,1.551563,1.710226,73.19839649353297,-64.71635546038515
52.21,49.83,0.387313,1.530956,1.756145,0.384039,1.538024,1.744439,74.37445742774115,-65.14574437093968
52.22,49.84,0.398292,1.51826,1.793048,0.396089,1.525005,1.781712,79.0024117175443,-71.9123250247295
52.23,49.85,0.409894,1.504968,1.830895,0.40757,1.513064,1.819816,78.15305009607361,-73.98359175378441
52.24,49.86,0.422146,1.48962,1.867396,0.419065,1.498678,1.85689,73.65564490385962,-71.21470951100717
52.25,49.87,0.435071,1.473041,1.903037,0.431423,1.481508,1.892398,71.07370338108029,-66.69124583143548
52.26,49.88,0.447702,1.455058,1.938421,0.443609,1.463576,1.928714,67.1370617313536,-64.33516338647827
52.27,49.89,0.460543,1.438308,1.975559,0.457898,1.447,1.964959,75.98919588194546,-73.07484769057847
52.28,49.9,0.473107,1.423559,2.013102,0.471046,1.431885,2.002046,79.44043236706734,-76.09660668053746
52.29,49.91,0.486633,1.410834,2.050816,0.484771,1.419106,2.039479,80.67295605384736,-77.31434244453021
52.3,49.92,0.501024,1.400326,2.089119,0.499179,1.407501,2.077235,81.17523728761574,-75.57922687248858
52.31,49.93,0.516235,1.389912,2.128532,0.513632,1.397062,2.116733,77.55914412618625,-69.99566376579376
52.32,49.94,0.530737,1.377655,2.168562,0.528555,1.385764,2.157663,78.67894743199592,-74.93936724214647
52.33,49.95,0.547131,1.363486,2.208102,0.543903,1.37253,2.198032,72.22643010474576,-70.3574138710411
52.34,49.96,0.563635,1.34777,2.24703,0.56043,1.357469,2.237608,71.21368176330857,-71.71404611950818
52.35,49.97,0.580373,1.331517,2.286167,0.576906,1.340994,2.276597,70.08566492411738,-69.90580922065011
52.36,49.98,0.596416,1.315954,2.325636,0.593294,1.325121,2.31556,72.78465715115807,-71.19272646588624
52.37,49.99,0.611444,1.302679,2.364987,0.608903,1.310758,2.35405,76.92047456919184,-72.54064123019263
52.38,50.0,0.627557,1.290416,2.405042,0.624498,1.29801,2.393808,74.76775627455311,-68.05953597792154
52.39,50.01,0.643417,1.278706,2.445684,0.640454,1.286087,2.434107,75.64397053713563,-68.12769152076295
52.4,50.02,0.658907,1.267765,2.487371,0.656513,1.274961,2.475566,78.53614478420982,-71.5984987970455
52.41,50.03,0.674632,1.257202,2.529739,0.67202,1.264496,2.518342,77.09169575255738,-70.29742459585688
52.42,50.04,0.690722,1.245372,2.572467,0.687477,1.253066,2.561615,73.35211385658859,-67.13206408108641
52.43,50.05,0.7082,1.231896,2.61475,0.703933,1.239874,2.604386,67.62236746926168,-61.86008701246717
52.44,50.06,0.724544,1.216304,2.656615,0.721381,1.224891,2.647017,71.76047677236286,-69.77885115499902
52.45,50.07,0.741093,1.20082,2.699482,0.737746,1.209644,2.689235,71.91129580573427,-69.22794105842179
52.46,50.08,0.757198,1.187393,2.741831,0.753858,1.195072,2.730973,72.90172078535646,-66.49324987529509
52.47,50.09,0.772565,1.175273,2.784711,0.769859,1.182121,2.773256,76.70875095523701,-68.43845341679324
52.48,50.1,0.787968,1.164088,2.828419,0.785211,1.170997,2.816532,76.9420348701639,-68.24578990195623
52.49,50.11,0.803541,1.155486,2.872004,0.800643,1.16203,2.860039,76.38479244904802,-66.11391835832325
52.5,50.12,0.818743,1.148556,2.916941,0.816192,1.154326,2.904674,78.25241613743485,-66.14908891445522
52.51,50.13,0.834314,1.140774,2.963541,0.831144,1.146992,2.951553,75.18823409397596,-62.987047841898324
52.52,50.14,0.85041,1.1307,3.009754,0.846226,1.137731,2.998316,69.90757046285633,-59.24401436962956
52.53,50.15,0.867122,1.11951,3.055588,0.862304,1.12575,3.044286,66.91163122444769,-52.327717346508365
52.54,50.16,0.88282,1.107007,3.100154,0.879673,1.112472,3.08851,74.87611662858616,-60.06467063593885
52.55,50.17,0.899398,1.094851,3.146467,0.896488,1.101089,3.134344,76.50212171365413,-64.99115226936445
52.56,50.18,0.915155,1.083789,3.192387,0.912833,1.090083,3.180373,79.06106334950618,-69.74983324737092
52.57,50.19,0.931121,1.074603,3.23826,0.926491,1.080829,3.226671,68.22246197757968,-53.36345501459384
52.58,50.2,0.946435,1.067361,3.28473,0.942486,1.073105,3.272776,71.71904463732605,-55.4914770123316
52.59,50.21,0.9618,1.0625,3.331427,0.959055,1.068036,3.319124,77.4223846224374,-63.625699066836646
52.6,50.22,0.976958,1.059123,3.379138,0.974279,1.064339,3.366709,77.83631541871613,-62.81442540056936
52.61,50.23,0.992556,1.054413,3.427677,0.987882,1.059495,3.415554,68.91594797730251,-47.39473802083178
52.62,50.24,1.008441,1.048009,3.476201,1.003483,1.052988,3.464199,67.5545870503928,-45.12108378570628
52.63,50.25,1.024123,1.039814,3.524862,1.019254,1.044997,3.512807,68.00627683445832,-46.78919881080105
52.64,50.26,1.039331,1.030196,3.573109,1.034996,1.036204,3.561321,69.80915977199129,-54.18812159388309
52.65,50.27,1.055316,1.021452,3.620916,1.049256,1.027701,3.609326,62.396527545052834,-45.87968571170981
52.66,50.28,1.070262,1.013798,3.668343,1.067485,1.019714,3.656407,76.90270584965118,-64.85440454642786
52.67,50.29,1.086079,1.00804,3.716411,1.082656,1.013791,3.703935,74.65748398571937,-59.23885684979398
52.68,50.3,1.101384,1.003932,3.763968,1.098071,1.009308,3.75144,75.18734838485126,-58.356239121461705
52.69,50.31,1.117302,1.002221,3.811452,1.114093,1.007169,3.798845,75.71913707559303,-57.03478161477261
52.7,50.32,1.133447,1.003185,3.859309,1.129946,1.007279,3.846423,74.80020170608151,-49.46446441584853
52.71,50.33,1.14914,1.003219,3.90796,1.144357,1.006531,3.89543,69.10695114082222,-34.70075934525082
52.72,50.34,1.166128,1.000658,3.957807,1.160465,1.005052,3.945357,65.54113753517665,-37.808381061902026
52.73,50.35,1.182566,0.995925,4.007597,1.177283,1.001098,3.995765,65.93918973254702,-44.39725485383423
52.74,50.36,1.198444,0.990489,4.057075,1.194532,0.996733,4.044716,72.43583412604544,-57.9319732554342
52.75,50.37,1.214501,0.986175,4.105902,1.210472,0.992321,4.093674,71.76348098112906,-56.75322204370695
52.76,50.38,1.230209,0.98324,4.154243,1.226471,0.98864,4.142457,72.40326602640786,-55.308157024000536
52.77,50.39,1.246788,0.982692,4.20214,1.242708,0.987744,4.189456,72.16882940828302,-51.07562437024203
52.78,50.4,1.263216,0.98351,4.249106,1.258374,0.987523,4.236739,68.61837338619951,-39.65159131565332
52.79,50.41,1.279951,0.987033,4.295788,1.275027,0.989656,4.282971,68.98435976432107,-28.04409398092897
52.8,50.42,1.296557,0.992224,4.342694,1.291491,0.993627,4.329532,68.9484884992984,-15.479769394424304
52.81,50.43,1.312908,0.994967,4.392023,1.308689,0.998136,4.378978,72.07781052928785,-36.91115980793896
52.82,50.44,1.330773,0.996218,4.441082,1.325983,1.000308,4.428148,69.67830596012409,-40.492761354007946
52.83,50.45,1.348126,0.995527,4.489928,1.343581,0.999559,4.47681,70.89030804814925,-41.57715280832169
52.84,50.46,1.365368,0.994052,4.538486,1.361125,0.998273,4.525391,72.04680455691765,-44.85107463248904
52.85,50.47,1.382852,0.992222,4.586328,1.378381,0.996717,4.573415,70.90208863981331,-45.153367769804674
52.86,50.48,1.400188,0.992338,4.633417,1.395606,0.996209,4.620572,70.36793669369861,-40.19204603696869
52.87,50.49,1.417486,0.994253,4.679897,1.413194,0.997674,4.666855,71.78410901153397,-38.55709853855318
52.88,50.5,1.435462,0.997095,4.725515,1.430654,1.000137,4.712423,69.83438321998226,-32.321353301802894
52.89,50.51,1.454449,1.002165,4.769897,1.449231,1.004496,4.757106,67.80733614719242,-24.07140843986077
52.9,50.52,1.473174,1.009194,4.814697,1.467734,1.010376,4.801784,67.15523841413231,-12.25865191677985
52.91,50.53,1.491624,1.014732,4.861074,1.486411,1.016973,4.848725,67.1134736935839,-23.262231840198503
52.92,50.54,1.510823,1.017987,4.907871,1.506254,1.021068,4.894866,70.64227769305737,-33.992850798719076
52.93,50.55,1.530658,1.019121,4.953892,1.52612,1.022505,4.941345,70.1159518383048,-36.71200266673226
52.94,50.56,1.550975,1.019234,5.000443,1.54669,1.023018,4.987897,71.14275135899018,-41.44709586415121
52.95,50.57,1.571944,1.019193,5.046011,1.566821,1.023334,5.033541,67.66586781941561,-38.9491441154792
52.96,50.58,1.591509,1.020866,5.090483,1.586421,1.024548,5.078148,67.58459681243427,-35.891887738336095
52.97,50.59,1.61202,1.02447,5.134423,1.606483,1.027541,5.121886,66.17121975319442,-29.014173261805116
52.98,50.6,1.632798,1.029181,5.17704,1.62656,1.031582,5.164414,63.70787044646558,-21.05166588102793
52.99,50.61,1.654231,1.035757,5.218834,1.647607,1.037235,5.206562,61.64136523171689,-12.578254287901345
53.0,50.62,1.675342,1.043756,5.26069,1.668768,1.044122,5.248073,62.478546875825664,-3.1865879498997045
53.01,50.63,1.697145,1.050506,5.303443,1.690726,1.051005,5.291523,61.697237808273755,-4.4451174789173304
53.02,50.64,1.720533,1.054918,5.348235,1.71352,1.057237,5.335733,60.70974313563909,-18.29758442933815
53.03,50.65,1.742668,1.058353,5.391237,1.736504,1.061217,5.379149,62.981728642384255,-24.921152761680116
53.04,50.66,1.765058,1.060981,5.433927,1.758957,1.064104,5.421873,63.15424745827801,-27.107148412105403
53.05,50.67,1.787731,1.064228,5.47578,1.781264,1.067536,5.464152,60.919045708168454,-27.090653422674453
53.06,50.68,1.810528,1.069253,5.516785,1.803762,1.072335,5.505017,60.103293619282034,-24.48987507118784
53.07,50.69,1.833768,1.075971,5.556274,1.826588,1.078374,5.544299,59.053837209164634,-18.504346007624967
53.08,50.7,1.857593,1.084301,5.594633,1.850331,1.085885,5.582834,58.38870482045558,-12.304729394026491
53.09,50.71,1.882161,1.094589,5.631972,1.874664,1.095245,5.620658,56.470335884316896,-5.000739402869776
53.1,50.72,1.906329,1.105198,5.669832,1.899502,1.105275,5.659511,56.51668282620476,-0.646197152871685
53.11,50.73,1.933186,1.112988,5.710298,1.925105,1.114619,5.699013,54.394181530847646,-11.410795622373133
53.12,50.74,1.95187,1.121512,5.73812,1.94695,1.127762,5.745941,-57.827005029595206,-51.790178798560085
53.13,50.75,1.986455,1.124165,5.788399,1.978744,1.127056,5.776991,55.94409201810356,-20.551973661517238
53.14,50.76,2.012371,1.130342,5.826113,2.004133,1.132897,5.814832,53.86104782797826,-17.231177106252208
53.15,50.77,2.038112,1.138147,5.862532,2.029645,1.140202,5.851243,53.12929030461351,-13.642294339946691
53.16,50.78,2.064431,1.147576,5.897608,2.055885,1.149103,5.886406,52.66000870162957,-10.13070467079914
53.17,50.79,2.091336,1.15876,5.930827,2.082074,1.159238,5.920055,49.31034001871083,-2.9543409977728854
53.18,50.8,2.118615,1.171236,5.962877,2.108632,1.170575,5.952662,45.65808675646261,3.788170862763851
53.19,50.81,2.146797,1.18346,5.996699,2.137048,1.182771,5.986601,46.00741504435054,4.042595353470022
53.2,50.82,2.176862,1.192682,6.031562,2.16666,1.193691,6.021292,45.19031353449927,-5.648308491645715
53.21,50.83,2.206624,1.200639,6.065875,2.196707,1.202432,6.055358,46.68188279392578,-10.248401451161467
53.22,50.84,2.23696,1.208481,6.099992,2.225606,1.210241,6.088524,45.28620035664062,-8.81137361378763
53.23,50.85,2.264263,1.21628,6.131959,2.254666,1.218079,6.121869,46.43449570892244,-10.617132011104772
53.24,50.86,2.293598,1.22642,6.163148,2.282844,1.227361,6.153111,43.024876159878275,-5.00077678193162
53.25,50.87,2.322194,1.237496,6.192673,2.311036,1.237822,6.182923,41.147367629799156,-1.6735178444616332
53.26,50.88,2.350544,1.250093,6.220256,2.338947,1.249438,6.211259,37.80445611262559,3.2326382836964576
53.27,50.89,2.380437,1.263126,6.247974,2.368485,1.262475,6.239127,36.50924624946602,3.1176984476560086
53.28,50.9,2.412251,1.275179,6.277181,2.400646,1.27556,6.267686,39.28940686249881,-1.880383799582933
53.29,50.91,2.443849,1.285125,6.306116,2.432432,1.287078,6.296527,40.02649286363085,-9.707101495655342
53.3,50.92,2.475181,1.294228,6.334507,2.464085,1.2964,6.324856,41.015861748971034,-11.075391982142593
53.31,50.93,2.505105,1.302332,6.362481,2.494605,1.304522,6.35324,41.35085233419647,-11.781362697797473
53.32,50.94,2.535523,1.311769,6.389336,2.524417,1.313351,6.380908,37.19373847814755,-8.106988733499406
53.33,50.95,2.565932,1.323316,6.414279,2.553841,1.323364,6.406697,32.09091955834172,-0.22745703159399291
53.34,50.96,2.596536,1.335538,6.437919,2.58374,1.334726,6.431071,28.15423050642045,3.6309686666507357
53.35,50.97,2.627848,1.348455,6.461272,2.615062,1.347596,6.453961,29.76080402844829,3.8435184424711495
53.36,50.98,2.660105,1.360928,6.484393,2.64724,1.360643,6.476786,30.595579049503232,1.2690731975273597
53.37,50.99,2.691278,1.371077,6.507949,2.680687,1.37297,6.500062,36.674645839904464,-10.133846079922114
53.38,51.0,2.724372,1.381248,6.531091,2.712826,1.38361,6.523316,33.95606379434202,-11.5616463207483
53.39,51.01,2.756267,1.390381,6.553632,2.745315,1.392519,6.546052,34.68753571410173,-11.046102670955532
53.4,51.02,2.787277,1.399849,6.575083,2.776579,1.401751,6.568605,31.19631998987954,-10.08129020800037
53.41,51.03,2.820629,1.412006,6.594588,2.806108,1.411836,6.589635,18.834109103432592,0.6707415163457141
53.42,51.04,2.8501,1.422785,6.613463,2.837393,1.423269,6.608306,22.089247579960574,-2.1812983589587596
53.43,51.05,2.883417,1.436932,6.631549,2.869759,1.436149,6.625651,23.356368430875577,3.281120464569516
53.44,51.06,2.915752,1.449646,6.648526,2.90232,1.449668,6.643149,21.81685229946249,-0.09384350968740807
53.45,51.07,2.946764,1.459633,6.665771,2.935583,1.461909,6.660482,25.31576978585437,-11.505903936532828
53.46,51.08,2.980788,1.469812,6.682304,2.968928,1.471837,6.677166,23.423269562857502,-9.689359020122719
53.47,51.09,3.012738,1.478916,6.697971,3.000251,1.48043,6.693376,20.202742272057307,-6.913145533556345
53.48,51.1,3.044583,1.489767,6.712107,3.031537,1.490376,6.709613,10.822637375216319,-2.67268261901812
53.49,51.11,3.075965,1.502424,6.725217,3.061568,1.501446,6.723659,6.176341407344847,3.8861788458962447
53.5,51.12,3.106991,1.515359,6.737719,3.093006,1.514544,6.735535,8.876034894704432,3.3352381173223242
53.51,51.13,3.139475,1.527549,6.749258,3.126147,1.527564,6.746117,13.260885144984776,-0.06448351814408235
53.52,51.14,3.172586,1.537852,6.76047,3.158973,1.539428,6.757566,12.042145735456637,-6.6038299786031285
53.53,51.15,3.205441,1.547811,6.771503,3.192353,1.549875,6.768705,12.06724926852097,-8.961835771998844
53.54,51.16,3.23716,1.55794,6.781386,3.223319,1.559237,6.779585,7.413710215003961,-5.353388577991995
53.55,51.17,3.268499,1.568951,6.789797,3.254906,1.570364,6.78898,3.439594289101043,-5.93461385069678
53.56,51.18,3.29847,1.580718,6.796195,3.284596,1.581597,6.796376,-0.7474374949347349,-3.6251814042031523
53.57,51.19,3.32922,1.593375,6.801521,3.31532,1.594144,6.801532,-0.04534197432103634,-3.1665888225224212
53.58,51.2,3.360082,1.604868,6.806798,3.346472,1.606233,6.806243,2.3351615559968986,-5.727265243969506
53.59,51.21,3.392352,1.614988,6.811722,3.37856,1.617343,6.810836,3.6756382019966636,-9.68986955030298
53.6,51.22,3.42327,1.624627,6.815105,3.409689,1.627113,6.815143,-0.1603146999254228,-10.373142747261157
53.61,51.23,3.45203,1.635037,6.817524,3.436571,1.637149,6.817989,-1.7229126475801981,-7.779554712123569
53.62,51.24,3.479603,1.646066,6.817597,3.462875,1.64798,6.819234,-5.589161556579605,-6.527336399319888
53.63,51.25,3.511497,1.656575,6.81969,3.496377,1.65783,6.823262,-13.292044882874661,-4.744824828484809
53.64,51.26,3.541986,1.667896,6.819517,3.528745,1.668727,6.8233,-15.944824389050156,-3.5911508320585894
53.65,51.27,3.577714,1.676504,6.821404,3.558892,1.679354,6.821324,0.24352538303175048,-8.610237613477722
53.66,51.28,3.609382,1.684907,6.820857,3.582412,1.689233,6.816805,8.544270043223237,-9.112646626850468
53.67,51.29,3.63957,1.692737,6.819302,3.604914,1.697945,6.811472,12.7313581612172,-8.54628713732264
53.68,51.3,3.672542,1.699916,6.817836,3.630138,1.706344,6.808056,12.987511464761319,-8.619810864998316
53.69,51.31,3.703186,1.707973,6.814941,3.651757,1.715663,6.801707,14.430595494768987,-8.504232977771672
53.7,51.32,3.729162,1.717385,6.808916,3.680589,1.724419,6.796818,13.985996200940424,-8.23989113296892
53.71,51.33,3.7536,1.726996,6.800615,3.706943,1.733554,6.789579,13.307853183733476,-8.000946858302601
53.72,51.34,3.779267,1.734964,6.792354,3.73457,1.741131,6.781984,13.061911137005094,-7.855699033828028
53.73,51.35,3.809516,1.741078,6.784703,3.758054,1.748164,6.772399,13.44637138695257,-7.839975927472216
53.74,51.36,3.834803,1.746065,6.775553,3.786034,1.752935,6.76465,12.602055414948591,-8.018391083922923
53.75,51.37,3.86489,1.750832,6.768392,3.805051,1.75929,6.753611,13.87504547525808,-8.04523090344203
53.76,51.38,3.890163,1.756906,6.758728,3.825577,1.764775,6.743129,13.57820992026203,-6.946540032858326
53.77,51.39,3.912167,1.76424,6.746009,3.850932,1.771402,6.731529,13.304128858815991,-6.670963470086667
53.78,51.4,3.934417,1.771165,6.732286,3.87738,1.777735,6.719479,12.655210808747741,-6.570849039082219
53.79,51.41,3.956479,1.777209,6.718433,3.902255,1.783677,6.706814,12.094324107607223,-6.8022706297952755
53.8,51.42,3.981758,1.780337,6.705278,3.922836,1.788035,6.69228,12.44002565791305,-7.443380099344607
53.81,51.43,4.006484,1.782628,6.691821,3.942739,1.790633,6.677568,12.603684708752441,-7.157648386063991
53.82,51.44,4.030095,1.785423,6.67811,3.96115,1.793469,6.663112,12.272674333607162,-6.6564064064730974
53.83,51.45,4.051525,1.786982,6.663189,3.980087,1.795,6.647973,12.02408110492971,-6.40391628699232
53.84,51.46,4.070352,1.789075,6.646288,4.000233,1.796454,6.632035,11.489899877936876,-6.007432153530789
53.85,51.47,4.088201,1.793267,6.62772,4.0195,1.80037,6.61387,11.397955191502428,-5.902840465681811
53.86,51.48,4.105886,1.797235,6.608564,4.040707,1.803001,6.596209,10.733352282467385,-5.055457770980592
53.87,51.49,4.126711,1.799865,6.589486,4.060484,1.807216,6.577119,10.577391318365162,-6.333734749336391
53.88,51.5,4.147563,1.79893,6.571087,4.078721,1.806523,6.558737,10.170466195874123,-6.294057019653752
53.89,51.51,4.167484,1.797721,6.55259,4.092657,1.805589,6.539039,10.264883599201065,-6.002548743192249
53.9,51.52,4.1842,1.796766,6.531881,4.110651,1.804618,6.519045,9.899731338583726,-6.093745272471963
53.91,51.53,4.203004,1.795923,6.511743,4.12657,1.803987,6.499015,9.454299155436114,-6.022584876010745
53.92,51.54,4.218897,1.79491,6.490437,4.142109,1.803324,6.478025,9.181864065543923,-6.253204541951822
53.93,51.55,4.232872,1.794448,6.467466,4.156645,1.802101,6.455611,8.839955366618005,-5.733141652475992
53.94,51.56,4.247249,1.793633,6.444762,4.169308,1.801379,6.433052,8.54431716957893,-5.675581949735574
53.95,51.57,4.262417,1.792669,6.422049,4.182795,1.798911,6.41044,8.295354072583015,-4.482558574764727
53.96,51.58,4.278518,1.791126,6.398187,4.198545,1.794736,6.387294,7.75643777858977,-2.5845904058561757
53.97,51.59,4.29232,1.787391,6.374006,4.212829,1.79069,6.363499,7.5296214302520905,-2.3765000813906507
53.98,51.6,4.305855,1.783992,6.350243,4.224568,1.787888,6.340033,7.159107240871477,-2.7440262659532384
53.99,51.61,4.317934,1.781502,6.326382,4.235009,1.786315,6.316371,6.883637510666613,-3.321743216645824
54.0,51.62,4.326037,1.778772,6.299747,4.246477,1.784401,6.290609,6.552093623835437,-4.047026152435997
54.01,51.63,4.334709,1.773522,6.272864,4.257938,1.781399,6.264688,6.079003837710659,-5.858267105256204
54.02,51.64,4.346889,1.769414,6.24681,4.267914,1.77763,6.238793,5.796418203350032,-5.939282190260764
54.03,51.65,4.358654,1.764192,6.221189,4.276584,1.772771,6.213202,5.558484538238426,-5.967610221205915
54.04,51.66,4.367124,1.758259,6.193511,4.285798,1.766927,6.186288,5.075429384862933,-6.0838098484895236
54.05,51.67,4.375617,1.752821,6.166015,4.295001,1.761594,6.159458,4.649985533345122,-6.21074691964409
54.06,51.68,4.383474,1.748782,6.138773,4.300797,1.757772,6.132459,4.367172182882955,-6.205755758629621
54.07,51.69,4.389078,1.74635,6.110482,4.306265,1.755351,6.104802,3.9236730383494005,-6.203165466302856
54.08,51.7,4.393898,1.743248,6.081518,4.311913,1.752197,6.07639,3.5790754084843037,-6.229407799020199
54.09,51.71,4.397233,1.73756,6.051099,4.318458,1.746251,6.046798,3.1251630117334543,-6.2958027863719845
54.1,51.72,4.401131,1.729844,6.020995,4.323839,1.738507,6.017386,2.6733735366810847,-6.395104614780648
54.11,51.73,4.406687,1.721053,5.991634,4.329688,1.736444,5.988804,2.104885826673701,-11.303636014382834
54.12,51.74,4.410429,1.712401,5.961608,4.334887,1.728017,5.959511,1.5900876626180893,-11.679637680956407
54.13,51.75,4.414314,1.705258,5.932458,4.334543,1.720976,5.930409,1.4713773623398556,-11.146713613736186
54.14,51.76,4.416432,1.698849,5.902287,4.336994,1.71457,5.900898,1.0017337880947959,-11.19434504818982
54.15,51.77,4.416662,1.693546,5.871125,4.338257,1.709592,5.870346,0.5692486914216155,-11.56617244324645
54.16,51.78,4.416363,1.687142,5.839877,4.340501,1.703797,5.839606,0.20467546598338499,-12.382461617948303
54.17,51.79,4.415684,1.678588,5.80867,4.342585,1.695875,5.808881,-0.16538360171380131,-13.305291676809905
54.18,51.8,4.415321,1.668341,5.777698,4.344452,1.68582,5.778371,-0.5440869850029224,-13.854812040068177
54.19,51.81,4.414999,1.657043,5.746898,4.347002,1.675967,5.747913,-0.8551979854580313,-15.552225149833982
54.2,51.82,4.415463,1.64594,5.71569,4.350573,1.666403,5.717492,-1.5906991275963587,-17.502619430742044
54.21,51.83,4.416273,1.636267,5.684166,4.35465,1.656953,5.687005,-2.637777797028369,-18.556199227350422
54.22,51.84,4.416158,1.628155,5.652561,4.358721,1.647443,5.656352,-3.776201912813179,-18.5626387239556
54.23,51.85,4.413869,1.620709,5.62036,4.362273,1.637698,5.625428,-5.60986365662217,-18.2251484175022
54.24,51.86,4.413218,1.612875,5.588138,4.364789,1.627545,5.594134,-7.057879942070738,-16.852488117022705
54.25,51.87,4.368643,1.609444,5.551856,4.365759,1.616809,5.562367,-74.65682125759278,-68.61559279182832
54.26,51.88,4.352729,1.59969,5.517623,4.364666,1.605317,5.530025,-133.9054892716208,-154.76120989335234
54.27,51.89,4.359101,1.584812,5.485326,4.360998,1.592892,5.497006,-99.22510692067287,-103.21245467786363
54.28,51.9,4.359097,1.571136,5.452917,4.355871,1.579944,5.463615,-73.21922605539793,-69.88434190755356
54.29,51.91,4.356589,1.55762,5.420311,4.352468,1.566733,5.430614,-68.19954932650138,-65.66698785537675
54.3,51.92,4.350965,1.545015,5.387374,4.350303,1.553758,5.398096,-86.46691675395688,-85.66995672839744
54.31,51.93,4.345066,1.534197,5.354203,4.346056,1.542161,5.365617,-94.95717690946714,-97.08605288703001
54.32,51.94,4.339977,1.524566,5.320947,4.339664,1.531632,5.333008,-88.5134271893365,-87.46364802265583
54.33,51.95,4.333516,1.516171,5.286967,4.333714,1.52208,5.299675,-90.89263821825172,-91.91916082406152
54.34,51.96,4.326478,1.506636,5.252013,4.328125,1.512742,5.264472,-97.53047226698067,-105.09540575073106
54.35,51.97,4.319215,1.494304,5.216249,4.32168,1.501755,5.227755,-102.09203646354827,-108.3056653106597
54.36,51.98,4.311815,1.480035,5.180935,4.314444,1.488069,5.192063,-103.29245255771473,-108.11986915186513
54.37,51.99,4.303753,1.464572,5.145544,4.307271,1.472978,5.156469,-107.84927131411426,-112.7098263384586
54.38,52.0,4.29742,1.449845,5.110694,4.299233,1.457869,5.121841,-99.23796110589137,-102.73202624319572
54.39,52.01,4.29053,1.435389,5.075717,4.291373,1.443555,5.087088,-94.23992122999397,-95.89393233928614
54.4,52.02,4.282611,1.422686,5.040452,4.28358,1.43059,5.052035,-94.78206279592355,-96.98936515633517
54.41,52.03,4.273667,1.412856,5.004258,4.275065,1.419954,5.016207,-96.67311035417421,-101.14218343621164
54.42,52.04,4.264727,1.404147,4.967423,4.265762,1.410297,4.979904,-94.74046609304325,-99.55294416411127
54.43,52.05,4.255892,1.394329,4.929476,4.257525,1.400662,4.941786,-97.55653074708647,-104.45907503235831
54.44,52.06,4.2465,1.382489,4.891106,4.250035,1.389336,4.902765,-106.86726392420827,-117.30660584653269
54.45,52.07,4.237051,1.368371,4.853097,4.240251,1.375362,4.864821,-105.26669661510057,-114.5950557743513
54.46,52.08,4.226752,1.353338,4.815028,4.228918,1.360844,4.826755,-100.4647064742554,-106.09650795563572
54.47,52.09,4.218338,1.338149,4.776994,4.221268,1.345801,4.788446,-104.35129772021787,-110.95216434444579
54.48,52.1,4.208136,1.324882,4.739024,4.209766,1.332122,4.750811,-97.87337997423965,-102.68791572032843
54.49,52.11,4.197108,1.313372,4.701085,4.199316,1.320299,4.713073,-100.43601558603353,-107.67982176160847
54.5,52.12,4.186315,1.303172,4.662415,4.188376,1.309763,4.674598,-99.60182788174363,-107.36441856303163
54.51,52.13,4.174692,1.294701,4.622936,4.176889,1.300578,4.635565,-99.86867886399394,-110.49726060623854
54.52,52.14,4.163734,1.285755,4.582469,4.165178,1.292391,4.594958,-96.59535243081496,-102.27624378019331
54.53,52.15,4.150279,1.275993,4.541965,4.153837,1.282337,4.553902,-106.59746859538703,-119.28566506654629
54.54,52.16,4.13778,1.263404,4.500858,4.141795,1.270369,4.512627,-108.83709966626525,-119.96145769320765
54.55,52.17,4.125927,1.248321,4.460812,4.128211,1.256852,4.472026,-101.51219592725732,-104.98825282089908
54.56,52.18,4.110909,1.235747,4.420345,4.115739,1.243902,4.431183,-114.02034267967034,-120.63718501118292
54.57,52.19,4.097945,1.224819,4.379797,4.100499,1.231902,4.391701,-102.10921923378841,-109.82837468137711
54.58,52.2,4.0847,1.215792,4.3392,4.087594,1.22219,4.351178,-103.58290286426853,-114.33861191396832
54.59,52.21,4.071186,1.208197,4.298285,4.07436,1.214028,4.310695,-104.34651030562519,-118.56086785140087
54.6,52.22,4.058055,1.202299,4.257037,4.062296,1.206707,4.270415,-107.58929225001933,-133.89383670448103
54.61,52.23,4.043236,1.196626,4.21519,4.047817,1.201326,4.227905,-109.81323603876159,-134.26539983197242
54.62,52.24,4.030586,1.187516,4.17242,4.035606,1.193298,4.184474,-112.60973891788112,-130.96489728322385
54.63,52.25,4.016305,1.176201,4.128964,4.021827,1.182509,4.140776,-115.05565096085552,-131.19878357333823
54.64,52.26,3.998226,1.166115,4.085746,4.00421,1.171608,4.097734,-116.52680299883868,-137.4496892677518
54.65,52.27,3.982572,1.155568,4.042871,3.986496,1.162601,4.054826,-108.17143243094172,-119.158945225051
54.66,52.28,3.967016,1.147531,4.000659,3.969786,1.154011,4.012316,-103.36702282378856,-113.14521268344788
54.67,52.29,3.951053,1.141348,3.958431,3.955682,1.146566,3.970949,-110.29376401539588,-131.57692162397552
54.68,52.3,3.935299,1.136769,3.916864,3.940237,1.140514,3.929633,-111.14237504196684,-142.8231669161846
54.69,52.31,3.918841,1.132832,3.873602,3.923793,1.136495,3.886269,-111.35237134959783,-143.50962529706626
54.7,52.32,3.902333,1.129951,3.828999,3.907041,1.134169,3.841573,-110.52707668050783,-138.14214442165076
54.71,52.33,3.885931,1.125349,3.784379,3.890626,1.13073,3.796542,-111.10692447149492,-131.10516634511455
54.72,52.34,3.868709,1.118946,3.740344,3.87385,1.124809,3.751674,-114.4062238371776,-131.24606113930503
54.73,52.35,3.851525,1.111168,3.696028,3.856632,1.117179,3.707985,-113.12799789030281,-130.35152983721122
54.74,52.36,3.834561,1.104015,3.652868,3.837568,1.109471,3.664332,-104.69754925497286,-118.86075734880787
54.75,52.37,3.817276,1.097603,3.609053,3.825673,1.101027,3.621199,-124.65760602850085,-157.81610025805446
54.76,52.38,3.800006,1.092852,3.565505,3.804493,1.09748,3.577683,-110.22638562672329,-134.113761862979
54.77,52.39,3.781928,1.08959,3.521419,3.785209,1.09459,3.534376,-104.20986966128382,-123.27288551985647
54.78,52.4,3.764051,1.088283,3.478057,3.767248,1.093044,3.491037,-103.83665449955976,-123.88126519061545
54.79,52.41,3.746402,1.089384,3.433985,3.750374,1.092817,3.446099,-108.15354600687988,-139.16314079403685
54.8,52.42,3.727355,1.089724,3.388314,3.732146,1.093671,3.400502,-111.45937102129894,-140.5170621554453
54.81,52.43,3.707858,1.08759,3.343892,3.713551,1.091654,3.355766,-115.61543057512945,-144.47850987693346
54.82,52.44,3.688101,1.083646,3.299265,3.693732,1.087789,3.311751,-114.27466544288528,-143.65627830992474
54.83,52.45,3.668727,1.078942,3.254922,3.674275,1.082851,3.267761,-113.370180954816,-144.83230916670135
54.84,52.46,3.649557,1.073391,3.21012,3.654768,1.077565,3.222527,-112.78264126324757,-141.30534600934718
54.85,52.47,3.630726,1.069472,3.16574,3.635585,1.073618,3.178233,-111.25293998076052,-139.52713392789082
54.86,52.48,3.611563,1.06725,3.121496,3.616067,1.071731,3.134267,-109.42642264803968,-135.14666667228127
54.87,52.49,3.591995,1.066578,3.077674,3.59651,1.070844,3.090569,-109.29697305041199,-136.6242827695171
54.88,52.5,3.572442,1.067669,3.033949,3.576849,1.071626,3.047158,-108.45056287881363,-138.07965879511477
54.89,52.51,3.552203,1.070796,2.988554,3.557289,1.073519,3.002495,-110.04314180244954,-151.8357922237679
54.9,52.52,3.532713,1.073034,2.944567,3.537414,1.077174,2.957586,-109.85402475598842,-138.6307991778328
54.91,52.53,3.511971,1.073691,2.899862,3.51779,1.078074,2.912325,-115.0279661960062,-143.01212905585257
54.92,52.54,3.490826,1.072238,2.854714,3.496807,1.077061,2.867083,-115.80597640526794,-141.11775056240114
54.93,52.55,3.470733,1.069716,2.809999,3.475102,1.074869,2.821862,-110.21814455743797,-130.29313214912042
54.94,52.56,3.449636,1.066416,2.764632,3.454359,1.072761,2.776706,-111.36400176888237,-126.66273031506894
54.95,52.57,3.429288,1.064485,2.720203,3.43327,1.070024,2.732296,-108.2257527731016,-125.71244582913826
54.96,52.58,3.408369,1.064209,2.676167,3.411974,1.069532,2.688531,-106.25522201787572,-124.10780837593083
54.97,52.59,3.38785,1.066127,2.632681,3.392651,1.070447,2.645499,-110.53350846599689,-138.01872215735256
54.98,52.6,3.367789,1.069614,2.590021,3.371831,1.072428,2.603155,-107.10579438981281,-145.1547499991384
54.99,52.61,3.347518,1.074764,2.546602,3.352396,1.075918,2.560257,-109.6583426526434,-166.69010367508855
55.0,52.62,3.327054,1.079586,2.501731,3.331236,1.081501,2.515351,-107.06902348620038,-155.39625208934407
55.01,52.63,3.306934,1.083321,2.455669,3.311222,1.086099,2.46917,-107.6201656909392,-147.0626350240839
55.02,52.64,3.283102,1.084125,2.411254,3.28923,1.088116,2.423799,-116.03465181523917,-146.9248942791781
55.03,52.65,3.261175,1.084167,2.366404,3.266724,1.088662,2.379033,-113.71999225739982,-140.99059471792432
55.04,52.66,3.239926,1.083213,2.322408,3.244419,1.088374,2.334315,-110.67355053910407,-131.04177820838066
55.05,52.67,3.218299,1.083953,2.277585,3.22321,1.088127,2.290145,-111.35565665246473,-139.63783412791645
55.06,52.68,3.198128,1.08542,2.234601,3.202965,1.087992,2.247369,-110.7485775673734,-151.9988782055751
55.07,52.69,3.177207,1.087824,2.191309,3.18167,1.091037,2.204062,-109.28784485218522,-144.24915663351976
55.08,52.7,3.155775,1.091491,2.148311,3.160707,1.094572,2.16093,-111.34750705136796,-148.00714936228633
55.09,52.71,3.133785,1.096928,2.106088,3.139055,1.099411,2.118661,-112.74109933380676,-154.77217943578498
55.1,52.72,3.111872,1.103972,2.063529,3.117058,1.106138,2.076184,-112.28374473601822,-157.3315141891697
55.11,52.73,3.089332,1.110204,2.019888,3.095078,1.112779,2.032346,-114.7605562949738,-155.86104346513574
55.12,52.74,3.067583,1.114841,1.975645,3.0729,1.11771,1.988119,-113.08596205535217,-151.64914480276911
55.13,52.75,3.04515,1.117133,1.931487,3.050635,1.1208,1.943964,-113.73071706620229,-146.2352690514505
55.14,52.76,3.023157,1.119602,1.887762,3.0286,1.122942,1.900381,-113.33216473231165,-148.4653818911285
55.15,52.77,3.001182,1.122089,1.845379,3.006624,1.124227,1.857875,-113.53309453008595,-158.55161219212005
55.16,52.78,2.978418,1.125298,1.803164,2.984122,1.127298,1.815674,-114.5108624802485,-160.67774503869435
55.17,52.79,2.955596,1.130011,1.761643,2.961192,1.132399,1.774143,-114.11710785536306,-156.89043945883236
55.18,52.8,2.933199,1.13636,1.720813,2.938157,1.13811,1.733315,-111.63211584686218,-160.55875622156745
55.19,52.81,2.910444,1.143453,1.681089,2.914509,1.145816,1.693365,-108.32145868839937,-149.83039980817455
55.2,52.82,2.884565,1.153743,1.64141,2.890122,1.155025,1.653547,-114.60096610864045,-167.00914835715176
55.21,52.83,2.860299,1.162669,1.600361,2.865624,1.164354,1.612609,-113.49771039762274,-162.44096597282197
55.22,52.84,2.835712,1.169684,1.559366,2.840907,1.171283,1.571384,-113.37729626974776,-162.8918461015476
55.23,52.85,2.809871,1.174404,1.518649,2.815559,1.176514,1.530795,-115.09380190418034,-159.6473421159285
55.24,52.86,2.784256,1.178931,1.478312,2.791229,1.181339,1.490191,-120.41303088566212,-160.94856874550592
55.25,52.87,2.759773,1.183888,1.438404,2.765967,1.186808,1.450226,-117.65177020608164,-154.75968697018044
55.26,52.88,2.734049,1.190667,1.399877,2.740583,1.193235,1.411732,-118.86178940993962,-158.54412506790342
55.27,52.89,2.707863,1.19889,1.36268,2.715243,1.2011,1.374538,-121.89667424592179,-163.32925049423636
55.28,52.9,2.681485,1.20913,1.326681,2.688456,1.210387,1.338411,-120.72251408631551,-169.7783533546157
55.29,52.91,2.65426,1.22116,1.291157,2.661791,1.221644,1.303463,-121.46571092238801,-176.32278954278829
55.3,52.92,2.628042,1.232051,1.254701,2.633986,1.233026,1.266894,-115.98890136725544,-170.68467392881084
55.31,52.93,2.598924,1.241634,1.218617,2.605969,1.242868,1.23024,-121.22113394921911,-170.0648771768202
55.32,52.94,2.568899,1.249316,1.182968,2.577989,1.25026,1.193892,-129.7642746116691,-174.0710646108987
55.33,52.95,2.54087,1.256402,1.147378,2.550256,1.256743,1.157931,-131.65038459510754,-177.91931904149132
55.34,52.96,2.512374,1.263912,1.111771,2.521461,1.264301,1.122563,-130.09780110913448,-177.5487555355995
55.35,52.97,2.483846,1.272681,1.077549,2.492614,1.273327,1.088879,-127.73538014002563,-175.7862319633137
55.36,52.98,2.454707,1.283293,1.04504,2.463918,1.283867,1.056069,-129.8673446680332,-176.43412176579085
55.37,52.99,2.425937,1.295945,1.014209,2.43524,1.295862,1.025203,-130.2375263951333,179.4888290308646
55.38,53.0,2.396193,1.309181,0.983894,2.40535,1.309222,0.99466,-130.38276056829588,-179.7434627867035
55.39,53.01,2.365565,1.32113,0.952451,2.375063,1.322052,0.96278,-132.59999282424795,-174.45549497421695
55.4,53.02,2.33376,1.331451,0.920925,2.344266,1.33302,0.930933,-136.39064516962927,-171.50603989627368
55.41,53.03,2.302614,1.340557,0.890326,2.31315,1.34194,0.899931,-137.6465631145323,-172.52186779439933
55.42,53.04,2.271898,1.349936,0.859476,2.282104,1.351167,0.869807,-134.65126922143696,-173.12247410698347
55.43,53.05,2.241796,1.360946,0.83039,2.251828,1.361653,0.840667,-134.30883918072476,-175.96877471978368
55.44,53.06,2.212146,1.373796,0.803017,2.222076,1.373867,0.813189,-134.31027216875316,-179.5903392724613
55.45,53.07,2.182038,1.388283,0.777433,2.192035,1.387631,0.787397,-135.09472265925424,176.2684789351272
55.46,53.08,2.150617,1.403833,0.752565,2.161663,1.402665,0.762304,-138.59812917246808,173.9639944782659
55.47,53.09,2.118875,1.417922,0.7265,2.129344,1.417669,0.736289,-136.92252477536405,178.61562601640287
55.48,53.1,2.086985,1.430331,0.700675,2.098092,1.430509,0.709997,-139.99358184723005,-179.08186046816388
55.49,53.11,2.05493,1.44196,0.675455,2.066404,1.441604,0.684558,-141.5729610608872,178.2228729211084
55.5,53.12,2.023247,1.453391,0.650453,2.034367,1.45268,0.659403,-141.17093774733183,176.34155384421564
55.51,53.13,1.991696,1.46584,0.626545,2.002535,1.465016,0.635699,-139.81747482106215,175.6526352977247
55.52,53.14,1.960909,1.479912,0.604179,1.972116,1.478748,0.613159,-141.29532963637908,174.0703123184013
55.53,53.15,1.930414,1.495223,0.583388,1.941711,1.493714,0.5924,-141.4194483905652,172.39173637249394
55.54,53.16,1.899183,1.511354,0.564123,1.910826,1.509558,0.572905,-142.97373723420722,171.23091217942743
55.55,53.17,1.86758,1.526738,0.544231,1.87961,1.525719,0.552453,-145.64903281959656,175.15832394854039
55.56,53.18,1.834592,1.540472,0.524207,1.847285,1.54012,0.531713,-149.4020710792609,178.41149084922674
55.57,53.19,1.801935,1.552903,0.504034,1.814125,1.552588,0.512595,-144.919748649948,178.51975759349995
55.58,53.2,1.769794,1.565112,0.484437,1.781607,1.564577,0.492896,-144.39447643806244,177.40689831910456
55.59,53.21,1.738125,1.578025,0.465825,1.75003,1.577279,0.474148,-145.04190920314596,176.41437730045857
55.6,53.22,1.707088,1.592026,0.448767,1.719032,1.590558,0.456683,-146.46519318743552,172.99309475881583
55.61,53.23,1.677175,1.606542,0.433381,1.689117,1.605275,0.440829,-148.0489885612991,173.9437953087701
55.62,53.24,1.647537,1.622384,0.419688,1.659759,1.620633,0.426424,-151.13920179077942,171.84692814609542
55.63,53.25,1.612728,1.639072,0.405285,1.628462,1.636655,0.411822,-157.43859668133956,171.26669929555948
55.64,53.26,1.584141,1.651973,0.389897,1.596252,1.651596,0.397043,-149.45760544020752,178.21703113012413
55.65,53.27,1.551975,1.665643,0.375501,1.564644,1.665057,0.382525,-150.99495406208513,177.35169210063782
55.66,53.28,1.521221,1.678474,0.362177,1.533515,1.677191,0.368848,-151.51475001462896,174.04218736824586
55.67,53.29,1.492547,1.690251,0.3496,1.503241,1.690217,0.355862,-149.6483816822852,179.81783711056292
55.68,53.3,1.466539,1.702761,0.338771,1.47385,1.704168,0.344938,-139.8515833264705,-169.10662504462513
55.69,53.31,1.432392,1.720328,0.330939,1.445579,1.718581,0.335144,-162.31383607985688,172.453459128006
55.7,53.32,1.402295,1.73503,0.321799,1.415522,1.73403,0.326718,-159.60029380056943,175.67649591288324
55.71,53.33,1.371978,1.74811,0.312371,1.384912,1.747453,0.317657,-157.77064296712433,177.092082841162
55.72,53.34,1.342022,1.760067,0.302523,1.35429,1.760228,0.308663,-153.41253555785835,-179.24811778803038
55.73,53.35,1.316793,1.77036,0.29367,1.324227,1.772453,0.300177,-138.80425466478923,-164.27573960026936
55.74,53.36,1.292595,1.779804,0.285956,1.295189,1.784241,0.293196,-109.71195672789386,-120.31180546631843
55.75,53.37,1.265834,1.791132,0.279721,1.266511,1.796849,0.287086,-95.25194068786239,-96.75344399075114
55.76,53.38,1.235291,1.805127,0.275938,1.238389,1.810479,0.282481,-115.33676461549331,-120.06436263570347
55.77,53.39,1.202979,1.820131,0.273843,1.210576,1.824208,0.27902,-145.72740079866347,-151.77935925446974
55.78,53.4,1.170912,1.834491,0.272673,1.182824,1.83711,0.276344,-162.8719248991609,-167.6001057938268
55.79,53.41,1.141105,1.846549,0.271663,1.154886,1.848259,0.274093,-169.99984726397815,-172.92667153549183
55.8,53.42,1.113099,1.856905,0.270478,1.126772,1.858223,0.271935,-173.9174934958606,-174.4940219182622
55.81,53.43,1.124069,1.861785,0.26521,1.115579,1.869872,0.271426,-36.20992755052889,-43.60736853022407
55.82,53.44,1.123134,1.868139,0.262105,1.097711,1.880916,0.270449,-18.170184657491642,-26.683023239215633
55.83,53.45,1.102318,1.876889,0.262744,1.069195,1.890862,0.269035,-10.754010277102857,-22.872540908518822
55.84,53.46,1.067514,1.887208,0.266254,1.034081,1.899879,0.267931,-2.871550847427312,-20.756547837717726
55.85,53.47,1.024612,1.898266,0.271758,0.996417,1.908131,0.267885,7.821472650588152,-19.28416234805212
55.86,53.48,0.979505,1.909236,0.278383,0.960254,1.915787,0.269644,24.415694463050002,-18.793131880188067
55.87,53.49,0.938085,1.91929,0.285254,0.929641,1.923013,0.273958,53.221104706946846,-23.79291191615706
55.88,53.5,0.906243,1.9276,0.291495,0.908628,1.929975,0.281573,103.51604318806635,-135.1203691076068
55.89,53.51,0.881154,1.934762,0.297131,0.893766,1.936862,0.291088,154.39873612088851,-170.54651836890056
55.9,53.52,0.857522,1.942022,0.303049,0.869366,1.944364,0.297489,154.85294918959903,-168.8147811858597
55.91,53.53,0.834092,1.949543,0.310643,0.846671,1.952017,0.305302,156.99409028916074,-168.87325492543678
55.92,53.54,0.810975,1.955365,0.318376,0.823442,1.958724,0.313314,157.90127727810824,-164.920799422666
55.93,53.55,0.787796,1.959135,0.326439,0.799882,1.963609,0.321504,157.7886433542853,-159.68643660630443
55.94,53.56,0.765583,1.962241,0.335724,0.77652,1.967322,0.329313,149.62221845501753,-155.08184177473942
55.95,53.57,0.743509,1.964959,0.344456,0.753858,1.970469,0.337013,144.27631456746965,-151.96833286854832
55.96,53.58,0.720939,1.968446,0.354241,0.731446,1.973145,0.346986,145.37522948775683,-155.90458145674938
55.97,53.59,0.698294,1.971737,0.364731,0.709693,1.975795,0.357082,146.13744948870036,-160.40446678693712
55.98,53.6,0.677303,1.975969,0.376243,0.688853,1.979898,0.369247,148.79611168233836,-161.21307396340808
55.99,53.61,0.657618,1.979119,0.389599,0.668698,1.984035,0.382762,148.3230172565385,-156.0739855836105
56.0,53.62,0.637362,1.980224,0.402591,0.648125,1.986171,0.39579,147.71173939564815,-151.07754498191113
56.01,53.63,0.616416,1.980676,0.415898,0.626941,1.98624,0.408357,144.3789866923516,-152.13700620302484
56.02,53.64,0.59627,1.980044,0.429151,0.606098,1.986025,0.421314,141.43059724684662,-148.6766709010918
56.03,53.65,0.577802,1.979378,0.442455,0.586311,1.985244,0.434319,136.2837338236945,-145.41809779628502
56.04,53.66,0.55877,1.978424,0.457853,0.567536,1.984308,0.448962,134.59439016838112,-146.12931274076593
56.05,53.67,0.540876,1.978035,0.473375,0.549978,1.983515,0.464883,136.98570144851053,-148.9493056286872
56.06,53.68,0.523922,1.97823,0.490216,0.532645,1.983613,0.481569,135.25068805159833,-148.32109000098893
56.07,53.69,0.506982,1.976207,0.507628,0.51564,1.982688,0.499233,135.8835744713494,-143.1830804061065
56.08,53.7,0.48984,1.972401,0.524772,0.498096,1.979522,0.516733,135.76296098550142,-139.22143431328718
56.09,53.71,0.472907,1.967723,0.542474,0.480623,1.975251,0.533733,131.43602053325094,-135.70657704619322
56.1,53.72,0.456951,1.962651,0.559911,0.46378,1.970578,0.550378,125.61605929639929,-130.7444402462513
56.11,53.73,0.441252,1.957335,0.578144,0.447298,1.965021,0.568316,121.59904444041864,-128.18947623299195
56.12,53.74,0.425496,1.952276,0.597283,0.432463,1.959388,0.587371,125.10282338549403,-134.40993008672595
56.13,53.75,0.411616,1.94812,0.617513,0.417931,1.954968,0.607109,121.25683321167561,-132.68122948937022
56.14,53.76,0.398312,1.943784,0.638264,0.404591,1.951324,0.628429,122.55555152612733,-129.7861323213352
56.15,53.77,0.385281,1.937684,0.659638,0.391196,1.946027,0.650099,121.8024704096243,-125.33578616087462
56.16,53.78,0.372134,1.928982,0.681344,0.377587,1.938048,0.672098,120.53076690450716,-121.02598506095144
56.17,53.79,0.359292,1.919607,0.702613,0.364192,1.92883,0.693447,118.1282618578258,-117.98083700201471
56.18,53.8,0.34768,1.910588,0.724232,0.351413,1.919502,0.714239,110.48375210714038,-112.72293366567378
56.19,53.81,0.335964,1.901597,0.746868,0.339937,1.910354,0.736963,111.8562417828351,-114.40351952549267
56.2,53.82,0.324953,1.894015,0.770151,0.329664,1.901824,0.759763,114.3944841110237,-121.10166780392176
56.21,53.83,0.31522,1.886914,0.794585,0.319567,1.894777,0.783878,112.0969595047906,-118.93567938535725
56.22,53.84,0.306094,1.879116,0.81942,0.310192,1.887428,0.809076,111.61206902558119,-116.24431760886819
56.23,53.85,0.296878,1.868834,0.844515,0.30091,1.877996,0.834768,112.47320371670328,-113.7532666819139
56.24,53.86,0.28791,1.857571,0.869715,0.29132,1.866645,0.859264,108.07070532580155,-110.59616927682094
56.25,53.87,0.27964,1.846201,0.894281,0.282269,1.85447,0.883316,103.48288664936227,-107.63725332753862
56.26,53.88,0.271556,1.834263,0.92019,0.274474,1.842522,0.90952,105.29509545434186,-109.45890229419793
56.27,53.89,0.264549,1.823991,0.946872,0.267208,1.831691,0.935638,103.31639740478013,-109.05105656022938
56.28,53.9,0.259051,1.814685,0.974151,0.259672,1.822474,0.963023,93.19408812119089,-94.558425404782
56.29,53.91,0.254665,1.804853,1.00224,0.255566,1.813326,0.99172,94.89523054249135,-96.06989561296427
56.3,53.92,0.250382,1.793091,1.030721,0.252308,1.80247,1.020837,101.0265022304272,-101.60450067111327
56.31,53.93,0.246486,1.779378,1.059399,0.247641,1.78924,1.049406,96.59304330081262,-96.67983443130898
56.32,53.94,0.242879,1.765811,1.087285,0.243888,1.774998,1.077155,95.68819206756683,-96.26762388541084
56.33,53.95,0.240053,1.751931,1.116142,0.239875,1.761095,1.105815,89.01252648855167,-88.88723631125836
56.34,53.96,0.237665,1.739793,1.145371,0.237728,1.748338,1.134894,90.34452520800518,-90.42241880728773
56.35,53.97,0.236724,1.729352,1.175522,0.236652,1.737545,1.164444,89.6276188806835,-89.49649823841223
56.36,53.98,0.237264,1.719614,1.206198,0.236872,1.72749,1.195225,87.95403277501384,-87.15065678327787
56.37,53.99,0.239006,1.708271,1.237031,0.23691,1.716292,1.22639,78.85687453560745,-75.35528414853063
56.38,54.0,0.240462,1.695036,1.267712,0.236934,1.703162,1.257231,71.39629854703291,-66.5313486711914
56.39,54.01,0.241459,1.680605,1.29923,0.239393,1.688795,1.288817,78.77792006838108,-75.84201182113999
56.4,54.02,0.242984,1.66589,1.331066,0.24063,1.673601,1.320099,77.88562108145621,-73.02371351294227
56.41,54.03,0.245587,1.652041,1.362981,0.242932,1.659616,1.351829,76.6086598910967,-70.68468886512206
56.42,54.04,0.248896,1.639709,1.394492,0.245967,1.6469,1.383341,75.2827435315713,-67.83820997901398
56.43,54.05,0.254044,1.628858,1.426404,0.251676,1.63612,1.414947,78.32220703230537,-71.93983812938794
56.44,54.06,0.260402,1.616925,1.459222,0.257356,1.623867,1.448064,74.73097835092882,-66.30916935175568
56.45,54.07,0.266158,1.602714,1.493458,0.264534,1.610969,1.482476,81.58815807747493,-78.87037253777584
56.46,54.08,0.272227,1.587526,1.527193,0.270509,1.595228,1.516732,80.67362217841661,-77.42551570251317
56.47,54.09,0.278463,1.572024,1.560113,0.27596,1.580453,1.549211,77.06949947561246,-73.46116031142401
56.48,54.1,0.285895,1.556805,1.59368,0.283588,1.564879,1.582372,78.46905239454475,-74.05366685214398
56.49,54.11,0.293958,1.54282,1.626271,0.28976,1.549828,1.614868,69.78887983768541,-59.077139806101
56.5,54.12,0.302708,1.529912,1.658937,0.300093,1.536952,1.647894,76.6776666090148,-69.62254308856781
56.51,54.13,0.312088,1.518323,1.69439,0.309851,1.525281,1.682717,79.15143408282815,-72.17737945118748
56.52,54.14,0.322478,1.507139,1.730609,0.320498,1.514601,1.719107,80.2326067982337,-75.13933602217655
56.53,54.15,0.33374,1.494609,1.766668,0.330909,1.502923,1.755719,75.50296226951623,-71.19577877122687
56.54,54.16,0.346158,1.480021,1.801162,0.342106,1.488283,1.790575,69.05647529161742,-63.87490582324876
56.55,54.17,0.358126,1.463306,1.835914,0.354061,1.47202,1.825777,68.14890788127927,-64.9913859986674
56.56,54.18,0.369139,1.446739,1.871718,0.366763,1.455683,1.861498,76.91206502239697,-75.1228220445357
56.57,54.19,0.381113,1.432348,1.907675,0.378745,1.440535,1.89682,77.69381635473536,-73.86806680244459
56.58,54.2,0.394264,1.420256,1.943339,0.391352,1.427461,1.932139,75.42578380196099,-67.99322526902121
56.59,54.21,0.407669,1.409407,1.979659,0.404432,1.415911,1.967614,74.95761516588779,-63.540758083087205
56.6,54.22,0.421663,1.398557,2.016677,0.419638,1.405449,2.004932,80.21759296819263,-73.62621399063107
56.61,54.23,0.437027,1.387959,2.055315,0.434466,1.395601,2.043859,77.39866334585804,-71.47288164226916
56.62,54.24,0.452897,1.376161,2.093629,0.44976,1.384305,2.082841,73.78630573548429,-68.93373668341486
56.63,54.25,0.469113,1.362411,2.132026,0.466188,1.370753,2.121088,75.02848849558549,-70.67753057935877
56.64,54.26,0.484406,1.348099,2.169499,0.481679,1.356342,2.158611,75.93899550614562,-71.69443390914788
56.65,54.27,0.500009,1.334283,2.207891,0.497367,1.341837,2.196166,77.30159450733677,-70.72279324667838
56.66,54.28,0.51554,1.320035,2.245441,0.514208,1.327752,2.233756,83.49679357434667,-80.20690220482457
56.67,54.29,0.532303,1.305858,2.282636,0.530078,1.31415,2.27186,78.33366490335668,-74.97959560080298
56.68,54.3,0.548368,1.291814,2.320302,0.545785,1.300749,2.310007,75.91531507840529,-73.87606043046117
56.69,54.31,0.564442,1.277103,2.35872,0.561514,1.286038,2.3485,74.01314765310012,-71.85602714074992
56.7,54.32,0.581251,1.261052,2.396697,0.57805,1.270763,2.387234,71.31113042313393,-71.75642623663134
56.71,54.33,0.598038,1.243617,2.434253,0.593712,1.255057,2.426602,60.51547509118718,-69.2860460862746
56.72,54.34,0.614288,1.225885,2.471456,0.610425,1.236501,2.463548,63.96483014700676,-70.00432747408298
56.73,54.35,0.630451,1.206842,2.508665,0.626645,1.217715,2.501035,63.48904111941025,-70.70784129498443
56.74,54.36,0.646641,1.187823,2.545738,0.64285,1.198267,2.538092,63.62710499022685,-70.04993653133465
56.75,54.37,0.663076,1.169015,2.583411,0.659782,1.179398,2.575436,67.55738005570328,-72.39840371074557
56.76,54.38,0.679301,1.151559,2.622276,0.676283,1.161871,2.61352,70.98205749271733,-73.68689652512363
56.77,54.39,0.695699,1.137053,2.662693,0.692872,1.146022,2.653141,73.51340823416488,-72.50531586877979
56.78,54.4,0.710997,1.123502,2.703989,0.708524,1.131474,2.692976,77.34400680390033,-72.7655487059987
56.79,54.41,0.726346,1.109773,2.746029,0.723203,1.116465,2.734343,74.94628255522865,-64.84218599618067
56.8,54.42,0.741782,1.093467,2.788297,0.738051,1.100125,2.776786,72.04120731421682,-60.734667499264155
56.81,54.43,0.757918,1.074843,2.830201,0.753483,1.082374,2.819193,68.05604615209215,-59.506202234372275
56.82,54.44,0.77385,1.055624,2.871955,0.769836,1.063596,2.861614,68.7855992054751,-63.274183454027295
56.83,54.45,0.790199,1.037224,2.914119,0.786173,1.045243,2.903745,68.78948428195208,-63.3407124284346
56.84,54.46,0.805333,1.020859,2.956951,0.802886,1.028922,2.946238,77.1335667175726,-73.11774023490744
56.85,54.47,0.820577,1.00587,3.000249,0.817327,1.014073,2.989142,73.69008792107952,-68.38670183615316
56.86,54.48,0.834933,0.995117,3.044712,0.831923,1.001908,3.033131,75.43069608690514,-66.09546542936332
56.87,54.49,0.847975,0.98487,3.090866,0.844868,0.990634,3.078548,75.84343108712305,-61.673761270881165
56.88,54.5,0.861915,0.971863,3.137921,0.858274,0.978584,3.126419,72.43462700683786,-61.554050561619555
56.89,54.51,0.876975,0.956991,3.184484,0.872718,0.965107,3.173801,68.27353045283778,-62.32211497560009
56.9,54.52,0.891854,0.940476,3.230435,0.888073,0.949681,3.219638,70.70026294293206,-67.66934640171375
56.91,54.53,0.907333,0.924848,3.276668,0.903819,0.933254,3.266219,71.41220143512925,-67.31337820899134
56.92,54.54,0.9222,0.910642,3.322963,0.92189,0.918478,3.312769,88.25816955854881,-87.73450303377217
56.93,54.55,0.936527,0.898477,3.369398,0.934554,0.906069,3.358247,79.96622792567676,-75.43228747216479
56.94,54.56,0.95031,0.889867,3.416382,0.946732,0.89489,3.404016,73.86263662807363,-54.5368430758161
56.95,54.57,0.963577,0.882951,3.463505,0.960351,0.886704,3.450825,75.72584860839646,-49.31833786460694
56.96,54.58,0.977009,0.875897,3.513211,0.973422,0.880394,3.500894,73.76319831272762,-51.422636135950476
56.97,54.59,0.991046,0.867053,3.563805,0.986419,0.872608,3.552034,68.54096971016882,-50.20762017879753
56.98,54.6,1.005545,0.856404,3.613647,1.000413,0.862685,3.602453,65.37044318504469,-50.748863545522326
56.99,54.61,1.019725,0.844885,3.662734,1.014918,0.851392,3.650858,67.96357566211525,-53.545127936606384
57.0,54.62,1.034584,0.834483,3.711185,1.031923,0.839933,3.698701,77.96731680118306,-63.975737997344424
57.01,54.63,1.048352,0.824585,3.760006,1.046346,0.830319,3.747664,80.76819153063808,-70.7179658069185
57.02,54.64,1.062392,0.817004,3.809838,1.059236,0.822732,3.796845,76.34726086570058,-61.146217926007786
57.03,54.65,1.075891,0.811182,3.859322,1.072415,0.816585,3.846939,74.32017489390371,-57.24494745778622
57.04,54.66,1.089588,0.808379,3.909212,1.086306,0.813212,3.896253,75.78807968614726,-55.82030662476709
57.05,54.67,1.10308,0.807501,3.9602,1.099739,0.811887,3.947037,75.75808078305529,-52.70195598748152
57.06,54.68,1.116445,0.80509,4.012076,1.112612,0.80979,3.999404,73.17059389377779,-50.801657967872885
57.07,54.69,1.130043,0.801101,4.063459,1.126056,0.805666,4.050966,72.30010356748394,-48.866542667818536
57.08,54.7,1.144037,0.795684,4.114637,1.139681,0.800048,4.102206,70.68881006423202,-45.052564920585546
57.09,54.71,1.157844,0.789675,4.165778,1.154405,0.794518,4.152935,75.00945521732498,-54.621551496918435
57.1,54.72,1.172219,0.785072,4.216473,1.169216,0.790288,4.203419,77.04481771277165,-60.06973814922876
57.11,54.73,1.18662,0.782624,4.266262,1.183629,0.787906,4.253695,76.61243335448576,-60.47873712476552
57.12,54.74,1.200766,0.782641,4.316222,1.197987,0.787198,4.303127,78.01853875447148,-58.623865311088906
57.13,54.75,1.215319,0.785031,4.364979,1.212658,0.78883,4.351927,78.47664656377131,-54.99077598946851
57.14,54.76,1.230859,0.789555,4.414256,1.22752,0.79209,4.401061,75.7993809160848,-37.206107749950114
57.15,54.77,1.246082,0.792391,4.463331,1.241699,0.794839,4.45111,70.26988412844521,-29.184300052670256
57.16,54.78,1.26275,0.793239,4.514221,1.256786,0.79575,4.501845,64.27056183596531,-22.832365705768108
57.17,54.79,1.278235,0.791724,4.5653,1.27387,0.79488,4.552586,71.05150970326758,-35.86783434339468
57.18,54.8,1.294149,0.789517,4.615896,1.289741,0.793406,4.603385,70.59111264334813,-41.42065618966959
57.19,54.81,1.310789,0.789023,4.665294,1.305651,0.792873,4.652486,68.1415383810977,-36.844910390771446
57.2,54.82,1.326234,0.790933,4.713795,1.321955,0.794273,4.700619,72.00842510255006,-37.974039124429794
57.21,54.83,1.342852,0.794041,4.761347,1.33798,0.797149,4.748408,69.36683484745302,-32.535067157935075
57.22,54.84,1.360081,0.798994,4.808491,1.355797,0.801693,4.795364,71.92589237827502,-32.21169366267064
57.23,54.85,1.377378,0.807045,4.855818,1.373117,0.808863,4.842459,72.30934529487442,-23.106023506171347
57.24,54.86,1.394437,0.814508,4.90392,1.389773,0.816707,4.891082,70.03409575823358,-25.24311373235662
57.25,54.87,1.411262,0.81982,4.952653,1.407982,0.823151,4.940212,75.23037085980393,-45.441994674129454
57.26,54.88,1.430401,0.823296,5.001824,1.426136,0.827219,4.989062,71.52061602056393,-42.60823482507638
57.27,54.89,1.448687,0.82612,5.050266,1.444362,0.830133,5.037567,71.19228676174407,-42.857046432856066
57.28,54.9,1.466466,0.828908,5.098161,1.462382,0.832893,5.08542,72.22726756209946,-44.29706313346015
57.29,54.91,1.484861,0.833426,5.145081,1.480302,0.836688,5.132285,70.38987006905674,-35.584015326218086
57.3,54.92,1.503573,0.839808,5.190973,1.498684,0.842349,5.178008,69.33893336564756,-27.462622476870717
57.31,54.93,1.522017,0.847795,5.235382,1.51732,0.849499,5.222224,70.35500353661654,-19.939999741760854
57.32,54.94,1.540471,0.8578,5.278223,1.536034,0.858272,5.265542,70.7153879225712,-6.072184733186276
57.33,54.95,1.557307,0.867394,5.319514,1.555709,0.86867,5.309636,80.81066517948928,-38.6072995354669
57.34,54.96,1.582438,0.880501,5.368402,1.576809,0.880308,5.355471,66.47600214848563,1.9637156296332945
57.35,54.97,1.604802,0.887737,5.414526,1.598575,0.889226,5.401646,64.19796377181461,-13.448047431413745
57.36,54.98,1.626901,0.893062,5.460203,1.620507,0.895186,5.447103,63.98338526035235,-18.37578676991821
57.37,54.99,1.648086,0.89844,5.504164,1.642344,0.90088,5.492126,64.49934651042425,-23.022533825490747
57.38,55.0,1.669409,0.906007,5.548031,1.663679,0.908255,5.535622,65.21431942268941,-21.42112569954663
57.39,55.01,1.690763,0.915878,5.590042,1.684762,0.917294,5.577484,64.45860353962374,-13.276701901694427
57.4,55.02,1.712549,0.927142,5.630341,1.706272,0.928227,5.618451,62.16941299114653,-9.806858706757183
57.41,55.03,1.73599,0.941233,5.6696,1.729226,0.940957,5.657519,60.756084057656686,2.336615523574943
57.42,55.04,1.759293,0.956089,5.709137,1.751963,0.95487,5.697546,57.69126349972053,9.442040068289533
57.43,55.05,1.783692,0.969029,5.750684,1.775866,0.968927,5.738876,56.46473704628131,0.7467210100534387
57.44,55.06,1.807169,0.979635,5.791538,1.80067,0.980832,5.780447,59.63095095578084,-10.435904626258107
57.45,55.07,1.833469,0.989057,5.833527,1.825174,0.99081,5.82142,55.58336508242308,-11.932861023247689
57.46,55.08,1.856725,0.998394,5.873322,1.850108,0.999994,5.861941,59.825954969627766,-13.59328577784667
57.47,55.09,1.881907,1.008652,5.912711,1.874243,1.010405,5.901275,56.17141445995077,-12.883729978751434
57.48,55.1,1.906921,1.021016,5.950006,1.898817,1.021906,5.938192,55.55120987175125,-6.267239122664464
57.49,55.11,1.931396,1.034584,5.985661,1.922642,1.034632,5.9742,52.62713038527046,-0.31416150960096867
57.5,55.12,1.957672,1.050496,6.019675,1.947776,1.049046,6.008435,48.63843627946183,8.335880830767715
57.51,55.13,1.982069,1.066612,6.053002,1.973054,1.064732,6.042394,49.64110809955206,11.779709511590902
57.52,55.14,2.010433,1.08231,6.088264,1.999343,1.080465,6.077785,43.37737671142521,9.445565381856916
57.53,55.15,2.036452,1.094696,6.124539,2.027651,1.095046,6.11369,50.95010811615994,-2.2773504410371648
57.54,55.16,2.064717,1.106927,6.1607,2.054999,1.107635,6.148984,50.325516040244466,-4.166893277267934
57.55,55.17,2.09158,1.118279,6.195073,2.082159,1.118788,6.183911,49.83481882465406,-3.0925830320551935
57.56,55.18,2.118534,1.131153,6.228081,2.108995,1.131589,6.216908,49.51080519033463,-2.6170023493882737
57.57,55.19,2.145134,1.145537,6.259261,2.135296,1.145229,6.248281,48.13989170617055,1.7931833644628425
57.58,55.2,2.171869,1.161348,6.28889,2.161938,1.160241,6.278489,46.324228865565225,6.360454160736219
57.59,55.21,2.198293,1.178262,6.316381,2.188221,1.17633,6.306993,42.98693803363672,10.85851786519037
57.6,55.22,2.225841,1.195642,6.344635,2.215195,1.193395,6.33548,40.69379848823605,11.91821962388306
57.61,55.23,2.256148,1.211536,6.374656,2.245114,1.210456,6.36497,41.27770171162858,5.590262921250358
57.62,55.24,2.285806,1.225125,6.404539,2.275443,1.225421,6.394138,45.10485634708187,-1.6361035240826582
57.63,55.25,2.31508,1.237912,6.434025,2.304743,1.238249,6.423473,45.58969589883495,-1.8672575535758762
57.64,55.26,2.343712,1.250237,6.462754,2.333742,1.250605,6.452733,45.14616969715725,-2.1138695419836715
57.65,55.27,2.371897,1.262993,6.490274,2.361387,1.263445,6.480694,42.34957382177684,-2.462582633611907
57.66,55.28,2.400928,1.277827,6.515446,2.388709,1.276427,6.507139,34.209545350824904,6.536199744723081
57.67,55.29,2.428969,1.291968,6.540404,2.417098,1.290316,6.53202,35.23199198659793,7.922551499609366
57.68,55.3,2.457834,1.307147,6.5643,2.446296,1.305519,6.555422,37.57675060761013,8.031357389283263
57.69,55.31,2.487776,1.323021,6.587175,2.47625,1.321495,6.578412,37.245041808946596,7.5418878374608465
57.7,55.32,2.518119,1.338202,6.610317,2.506575,1.337763,6.601395,37.69932536435115,2.177818148017552
57.71,55.33,2.549126,1.35195,6.633212,2.537795,1.352022,6.624454,37.70129149334762,-0.36406677298015333
57.72,55.34,2.579987,1.364288,6.655849,2.567564,1.364517,6.647935,32.49893756204151,-1.0560450525697238
57.73,55.35,2.609908,1.375901,6.677471,2.597546,1.375977,6.671083,27.32742752084952,-0.3522427101695143
57.74,55.36,2.64066,1.387953,6.699238,2.627245,1.387513,6.69321,24.196659600208243,1.878576862925186
57.75,55.37,2.670868,1.400612,6.720257,2.656929,1.399501,6.713573,25.618551725435864,4.557093442382108
57.76,55.38,2.70033,1.413916,6.739269,2.686779,1.412623,6.73277,25.62217132721488,5.450507944266961
57.77,55.39,2.729088,1.4286,6.756594,2.715832,1.426817,6.750034,26.32943851105321,7.660599470336112
57.78,55.4,2.759126,1.443106,6.772987,2.746009,1.441597,6.766475,26.402329221158816,6.562545907179912
57.79,55.41,2.788259,1.454925,6.79005,2.77795,1.456069,6.78327,33.332029911037004,-6.332261534263482
57.8,55.42,2.822719,1.468573,6.806278,2.809877,1.468863,6.800839,22.9542200554239,-1.2936421505782054
57.81,55.43,2.852203,1.479156,6.822357,2.838912,1.479025,6.818382,16.650586249490207,0.5647057465919562
57.82,55.44,2.883573,1.489648,6.838812,2.870528,1.489904,6.834321,18.997040394867213,-1.1242496791825936
57.83,55.45,2.914954,1.500743,6.853863,2.902656,1.501166,6.848841,22.213095172197683,-1.969959652822982
57.84,55.46,2.944184,1.512978,6.867444,2.931402,1.512694,6.862728,20.25185928901963,1.2728308945373024
57.85,55.47,2.973913,1.52665,6.879007,2.960368,1.525868,6.874602,18.015160436693712,3.3042168991728675
57.86,55.48,3.005121,1.539944,6.888886,2.992168,1.539767,6.884608,18.276890069039553,0.782885958848265
57.87,55.49,3.03531,1.550412,6.899792,3.022242,1.55167,6.895722,17.299085752422688,-5.4986738049333725
57.88,55.5,3.067245,1.561123,6.91075,3.050545,1.561003,6.906944,12.838664583129285,0.4116991144027763
57.89,55.51,3.097815,1.571006,6.921139,3.083412,1.572245,6.91788,12.749749610405528,-4.9166933874275704
57.9,55.52,3.127425,1.580611,6.93063,3.115306,1.58233,6.928202,11.329024096527226,-8.07317200689038
57.91,55.53,3.162441,1.592686,6.938149,3.145834,1.59247,6.937366,2.699427730236882,0.7451791754347458
57.92,55.54,3.1865,1.602705,6.945514,3.174433,1.603758,6.944894,2.941259096719855,-4.987156044951129
57.93,55.55,3.212305,1.61662,6.949327,3.201811,1.616733,6.950432,-6.010995433755631,-0.6169404291616739
57.94,55.56,3.237544,1.628534,6.95173,3.231505,1.628354,6.955068,-28.931207177408524,1.7072673952755968
57.95,55.57,3.263014,1.638952,6.953967,3.260255,1.63854,6.959792,-64.65551537148681,8.493188618700461
57.96,55.58,3.289497,1.648251,6.955216,3.287373,1.647853,6.963775,-76.06303129822172,10.613140320298573
57.97,55.59,3.314648,1.657612,6.956021,3.317249,1.6562,6.967767,-102.48593248094228,151.50387525990124
57.98,55.6,3.338822,1.66739,6.956056,3.347779,1.664672,6.971301,-120.43580733888822,163.11958904271586
57.99,55.61,3.366875,1.676653,6.957668,3.376254,1.673805,6.973036,-121.39547113536867,163.10871422771788
58.0,55.62,3.400568,1.684944,6.961342,3.403927,1.683969,6.973118,-105.92033100739009,163.81383858351816
58.01,55.63,3.436732,1.692346,6.965445,3.431786,1.693785,6.97207,-53.25623103753471,-16.221941382520253
58.02,55.64,3.472191,1.698943,6.968339,3.458336,1.702426,6.970178,-7.560781098998547,-14.111142412113606
58.03,55.65,3.503773,1.70482,6.968391,3.492111,1.708334,6.972272,-18.406939979329643,-16.76863246106906
58.04,55.66,3.532359,1.710365,6.966475,3.520659,1.714612,6.971497,-23.230498314052568,-19.950464511679705
58.05,55.67,3.559966,1.716704,6.963536,3.538937,1.722327,6.967186,-9.846718584738433,-14.970244296124553
58.06,55.68,3.585819,1.724524,6.959516,3.575445,1.727524,6.965016,-27.931264219387202,-16.12904960603511
58.07,55.69,3.612087,1.73252,6.954413,3.600791,1.735322,6.959958,-26.145577896325307,-13.931170677009984
58.08,55.7,3.63954,1.739261,6.948683,3.625974,1.742696,6.953049,-17.839940371184017,-14.209026972219036
58.09,55.71,3.66377,1.744228,6.940919,3.653741,1.748695,6.94645,-28.876764043797557,-24.008588834394967
58.1,55.72,3.691785,1.747871,6.934571,3.679769,1.753034,6.939704,-23.131225065465443,-23.252089032199038
58.11,55.73,3.715691,1.751834,6.926279,3.705296,1.756697,6.933474,-34.68942080030101,-25.07118338906267
58.12,55.74,3.73927,1.755916,6.917538,3.730307,1.760492,6.926355,-44.5295277952847,-27.046281631625515
58.13,55.75,3.763478,1.760669,6.908041,3.753793,1.764241,6.916581,-41.40507231388607,-20.24487001266656
58.14,55.76,3.788069,1.766089,6.897439,3.777888,1.769368,6.905613,-38.759868962747305,-17.85221957698937
58.15,55.77,3.811591,1.770513,6.88511,3.80105,1.774808,6.892679,-35.6803626294527,-22.16876298670002
58.16,55.78,3.834677,1.772949,6.872454,3.825371,1.778281,6.879833,-38.41192941952332,-29.811142143443522
58.17,55.79,3.858781,1.773797,6.859573,3.84881,1.779665,6.866997,-36.6698665363686,-30.477095120925277
58.18,55.8,3.881359,1.774488,6.846452,3.87317,1.780026,6.855209,-46.919734659891056,-34.069429711245704
58.19,55.81,3.903,1.775394,6.832901,3.89562,1.780663,6.84263,-52.817613730592996,-35.525191050916646
58.2,55.82,3.924328,1.776914,6.81804,3.917164,1.781618,6.828121,-54.60073185104379,-33.28955986249818
58.21,55.83,3.944842,1.779981,6.802189,3.936351,1.784078,6.811738,-48.356406747235106,-25.757815512878196
58.22,55.84,3.966028,1.782579,6.785148,3.957629,1.787386,6.794349,-47.609059628511616,-29.783802559769395
58.23,55.85,3.986025,1.783247,6.767493,3.979347,1.788979,6.77675,-54.19331895634615,-40.640839163519914
58.24,55.86,4.007261,1.782119,6.749745,4.000252,1.787954,6.75875,-52.104759287477854,-39.77741750143052
58.25,55.87,4.027898,1.779921,6.731884,4.020787,1.785786,6.741627,-53.875888719576466,-39.51507949844066
58.26,55.88,4.046739,1.777859,6.713624,4.03956,1.783752,6.723627,-54.333575157788516,-39.38142309520131
58.27,55.89,4.064822,1.776499,6.693896,4.058964,1.781625,6.704626,-61.36784560598471,-41.187310024901194
58.28,55.9,4.08315,1.776306,6.674158,4.076032,1.780686,6.684521,-55.51612227495363,-31.60570577425601
58.29,55.91,4.098693,1.777182,6.652446,4.092316,1.781885,6.663085,-59.061593477947554,-36.40855633610251
58.3,55.92,4.115633,1.776183,6.630455,4.109352,1.781784,6.640819,-58.78245489820979,-41.72456840532458
58.31,55.93,4.131993,1.773381,6.607674,4.126103,1.779425,6.618092,-60.5175874280291,-45.73932129417958
58.32,55.94,4.146787,1.769515,6.585238,4.142336,1.774864,6.59667,-68.72676315957216,-50.235543463984996
58.33,55.95,4.162788,1.764555,6.562208,4.158222,1.76989,6.573844,-68.57481422664992,-49.44118534314535
58.34,55.96,4.178563,1.760337,6.538747,4.172992,1.765935,6.549873,-63.40200009808534,-45.138506852307806
58.35,55.97,4.192548,1.757848,6.515062,4.187011,1.762456,6.526416,-64.0029181191122,-39.76789124553941
58.36,55.98,4.202572,1.756919,6.489766,4.198897,1.76145,6.50161,-72.76173594874994,-50.955209167140424
58.37,55.99,4.21181,1.754637,6.463739,4.209415,1.760458,6.475337,-78.33235901837747,-67.63570865016958
58.38,56.0,4.227029,1.75053,6.43765,4.223653,1.756566,6.449436,-74.01608766000481,-60.781243507228986
58.39,56.01,4.238763,1.744738,6.411018,4.236038,1.750711,6.422889,-77.07167080388466,-65.47659620149567
58.4,56.02,4.250027,1.737914,6.383743,4.246935,1.743886,6.39543,-75.18093153391473,-62.6271608175764
58.41,56.03,4.261612,1.73107,6.356691,4.257688,1.737344,6.368122,-71.05382993167031,-57.976561054968506
58.42,56.04,4.271259,1.726032,6.329355,4.266975,1.731749,6.341101,-69.96208073340473,-53.15416273048117
58.43,56.05,4.278972,1.722648,6.301552,4.275635,1.72782,6.313772,-74.72623639700986,-57.16969193860801
58.44,56.06,4.285244,1.720312,6.273539,4.282814,1.725178,6.286091,-79.04338262668422,-63.46321511541087
58.45,56.07,4.2921,1.715482,6.243757,4.289458,1.721256,6.25601,-77.83213392089606,-65.4126641823232
58.46,56.08,4.299441,1.70836,6.213425,4.296126,1.71521,6.224938,-73.93701853901422,-64.1757286718416
58.47,56.09,4.305923,1.700115,6.183479,4.303243,1.707052,6.195055,-76.96490375815883,-68.87675086434976
58.48,56.1,4.312504,1.691795,6.153627,4.308773,1.698789,6.165246,-72.19755378332938,-61.92198578464862
58.49,56.11,4.316831,1.684547,6.123452,4.310044,1.69163,6.13436,-58.10996552675827,-46.22256501494605
58.5,56.12,4.32091,1.678998,6.093606,4.318118,1.684479,6.106065,-77.36897846140229,-63.00588418912084
58.51,56.13,4.323531,1.674248,6.062644,4.320948,1.679908,6.075134,-78.31563670401947,-65.4699206009074
58.52,56.14,4.32586,1.670023,6.031264,4.324333,1.6758,6.043766,-83.03635912365786,-75.19396713106755
58.53,56.15,4.328112,1.664015,5.998979,4.326427,1.670771,6.010979,-82.00697662570721,-75.99568841326963
58.54,56.16,4.32991,1.655886,5.966584,4.328493,1.663628,5.978004,-82.92685905301906,-79.62808840787997
58.55,56.17,4.331483,1.646783,5.934547,4.330936,1.654181,5.946175,-87.30669901290682,-85.77130778029485
58.56,56.18,4.333022,1.636554,5.902299,4.333039,1.643456,5.913987,-90.08333569172643,-90.14112232426433
58.57,56.19,4.334474,1.626886,5.870034,4.334438,1.626963,5.86989,75.96375653190722,-64.94238458130255
58.58,56.2,4.334863,1.618838,5.837462,4.333197,1.626089,5.849202,-81.92319857269483,-77.06021942161814
58.59,56.21,4.334273,1.61185,5.804603,4.3329,1.618901,5.81656,-83.44952244765773,-78.98101771128108
58.6,56.22,4.332944,1.605955,5.771675,4.331684,1.612568,5.783872,-84.10203270987034,-79.21251710929181
58.61,56.23,4.330721,1.599916,5.738204,4.328711,1.605983,5.750854,-80.9715612951084,-71.6699416562144
58.62,56.24,4.329544,1.592026,5.704424,4.327813,1.598307,5.716868,-82.08079190724098,-74.5921628450854
58.63,56.25,4.327969,1.581706,5.669786,4.325811,1.589113,5.6821,-80.05998543068246,-73.75672789710086
58.64,56.26,4.323345,1.570028,5.634875,4.324553,1.577638,5.646789,-95.78962306211345,-99.01978871511616
58.65,56.27,4.320997,1.557472,5.600468,4.321093,1.565756,5.611631,-90.49272231848929,-90.66394840977071
58.66,56.28,4.319104,1.545302,5.566515,4.320239,1.545349,5.566776,-167.04963273938444,-177.6287541939523
58.67,56.29,4.316692,1.53494,5.532514,4.314991,1.543647,5.543585,-81.2651160512724,-78.94591840877605
58.68,56.3,4.313304,1.525997,5.49801,4.313168,1.533683,5.509686,-89.3326589887568,-88.98628507297832
58.69,56.31,4.310417,1.518565,5.462974,4.310561,1.525787,5.474922,-90.69050826929742,-91.14227348707558
58.7,56.32,4.305109,1.511853,5.427465,4.306051,1.518415,5.43959,-94.44242686057734,-98.1692154324837
58.71,56.33,4.299522,1.503422,5.391197,4.300468,1.510206,5.403252,-94.48701421639717,-97.93846256253202
58.72,56.34,4.29484,1.492352,5.354288,4.295969,1.499967,5.365899,-95.55371787189394,-98.43324065984349
58.73,56.35,4.289229,1.480222,5.317403,4.291311,1.487906,5.328809,-100.34462598992621,-105.16043588821474
58.74,56.36,4.283304,1.466987,5.280591,4.286047,1.475063,5.292147,-103.35294351291195,-108.75997052156104
58.75,56.37,4.278993,1.454469,5.244631,4.281205,1.462565,5.255893,-101.1121657965651,-105.2814637906408
58.76,56.38,4.272922,1.443404,5.208124,4.273745,1.450751,5.2199,-93.99778178630521,-96.39154277285857
58.77,56.39,4.266467,1.43398,5.171431,4.267609,1.441086,5.183473,-95.41742863008889,-99.12989576785687
58.78,56.4,4.259156,1.426186,5.13443,4.261594,1.432772,5.146555,-101.36898809061665,-110.31350261988504
58.79,56.41,4.25156,1.41961,5.096524,4.253101,1.42508,5.10924,-96.9097469278194,-105.73350828847455
58.8,56.42,4.244303,1.411775,5.057644,4.246617,1.417541,5.070106,-100.51913354486602,-111.86648327095128
58.81,56.43,4.235822,1.401739,5.018771,4.239312,1.407749,5.030873,-106.08661364635275,-120.14368538668123
58.82,56.44,4.227794,1.389332,4.979564,4.230811,1.395831,4.991592,-104.08106794548164,-114.90191947030227
58.83,56.45,4.21864,1.375652,4.940176,4.222997,1.382045,4.952782,-109.06663721614788,-124.27547350378828
58.84,56.46,4.211353,1.362753,4.901427,4.213641,1.370476,4.912919,-101.26006670809691,-106.50234058935659
58.85,56.47,4.202331,1.352008,4.862552,4.203588,1.359013,4.874563,-95.97448788868913,-100.17307267289041
58.86,56.48,4.192808,1.342964,4.823624,4.194515,1.349676,4.835737,-98.02146982414641,-104.26899688636098
58.87,56.49,4.182915,1.335427,4.784443,4.184921,1.341555,4.796908,-99.14225822374988,-108.12585247153365
58.88,56.5,4.172242,1.329821,4.745095,4.174614,1.334712,4.757954,-100.45142376583411,-115.87210490970202
58.89,56.51,4.161723,1.32379,4.70452,4.165388,1.328524,4.717244,-106.068429658154,-127.74656127835966
58.9,56.52,4.150537,1.315096,4.662896,4.154572,1.320784,4.674972,-108.47621691815898,-125.35143922858431
58.91,56.53,4.138744,1.303917,4.621121,4.142775,1.310648,4.632764,-109.09670329678016,-120.91616452541372
58.92,56.54,4.126868,1.292843,4.579675,4.130142,1.299154,4.591841,-105.06207005396054,-117.41923422377688
58.93,56.55,4.113962,1.280028,4.539304,4.118185,1.287646,4.550548,-110.58507807133743,-119.00157435520269
58.94,56.56,4.102199,1.270084,4.498373,4.105094,1.277228,4.510156,-103.80374942663896,-112.05952170725166
58.95,56.57,4.092047,1.261395,4.457666,4.091781,1.26908,4.469557,-88.71851518673208,-88.0176193429939
58.96,56.58,4.078858,1.255787,4.416114,4.080159,1.261759,4.429006,-95.76251179986545,-102.28986484972705
58.97,56.59,4.065211,1.251938,4.375336,4.067736,1.256433,4.388618,-100.76387912767544,-119.32445788514275
58.98,56.6,4.051017,1.248169,4.33347,4.054255,1.252083,4.346522,-103.93290739789829,-129.60050061918537
58.99,56.61,4.037472,1.241337,4.289431,4.041767,1.246849,4.302246,-108.52878834046504,-127.92604234436288
59.0,56.62,4.025946,1.232342,4.247037,4.029305,1.238843,4.258888,-105.82463887506196,-117.32493475236356
59.01,56.63,4.01164,1.222712,4.204261,4.016819,1.228731,4.216156,-113.52797295782241,-130.710083473692
59.02,56.64,3.995476,1.213288,4.161211,4.005428,1.218075,4.174974,-125.87062259916246,-154.31203411300757
59.03,56.65,3.979893,1.204711,4.118442,3.979871,1.205267,4.118755,-85.97943289634598,-87.73408286469106
59.04,56.66,3.965085,1.197854,4.076054,3.965087,1.197978,4.075776,90.41219274136876,-90.9240453526966
59.05,56.67,3.950474,1.19276,4.033782,3.950233,1.193257,4.033394,58.15417761270602,-64.13081476243543
59.06,56.68,3.935484,1.189471,3.991361,3.939918,1.194057,4.003981,-109.35877573213563,-134.03457491548406
59.07,56.69,3.920112,1.187098,3.948776,3.924786,1.190703,3.961308,-110.45376545790533,-142.35742986454053
59.08,56.7,3.904804,1.18406,3.903445,3.908738,1.188877,3.916401,-106.89055100265742,-129.23819957938588
59.09,56.71,3.889431,1.180282,3.859194,3.893966,1.185705,3.870999,-111.01474104498055,-129.9041546447302
59.1,56.72,3.873739,1.174643,3.814816,3.878828,1.180212,3.825799,-114.86076366604328,-132.42133582975563
59.11,56.73,3.858173,1.167088,3.769651,3.862857,1.172804,3.781633,-111.35150816921553,-129.33304748130897
59.12,56.74,3.842207,1.158652,3.725546,3.845741,1.165398,3.736767,-107.48157047998657,-117.6485142262373
59.13,56.75,3.826193,1.15175,3.682351,3.830206,1.157944,3.693488,-109.81563472563306,-122.9385987775025
59.14,56.76,3.80981,1.14612,3.638523,3.81348,1.151511,3.650189,-107.4630230414486,-124.24563373669352
59.15,56.77,3.793579,1.1422,3.595471,3.798383,1.146564,3.607689,-111.46427450094839,-137.74768912879793
59.16,56.78,3.776847,1.139045,3.551957,3.781721,1.142993,3.563948,-112.12034171084515,-140.99210155617104
59.17,56.79,3.760192,1.137335,3.507949,3.764676,1.141197,3.519924,-110.52825006639709,-139.2621870771155
59.18,56.8,3.743204,1.136917,3.462742,3.7469,1.141466,3.475406,-106.26993328864383,-129.09338470902907
59.19,56.81,3.726195,1.135971,3.416964,3.731032,1.140258,3.429275,-111.44989617705302,-138.44964840238976
59.2,56.82,3.708631,1.132585,3.372144,3.713791,1.137502,3.38374,-113.98815666071728,-136.38138103044358
59.21,56.83,3.690781,1.12772,3.326416,3.695416,1.133284,3.338757,-110.5850407995058,-129.79544082494874
59.22,56.84,3.673185,1.122246,3.281534,3.67784,1.127982,3.293965,-110.52926984027883,-129.0607510332646
59.23,56.85,3.655515,1.117934,3.23771,3.660234,1.122269,3.249795,-111.32985330701094,-137.42858421124023
59.24,56.86,3.637824,1.114093,3.19307,3.642575,1.118177,3.205649,-110.69119887279017,-139.31736585665072
59.25,56.87,3.619606,1.112036,3.148671,3.624155,1.116601,3.161475,-109.55908802745019,-134.89941501750656
59.26,56.88,3.601494,1.111449,3.104808,3.605562,1.116055,3.118098,-107.0190775904708,-131.45080793680293
59.27,56.89,3.583117,1.11351,3.061105,3.587134,1.117293,3.074689,-106.47376755497767,-136.71835800165275
59.28,56.9,3.564923,1.116601,3.017501,3.569079,1.1199,3.029706,-108.8045394880453,-141.55773118673173
59.29,56.91,3.546543,1.119107,2.972957,3.550119,1.122353,2.984305,-107.49076573804503,-137.76940491989816
59.3,56.92,3.524958,1.11932,2.926915,3.530861,1.122904,2.939653,-114.86378688452794,-148.73601502206904
59.31,56.93,3.505574,1.118424,2.882071,3.511081,1.121161,2.8949,-113.23200101294336,-153.57244842980123
59.32,56.94,3.486066,1.11609,2.837012,3.491765,1.119387,2.850055,-113.60241024034993,-149.94965060764676
59.33,56.95,3.467372,1.114144,2.792353,3.47205,1.117232,2.804931,-110.40113541503159,-146.57075262764027
59.34,56.96,3.447333,1.112746,2.747709,3.452294,1.116314,2.760562,-111.10558731536211,-144.2759401862681
59.35,56.97,3.427099,1.114081,2.704305,3.431469,1.117735,2.717339,-108.5351161675727,-140.0991292050145
59.36,56.98,3.406599,1.116959,2.66136,3.411523,1.120417,2.674371,-110.7290985789776,-144.92060782296292
59.37,56.99,3.386132,1.122177,2.618964,3.391116,1.124874,2.632325,-110.45682166909371,-151.580778388829
59.38,57.0,3.365165,1.12872,2.57553,3.370286,1.131111,2.589092,-110.68649502060055,-154.9720824495278
59.39,57.01,3.345258,1.13382,2.531422,3.349989,1.136115,2.543861,-110.82361338065421,-154.1220558764697
59.4,57.02,3.323103,1.136437,2.487451,3.328166,1.139096,2.499814,-112.27049471068251,-152.29232177301964
59.41,57.03,3.302044,1.137417,2.442018,3.306001,1.140383,2.4563,-105.48603260406593,-143.14632294971963
59.42,57.04,3.279652,1.138233,2.399925,3.284673,1.141513,2.411561,-113.3404717063506,-146.84516860195978
59.43,57.05,3.257494,1.13982,2.357048,3.263527,1.14322,2.368939,-116.90134654088583,-150.59582502370534
59.44,57.06,3.235318,1.143637,2.314949,3.240877,1.146783,2.32723,-114.35390586596927,-150.49321463557658
59.45,57.07,3.21296,1.148842,2.273616,3.218635,1.151729,2.28629,-114.12126414421168,-153.03653688582892
59.46,57.08,3.189966,1.155702,2.233171,3.196217,1.157658,2.245437,-117.00430463041103,-162.62457998639366
59.47,57.09,3.167295,1.164706,2.192717,3.173069,1.165376,2.205379,-114.51346530236128,-173.38114718743708
59.48,57.1,3.14495,1.173658,2.152017,3.14985,1.173713,2.16468,-111.15415104910757,-179.35691111401175
59.49,57.11,3.122525,1.18197,2.110997,3.125998,1.18145,2.122709,-106.51685290345048,171.4845627452293
59.5,57.12,3.094011,1.184474,2.068297,3.100808,1.187129,2.080556,-119.00616814301083,-158.66371208555833
59.51,57.13,3.068397,1.187284,2.026546,3.074772,1.190789,2.038793,-117.49858406756582,-151.197832281397
59.52,57.14,3.043735,1.190628,1.985042,3.050507,1.194657,1.998115,-117.38479936253155,-149.24947900152063
59.53,57.15,3.019981,1.194755,1.945272,3.025998,1.197998,1.957256,-116.66059182474855,-151.6765352997627
59.54,57.16,2.996171,1.200842,1.9059,3.002487,1.20275,1.918259,-117.06905789079276,-163.19096200202034
59.55,57.17,2.971364,1.207898,1.867066,2.97797,1.209342,1.879487,-118.00588708750361,-167.66970755909227
59.56,57.18,2.945834,1.215667,1.829024,2.953374,1.217028,1.841062,-122.06096698916532,-169.76805909725385
59.57,57.19,2.920608,1.22477,1.791458,2.927129,1.226063,1.803416,-118.60475238001966,-168.78472091950863
59.58,57.2,2.892492,1.233962,1.753605,2.899991,1.235791,1.765562,-122.09445664203778,-166.29321488526878
59.59,57.21,2.865846,1.241839,1.715511,2.872366,1.244022,1.727269,-119.00907279321761,-161.488632255098
59.6,57.22,2.83948,1.248559,1.676796,2.845551,1.250952,1.688687,-117.04677501694813,-158.48717840851384
59.61,57.23,2.812172,1.253462,1.638351,2.818444,1.256073,1.650101,-118.09273046870825,-157.39829967987305
59.62,57.24,2.785245,1.258261,1.600509,2.791819,1.260871,1.612266,-119.21201082574606,-158.34600385055234
59.63,57.25,2.757211,1.262725,1.563844,2.765188,1.265753,1.575011,-125.53961913337852,-159.21367257188336
59.64,57.26,2.729939,1.269538,1.527482,2.737715,1.272055,1.538594,-124.9837140548784,-162.0638410676452
59.65,57.27,2.702375,1.277543,1.49225,2.71075,1.2798,1.503269,-127.2366796808684,-164.91752822521798
59.66,57.28,2.67439,1.28769,1.458511,2.682746,1.289189,1.469757,-126.61307765099653,-169.82976945008053
59.67,57.29,2.646278,1.299064,1.425011,2.653668,1.299876,1.436196,-123.45299106989688,-173.72959601435613
59.68,57.3,2.615936,1.309294,1.390506,2.624726,1.31072,1.401756,-128.00169729525777,-170.78519706608168
59.69,57.31,2.585559,1.317605,1.356122,2.594309,1.319915,1.367286,-128.08825733598866,-165.21132238583468
59.7,57.32,2.55623,1.324933,1.321536,2.565048,1.326558,1.332654,-128.41892803107442,-169.55855564041042
59.71,57.33,2.527152,1.331635,1.287387,2.535666,1.332269,1.298445,-127.5941242364145,-175.7412962711062
59.72,57.34,2.497431,1.338052,1.253502,2.506177,1.338735,1.264624,-128.18042565209294,-175.5346722580621
59.73,57.35,2.467418,1.345192,1.220994,2.476331,1.346117,1.232115,-128.71066415469824,-174.07499802828306
59.74,57.36,2.437563,1.353822,1.189709,2.446396,1.354781,1.201093,-127.80837163093572,-173.8036598393438
59.75,57.37,2.406753,1.364707,1.160226,2.415972,1.365181,1.170999,-130.55527394846482,-177.05669747918105
59.76,57.38,2.375763,1.377214,1.131279,2.385128,1.377151,1.142143,-130.76204025843091,179.61456704115352
59.77,57.39,2.343378,1.388957,1.102201,2.353118,1.389462,1.11253,-133.31892322676822,-177.0319832572131
59.78,57.4,2.310681,1.398371,1.072597,2.320283,1.399806,1.082844,-133.13880909673978,-171.50016643333387
59.79,57.41,2.277437,1.406356,1.042425,2.287373,1.408262,1.052883,-133.53379091667443,-169.14099619260756
59.8,57.42,2.244176,1.413207,1.012905,2.254126,1.415758,1.023559,-133.0430720841891,-165.6201293802183
59.81,57.43,2.212342,1.421086,0.984382,2.222115,1.422925,0.994672,-133.52388157401697,-169.34318219485726
59.82,57.44,2.179997,1.430501,0.957317,2.190081,1.431512,0.96749,-134.74827015027307,-174.27478069059327
59.83,57.45,2.148114,1.441342,0.93142,2.1581,1.442003,0.94146,-134.84550261685357,-176.2129638696294
59.84,57.46,2.11618,1.453404,0.9066,2.126055,1.453719,0.916631,-134.55099172966524,-178.17295668177863
59.85,57.47,2.082971,1.467129,0.882723,2.093496,1.466584,0.892394,-137.42134398604117,177.035787601461
59.86,57.48,2.049399,1.479392,0.858148,2.06039,1.479302,0.867439,-139.79122774881247,179.53084297086482
59.87,57.49,2.014941,1.489803,0.833198,2.026154,1.490366,0.842111,-141.51948059147435,-177.12561689974737
59.88,57.5,1.98036,1.498615,0.808215,1.991488,1.499517,0.817627,-139.7756458345928,-175.3659190531431
59.89,57.51,1.945984,1.507231,0.784148,1.957478,1.507902,0.792908,-142.68764208190697,-176.65896269513485
59.9,57.52,1.911689,1.517303,0.761216,1.923583,1.517401,0.769862,-143.9858045121731,-179.5279250602742
59.91,57.53,1.878711,1.52851,0.739505,1.890239,1.52803,0.748309,-142.63081913653843,177.61570981384082
59.92,57.54,1.845774,1.541322,0.719197,1.857374,1.54025,0.727696,-143.77079510442178,174.7200763342604
59.93,57.55,1.813126,1.555742,0.700221,1.824601,1.553774,0.708449,-144.3580752784583,170.26826388647262
59.94,57.56,1.778915,1.569426,0.680515,1.790917,1.568728,0.688485,-146.41361316927203,176.6715999468682
59.95,57.57,1.743839,1.581167,0.660595,1.756079,1.582294,0.66807,-148.5874785273687,-174.73931468699797
59.96,57.58,1.70859,1.592054,0.640733,1.720738,1.592998,0.648434,-147.6281017593292,-175.55657402652412
59.97,57.59,1.674005,1.602244,0.621588,1.686249,1.602904,0.628991,-148.8418908637754,-176.914517114689
59.98,57.6,1.64068,1.612204,0.603366,1.651952,1.613139,0.610611,-147.26939822973327,-175.25823350945763
59.99,57.61,1.605897,1.625181,0.585771,1.618688,1.624909,0.593337,-149.3952754813701,178.78179160521003
60.0,57.62,1.57397,1.638559,0.570196,1.586273,1.638225,0.57673,-152.02767660204367,178.44492472348736
60.01,57.63,1.541394,1.653421,0.554971,1.553475,1.653054,0.561874,-150.25665096255827,178.2599878895646
60.02,57.64,1.508147,1.66797,0.539488,1.520083,1.668563,0.546267,-150.40577682836533,-177.15579052211982
60.03,57.65,1.474249,1.68112,0.523887,1.486443,1.6824,0.530456,-151.68831767780213,-174.00762661210115
60.04,57.66,1.440484,1.693945,0.508397,1.452875,1.69499,0.514872,-152.4103806690929,-175.1793445562957
60.05,57.67,1.407488,1.705529,0.4942,1.419415,1.7062,0.500219,-153.2220541602878,-176.77999630189805
60.06,57.68,1.375839,1.717595,0.480864,1.387244,1.7178,0.485926,-156.0664169682208,-178.97024374413104
60.07,57.69,1.343587,1.731283,0.468167,1.355263,1.730835,0.473595,-155.0669791217389,177.8026786644776
60.08,57.7,1.312858,1.745935,0.456666,1.324021,1.745518,0.46214,-153.87805483028873,177.86067939322535
60.09,57.71,1.280815,1.761679,0.445736,1.292629,1.761745,0.451247,-154.9918686841674,-179.67991517621883
60.1,57.72,1.248998,1.776002,0.43488,1.261582,1.77639,0.440477,-156.02188229293506,-178.23396997606338
60.11,57.73,1.218097,1.788932,0.42423,1.229587,1.789261,0.429762,-154.29094580907605,-178.35986402863531
60.12,57.74,1.186646,1.801542,0.414573,1.198515,1.80169,0.418769,-160.5301747723362,-179.285589695041
60.13,57.75,1.155814,1.814592,0.405795,1.166946,1.814462,0.40926,-162.71047218966575,179.3309277069804
60.14,57.76,1.125698,1.828569,0.397749,1.136968,1.828281,0.401611,-161.08445440229062,178.53614960510072
60.15,57.77,1.09693,1.843877,0.3908,1.108348,1.843396,0.394837,-160.52821116587296,177.58775751485095
60.16,57.78,1.066309,1.858459,0.383077,1.079568,1.859817,0.387593,-161.19121681705212,-174.15210051962416
60.17,57.79,1.036824,1.873365,0.375275,1.049971,1.875006,0.382552,-151.03502001430587,-172.88517509814565
60.18,57.8,1.006179,1.886768,0.367492,1.020058,1.887653,0.377905,-143.12019587402068,-176.35145132703354
60.19,57.81,0.977156,1.899759,0.36198,0.991625,1.898958,0.374077,-140.1022416693503,176.83135519311256
60.2,57.82,0.948684,1.913665,0.358255,0.96311,1.912971,0.370249,-140.25933954018302,177.245761938855
60.21,57.83,0.921782,1.928101,0.356442,0.936244,1.926842,0.367012,-143.83764284118482,175.02461763510675
60.22,57.84,0.895833,1.94319,0.354379,0.910617,1.941903,0.365482,-143.09291541826911,175.02474051063587
60.23,57.85,0.870595,1.957967,0.356178,0.884969,1.956853,0.365103,-148.16332650669253,175.56837584948494
60.24,57.86,0.845261,1.970737,0.365443,0.859506,1.970188,0.365362,179.67420792397823,177.79292221437464
60.25,57.87,0.819737,1.984141,0.366816,0.833181,1.982077,0.365349,173.77256284149323,171.2717726929956
60.26,57.88,0.793949,1.995502,0.366892,0.80774,1.993983,0.36559,174.6067257312286,173.71453287125044
60.27,57.89,0.769922,2.009162,0.368699,0.78369,2.006667,0.367864,176.52938349023077,169.72848248805906
60.28,57.9,0.747737,2.02283,0.372193,0.761489,2.020598,0.370606,173.41710651141813,170.78107386189342
60.29,57.91,0.726101,2.036954,0.375464,0.740083,2.035225,0.374122,174.51751398736675,172.95064823648187
60.3,57.92,0.706248,2.049901,0.381511,0.719453,2.047497,0.378814,168.45662365806362,169.68217194036686
60.31,57.93,0.68437,2.061535,0.386891,0.697816,2.058914,0.383886,167.40217974183332,168.9697729791063
60.32,57.94,0.66297,2.073206,0.393153,0.676291,2.070917,0.390291,167.87440400424742,170.24985977947438
60.33,57.95,0.643265,2.084385,0.399625,0.65631,2.081794,0.396607,166.9736304464183,168.76610588165912
60.34,57.96,0.626002,2.09724,0.409606,0.637726,2.09314,0.403504,152.50433780117706,160.72475776637236
60.35,57.97,0.609004,2.109015,0.418373,0.620803,2.106061,0.411075,148.26209029457405,165.94433423467788
60.36,57.98,0.592582,2.119875,0.425573,0.605203,2.117687,0.419583,154.61071211772227,170.16484941435695
60.37,57.99,0.576355,2.129565,0.432382,0.588744,2.126689,0.427236,157.4435422064669,166.93076046527878
60.38,58.0,0.561305,2.13905,0.444144,0.573045,2.135926,0.437664,151.10309792347638,165.0989629858863
60.39,58.01,0.546716,2.147408,0.454946,0.558238,2.144902,0.447209,146.11871825229,167.72944582625274
60.4,58.02,0.533487,2.155468,0.465342,0.544575,2.153386,0.456619,141.8076457221261,169.3653698398013
60.41,58.03,0.522215,2.163765,0.476143,0.533522,2.162165,0.467992,144.21288759401332,171.94581988413285
60.42,58.04,0.512005,2.170963,0.486814,0.524335,2.16961,0.478934,147.41769385704413,173.73785325683932
60.43,58.05,0.498236,2.182927,0.49333,0.514373,2.176152,0.489151,165.48107182985478,157.22526087186824
60.44,58.06,0.484896,2.189402,0.49932,0.503901,2.181076,0.500411,-176.71448749299535,156.3420030012378
60.45,58.07,0.475548,2.185619,0.50894,0.493692,2.18528,0.513438,-166.07675115017344,178.92961807798116
60.46,58.08,0.469967,2.187465,0.533104,0.483784,2.188518,0.525307,150.5637523998907,-175.6418863103827
60.47,58.09,0.468909,2.19142,0.564142,0.475706,2.191179,0.53686,103.98978410114772,177.96932459955542
60.48,58.1,0.468606,2.191856,0.587511,0.469155,2.19423,0.549254,90.82215604989803,-103.02105367498466
60.49,58.11,0.466979,2.192204,0.608124,0.463271,2.196831,0.560816,85.51832068853388,-51.29190074292758
60.5,58.12,0.463038,2.192271,0.623882,0.472153,2.20013,0.635874,-127.23810466890122,-139.23191866343078
60.51,58.13,0.457281,2.191909,0.635776,0.465483,2.200406,0.647146,-125.8056262502281,-133.98793358813322
60.52,58.14,0.450207,2.190967,0.644793,0.458904,2.198516,0.658544,-122.31184269739998,-139.04200430136711
60.53,58.15,0.442314,2.189294,0.651923,0.451835,2.188901,0.669716,-118.15114973305052,177.63633378067848
60.54,58.16,0.434101,2.186741,0.658154,0.424661,2.184733,0.639179,63.54980621398683,12.00851327788894
60.55,58.17,0.426066,2.183158,0.664476,0.427293,2.188506,0.643611,93.36549481973758,-102.92182798475754
60.56,58.18,0.418708,2.178393,0.671878,0.422758,2.183499,0.657151,105.37652252281666,-128.42090559750628
60.57,58.19,0.412525,2.172297,0.681347,0.418442,2.178396,0.670678,119.01263786519837,-134.13223747125542
60.58,58.2,0.408017,2.164719,0.693873,0.413522,2.172764,0.683826,118.71942557224604,-124.38289778415444
60.59,58.21,0.404512,2.156351,0.708257,0.409291,2.16569,0.699,117.30540535114383,-117.09996234030542
60.6,58.22,0.401249,2.146958,0.72263,0.405972,2.156979,0.713626,117.67901640088007,-115.23498232809746
60.61,58.23,0.398144,2.13634,0.736255,0.402205,2.146533,0.727502,114.8891886927247,-111.72286504792464
60.62,58.24,0.39529,2.124104,0.748883,0.398636,2.134776,0.740506,111.77310187994507,-107.40781142236385
60.63,58.25,0.392024,2.11095,0.76203,0.394982,2.122048,0.75415,110.5751666515337,-104.92434767166601
60.64,58.26,0.388665,2.096502,0.774578,0.390781,2.108829,0.766959,105.52139596137499,-99.74022090214423
60.65,58.27,0.384282,2.082841,0.787777,0.386957,2.094837,0.781051,111.6882291558201,-102.57077559351796
60.66,58.28,0.380373,2.06939,0.801388,0.383516,2.081063,0.794316,113.96173725876216,-105.06972033057883
60.67,58.29,0.377135,2.056078,0.815286,0.380982,2.067203,0.808128,118.25539018991394,-109.07527045966238
60.68,58.3,0.375919,2.043552,0.83212,0.379282,2.0542,0.823874,112.187310248338,-107.52788605998033
60.69,58.31,0.374579,2.030765,0.849012,0.377198,2.041447,0.840271,106.67939727073964,-103.77596496240125
60.7,58.32,0.373129,2.016908,0.86557,0.37447,2.027287,0.856689,98.58659682702796,-97.36201293557909
60.71,58.33,0.370987,2.00024,0.882099,0.371828,2.011016,0.87327,95.44125076754817,-94.46253489797236
60.72,58.34,0.368159,1.981516,0.898851,0.369868,1.992647,0.890504,101.5710614169389,-98.72875548027051
60.73,58.35,0.365922,1.961975,0.915513,0.367872,1.973269,0.907886,104.34162506857878,-99.79599727325652
60.74,58.36,0.364072,1.942638,0.932132,0.365463,1.954084,0.924236,99.99100695442462,-96.92901610348774
60.75,58.37,0.362603,1.923666,0.949664,0.363723,1.935048,0.941519,97.82950800617003,-95.6198690801108
60.76,58.38,0.361638,1.905761,0.96818,0.363002,1.916896,0.960266,99.77901281825352,-96.98374735438517
60.77,58.39,0.361332,1.888834,0.988146,0.361878,1.900019,0.97985,93.76548258257995,-92.7946966627345
60.78,58.4,0.360758,1.87078,1.008251,0.360939,1.88218,1.000595,91.35431094870751,-90.90961971963989
60.79,58.41,0.359871,1.85026,1.029008,0.360114,1.861931,1.021974,91.97858111845561,-91.19277380306855
60.8,58.42,0.359058,1.829192,1.050133,0.359523,1.84047,1.042687,93.57346002882299,-92.36100865987237
60.81,58.43,0.359175,1.807112,1.070994,0.359323,1.818929,1.063494,91.13048999168343,-90.71755369669035
60.82,58.44,0.360366,1.78611,1.092672,0.359719,1.797342,1.084517,85.46377902190572,-86.70321854929486
60.83,58.45,0.361931,1.76638,1.115099,0.361418,1.777261,1.106529,86.57436367238937,-87.30070894255485
60.84,58.46,0.364336,1.7484,1.139089,0.361594,1.75808,1.129641,73.81620639225038,-74.18445887372741
60.85,58.47,0.367139,1.729881,1.163452,0.365194,1.739509,1.154452,77.80528452105915,-78.5791024932531
60.86,58.48,0.369624,1.707904,1.189135,0.367572,1.718781,1.181157,75.57576254276576,-79.31643121736631
60.87,58.49,0.372439,1.684853,1.214901,0.370963,1.695857,1.20729,79.02487247458151,-82.36034174354558
60.88,58.5,0.376124,1.661748,1.24037,0.374743,1.672745,1.23244,80.12108217387292,-82.84228241406146
60.89,58.51,0.380569,1.639413,1.266725,0.379089,1.650159,1.258028,80.34228650941189,-82.15823411937123
60.9,58.52,0.38491,1.618884,1.293842,0.382684,1.628273,1.284284,76.88985709305432,-76.66224017900103
60.91,58.53,0.38987,1.599447,1.322002,0.387902,1.60843,1.312557,78.23001535321336,-77.6428432640025
60.92,58.54,0.396221,1.580804,1.351387,0.393267,1.589489,1.342071,72.40675762377138,-71.21546218311298
60.93,58.55,0.402259,1.560106,1.380741,0.399586,1.570028,1.37145,73.94959085325176,-74.92240027862181
60.94,58.56,0.409186,1.536994,1.410823,0.406588,1.547381,1.402071,73.46666624029697,-75.95726718091278
60.95,58.57,0.416066,1.513653,1.440794,0.41418,1.524057,1.431769,78.19647630998966,-79.72520308462873
60.96,58.58,0.423961,1.491092,1.470843,0.421595,1.501126,1.461217,76.19086364414319,-76.73211182261078
60.97,58.59,0.432173,1.470506,1.502046,0.43001,1.480389,1.49261,77.08922608611964,-77.65486151337831
60.98,58.6,0.440757,1.451779,1.533323,0.439114,1.460674,1.52406,79.94192168490468,-79.53482026766622
60.99,58.61,0.451295,1.434539,1.567037,0.448392,1.442672,1.556573,74.4945293997344,-70.35644104328645
61.0,58.62,0.462081,1.415179,1.60153,0.458505,1.42414,1.59159,70.21337139282906,-68.24490616342369
61.01,58.63,0.472384,1.393293,1.636362,0.46915,1.403305,1.626846,71.22973894614411,-72.09890082104675
61.02,58.64,0.481651,1.371215,1.670129,0.480006,1.381257,1.660979,79.80815737547387,-80.6968914648603
61.03,58.65,0.492971,1.349595,1.704722,0.491185,1.359223,1.694927,79.6663298710377,-79.4910499553259
61.04,58.66,0.504449,1.329844,1.739706,0.502485,1.339456,1.729695,78.90044151834076,-78.45183280946803
61.05,58.67,0.516544,1.31229,1.775437,0.514373,1.32099,1.764694,78.57524236915364,-75.98855251852177
61.06,58.68,0.52936,1.29706,1.811998,0.52699,1.304157,1.800654,78.19944380240578,-71.53357131322007
61.07,58.69,0.542652,1.281349,1.850202,0.540161,1.288653,1.83861,77.8721670942134,-71.16826258794097
61.08,58.7,0.555232,1.263651,1.889313,0.553376,1.272673,1.879004,79.79398059260188,-78.37532574632857
61.09,58.71,0.569307,1.245016,1.928542,0.566357,1.254574,1.918726,73.27291369236684,-72.84757825978842
61.1,58.72,0.583228,1.225956,1.9671,0.580461,1.235088,1.957171,74.42798309303768,-73.14316847015633
61.11,58.73,0.597891,1.206498,2.005311,0.594913,1.215892,1.995167,73.63920878692461,-72.41081960512273
61.12,58.74,0.611621,1.189514,2.044063,0.609939,1.198155,2.033497,80.95498808506562,-78.9849236809502
61.13,58.75,0.626282,1.1754,2.083374,0.623561,1.182365,2.071863,76.70040113998948,-68.66102188454244
61.14,58.76,0.640857,1.162536,2.123832,0.637972,1.1689,2.111775,76.54327461677842,-65.61372847549309
61.15,58.77,0.65631,1.150659,2.165611,0.652962,1.156857,2.153389,74.68064038507836,-61.62322449615028
61.16,58.78,0.67107,1.137657,2.208103,0.668058,1.144643,2.196709,75.19259539991991,-66.67680634441538
61.17,58.79,0.686992,1.123245,2.250929,0.683454,1.13088,2.240082,71.93506506434763,-65.13735816348381
61.18,58.8,0.703196,1.107936,2.293155,0.699434,1.115255,2.281808,71.6575052023365,-62.796625516052735
61.19,58.81,0.718887,1.092845,2.334801,0.715912,1.098867,2.322802,76.07504089061084,-63.70961854282376
61.2,58.82,0.734894,1.078107,2.378033,0.731966,1.084331,2.365968,76.35887041732605,-64.8059700501072
61.21,58.83,0.749978,1.064992,2.421376,0.747516,1.07162,2.409275,78.49989213342968,-69.62226254029788
61.22,58.84,0.765323,1.054204,2.46487,0.762616,1.060705,2.45275,77.40963991108192,-67.39327815166449
61.23,58.85,0.780792,1.04598,2.509524,0.778301,1.051838,2.49696,78.78569053234193,-66.96332497342381
61.24,58.86,0.796259,1.038152,2.55534,0.793653,1.043973,2.543296,77.79093339290917,-65.88244346400505
61.25,58.87,0.812063,1.028296,2.601943,0.808519,1.035252,2.590531,72.74780289295055,-63.001693853607854
61.26,58.88,0.828267,1.016526,2.648058,0.824577,1.023802,2.637009,71.53238806011858,-63.10830171670243
61.27,58.89,0.84431,1.00442,2.694252,0.841262,1.011023,2.682933,74.92878891590618,-65.22155793706219
61.28,58.9,0.860349,0.991882,2.740611,0.857076,0.999224,2.729287,73.87900637804287,-65.9731012461034
61.29,58.91,0.875369,0.981149,2.786882,0.872323,0.988463,2.775565,74.93568786478967,-67.39014810095782
61.3,58.92,0.891298,0.972763,2.833322,0.888633,0.979728,2.821955,76.80528320337213,-69.06177875977674
61.31,58.93,0.906155,0.966119,2.880095,0.902181,0.972434,2.868228,71.4854234867581,-57.81798453212055
61.32,58.94,0.921008,0.961488,2.9275,0.918046,0.967431,2.915117,76.5476743282574,-63.50826638869231
61.33,58.95,0.935045,0.958564,2.976569,0.932635,0.963743,2.963358,79.66157157813795,-65.04551954030848
61.34,58.96,0.948446,0.953824,3.025888,0.945358,0.958965,3.013376,76.1362816942165,-59.008389420770655
61.35,58.97,0.964338,0.947739,3.074909,0.96014,0.952189,3.062536,71.25858539991191,-46.669108675835254
61.36,58.98,0.979616,0.938828,3.124252,0.975586,0.943637,3.111741,72.14539182293781,-50.03658647310281
61.37,58.99,0.993798,0.928589,3.173494,0.990555,0.934458,3.161492,74.87947970880523,-61.07652628734651
61.38,59.0,1.009614,0.918705,3.222538,1.006939,0.925677,3.210893,77.06289102844416,-69.00931229301992
61.39,59.01,1.024086,0.910899,3.271176,1.02157,0.917592,3.259553,77.78578575346229,-69.39799962108145
61.4,59.02,1.038083,0.904939,3.319911,1.035395,0.911622,3.308037,77.24454635247692,-68.0892898371827
61.41,59.03,1.052375,0.90125,3.369087,1.04949,0.90686,3.356635,76.95532152443079,-62.78504229679869
61.42,59.04,1.06567,0.899695,3.41806,1.062484,0.903828,3.405313,75.96692940722373,-52.37249821851245
61.43,59.05,1.078807,0.898742,3.468156,1.076087,0.903065,3.456026,77.36121012514708,-57.82219725532393
61.44,59.06,1.09235,0.896693,3.520218,1.088666,0.90181,3.507855,73.40668404776619,-54.24788261781714
61.45,59.07,1.1061,0.893023,3.5718,1.102343,0.898607,3.559798,72.61825383722879,-56.06673500231678
61.46,59.08,1.120885,0.887236,3.622675,1.116868,0.893432,3.610895,71.17053658347925,-57.04379140264735
61.47,59.09,1.134988,0.880987,3.673802,1.131976,0.887645,3.661637,76.09349013531425,-65.65856989172785
61.48,59.1,1.148383,0.874626,3.724339,1.145726,0.881286,3.712055,77.79507539988099,-68.25052379519899
61.49,59.11,1.162096,0.869906,3.77378,1.159306,0.87558,3.761642,77.0550365035286,-63.81588841232589
61.5,59.12,1.175985,0.866663,3.823892,1.172661,0.871506,3.811004,75.53777345542971,-55.53618752456755
61.51,59.13,1.190078,0.864583,3.874122,1.187069,0.869356,3.861147,76.94347740293895,-57.77180278880698
61.52,59.14,1.20417,0.86428,3.924078,1.201153,0.868926,3.910987,77.02200606117545,-57.00128099762919
61.53,59.15,1.218248,0.86609,3.974514,1.2153,0.869873,3.961452,77.28183760867027,-52.071579560358586
61.54,59.16,1.232901,0.867538,4.02557,1.229657,0.871325,4.012542,76.0175786951332,-49.416153441663184
61.55,59.17,1.247788,0.866909,4.076694,1.244152,0.871142,4.063899,74.13625483402653,-49.33856635840682
61.56,59.18,1.262852,0.864441,4.128334,1.259406,0.868741,4.115396,75.08567336726658,-51.29147637998719
61.57,59.19,1.27831,0.860572,4.178886,1.274382,0.864832,4.166279,72.69437930054467,-47.321908213982574
61.58,59.2,1.293537,0.856148,4.229557,1.289213,0.860537,4.216615,71.52521634258315,-45.42742529348279
61.59,59.21,1.308524,0.852442,4.279789,1.304583,0.857039,4.266999,72.87429405038218,-49.39357362374965
61.6,59.22,1.323694,0.850135,4.329626,1.320443,0.854919,4.316703,75.87928799598542,-55.80166350099471
61.61,59.23,1.339066,0.849895,4.379556,1.336205,0.854461,4.366501,77.63905644290186,-57.929242846454976
61.62,59.24,1.355077,0.85198,4.428541,1.352162,0.856086,4.415008,77.84424908871105,-54.6276603560813
61.63,59.25,1.371541,0.856414,4.477427,1.368422,0.859387,4.464075,76.85159925338112,-43.62712035261424
61.64,59.26,1.387815,0.860276,4.526804,1.383826,0.863303,4.514367,72.21705732614416,-37.19256487857299
61.65,59.27,1.404562,0.861858,4.577611,1.400553,0.865567,4.564682,72.77248043356991,-42.77402372002822
61.66,59.28,1.421905,0.861669,4.628254,1.417819,0.865738,4.615234,72.57684475183962,-44.88056077978961
61.67,59.29,1.438745,0.860648,4.678323,1.434385,0.864369,4.665312,71.4739441908272,-40.47877991886962
61.68,59.3,1.455616,0.859557,4.727988,1.450846,0.863307,4.714948,69.90760434379236,-38.17313766152688
61.69,59.31,1.472266,0.859128,4.776888,1.467726,0.86309,4.764021,70.5650896220652,-41.110787895279714
61.7,59.32,1.489704,0.860533,4.825006,1.485137,0.864206,4.81214,70.4568382808474,-38.80790637638731
61.71,59.33,1.50723,0.863492,4.872784,1.502567,0.866824,4.859692,70.3955394372974,-35.548137255471396
61.72,59.34,1.524547,0.868699,4.92003,1.520486,0.871617,4.906751,72.99525599815227,-35.6988413095809
61.73,59.35,1.542868,0.876334,4.96736,1.538409,0.878669,4.954221,71.25426027131428,-27.639252986770156
61.74,59.36,1.560665,0.88371,5.014315,1.557027,0.886182,5.002161,73.33622659602882,-34.19588167315623
61.75,59.37,1.579499,0.88906,5.063762,1.57534,0.892291,5.051083,71.83933449896811,-37.842541999498124
61.76,59.38,1.598707,0.893539,5.111774,1.594184,0.896283,5.099467,69.82089189532138,-31.244224441529177
61.77,59.39,1.616591,0.897218,5.158928,1.612519,0.898955,5.146504,71.85330150587816,-23.101723946225373
61.78,59.4,1.634926,0.901596,5.206088,1.630622,0.90286,5.193594,70.99192053456122,-16.366474401499648
61.79,59.41,1.653963,0.907045,5.253055,1.649592,0.909239,5.240486,70.82435134160951,-26.65411733171869
61.8,59.42,1.674314,0.914368,5.298952,1.669177,0.916437,5.286041,68.3034898577898,-21.937814028480467
61.81,59.43,1.694462,0.923786,5.343077,1.688985,0.925392,5.330302,66.79383182510999,-16.342520404709777
61.82,59.44,1.714979,0.935541,5.386291,1.709758,0.936701,5.374159,66.71539781280087,-12.526483761009105
61.83,59.45,1.735728,0.947469,5.430199,1.731375,0.949013,5.418646,69.3543308987582,-19.529489524442976
61.84,59.46,1.756474,0.958045,5.474092,1.753098,0.959596,5.463837,71.77818290829505,-24.674969458073157
61.85,59.47,1.781,0.96656,5.520873,1.776043,0.967168,5.515871,45.25889070500408,-6.992677335914889
61.86,59.48,1.798046,0.972993,5.565012,1.795387,0.975739,5.553288,77.22150639733337,-45.92216510451808
61.87,59.49,1.823777,0.982386,5.609448,1.816719,0.984208,5.597395,59.64759850437238,-14.474713289989227
61.88,59.5,1.845256,0.991891,5.652235,1.838817,0.993501,5.640539,61.16589305085459,-14.038337152772012
61.89,59.51,1.867858,1.002495,5.69382,1.860629,1.004336,5.681976,58.60214455435046,-14.287727050931538
61.9,59.52,1.891318,1.015054,5.733475,1.883901,1.016585,5.721738,57.709848426018766,-11.663056123951211
61.91,59.53,1.915016,1.029714,5.771696,1.907959,1.030446,5.760317,58.193740788998,-5.921929729376525
61.92,59.54,1.940741,1.045586,5.811415,1.931882,1.046078,5.799129,54.20596007732263,-3.178755515050649
61.93,59.55,1.96512,1.058865,5.850846,1.956721,1.060179,5.839194,54.21516529465625,-8.891688054183174
61.94,59.56,1.990466,1.070843,5.890485,1.982078,1.072045,5.879045,53.750505023284916,-8.154964501988143
61.95,59.57,2.014302,1.082182,5.929379,2.00571,1.082249,5.917874,53.24741345531898,-0.44678065873942285
61.96,59.58,2.038709,1.09365,5.967615,2.030017,1.092431,5.956753,51.33247323685167,7.983315878933908
61.97,59.59,2.064631,1.10544,6.006199,2.055028,1.104784,5.995063,49.22754122079909,3.907917223784939
61.98,59.6,2.089477,1.117683,6.042799,2.081109,1.117853,6.031511,53.449786260156905,-1.1638316024081397
61.99,59.61,2.116602,1.132074,6.077474,2.106971,1.131672,6.066178,49.54900082670266,2.3901506599570483
62.0,59.62,2.143035,1.147683,6.10993,2.133727,1.146869,6.09898,49.633944595734306,4.997895639008536
62.01,59.63,2.171088,1.163871,6.142836,2.161155,1.163182,6.131724,48.20651866147975,3.9679513206730603
62.02,59.64,2.199138,1.178564,6.176421,2.189742,1.178863,6.165403,49.54290799816229,-1.8226542048167818
62.03,59.65,2.227792,1.191658,6.20953,2.217309,1.192357,6.198932,45.31255392462931,-3.8148003544674123
62.04,59.66,2.255079,1.203524,6.241788,2.245285,1.203725,6.232081,44.74438748027322,-1.1757030061273774
62.05,59.67,2.283898,1.215698,6.274404,2.273415,1.215725,6.264816,42.44677521695242,-0.14757060251030008
62.06,59.68,2.312527,1.228641,6.306224,2.302252,1.228877,6.296031,44.77045980141957,-1.3157593115503439
62.07,59.69,2.340858,1.243214,6.33547,2.330511,1.242583,6.325369,44.31073543498829,3.489795861900474
62.08,59.7,2.368955,1.258746,6.363084,2.35845,1.257735,6.35312,43.48601289647368,5.497209063498847
62.09,59.71,2.398089,1.275678,6.388765,2.387257,1.273649,6.379403,40.83656039521557,10.609435236327991
62.1,59.72,2.427916,1.292163,6.414768,2.416086,1.29007,6.405868,36.955043972603356,10.033120554330509
62.11,59.73,2.459026,1.306687,6.441589,2.44691,1.304993,6.433159,34.82919975040293,7.959220943791095
62.12,59.74,2.490544,1.318987,6.468851,2.479192,1.318499,6.459684,38.921669018620406,2.4615165772969956
62.13,59.75,2.522203,1.331004,6.495756,2.510968,1.3307,6.486603,39.16923061420262,1.5499481963916522
62.14,59.76,2.552082,1.342528,6.521527,2.540999,1.342802,6.512974,37.65817548628724,-1.4162091778046386
62.15,59.77,2.582705,1.355922,6.54564,2.570471,1.355386,6.537587,33.35481162128429,2.508657069569616
62.16,59.78,2.612188,1.369898,6.567951,2.599916,1.368855,6.560628,30.825552193286143,4.857906678807904
62.17,59.79,2.641839,1.384884,6.58868,2.629002,1.38331,6.582186,26.834001660847765,6.9903904723557195
62.18,59.8,2.672592,1.39971,6.608808,2.65995,1.398086,6.602253,27.407178564690657,7.320164707061779
62.19,59.81,2.706859,1.414214,6.629622,2.693326,1.413111,6.621967,29.494858620918038,4.659562596675456
62.2,59.82,2.737347,1.426249,6.650726,2.725709,1.427268,6.642663,34.71486118396692,-5.0039424670235855
62.21,59.83,2.768269,1.43749,6.671551,2.758094,1.439237,6.663707,37.628956304488305,-9.742425782720556
62.22,59.84,2.800368,1.448422,6.692086,2.790184,1.450368,6.684474,36.7761652518089,-10.817902729697924
62.23,59.85,2.83176,1.459396,6.711411,2.821232,1.461462,6.704525,33.18730857523883,-11.102560068667195
62.24,59.86,2.861423,1.471312,6.728703,2.850525,1.473067,6.722893,28.06320826718911,-9.148296386453401
62.25,59.87,2.89406,1.485678,6.743191,2.880596,1.485098,6.739003,17.278394367584692,2.4666532266505876
62.26,59.88,2.924468,1.499052,6.758095,2.911713,1.498945,6.753393,20.23589150015296,0.48063540596493715
62.27,59.89,2.955347,1.511613,6.773332,2.945079,1.513154,6.767262,30.589753448792134,-8.535131356081797
62.28,59.9,2.990268,1.524269,6.787785,2.978413,1.52641,6.782081,25.694403113937696,-10.237207983161433
62.29,59.91,3.022858,1.534959,6.801764,3.011154,1.537467,6.796251,25.222102302619238,-12.094757077011954
62.3,59.92,3.055633,1.545382,6.814431,3.043667,1.547463,6.809298,23.21765809721547,-9.865604871506102
62.31,59.93,3.087345,1.556448,6.825914,3.075215,1.558115,6.821908,18.276093716907564,-7.825020118360069
62.32,59.94,3.117428,1.568667,6.836369,3.104006,1.568899,6.833361,12.631820181382169,-0.9902620517382219
62.33,59.95,3.147016,1.581804,6.844791,3.133281,1.581636,6.843393,5.8117654166753265,0.7007798301707712
62.34,59.96,3.178094,1.594522,6.852231,3.164876,1.594872,6.850461,7.627009050021399,-1.516783025132873
62.35,59.97,3.211268,1.605458,6.860191,3.194764,1.604857,6.857249,10.10736835983047,2.08552802200686
62.36,59.98,3.244381,1.615375,6.868033,3.22394,1.613262,6.865421,7.281929280781092,5.9017420440350925
62.37,59.99,3.276406,1.625229,6.874985,3.262064,1.625957,6.872483,9.895814086380337,-2.9058400920954837
62.38,60.0,3.30607,1.635148,6.881077,3.292845,1.635483,6.878911,9.301363635566453,-1.4510383683191252
62.39,60.01,3.340364,1.644837,6.887391,3.322762,1.645963,6.883834,11.424440033415491,-3.660223905154877
62.4,60.02,3.372595,1.656936,6.890896,3.350399,1.658217,6.888404,6.405913479834934,-3.3030531158407985
62.41,60.03,3.401867,1.668037,6.892248,3.378297,1.670516,6.888707,8.543840786106223,-6.004070898712863
62.42,60.04,3.427909,1.677684,6.89083,3.411763,1.680243,6.890052,2.758681106359479,-9.005970844894556
62.43,60.05,3.452789,1.687418,6.888621,3.443811,1.688799,6.891543,-18.028112638753367,-8.744723585845213
62.44,60.06,3.477998,1.695987,6.886246,3.471733,1.69697,6.892049,-42.80761271440503,-8.917202134034032
62.45,60.07,3.502847,1.704785,6.88323,3.498318,1.705705,6.890743,-58.917512158591755,-11.482560865106993
62.46,60.08,3.536549,1.712743,6.884196,3.523655,1.714394,6.887713,-15.256998670884155,-7.296679573572371
62.47,60.09,3.575314,1.719862,6.886215,3.560075,1.721924,6.890159,-14.510313290257796,-7.705931113251195
62.48,60.1,3.610293,1.726983,6.885304,3.596487,1.73029,6.888976,-14.894215151382399,-13.470459795615344
62.49,60.11,3.642793,1.733441,6.880332,3.631411,1.737717,6.886217,-27.340973667169187,-20.590240455692726
62.5,60.12,3.672854,1.739496,6.872415,3.664334,1.743868,6.883052,-51.30604999169002,-27.164424726590703
62.51,60.13,3.700521,1.745409,6.86267,3.697318,1.750458,6.876133,-76.61747546862001,-57.60965085389159
62.52,60.14,3.725836,1.751441,6.852216,3.728412,1.757539,6.864186,-102.1450887662409,-112.90082879887208
62.53,60.15,3.748842,1.757851,6.842169,3.754593,1.764536,6.850934,-123.27017582033211,-130.70489079277831
62.54,60.16,3.769582,1.7649,6.833646,3.772839,1.770874,6.840098,-116.78485941309094,-118.59903491886118
62.55,60.17,3.788098,1.772849,6.827765,3.780128,1.775979,6.835403,-43.78143704258944,-21.44106342296444
62.56,60.18,3.805516,1.781334,6.823578,3.780931,1.780276,6.835018,-24.9537073726496,2.464167379713709
62.57,60.19,3.844499,1.780554,6.807841,3.831231,1.784828,6.812661,-19.965074587627228,-17.85522547738438
62.58,60.2,3.868709,1.783076,6.795393,3.85751,1.787207,6.801994,-30.51627227375979,-20.247616733851178
62.59,60.21,3.89198,1.785813,6.782657,3.88262,1.790029,6.790217,-38.927543592791416,-24.248104120179047
62.6,60.22,3.91377,1.788952,6.768835,3.905922,1.792687,6.777769,-48.7025728410071,-25.4505911266538
62.61,60.23,3.935372,1.792647,6.753675,3.92694,1.796093,6.762902,-47.57768894218097,-22.228912262019538
62.62,60.24,3.957419,1.796418,6.737204,3.948918,1.799776,6.745552,-44.479730943844714,-21.554632091625667
62.63,60.25,3.980327,1.797799,6.720007,3.970297,1.802573,6.727319,-36.092533875334176,-25.453144164593766
62.64,60.26,4.00371,1.797649,6.703257,3.99461,1.802934,6.710873,-39.926740233862716,-30.146701545706605
62.65,60.27,4.024467,1.796771,6.685867,4.016729,1.801744,6.694402,-47.80392529172877,-32.72774098195909
62.66,60.28,4.045537,1.795877,6.668314,4.037531,1.801054,6.677499,-48.923338437264334,-32.88832566707191
62.67,60.29,4.063774,1.795657,6.649885,4.055989,1.800523,6.659697,-51.5709453210191,-32.0073678211587
62.68,60.3,4.083232,1.796551,6.630214,4.075377,1.800289,6.640297,-52.08019628514111,-25.448620073762005
62.69,60.31,4.099468,1.798171,6.608323,4.093173,1.802315,6.618251,-57.62263524434827,-33.35691950617097
62.7,60.32,4.118964,1.797777,6.587042,4.110858,1.803318,6.595897,-47.52854639010825,-34.35525135030351
62.71,60.33,4.137019,1.79549,6.56499,4.129972,1.801657,6.574206,-52.59672028089105,-41.18995420238946
62.72,60.34,4.153528,1.791748,6.542706,4.147069,1.797925,6.55266,-57.02107077757044,-43.72153148248149
62.73,60.35,4.169491,1.788013,6.520562,4.163567,1.794044,6.531326,-61.173679167352354,-45.51279671383611
62.74,60.36,4.184916,1.785163,6.497132,4.179591,1.790663,6.508265,-64.43784959277946,-45.92617903539515
62.75,60.37,4.199198,1.783833,6.473178,4.193003,1.788558,6.484542,-61.40331896290312,-37.33319573818657
62.76,60.38,4.213304,1.783315,6.447904,4.208138,1.788299,6.459138,-65.30447370996036,-43.97273748822862
62.77,60.39,4.224915,1.781287,6.421878,4.219909,1.787084,6.433004,-65.7752525103573,-49.18774684254746
62.78,60.4,4.237167,1.777111,6.395635,4.232845,1.783098,6.406761,-68.77086961892567,-54.174578383261384
62.79,60.41,4.249046,1.771486,6.369533,4.245621,1.777309,6.381433,-73.9433811504343,-59.536605161202196
62.8,60.42,4.260995,1.765218,6.342575,4.257074,1.770955,6.354337,-71.56358981100794,-55.649023765857436
62.81,60.43,4.271393,1.759616,6.315045,4.267435,1.76551,6.326664,-71.18864479845989,-56.11744015042765
62.82,60.44,4.281957,1.755301,6.287784,4.277331,1.760524,6.299569,-68.56836027444585,-48.46875617964777
62.83,60.45,4.289686,1.752416,6.259746,4.285498,1.757698,6.271576,-70.50526222795672,-51.58975243423896
62.84,60.46,4.295623,1.749429,6.231027,4.292195,1.755112,6.243106,-74.15614668857603,-58.90151372489658
62.85,60.47,4.303656,1.743903,6.201483,4.299659,1.750503,6.213221,-71.19536840797525,-58.800648360670856
62.86,60.48,4.310121,1.736624,6.171156,4.30614,1.743719,6.182458,-70.59577171393852,-60.703244692892916
62.87,60.49,4.316911,1.72886,6.141415,4.312984,1.735574,6.152946,-71.19319905437962,-59.67675305138739
62.88,60.5,4.322961,1.721076,6.111623,4.318773,1.72745,6.123426,-70.46404046482893,-56.69331548695645
62.89,60.51,4.326853,1.714211,6.081814,4.323939,1.719901,6.09396,-76.50890556238103,-62.88180960867777
62.9,60.52,4.331034,1.707747,6.05158,4.327756,1.713341,6.063986,-75.19916503921368,-59.63033776067315
62.91,60.53,4.333723,1.702364,6.020682,4.330205,1.70794,6.032969,-74.02258324653913,-57.751425773623296
62.92,60.54,4.335154,1.696301,5.989259,4.332293,1.702377,6.001431,-76.77286155417616,-64.78570804277302
62.93,60.55,4.336362,1.688087,5.957376,4.334027,1.695149,5.969081,-78.71831059607602,-71.70389956953836
62.94,60.56,4.337397,1.677615,5.925571,4.3354,1.685482,5.93684,-79.95083861036451,-75.75659205845514
62.95,60.57,4.338539,1.666453,5.894109,4.3365,1.673907,5.90554,-79.88625791911005,-74.70131333735245
62.96,60.58,4.336224,1.654429,5.861939,4.337783,1.662513,5.873681,-97.56299848778464,-100.91549195159584
62.97,60.59,4.339603,1.642817,5.830554,4.338236,1.650928,5.841937,-83.15206616439114,-80.43346836646568
62.98,60.6,4.339684,1.632769,5.798385,4.337456,1.640172,5.810095,-79.22739413898978,-73.250355596321
62.99,60.61,4.337432,1.624295,5.765811,4.335989,1.63108,5.777842,-83.16060682502517,-77.99350647106046
63.0,60.62,4.335665,1.61633,5.732887,4.334325,1.622901,5.745042,-83.7089625207485,-78.4739212913031
63.01,60.63,4.332738,1.608038,5.699181,4.332098,1.614533,5.711392,-86.99977255284944,-84.37239352582768
63.02,60.64,4.328968,1.597809,5.665243,4.332013,1.604374,5.676696,-104.88875094445314,-114.88296920189453
63.03,60.65,4.325768,1.585179,5.631281,4.324816,1.592985,5.642866,-85.3022616073158,-83.04668973182055
63.04,60.66,4.322508,1.57152,5.597421,4.321108,1.579238,5.608897,-83.04464278901064,-79.71867342845417
63.05,60.67,4.317795,1.556891,5.563656,4.315783,1.565401,5.574421,-79.41344769133747,-76.69795161908735
63.06,60.68,4.313519,1.542698,5.529635,4.311618,1.551629,5.540133,-79.73598301173496,-77.98369002001571
63.07,60.69,4.309731,1.530406,5.49515,4.308216,1.538923,5.506175,-82.17570523113629,-79.9137504692917
63.08,60.7,4.305995,1.519581,5.460457,4.304415,1.527219,5.472354,-82.43501168629297,-78.3126152486067
63.09,60.71,4.298713,1.510162,5.425601,4.29998,1.517175,5.43754,-96.05771516430809,-100.24084654085497
63.1,60.72,4.29251,1.500752,5.389354,4.292556,1.507399,5.401674,-90.21392805276355,-90.39650425513496
63.11,60.73,4.285203,1.489884,5.352525,4.286548,1.497129,5.364238,-96.550564768506,-100.5169619377822
63.12,60.74,4.278383,1.476812,5.315743,4.28103,1.48474,5.326905,-103.34090225155632,-108.46312956045367
63.13,60.75,4.271325,1.462392,5.279364,4.274172,1.469991,5.290636,-104.17489575643583,-110.53869112653999
63.14,60.76,4.264639,1.446013,5.242674,4.267187,1.454956,5.253411,-103.34992585037105,-105.90307809578044
63.15,60.77,4.256672,1.431088,5.205996,4.261225,1.439902,5.216568,-113.29989706908984,-117.3192733153848
63.16,60.78,4.249981,1.417415,5.169071,4.251452,1.425567,5.180409,-97.39230147469226,-100.22875239295759
63.17,60.79,4.241364,1.405873,5.131739,4.243004,1.413317,5.14348,-97.95170935273556,-102.4244498676734
63.18,60.8,4.233013,1.395472,5.094196,4.234424,1.4024,5.106273,-96.66386387184072,-101.51177247561813
63.19,60.81,4.223612,1.38598,5.055629,4.22521,1.392245,5.068055,-97.32809144516759,-104.30920126479037
63.2,60.82,4.214547,1.375439,5.015917,4.216302,1.382144,5.028013,-98.25539751731377,-104.66782490370153
63.21,60.83,4.205033,1.363358,4.975992,4.20737,1.370452,4.987713,-101.27608639376963,-108.23360540769404
63.22,60.84,4.195446,1.350262,4.936533,4.198698,1.356685,4.948479,-105.22833018226693,-116.85334282665804
63.23,60.85,4.185675,1.335588,4.896785,4.188671,1.342147,4.908876,-103.91687743330341,-114.54982779632142
63.24,60.86,4.17426,1.319066,4.857497,4.179211,1.327121,4.868475,-114.27503641437939,-121.57693349002557
63.25,60.87,4.164579,1.304777,4.817719,4.168176,1.312364,4.829019,-107.657239654254,-115.3656503912543
63.26,60.88,4.153757,1.292363,4.777777,4.15484,1.299884,4.78937,-95.3369931085228,-98.19408421423361
63.27,60.89,4.142892,1.281572,4.737627,4.144849,1.288747,4.749506,-99.35513382283466,-105.25647008235597
63.28,60.9,4.130924,1.272578,4.696929,4.132898,1.279082,4.709147,-99.17767985994669,-106.88333420857916
63.29,60.91,4.118762,1.264048,4.655241,4.120739,1.270543,4.667604,-99.08539657694625,-106.929619216901
63.3,60.92,4.106174,1.254349,4.612692,4.10869,1.261331,4.624571,-101.95864797151762,-109.81689078809127
63.31,60.93,4.093716,1.243414,4.570079,4.097581,1.250526,4.581502,-108.69337456500324,-118.52176657966965
63.32,60.94,4.081916,1.229197,4.528649,4.083719,1.236867,4.539983,-99.03881047156167,-103.22844467223584
63.33,60.95,4.071273,1.214875,4.48677,4.071035,1.224136,4.49744,-88.7221991880543,-88.5278701357199
63.34,60.96,4.053801,1.203545,4.44411,4.057766,1.211094,4.455476,-109.23119494425735,-117.71003287113396
63.35,60.97,4.040253,1.193095,4.401713,4.045599,1.198951,4.414108,-113.33067883488602,-132.39326161882272
63.36,60.98,4.027626,1.183966,4.358916,4.029398,1.190577,4.371338,-98.11847865854106,-105.00475366518592
63.37,60.99,4.013753,1.177092,4.31635,4.015471,1.182958,4.329454,-97.46916330246269,-106.32394581490294
63.38,61.0,4.002462,1.17099,4.273964,4.002965,1.175749,4.286798,-92.24443152965823,-96.03344660702552
63.39,61.01,3.986088,1.16554,4.22979,3.991581,1.169075,4.242582,-113.23912117913417,-147.23684179384625
63.4,61.02,3.968199,1.15793,4.184415,3.979272,1.161018,4.197332,-130.60458211075448,-164.41746042280522
63.41,61.03,3.952344,1.147332,4.139379,3.960365,1.151836,4.152036,-122.3632719845343,-150.68465710628595
63.42,61.04,3.940585,1.134694,4.095318,3.940982,1.142075,4.106891,-91.96470304808193,-93.07878705035736
63.43,61.05,3.924887,1.123953,4.050808,3.925031,1.131704,4.061862,-90.74634752889177,-91.06433275863945
63.44,61.06,3.90547,1.115669,4.00612,3.91288,1.120645,4.018604,-120.6916628496707,-146.11765353058217
63.45,61.07,3.889375,1.108768,3.963032,3.89536,1.11346,3.974577,-117.40250507896803,-141.9049768976582
63.46,61.08,3.873335,1.103787,3.919358,3.878654,1.10759,3.9318,-113.1468830479457,-144.4358378857169
63.47,61.09,3.857005,1.099693,3.874324,3.861814,1.103494,3.886329,-111.8302042268728,-141.67740217804075
63.48,61.1,3.840194,1.096254,3.827999,3.844752,1.100978,3.840547,-109.9633063684998,-133.97542710805246
63.49,61.11,3.823609,1.092811,3.781881,3.827993,1.098103,3.793724,-110.313366949231,-129.6390388886159
63.5,61.12,3.805888,1.087498,3.736016,3.810785,1.092795,3.747464,-113.15931662451293,-132.75293698610045
63.51,61.13,3.787786,1.08051,3.690208,3.793098,1.085044,3.701487,-115.21873512774313,-139.51794532782606
63.52,61.14,3.770653,1.072468,3.644625,3.776038,1.077091,3.656214,-114.92263302671233,-139.3540477026875
63.53,61.15,3.752771,1.064624,3.598314,3.759766,1.0682,3.610649,-119.55694479783102,-152.92286878944896
63.54,61.16,3.735513,1.058832,3.552873,3.740493,1.062899,3.565362,-111.73968627561675,-140.7626328865968
63.55,61.17,3.717632,1.055323,3.50714,3.721645,1.059989,3.519519,-107.96155582773739,-130.6972250991382
63.56,61.18,3.699921,1.053483,3.461943,3.703814,1.057906,3.475041,-106.55305213616877,-131.35332514681397
63.57,61.19,3.681628,1.055143,3.416683,3.685389,1.059113,3.432868,-103.0819736108209,-133.45144198955506
63.58,61.2,3.66314,1.055721,3.371194,3.668421,1.059258,3.38302,-114.06355309458966,-146.18742564861395
63.59,61.21,3.643949,1.054813,3.323457,3.64889,1.059388,3.335201,-112.81773044342495,-137.20259816176633
63.6,61.22,3.625411,1.052948,3.276433,3.629755,1.057943,3.288944,-109.14774011928642,-131.01249457561096
63.61,61.23,3.606959,1.050889,3.230297,3.610876,1.055877,3.243386,-106.66028145501824,-128.14200440735834
63.62,61.24,3.588095,1.048601,3.184456,3.591975,1.053357,3.197516,-106.54617657076513,-129.20796489043903
63.63,61.25,3.568875,1.048442,3.139527,3.572972,1.05211,3.152826,-107.12240523650522,-138.16225710977443
63.64,61.26,3.549565,1.050006,3.095646,3.554307,1.052189,3.108986,-109.56888905490084,-155.28081831180882
63.65,61.27,3.530218,1.052243,3.05101,3.534252,1.054533,3.064048,-107.1922390834798,-150.4175160602605
63.66,61.28,3.510551,1.056058,3.005571,3.516251,1.058206,3.017913,-114.78926979502182,-159.35147838928845
63.67,61.29,3.491221,1.061705,2.959965,3.495422,1.064305,2.971997,-109.24676361728177,-148.24662415241482
63.68,61.3,3.470876,1.067314,2.914058,3.475267,1.071113,2.927522,-108.06264600318664,-139.13433597824599
63.69,61.31,3.450907,1.071087,2.868289,3.455078,1.074469,2.88151,-107.50959670241012,-140.96359110920446
63.7,61.32,3.428713,1.072188,2.822939,3.433455,1.075796,2.835891,-110.10874250703152,-142.7339308155324
63.71,61.33,3.406793,1.072167,2.777941,3.411941,1.076154,2.790913,-111.64588883177618,-142.24309452477698
63.72,61.34,3.385496,1.073097,2.732905,3.390287,1.077115,2.745296,-111.13907392599828,-140.01492555806203
63.73,61.35,3.364666,1.07493,2.688085,3.368285,1.078469,2.700842,-105.83797052060397,-135.64032851735192
63.74,61.36,3.344078,1.078651,2.643965,3.348307,1.082448,2.656763,-108.28573790044952,-138.0809762160316
63.75,61.37,3.322788,1.08403,2.600123,3.32802,1.087321,2.613327,-111.61562810042531,-147.8295422035056
63.76,61.38,3.301969,1.091198,2.557215,3.30645,1.093738,2.57059,-108.52229379868027,-150.4537980967166
63.77,61.39,3.28103,1.09975,2.513669,3.286267,1.101083,2.526742,-111.83087368292738,-165.71946471078468
63.78,61.4,3.260177,1.108371,2.469745,3.26522,1.109799,2.483201,-110.54484524979298,-164.1897460283033
63.79,61.41,3.239812,1.11494,2.425965,3.244478,1.116367,2.438821,-109.94803039939332,-162.99482726197257
63.8,61.42,3.218307,1.119703,2.380567,3.222614,1.121574,2.393644,-108.22965452015914,-156.51943488252294
63.81,61.43,3.195538,1.123016,2.336163,3.199961,1.125671,2.348871,-109.19037387667078,-149.02481478865357
63.82,61.44,3.172171,1.125705,2.29216,3.177394,1.128969,2.304869,-112.34112346687957,-147.997575062232
63.83,61.45,3.150757,1.129996,2.249191,3.155416,1.132846,2.261522,-110.69798075596236,-148.54507170970922
63.84,61.46,3.12951,1.135599,2.206445,3.134277,1.138163,2.219018,-110.76401175248068,-151.72577038785678
63.85,61.47,3.107803,1.143,2.164003,3.113261,1.145112,2.176984,-112.80483882601406,-158.8458085730387
63.86,61.48,3.086833,1.151589,2.122907,3.092028,1.152603,2.1357,-112.10115872837568,-168.955431979254
63.87,61.49,3.064936,1.161083,2.081328,3.06999,1.16237,2.094009,-111.72970504002052,-165.71329059861128
63.88,61.5,3.042315,1.171401,2.039032,3.048026,1.173237,2.051765,-114.15716906320831,-162.17818836162147
63.89,61.51,3.01966,1.180602,1.996608,3.025631,1.182694,2.009262,-115.26105963909544,-160.69157659950616
63.9,61.52,2.996207,1.187536,1.954286,3.002365,1.190403,1.966838,-116.13252775856692,-155.03457329209786
63.91,61.53,2.973544,1.193449,1.912198,2.97876,1.196816,1.92432,-113.28182445848874,-147.15719905559334
63.92,61.54,2.950943,1.198782,1.869581,2.955984,1.202301,1.88207,-111.98073717783151,-145.08203984058463
63.93,61.55,2.928662,1.204078,1.828295,2.934005,1.207674,1.840927,-112.92706936490579,-146.0582580446862
63.94,61.56,2.906232,1.210668,1.787577,2.911809,1.213175,1.79997,-114.22832201853483,-155.79489903866838
63.95,61.57,2.883189,1.218441,1.747442,2.889236,1.22056,1.759802,-116.06970559133477,-160.688431942024
63.96,61.58,2.860332,1.227223,1.708446,2.866204,1.229158,1.720563,-115.8552181752977,-161.76139930249084
63.97,61.59,2.836045,1.238033,1.670443,2.84281,1.239301,1.682648,-118.99877193792433,-169.38392430379605
63.98,61.6,2.811878,1.249944,1.632438,2.818273,1.250551,1.644542,-117.84918421627756,-174.57784918527042
63.99,61.61,2.788023,1.260704,1.592822,2.794297,1.262196,1.604937,-117.37830210932083,-166.6231417621549
64.0,61.62,2.761632,1.268511,1.553757,2.768743,1.270897,1.5653,-121.63491159134317,-161.45151780245934
64.01,61.63,2.736304,1.275924,1.514387,2.743581,1.278219,1.526211,-121.60993544061256,-162.49591287889473
64.02,61.64,2.711322,1.283023,1.476257,2.719466,1.284326,1.48737,-126.23528159537587,-170.90999746848226
64.03,61.65,2.687266,1.28982,1.438204,2.694624,1.290487,1.449735,-122.54219074213353,-174.8203154258628
64.04,61.66,2.662016,1.29776,1.400918,2.668818,1.298653,1.412454,-120.5249812541533,-172.52070303023663
64.05,61.67,2.636323,1.307056,1.364383,2.643949,1.307812,1.376207,-122.82037345830703,-174.33850731594094
64.06,61.68,2.610162,1.317797,1.329484,2.61796,1.318334,1.341181,-123.6900675259808,-176.0606135514562
64.07,61.69,2.583261,1.329962,1.295548,2.590832,1.330367,1.307189,-123.03891612347356,-176.93796134916062
64.08,61.7,2.555614,1.342033,1.261218,2.563516,1.342556,1.273046,-123.74592441390881,-176.21335714291865
64.09,61.71,2.527071,1.352142,1.226498,2.535661,1.353608,1.238135,-126.43336229306311,-170.3150073177371
64.1,61.72,2.499168,1.360937,1.191564,2.506904,1.362965,1.202949,-124.195737823344,-165.31040583069768
64.11,61.73,2.470842,1.368859,1.156636,2.479648,1.371131,1.168148,-127.41385359718406,-165.53285443054986
64.12,61.74,2.443029,1.376563,1.122502,2.45162,1.378673,1.133607,-127.72609126704299,-166.20095599689333
64.13,61.75,2.414976,1.385683,1.090103,2.423181,1.387481,1.101258,-126.3361400273711,-167.63988071150195
64.14,61.76,2.386797,1.396237,1.059156,2.395376,1.397489,1.070664,-126.70384421369583,-171.6969967889051
64.15,61.77,2.358681,1.408533,1.029956,2.367196,1.40896,1.041021,-127.57985127049218,-177.12920480348208
64.16,61.78,2.329033,1.422519,1.001486,2.338371,1.421711,1.012389,-130.57878310066863,175.05461904543478
64.17,61.79,2.298664,1.435433,0.972013,2.307927,1.434891,0.982983,-130.17754007143597,176.65130681839824
64.18,61.8,2.267449,1.445947,0.942694,2.277253,1.446582,0.953313,-132.71476784392266,-176.29415837245224
64.19,61.81,2.236521,1.455596,0.913755,2.246768,1.455615,0.924061,-134.8355256310124,-179.89376221692376
64.2,61.82,2.205228,1.463975,0.884482,2.215941,1.464036,0.894491,-136.94579291531463,-179.67376040519568
64.21,61.83,2.174102,1.472849,0.855854,2.18433,1.473144,0.865983,-135.2786381812028,-178.34791059922668
64.22,61.84,2.144118,1.48256,0.828688,2.153804,1.483035,0.839175,-132.72617740272173,-177.19247266328077
64.23,61.85,2.113068,1.494687,0.803419,2.123286,1.494372,0.813664,-134.92440086257477,178.23424776184078
64.24,61.86,2.082563,1.50804,0.779404,2.092764,1.507116,0.789456,-135.42151370813724,174.82430927024996
64.25,61.87,2.050794,1.521619,0.756094,2.061633,1.520999,0.76561,-138.7187837493677,176.7262002255586
64.26,61.88,2.018011,1.533763,0.732212,2.029597,1.53424,0.741246,-142.05524025380166,-177.64244251567004
64.27,61.89,1.985081,1.544118,0.708282,1.9966,1.54516,0.717012,-142.8423018249944,-174.83113534785244
64.28,61.9,1.951779,1.553341,0.684484,1.963494,1.554615,0.693158,-143.4830767449127,-173.79350478582558
64.29,61.91,1.919409,1.562502,0.66111,1.930722,1.563462,0.67002,-141.7764030153333,-175.1496075464072
64.3,61.92,1.887138,1.573169,0.638927,1.898795,1.573361,0.648056,-141.93427548824883,-179.0563785675332
64.31,61.93,1.855306,1.585083,0.617963,1.867038,1.584741,0.627001,-142.39036380441019,178.33024131628565
64.32,61.94,1.824014,1.598455,0.598316,1.83559,1.597366,0.607316,-142.13598309764592,174.62577647787393
64.33,61.95,1.792319,1.612173,0.580318,1.803769,1.610869,0.589019,-142.76833805744127,173.50277975577833
64.34,61.96,1.759838,1.625131,0.561902,1.771878,1.624359,0.570175,-145.50602098498874,176.33123977912882
64.35,61.97,1.726406,1.635787,0.542976,1.738119,1.636648,0.55053,-147.18104125001847,-175.79585933399474
64.36,61.98,1.692574,1.645498,0.524304,1.704563,1.647168,0.531585,-148.72940980622846,-172.07004682147797
64.37,61.99,1.659904,1.654833,0.507146,1.670966,1.65652,0.513385,-150.57687597326762,-171.3289707657617
64.38,62.0,1.626942,1.665288,0.488615,1.637897,1.6661,0.495483,-147.91523508555358,-175.7609081039726
64.39,62.01,1.594712,1.6774,0.471471,1.60644,1.677123,0.478944,-147.49499631764712,178.6470002769094
64.4,62.02,1.563503,1.690048,0.457084,1.57607,1.689363,0.463471,-153.0586899520641,176.88001841888726
64.41,62.03,1.532045,1.703419,0.444398,1.544861,1.703099,0.450042,-156.23193041272216,178.56969095805246
64.42,62.04,1.49895,1.716148,0.429963,1.510921,1.716392,0.436908,-149.87974908750175,-178.83232523072908
64.43,62.05,1.469071,1.731125,0.415592,1.478146,1.728548,0.42233,-143.40687671343923,164.14720629171717
64.44,62.06,1.433056,1.741244,0.401927,1.442739,1.73974,0.408845,-144.4561656444259,171.17115284609588
64.45,62.07,1.400917,1.751309,0.388901,1.411565,1.750239,0.394757,-151.1908587656648,174.26170458167783
64.46,62.08,1.36907,1.760879,0.377425,1.382553,1.76104,0.382017,-161.1923368368145,-179.3158657492119
64.47,62.09,1.350799,1.772835,0.37061,1.351469,1.772839,0.371228,-137.31192807942224,-179.65793970863163
64.48,62.1,1.30748,1.785351,0.356735,1.32006,1.785943,0.362769,-154.37528366977776,-177.30571571014326
64.49,62.11,1.289627,1.799556,0.354236,1.289316,1.799205,0.354016,35.275416366750605,48.457776685904626
64.5,62.12,1.245008,1.810723,0.340914,1.258523,1.811919,0.345832,-160.00395966328531,-174.94282591839564
64.51,62.13,1.213709,1.822662,0.333798,1.22718,1.823274,0.337347,-165.24052713579354,-177.39878832130512
64.52,62.14,1.220972,1.827251,0.329717,1.211599,1.835449,0.336292,-35.04900642965078,-41.174238333154904
64.53,62.15,1.152182,1.844834,0.325159,1.17768,1.845558,0.326439,-177.12616341203707,-178.3735586495057
64.54,62.16,1.122587,1.856586,0.310979,1.136329,1.855977,0.315505,-161.7704294686364,177.46250083018546
64.55,62.17,1.107206,1.867859,0.299634,1.105883,1.868774,0.312287,-84.03083302897042,-34.66812084651581
64.56,62.18,1.066128,1.881369,0.311306,1.079598,1.881808,0.313283,-171.6502788865905,-178.13333724217267
64.57,62.19,1.036511,1.89168,0.309857,1.050285,1.892545,0.311317,-173.9494229658306,-176.40657392589623
64.58,62.2,1.020961,1.902338,0.310267,1.021557,1.902505,0.312565,-104.53964663987767,-164.34705671434844
64.59,62.21,0.979514,1.9111,0.310821,0.993173,1.9118,0.308276,169.44544806676205,-177.06625750677122
64.6,62.22,0.952654,1.922132,0.312216,0.964548,1.921205,0.295239,125.01489068492162,175.54346441575964
64.61,62.23,0.926151,1.93391,0.313666,0.93941,1.933515,0.310844,167.98465142421787,178.29360124036378
64.62,62.24,0.8997,1.944907,0.315247,0.913166,1.945049,0.313675,173.34151719906615,-179.3958340160219
64.63,62.25,0.873403,1.954703,0.318752,0.88696,1.955197,0.317827,176.0967336483426,-177.91313728549054
64.64,62.26,0.846807,1.963322,0.323221,0.860589,1.963829,0.322182,175.688730216354,-177.89320367602375
64.65,62.27,0.821041,1.970367,0.328806,0.834926,1.971747,0.326303,169.7812382493911,-174.32413652564085
64.66,62.28,0.797169,1.978001,0.336824,0.809973,1.97911,0.331617,157.86990967582886,-175.04976273826185
64.67,62.29,0.772001,1.98584,0.342716,0.785345,1.987193,0.339006,164.4626026148386,-174.21034483238472
64.68,62.3,0.748232,1.994666,0.349074,0.761944,1.995844,0.346177,168.07028345924545,-175.08976728631953
64.69,62.31,0.725352,2.002763,0.357334,0.739106,2.004217,0.355138,170.92857069507355,-173.96540724620593
64.7,62.32,0.703213,2.009285,0.36646,0.716381,2.011329,0.364389,171.06200938963846,-171.17669024216218
64.71,62.33,0.680307,2.015283,0.375721,0.693875,2.016979,0.373416,170.35835743290477,-172.87498365109855
64.72,62.34,0.658716,2.018776,0.387987,0.671377,2.021798,0.382791,157.6870415880313,-166.57548899156262
64.73,62.35,0.637137,2.023697,0.399221,0.649247,2.025903,0.39342,154.40438616365324,-169.6760024815505
64.74,62.36,0.616082,2.028329,0.410483,0.628284,2.029704,0.405819,159.08152304785494,-173.5706644963185
64.75,62.37,0.596773,2.032216,0.423401,0.609066,2.034254,0.419234,161.27470814417185,-170.586812637553
64.76,62.38,0.578784,2.035993,0.437577,0.590197,2.037887,0.432832,157.42470765851766,-170.57757281758683
64.77,62.39,0.561002,2.037119,0.45104,0.57204,2.04089,0.445253,152.3328869344672,-161.13788437670908
64.78,62.4,0.543024,2.038171,0.464971,0.553376,2.041946,0.459137,150.59601858766678,-159.9649162709244
64.79,62.41,0.524697,2.038604,0.481852,0.534267,2.041811,0.473989,140.59244559758332,-161.47349864180703
64.8,62.42,0.506754,2.038457,0.496695,0.516594,2.041085,0.490081,146.09280250659324,-165.0468403443436
64.81,62.43,0.489193,2.036828,0.512159,0.499632,2.04035,0.505341,146.85033445250727,-161.35618950576395
64.82,62.44,0.473711,2.035068,0.527962,0.482782,2.03882,0.520289,139.7727036250752,-157.52874850906656
64.83,62.45,0.460525,2.034494,0.545422,0.468277,2.038892,0.536503,130.99572445646163,-150.43213415871892
64.84,62.46,0.447194,2.032051,0.564101,0.456138,2.038408,0.555898,137.47447210915732,-144.59646715665465
64.85,62.47,0.431459,2.028777,0.582417,0.440086,2.035297,0.573985,135.65491473205356,-142.91922330113707
64.86,62.48,0.416987,2.023083,0.601149,0.425773,2.030258,0.592842,136.60518912344205,-140.76354572256625
64.87,62.49,0.403666,2.01649,0.619614,0.41205,2.024087,0.611397,135.5763551856128,-137.81930916310844
64.88,62.5,0.390671,2.010287,0.638363,0.398791,2.01773,0.629915,133.86585218005325,-137.49083103969346
64.89,62.51,0.378876,2.004528,0.657777,0.386324,2.012228,0.648615,129.10845257872745,-134.0469233763757
64.9,62.52,0.368163,1.999575,0.677815,0.374567,2.006773,0.667623,122.14262317975151,-131.65922055034807
64.91,62.53,0.357763,1.994106,0.698868,0.363972,2.001889,0.688864,121.82587830576885,-128.58161764181506
64.92,62.54,0.347341,1.98745,0.719852,0.353728,1.995788,0.710489,124.29997680032324,-127.45251322134678
64.93,62.55,0.337123,1.979026,0.741111,0.343591,1.987976,0.73228,126.21978888739616,-125.85494563061603
64.94,62.56,0.328179,1.969192,0.762172,0.33345,1.978553,0.752955,119.76429156927313,-119.38302916834881
64.95,62.57,0.319109,1.9591,0.782954,0.323773,1.968095,0.773367,115.94255671424942,-117.40720358168181
64.96,62.58,0.311094,1.950089,0.803983,0.314305,1.958447,0.793485,107.0071836505081,-111.01591754371938
64.97,62.59,0.303746,1.940756,0.825672,0.304475,1.948946,0.814632,93.7779052183501,-95.08654876460717
64.98,62.6,0.296861,1.931736,0.849267,0.298223,1.940018,0.838096,96.95135503383163,-99.33887397686108
64.99,62.61,0.290328,1.92218,0.87346,0.291374,1.931026,0.862964,95.69113529564963,-96.74365647246933
65.0,62.62,0.28453,1.911405,0.897173,0.287865,1.920708,0.887468,108.96463277277348,-109.72207182157047
65.01,62.63,0.278805,1.898692,0.921221,0.281878,1.908563,0.911563,107.65012421993018,-107.29219979618212
65.02,62.64,0.273373,1.885222,0.945147,0.275418,1.895124,0.935913,102.48741093084506,-101.66889464350851
65.03,62.65,0.269226,1.872415,0.969302,0.27079,1.881675,0.959498,99.06383510144364,-99.58669489727242
65.04,62.66,0.266343,1.859636,0.99421,0.266756,1.86888,0.983722,92.25504740536874,-92.55813837815387
65.05,62.67,0.263928,1.848064,1.019868,0.264514,1.856785,1.009326,93.18163620930848,-93.84416142741414
65.06,62.68,0.262205,1.837298,1.046504,0.262341,1.846082,1.036015,90.74285340749942,-90.88702225278134
65.07,62.69,0.261147,1.825071,1.073131,0.261757,1.834398,1.063282,93.54409975270667,-93.74190212952593
65.08,62.7,0.260138,1.811013,1.099956,0.260496,1.820748,1.090069,92.07372627770732,-92.1060760181103
65.09,62.71,0.260083,1.796581,1.126306,0.257994,1.805452,1.116073,78.46197872342113,-76.74904061340624
65.1,62.72,0.260647,1.782002,1.152847,0.257381,1.790302,1.142316,72.76966456608167,-68.5206611650944
65.11,62.73,0.261861,1.767232,1.180676,0.260569,1.775879,1.170074,83.0519779939133,-81.50196261092228
65.12,62.74,0.264325,1.754022,1.209331,0.261687,1.762091,1.19804,76.84945604967078,-71.89586686481522
65.13,62.75,0.267603,1.741368,1.238185,0.264803,1.749621,1.227414,75.42807583244782,-71.25943777630481
65.14,62.76,0.271741,1.72703,1.267449,0.27002,1.736208,1.257693,79.9957055686944,-79.37959088656295
65.15,62.77,0.276248,1.710334,1.296573,0.273988,1.719825,1.28729,76.31719626146648,-76.60614201863726
65.16,62.78,0.281152,1.692758,1.325682,0.27825,1.702295,1.315957,73.38457206229486,-73.07559479529377
65.17,62.79,0.286783,1.67576,1.35476,0.283601,1.684766,1.344932,72.05966357099373,-70.54066627008463
65.18,62.8,0.293067,1.659846,1.384872,0.291022,1.668591,1.374462,78.88601313807352,-76.8380199482423
65.19,62.81,0.299959,1.645307,1.415031,0.297423,1.653063,1.404291,76.71429133468195,-71.89367008828792
65.2,62.82,0.307749,1.632206,1.446407,0.306548,1.640387,1.435359,83.79588355302226,-81.64842980564325
65.21,62.83,0.317256,1.619341,1.47879,0.314879,1.627128,1.467711,77.89076332271185,-73.02506732738357
65.22,62.84,0.326856,1.604635,1.511646,0.32373,1.613186,1.500886,73.80033871356763,-69.91903938217186
65.23,62.85,0.336745,1.587923,1.543279,0.333198,1.596859,1.532879,71.1676625838606,-68.35020142786712
65.24,62.86,0.347423,1.570202,1.574728,0.343493,1.578114,1.564533,68.919192898159,-63.585772638499485
65.25,62.87,0.357907,1.551258,1.6074,0.353998,1.559333,1.597031,69.34410376753141,-64.16899387491046
65.26,62.88,0.368072,1.533376,1.64033,0.363559,1.541492,1.629569,67.2475629989883,-60.92322284466094
65.27,62.89,0.378872,1.517795,1.673693,0.374869,1.52502,1.662429,70.43580581129517,-61.011423463325194
65.28,62.9,0.39106,1.503624,1.707975,0.387092,1.510592,1.696478,70.95872985357717,-60.34020085239277
65.29,62.91,0.404225,1.49049,1.74259,0.402687,1.497705,1.731285,82.25270187579251,-77.96653979315856
65.3,62.92,0.418549,1.476446,1.77755,0.415278,1.484277,1.766389,73.66550576602329,-67.3297603550974
65.31,62.93,0.432679,1.459963,1.812448,0.429193,1.468596,1.802245,71.13653815862918,-68.01117454685483
65.32,62.94,0.447263,1.441736,1.848262,0.444196,1.451185,1.838134,73.15243563551111,-72.01736728246527
65.33,62.95,0.460871,1.42333,1.883794,0.458275,1.43355,1.873755,75.50140120691088,-75.74762663807623
65.34,62.96,0.47517,1.405977,1.919211,0.472501,1.415175,1.908863,75.53724173340368,-73.81876284140861
65.35,62.97,0.489329,1.389911,1.955446,0.487036,1.3985,1.944548,78.11796624000185,-75.05239135808542
65.36,62.98,0.504259,1.375863,1.992036,0.501979,1.383729,1.980581,78.74298108449403,-73.83550084774254
65.37,62.99,0.519246,1.36318,2.029066,0.516461,1.370124,2.017517,76.44217529027591,-68.14597340652334
65.38,63.0,0.535043,1.350697,2.0676,0.532745,1.358146,2.056196,78.60699942547566,-72.85512152471969
65.39,63.01,0.551155,1.337687,2.106974,0.548336,1.345913,2.096131,75.42667472229397,-71.08372544270975
65.4,63.02,0.568014,1.323012,2.145846,0.564515,1.332153,2.136241,69.98385231381258,-69.05410969290055
65.41,63.03,0.58572,1.307019,2.184456,0.581331,1.31638,2.175015,65.06688680336228,-64.87999043408139
65.42,63.04,0.602151,1.289905,2.22264,0.598221,1.299982,2.213719,66.22489773523007,-68.69436443710664
65.43,63.05,0.619188,1.273853,2.261187,0.615751,1.282694,2.251135,71.12331293200869,-68.75606234804252
65.44,63.06,0.63585,1.259302,2.300167,0.632948,1.267342,2.289365,74.9623317716613,-70.15319175294343
65.45,63.07,0.65292,1.245786,2.339744,0.649722,1.253857,2.32902,73.39491311543897,-68.38487375463744
65.46,63.08,0.669943,1.234081,2.380152,0.666771,1.241679,2.368986,74.1413891104261,-67.34052326706085
65.47,63.09,0.68669,1.223657,2.421258,0.683432,1.23095,2.409909,73.9826169781083,-65.9282639711594
65.48,63.1,0.703745,1.212757,2.463659,0.700252,1.220319,2.452609,72.45780674918493,-65.20708421170536
65.49,63.11,0.721534,1.200433,2.506125,0.717055,1.208292,2.495651,66.84697928581897,-60.32032661275527
65.5,63.12,0.739715,1.18648,2.548257,0.734816,1.194116,2.537749,65.00430362767145,-57.31713847752869
65.51,63.13,0.755914,1.171217,2.589655,0.752369,1.178953,2.579217,71.24125679389067,-65.38051576467393
65.52,63.14,0.773083,1.157624,2.631718,0.769244,1.163983,2.619929,71.96254650938702,-58.88014619107248
65.53,63.15,0.790205,1.144856,2.674415,0.786916,1.150576,2.662353,74.7476948589893,-60.10109816138448
65.54,63.16,0.807263,1.133016,2.717274,0.804302,1.139032,2.70581,75.5177652487757,-63.794165304472635
65.55,63.17,0.824502,1.122498,2.760852,0.821271,1.128671,2.749141,74.5761141655748,-62.37206246567914
65.56,63.18,0.84212,1.114525,2.805058,0.838808,1.120329,2.792947,74.70525849632786,-60.289149899301044
65.57,63.19,0.859254,1.106784,2.850068,0.85583,1.112556,2.837993,74.16872772510354,-59.323217782486736
65.58,63.2,0.87733,1.097162,2.89597,0.872977,1.103612,2.884432,69.32975816713392,-55.98522719123642
65.59,63.21,0.895663,1.086558,2.941316,0.890978,1.09296,2.93032,66.92289068287263,-53.80323864789356
65.6,63.22,0.912813,1.074666,2.987151,0.907609,1.079927,2.974751,67.23330715450598,-45.312071393877225
65.61,63.23,0.930724,1.062623,3.032192,0.926537,1.06889,3.020646,70.06751163206525,-56.25300568329991
65.62,63.24,0.948201,1.051719,3.077085,0.944248,1.058175,3.065656,70.9208004748197,-58.52092116522711
65.63,63.25,0.965486,1.042862,3.123049,0.96267,1.049255,3.111285,76.53816561886964,-66.22738311897572
65.64,63.26,0.982878,1.035597,3.168655,0.977959,1.041578,3.156745,67.55867607873188,-50.56483180612294
65.65,63.27,0.999622,1.030639,3.214507,0.995326,1.035792,3.20246,70.37359768582535,-50.18240070884584
65.66,63.28,1.015796,1.02729,3.261839,1.011975,1.031643,3.249055,73.359160810212,-48.723810163995275
65.67,63.29,1.0314,1.022874,3.309213,1.028017,1.026922,3.297219,74.24848595142443,-50.1137757267312
65.68,63.3,1.050123,1.01603,3.358354,1.044793,1.021112,3.345866,66.88673861156398,-43.63554868352675
65.69,63.31,1.067867,1.007487,3.406099,1.062433,1.013081,3.394816,64.28409195162864,-45.831218858457255
65.7,63.32,1.085288,0.997825,3.454175,1.079874,1.004306,3.442798,64.55151375107458,-50.12580187733613
65.71,63.33,1.102249,0.98932,3.501648,1.098907,0.995945,3.49001,73.97790644798029,-63.23120986781247
65.72,63.34,1.119057,0.982744,3.548678,1.116227,0.988869,3.53695,76.43370454011958,-65.20113570000044
65.73,63.35,1.135823,0.978472,3.59544,1.13212,0.983588,3.583083,73.31819818009834,-54.10269248000893
65.74,63.36,1.152272,0.97536,3.642999,1.147996,0.979772,3.630266,71.43690309049673,-45.89682201157335
65.75,63.37,1.168606,0.973572,3.690951,1.164637,0.978241,3.678272,72.61793321246324,-49.632970029474976
65.76,63.38,1.184612,0.973758,3.740054,1.18098,0.978535,3.727338,74.0593650595973,-52.75391563332921
65.77,63.39,1.2004,0.973616,3.78931,1.195972,0.978301,3.77633,71.16342712956629,-46.61539706819952
65.78,63.4,1.215834,0.971404,3.839047,1.2111,0.97589,3.826737,68.96498416366774,-43.459226902368776
65.79,63.41,1.233408,0.967788,3.887661,1.22758,0.971844,3.875609,64.19292707520226,-34.83600936983286
65.8,63.42,1.249859,0.963284,3.936705,1.243838,0.966657,3.923841,64.91803841863887,-29.257808364847047
65.81,63.43,1.265734,0.957876,3.985206,1.260254,0.961981,3.973532,64.85373696742617,-36.83642560086427
65.82,63.44,1.281781,0.953697,4.034311,1.277526,0.958328,4.021991,70.94645039611694,-47.42295403072984
65.83,63.45,1.297564,0.95184,4.08303,1.293083,0.956458,4.070143,70.82668276849661,-45.86261443110766
65.84,63.46,1.31271,0.951457,4.131293,1.308245,0.955674,4.118598,70.62254993113359,-43.36379975804392
65.85,63.47,1.327573,0.953319,4.179911,1.324093,0.957427,4.166591,75.35811545876622,-49.731145505839386
65.86,63.48,1.342036,0.957297,4.228802,1.338655,0.960708,4.215551,75.68634896652956,-45.25307158530265
65.87,63.49,1.356291,0.95998,4.278955,1.352556,0.963843,4.265635,74.33621647595304,-45.96514426142882
65.88,63.5,1.370859,0.96096,4.329047,1.366285,0.965075,4.316381,70.14411867427097,-41.97613750384029
65.89,63.51,1.386742,0.959963,4.379043,1.382479,0.964877,4.366155,71.69718880876385,-49.05766307613716
65.9,63.52,1.402202,0.958331,4.428616,1.397826,0.963516,4.415817,71.12435401475331,-49.83653767608224
65.91,63.53,1.416794,0.955884,4.477947,1.412639,0.961644,4.465611,71.38549353160477,-54.195047001942505
65.92,63.54,1.431444,0.955263,4.527024,1.427389,0.960526,4.514386,72.21076006610446,-52.38671507437819
65.93,63.55,1.446307,0.956322,4.575263,1.442467,0.961465,4.562571,73.16666302785825,-53.25329201807451
65.94,63.56,1.46066,0.959139,4.62345,1.456769,0.963669,4.61042,73.37339799224866,-49.3393865111744
65.95,63.57,1.474781,0.963734,4.671255,1.470932,0.967536,4.657986,73.82389784945441,-44.64803715011085
65.96,63.58,1.488558,0.970667,4.719068,1.485174,0.973171,4.7056,75.89570931999022,-36.49969061549617
65.97,63.59,1.501951,0.976812,4.767577,1.498204,0.979208,4.753938,74.63829784046044,-32.59667388846866
65.98,63.6,1.515676,0.98123,4.816439,1.512289,0.983574,4.803144,75.70749872168552,-34.685476230441076
65.99,63.61,1.530143,0.983612,4.86624,1.526518,0.986646,4.853062,74.61950458193921,-39.928170216681195
66.0,63.62,1.54494,0.984484,4.915919,1.541336,0.98803,4.902917,74.50725828936721,-44.53523324143454
66.01,63.63,1.560386,0.984789,4.965,1.556375,0.988852,4.951961,72.90128526494512,-45.3690041295153
66.02,63.64,1.57535,0.986839,5.013262,1.571104,0.990725,5.000111,72.10653845211803,-42.46519651979831
66.03,63.65,1.590032,0.990745,5.060271,1.585991,0.99444,5.047172,72.85517138878684,-42.43909816297661
66.04,63.66,1.604778,0.996325,5.106724,1.60042,0.999396,5.093583,71.6527333732497,-35.17162744436136
66.05,63.67,1.619369,1.003715,5.152568,1.61498,1.006144,5.139322,71.66762696391294,-28.961415057618282
66.06,63.68,1.63428,1.013091,5.198499,1.629831,1.014802,5.185308,71.36201396408939,-21.035785040981573
66.07,63.69,1.648572,1.02139,5.245337,1.644219,1.023329,5.232371,71.4418517300707,-24.010100141277068
66.08,63.7,1.662564,1.027228,5.292763,1.659457,1.030133,5.2801,76.21421547705086,-43.07561624838781
66.09,63.71,1.679604,1.032623,5.34105,1.675073,1.034888,5.327814,71.10269557928427,-26.559992840415834
66.1,63.72,1.693745,1.036863,5.388118,1.689582,1.039257,5.375335,71.9612849613641,-29.901746174228286
66.11,63.73,1.70955,1.041983,5.434546,1.704626,1.044366,5.421988,68.58982189336399,-25.82494573546089
66.12,63.74,1.725476,1.048766,5.479229,1.720831,1.050821,5.466632,69.75912309232065,-23.86513492016972
66.13,63.75,1.741958,1.056959,5.523113,1.737277,1.05875,5.5105,69.63884950046787,-20.937378118248546
66.14,63.76,1.759037,1.066866,5.56591,1.754154,1.06823,5.553239,68.92492552544759,-15.606986984663635
66.15,63.77,1.777121,1.079045,5.607818,1.771968,1.080111,5.595322,67.59012222906561,-11.687898478488158
66.16,63.78,1.795705,1.091433,5.650582,1.790438,1.092582,5.638485,66.4718255364502,-12.306316615139593
66.17,63.79,1.814712,1.101967,5.694636,1.809127,1.103753,5.682079,66.02184869219512,-17.733503800613185
66.18,63.8,1.832929,1.111914,5.737587,1.827597,1.112513,5.72563,65.96641401192889,-6.409766927125263
66.19,63.81,1.850868,1.120492,5.780113,1.845448,1.119884,5.7682,65.53611852193514,6.400517724562615
66.2,63.82,1.868521,1.12829,5.82129,1.86444,1.12854,5.810537,69.21714474439513,-3.5055298136506994
66.21,63.83,1.890644,1.138241,5.864504,1.883462,1.138683,5.852325,59.471994624788366,-3.521697918210064
66.22,63.84,1.910829,1.149118,5.904222,1.903608,1.149402,5.891915,59.59817833433798,-2.252266883358758
66.23,63.85,1.932494,1.161951,5.942151,1.92549,1.161982,5.929991,60.0586235530062,-0.25359188560144513
66.24,63.86,1.956031,1.17613,5.97887,1.947526,1.175488,5.966796,54.83889775336141,4.316785846915461
66.25,63.87,1.975735,1.188039,6.01659,1.97071,1.189801,6.004472,67.47756476119902,-19.323052451852725
66.26,63.88,2.003522,1.200512,6.054991,1.996018,1.201963,6.043356,57.17998361501,-10.94385372410471
66.27,63.89,2.028005,1.210724,6.092796,2.019014,1.212341,6.081253,52.084489201398206,-10.195455335172413
66.28,63.9,2.05157,1.220979,6.129466,2.041902,1.221486,6.118236,49.27456707015526,-3.0019006249994895
66.29,63.91,2.075125,1.232044,6.165248,2.065225,1.232368,6.154198,48.141961136936196,-1.8744655626044626
66.3,63.92,2.09921,1.244611,6.200223,2.089831,1.244268,6.188914,50.3297427438539,2.0944341672133397
66.31,63.93,2.123525,1.258202,6.232817,2.114594,1.257944,6.221583,51.51539430387526,1.6547084429350545
66.32,63.94,2.150103,1.273381,6.263601,2.140445,1.272112,6.25278,48.25032937354668,7.4854220607852655
66.33,63.95,2.177263,1.287596,6.295297,2.167631,1.287041,6.284265,48.875904788179625,3.2977611390562833
66.34,63.96,2.204354,1.300654,6.327147,2.194029,1.300849,6.316516,45.83657485216314,-1.0819708378515576
66.35,63.97,2.231076,1.312804,6.357621,2.219954,1.311924,6.348163,40.37739435664029,4.523958189754722
66.36,63.98,2.258725,1.324049,6.388908,2.247359,1.323037,6.379504,39.603672135530445,5.088054663446134
66.37,63.99,2.285692,1.335512,6.419918,2.27453,1.334614,6.410196,41.05556702352427,4.599626691825687
66.38,64.0,2.312625,1.348352,6.449018,2.302172,1.347322,6.439138,43.385786900681836,5.627547967674374
66.39,64.01,2.34026,1.36233,6.475955,2.329424,1.361334,6.466088,42.32023757605229,5.251633141436411
66.4,64.02,2.36867,1.377337,6.500638,2.357811,1.376027,6.491144,41.16313091562266,6.878764656625144
66.41,64.03,2.397907,1.391764,6.525796,2.386714,1.39113,6.516425,39.93673308546298,3.2419146034197026
66.42,64.04,2.427866,1.404792,6.551413,2.417319,1.405324,6.542083,41.496351140869514,-2.887602449153967
66.43,64.05,2.457968,1.416702,6.57592,2.446011,1.417187,6.567723,34.43219081153497,-2.3227589018887507
66.44,64.06,2.486865,1.427222,6.600772,2.475424,1.427662,6.592411,36.159064353863634,-2.20240583338195
66.45,64.07,2.516394,1.438144,6.625412,2.505729,1.438732,6.616587,39.60683982320386,-3.1557285096116687
66.46,64.08,2.545609,1.450064,6.648312,2.534388,1.450159,6.639911,36.82166544596784,-0.48506986986174705
66.47,64.09,2.575305,1.463086,6.669445,2.563764,1.462464,6.66132,35.14599693507988,3.084960539007721
66.48,64.1,2.605688,1.477267,6.688734,2.593031,1.475712,6.680971,31.522308822761588,7.004084097573335
66.49,64.11,2.635591,1.490936,6.706726,2.622878,1.489507,6.699504,29.600036957218535,6.413390395449678
66.5,64.12,2.667253,1.503889,6.725313,2.652965,1.503245,6.718927,24.08218336242143,2.5807338540052394
66.51,64.13,2.698691,1.514969,6.744089,2.685757,1.515181,6.7383,24.112335722557336,-0.9390457435152553
66.52,64.14,2.731054,1.524882,6.76326,2.71761,1.525231,6.75686,25.456727469183868,-1.4870378654353698
66.53,64.15,2.762617,1.533864,6.781755,2.748641,1.534587,6.775189,25.164390522873962,-2.9613590972608494
66.54,64.16,2.790391,1.541943,6.799491,2.780315,1.543584,6.792667,34.10793434085088,-9.250106335656582
66.55,64.17,2.82412,1.553845,6.814717,2.810797,1.554031,6.808895,23.604782620413495,-0.7998440819423482
66.56,64.18,2.854299,1.565498,6.82872,2.841006,1.565496,6.823313,22.134300899646327,0.008620443704566301
66.57,64.19,2.883515,1.577264,6.84128,2.870739,1.577448,6.836153,21.865557484740222,-0.825116987005831
66.58,64.2,2.913934,1.588084,6.853183,2.902269,1.589413,6.848962,19.89274279604731,-6.499714545481928
66.59,64.21,2.94734,1.597795,6.866511,2.934034,1.600078,6.862163,18.095832595049043,-9.735824990256848
66.6,64.22,2.979741,1.606474,6.879433,2.967168,1.609049,6.874702,20.62044098219117,-11.574345716313795
66.61,64.23,3.01198,1.614978,6.890927,2.999021,1.617028,6.886384,19.318991335439936,-8.989199801941213
66.62,64.24,3.043154,1.623417,6.901402,3.031214,1.625379,6.896842,20.902334175927876,-9.331542144418043
66.63,64.25,3.073231,1.632663,6.91063,3.061871,1.634389,6.906445,20.223690773502494,-8.639253129670525
66.64,64.26,3.102883,1.64302,6.918278,3.089571,1.643957,6.915416,12.133551057850065,-4.026273050491756
66.65,64.27,3.132841,1.653203,6.924693,3.119148,1.654167,6.922569,8.817209407703825,-4.027032158762478
66.66,64.28,3.164405,1.662124,6.931418,3.148696,1.664414,6.929547,6.792142769459393,-8.293945593012596
66.67,64.29,3.198719,1.669347,6.938799,3.177709,1.673336,6.933114,15.14083436301846,-10.750333936672478
66.68,64.3,3.230924,1.675827,6.944705,3.205325,1.680874,6.936264,18.249426170120312,-11.153172866497135
66.69,64.31,3.221336,1.681052,6.948154,3.233403,1.687353,6.940046,146.10224888988006,-152.42788178422177
66.7,64.32,3.251649,1.688817,6.953312,3.262033,1.695032,6.942919,134.97518111453115,-149.0987641690032
66.71,64.33,3.281947,1.697114,6.955593,3.290502,1.703298,6.946087,131.98588046176886,-144.1386349419956
66.72,64.34,3.311472,1.705497,6.956566,3.319153,1.712104,6.947858,131.4143068058647,-139.2987235268934
66.73,64.35,3.34065,1.713122,6.957483,3.347821,1.720198,6.947394,125.4042293084852,-135.38204663321662
66.74,64.36,3.370999,1.720196,6.959142,3.375901,1.726915,6.945683,110.01249650624843,-126.11347526519292
66.75,64.37,3.405116,1.726862,6.95958,3.406829,1.732754,6.9458,97.0861207536607,-106.21090164226256
66.76,64.38,3.44427,1.732837,6.957867,3.441656,1.73735,6.948209,74.85537442340504,-59.919908082924685
66.77,64.39,3.48471,1.73831,6.954434,3.477692,1.741474,6.950871,26.91665447904756,-24.267789508064364
66.78,64.4,3.522687,1.74347,6.949716,3.512245,1.745896,6.951744,-10.990909895814358,-13.079544470912698
66.79,64.41,3.554449,1.748504,6.944143,3.542623,1.751387,6.948787,-21.439641416235467,-13.70060343186009
66.8,64.42,3.581853,1.753538,6.938287,3.570016,1.757669,6.943234,-22.68135914452238,-19.238499722731216
66.81,64.43,3.610381,1.757436,6.93286,3.598797,1.762003,6.938381,-25.482733261546578,-21.51687257982689
66.82,64.44,3.638672,1.76018,6.926715,3.627819,1.764734,6.9328,-29.27823639427477,-22.76328571402596
66.83,64.45,3.667165,1.762842,6.920421,3.655823,1.767278,6.926291,-27.36361682936189,-21.361098053280813
66.84,64.46,3.695214,1.766032,6.913517,3.683527,1.770206,6.919314,-26.38238724914075,-19.654134624483078
66.85,64.47,3.722727,1.769987,6.905372,3.709558,1.773678,6.910896,-22.756585958493186,-15.657092347778269
66.86,64.48,3.747134,1.774838,6.894866,3.735411,1.778375,6.901103,-28.014364002898667,-16.78932833997369
66.87,64.49,3.771022,1.778242,6.883245,3.761345,1.782398,6.890507,-36.885998882764525,-23.242165786085568
66.88,64.5,3.796969,1.779508,6.872078,3.787768,1.784382,6.880022,-40.806814401048605,-27.911288661699846
66.89,64.51,3.822776,1.779666,6.860438,3.814501,1.784494,6.868691,-44.92373509167028,-30.261172494216474
66.9,64.52,3.85016,1.779529,6.848909,3.839546,1.784482,6.856006,-33.76847642023595,-25.016006917072904
66.91,64.53,3.874717,1.780088,6.836015,3.86483,1.784737,6.843446,-36.92826722040925,-25.18353892091166
66.92,64.54,3.897545,1.781623,6.821759,3.889283,1.785679,6.830053,-45.110743093817575,-26.147450849458206
66.93,64.55,3.920357,1.783647,6.806596,3.912334,1.787722,6.815406,-47.67682328878377,-26.926686650968467
66.94,64.56,3.941644,1.784782,6.790521,3.934197,1.789633,6.799534,-50.43474687854549,-33.08035172837371
66.95,64.57,3.964394,1.784157,6.773946,3.956656,1.789772,6.78316,-49.976158004737364,-35.966128900268046
66.96,64.58,3.988255,1.782419,6.757268,3.980089,1.787732,6.766278,-47.813156330875074,-33.0490157733762
66.97,64.59,4.011549,1.779376,6.740397,4.0037,1.784792,6.749397,-48.90795564279389,-34.606615147749515
66.98,64.6,4.033315,1.776853,6.722442,4.025735,1.782321,6.73171,-50.72136757759799,-35.805626250228556
66.99,64.61,4.053176,1.775277,6.703983,4.045492,1.780187,6.713264,-50.37769002628072,-32.57817538730355
67.0,64.62,4.070915,1.775211,6.684098,4.06462,1.779599,6.694118,-57.86117409259675,-34.87885527823531
67.01,64.63,4.089849,1.775085,6.663653,4.083272,1.779804,6.673979,-57.50547661776534,-35.65945397314027
67.02,64.64,4.10889,1.773146,6.642511,4.102627,1.778351,6.652561,-58.06949643249027,-39.729000201596634
67.03,64.65,4.129123,1.769288,6.620792,4.121994,1.774823,6.630568,-53.899165171283734,-37.825987213883195
67.04,64.66,4.147309,1.764559,6.59869,4.140791,1.770158,6.608833,-57.274767310510335,-40.66277077968933
67.05,64.67,4.164762,1.760237,6.576246,4.158214,1.765826,6.586682,-57.89405301194797,-40.48218427583787
67.06,64.68,4.180518,1.757663,6.553539,4.173826,1.762382,6.564293,-58.10681840598022,-35.1903560216744
67.07,64.69,4.194354,1.756637,6.530453,4.188838,1.761046,6.542012,-64.48934105471007,-38.63573226889181
67.08,64.7,4.208313,1.755142,6.505516,4.203109,1.760195,6.517106,-65.81954945477798,-44.156572314399824
67.09,64.71,4.221544,1.750937,6.479583,4.215361,1.757158,6.490362,-60.160755324588465,-45.175526669643325
67.1,64.72,4.237607,1.745587,6.453843,4.234455,1.751312,6.464803,-73.9552282080507,-61.16424027525618
67.11,64.73,4.250087,1.73957,6.428164,4.245473,1.745221,6.439447,-67.758688232223,-50.768614439999105
67.12,64.74,4.262107,1.734066,6.401908,4.257302,1.739848,6.413413,-67.3324136190965,-50.27249249280785
67.13,64.75,4.273345,1.730004,6.376005,4.268198,1.73462,6.388052,-66.86572866656478,-41.88680607849808
67.14,64.76,4.282227,1.726908,6.348284,4.277819,1.731554,6.360288,-69.83621308654662,-46.505771586726546
67.15,64.77,4.29221,1.724054,6.319886,4.286312,1.729544,6.331357,-62.78930596032261,-42.94813103836848
67.16,64.78,4.300447,1.720244,6.291083,4.296017,1.726334,6.302359,-68.55163484016623,-53.96703296271011
67.17,64.79,4.309372,1.714809,6.262081,4.305465,1.721124,6.273745,-71.4810938235532,-58.25551504813831
67.18,64.8,4.317075,1.708287,6.233365,4.314685,1.714028,6.245704,-79.03785225715154,-67.39785349586357
67.19,64.81,4.325435,1.701009,6.20393,4.321596,1.707021,6.215967,-72.31078641937484,-57.43948045472676
67.2,64.82,4.332214,1.694714,6.174367,4.328721,1.700471,6.186412,-73.82806037428989,-58.753152321458174
67.21,64.83,4.337532,1.689866,6.144643,4.333818,1.695317,6.15693,-73.18147167660356,-55.73171792188073
67.22,64.84,4.341621,1.686411,6.114336,4.337945,1.691757,6.126735,-73.4861989529717,-55.48692871752303
67.23,64.85,4.344363,1.682455,6.083308,4.341857,1.687849,6.095784,-78.6423843373184,-65.08087682230031
67.24,64.86,4.348379,1.675794,6.05161,4.345385,1.682313,6.063644,-76.0287507387296,-65.33196360552913
67.25,64.87,4.351485,1.667412,6.01986,4.349276,1.674397,6.031509,-79.26249448531286,-72.45048789611897
67.26,64.88,4.354845,1.658021,5.988221,4.35304,1.665255,5.99988,-81.19956115606306,-75.98985005075255
67.27,64.89,4.357763,1.648156,5.956515,4.356655,1.655718,5.968275,-84.61761308214513,-81.66421810994058
67.28,64.9,4.35999,1.640394,5.925224,4.356917,1.647333,5.93701,-75.38644838329543,-66.11340146138004
67.29,64.91,4.359581,1.633616,5.893843,4.358304,1.639647,5.906181,-84.09084859731851,-78.04480637658718
67.3,64.92,4.359885,1.627119,5.86152,4.358681,1.633511,5.873724,-84.36564994365371,-79.33272631656267
67.31,64.93,4.360492,1.620388,5.828975,4.359111,1.627062,5.841018,-83.45832804372971,-78.30921143171675
67.32,64.94,4.360814,1.611691,5.796097,4.356901,1.619508,5.807675,-71.32636338401781,-63.408568202915696
67.33,64.95,4.359344,1.601161,5.763575,4.35838,1.609712,5.774565,-84.98706777614795,-83.5678974409061
67.34,64.96,4.35841,1.589962,5.731155,4.35906,1.597443,5.744013,-92.89396334980142,-94.96577477601731
67.35,64.97,4.357692,1.578587,5.698787,4.359225,1.58548,5.711595,-96.82530943646181,-102.53848857744882
67.36,64.98,4.355533,1.567983,5.666259,4.356715,1.574924,5.678115,-95.69336736876096,-99.66433086726204
67.37,64.99,4.351719,1.558328,5.633521,4.352044,1.565468,5.645442,-91.56165732281151,-92.6062022253359
67.38,65.0,4.349009,1.549773,5.600683,4.34733,1.556696,5.612754,-82.08132513360422,-76.36755721966686
67.39,65.01,4.34473,1.542457,5.566586,4.342111,1.54874,5.57869,-77.79085379754521,-67.37171786684016
67.4,65.02,4.340453,1.534081,5.532086,4.341199,1.540952,5.54419,-93.52682206306535,-96.19646052414068
67.41,65.03,4.336159,1.524255,5.497187,4.336138,1.531919,5.508812,-89.89649805926945,-89.84300517242384
67.42,65.04,4.332021,1.512432,5.462483,4.333127,1.520447,5.473684,-95.63917352641744,-97.8566998775878
67.43,65.05,4.328127,1.498773,5.428083,4.326801,1.506891,5.439617,-83.44181372133502,-80.72318932105391
67.44,65.06,4.322476,1.484663,5.393604,4.321367,1.492818,5.405073,-84.4769302685671,-82.25584131482339
67.45,65.07,4.316079,1.471323,5.358882,4.316609,1.479234,5.370333,-92.64999623028264,-93.83282172233784
67.46,65.08,4.310688,1.459205,5.323997,4.311636,1.466653,5.335872,-94.56433268219871,-97.25374516841104
67.47,65.09,4.304024,1.448491,5.288726,4.305628,1.455976,5.300364,-97.8473158024118,-102.09527983917988
67.48,65.1,4.297211,1.438759,5.253372,4.29902,1.445917,5.265248,-98.66094715516763,-104.18305405303718
67.49,65.11,4.289968,1.430333,5.21752,4.291719,1.436786,5.229853,-98.0806657137239,-105.18146605470734
67.5,65.12,4.28254,1.421252,5.180959,4.284878,1.427803,5.193034,-100.95819363201798,-109.64107984209359
67.51,65.13,4.275384,1.410215,5.144177,4.278441,1.416844,5.15604,-104.45028048111816,-114.75705045448872
67.52,65.14,4.267988,1.3969,5.107107,4.270566,1.40363,5.118967,-102.26357032999543,-110.95988379643116
67.53,65.15,4.260654,1.382776,5.069804,4.263,1.389984,5.081553,-101.29211283159177,-108.02860258961404
67.54,65.16,4.251863,1.367039,5.03362,4.255713,1.375608,5.044427,-109.60847067590417,-114.19409590513011
67.55,65.17,4.244219,1.354055,4.996863,4.246209,1.361894,5.008287,-99.88146892917513,-104.24414723130448
67.56,65.18,4.235399,1.342973,4.959712,4.236341,1.350416,4.97156,-94.54585808596426,-97.21311116912251
67.57,65.19,4.226005,1.333969,4.922009,4.227375,1.340915,4.934162,-96.4317639270004,-101.1575673253409
67.58,65.2,4.216294,1.326657,4.883799,4.217851,1.332581,4.89638,-97.05494180393285,-104.72594669753114
67.59,65.21,4.206062,1.318674,4.844806,4.20926,1.3243,4.857231,-104.43374835865177,-119.61529777918899
67.6,65.22,4.195236,1.307998,4.805023,4.199151,1.31428,4.816866,-108.29259574415622,-121.93153896553599
67.61,65.23,4.184509,1.295012,4.765387,4.188215,1.301922,4.776891,-107.85628382418592,-118.20573469371332
67.62,65.24,4.174409,1.282007,4.725567,4.176977,1.288186,4.736886,-102.78260439407003,-112.56783058310411
67.63,65.25,4.162177,1.267176,4.68687,4.166231,1.275117,4.697835,-110.29045426315515,-117.04499556815716
67.64,65.26,4.150982,1.255572,4.647717,4.154,1.263076,4.659105,-104.8430732537539,-111.90927633292553
67.65,65.27,4.139282,1.245931,4.608328,4.14167,1.252839,4.620317,-101.26489224464537,-109.0695594037766
67.66,65.28,4.127275,1.237937,4.568634,4.129858,1.244264,4.580947,-101.8476116963078,-112.20775571965751
67.67,65.29,4.114865,1.231648,4.528198,4.117221,1.237114,4.540996,-100.43086626310689,-113.3174035635984
67.68,65.3,4.102589,1.225019,4.486844,4.105177,1.230247,4.499702,-101.38018355159045,-116.33664234912706
67.69,65.31,4.088382,1.216394,4.44525,4.092227,1.22205,4.457527,-107.38989144894987,-124.20822027603992
67.7,65.32,4.074641,1.205201,4.402971,4.079145,1.211728,4.414984,-110.55238635175348,-124.60787585952401
67.71,65.33,4.065756,1.191143,4.362252,4.066136,1.198678,4.373783,-91.88747894173552,-92.88705591077134
67.72,65.34,4.046096,1.180633,4.320084,4.050676,1.187996,4.331368,-112.09146798426929,-121.88281284331741
67.73,65.35,4.034868,1.169874,4.278837,4.036331,1.177694,4.290411,-97.2042088064348,-100.59665007670814
67.74,65.36,4.019072,1.162106,4.236645,4.023634,1.167901,4.249712,-109.24530740551371,-128.21089554998434
67.75,65.37,4.004168,1.155698,4.19561,4.011867,1.159902,4.20869,-120.48143117159843,-151.36347618531522
67.76,65.38,3.988827,1.151488,4.154139,4.000371,1.153043,4.16918,-127.5063166356289,-172.32832088192202
67.77,65.39,3.972819,1.147756,4.112086,3.990525,1.147242,4.128746,-136.74337684185772,178.33718727539735
67.78,65.4,3.957454,1.141974,4.067656,3.982055,1.141359,4.085875,-143.47710477949153,178.56796200452018
67.79,65.41,3.940915,1.133797,4.023678,3.945873,1.139812,4.0354,-112.92667877802802,-129.49782569593629
67.8,65.42,3.924506,1.124184,3.980119,3.929271,1.130374,3.991971,-111.90219131759305,-127.5887162090651
67.81,65.43,3.908644,1.114312,3.936895,3.912172,1.121454,3.948107,-107.46685267290279,-116.288417517193
67.82,65.44,3.89209,1.106244,3.893614,3.895916,1.112568,3.905407,-107.97460493342668,-121.17380555075462
67.83,65.45,3.875531,1.100163,3.851521,3.884805,1.103758,3.863694,-127.30196286421855,-158.81153355376435
67.84,65.46,3.858816,1.096438,3.809166,3.867051,1.098918,3.822019,-122.64794881263433,-163.2401354628241
67.85,65.47,3.841645,1.093154,3.765846,3.847111,1.096375,3.778471,-113.41022295551403,-149.490040466374
67.86,65.48,3.824534,1.09143,3.721803,3.829165,1.094978,3.734435,-110.13337134121484,-142.54278618429177
67.87,65.49,3.807385,1.089408,3.676948,3.812133,1.093593,3.688761,-111.89667812078002,-138.60628177986752
67.88,65.5,3.789772,1.085471,3.632028,3.795212,1.090636,3.643361,-115.64166325353763,-136.48541340278672
67.89,65.51,3.771454,1.079993,3.587625,3.777143,1.085414,3.598677,-117.23707534077572,-136.381844427168
67.9,65.52,3.753452,1.073148,3.543219,3.759057,1.078891,3.554087,-117.28170874956625,-134.3032756569487
67.91,65.53,3.73508,1.067033,3.498769,3.740404,1.072536,3.51002,-115.32362415263788,-134.0528299379692
67.92,65.54,3.717209,1.06236,3.455046,3.721644,1.067179,3.466884,-110.53800916296673,-132.6238421957893
67.93,65.55,3.699437,1.058863,3.41128,3.70492,1.064607,3.422217,-116.62578798972189,-133.6682546237274
67.94,65.56,3.681279,1.05698,3.367445,3.686013,1.061376,3.379182,-111.96618494487608,-137.12016795843988
67.95,65.57,3.663098,1.056877,3.322952,3.667377,1.060941,3.335267,-109.16041938763243,-136.47619162916993
67.96,65.58,3.645213,1.058627,3.278069,3.64902,1.062469,3.290914,-106.50876558351659,-134.7378300055715
67.97,65.59,3.627141,1.059581,3.232461,3.631147,1.064116,3.245449,-107.14177989782723,-131.45582493220974
67.98,65.6,3.607947,1.058777,3.187085,3.612833,1.063546,3.199606,-111.3169436838195,-135.69428048633472
67.99,65.61,3.588691,1.056261,3.142012,3.594102,1.060793,3.154447,-113.51591705742462,-140.05203683080052
68.0,65.62,3.569793,1.052759,3.096995,3.575207,1.056657,3.109857,-112.82767943642678,-144.24667033073342
68.01,65.63,3.551106,1.048481,3.051907,3.557854,1.052906,3.063635,-119.91505379965865,-146.74514673607632
68.02,65.64,3.532362,1.045272,3.006826,3.540045,1.048332,3.01828,-123.85252495965032,-158.28350167743966
68.03,65.65,3.512877,1.043883,2.961453,3.522395,1.046034,2.973043,-129.39370209734372,-167.26548270407753
68.04,65.66,3.494045,1.043681,2.918033,3.49785,1.048102,2.93078,-106.62044892141283,-130.71742666082278
68.05,65.67,3.474931,1.045137,2.874316,3.478489,1.050381,2.887859,-104.72002863806426,-124.15648820081019
68.06,65.68,3.455711,1.049418,2.830516,3.459042,1.053375,2.843215,-104.69780370215047,-130.09065059437964
68.07,65.69,3.435685,1.053512,2.785155,3.439866,1.057458,2.797794,-108.30429213379384,-136.65630089355733
68.08,65.7,3.415202,1.05576,2.739317,3.420456,1.060036,2.751882,-112.69203073214092,-140.8593697290903
68.09,65.71,3.395123,1.05654,2.69367,3.400686,1.060869,2.705985,-114.30990928898004,-142.11075834757509
68.1,65.72,3.374347,1.055488,2.648382,3.380172,1.060053,2.660424,-115.81415145934095,-141.91452083173408
68.11,65.73,3.35451,1.053605,2.604057,3.359712,1.058771,2.61554,-114.37135852424763,-135.19894287936145
68.12,65.74,3.334704,1.053887,2.559568,3.339492,1.058443,2.571315,-112.17548620274417,-136.4222913491601
68.13,65.75,3.313921,1.056049,2.515507,3.319219,1.060433,2.527729,-113.43579666763483,-140.39285320922693
68.14,65.76,3.29318,1.059387,2.472111,3.29923,1.063055,2.484368,-116.2707389710204,-148.77236308937097
68.15,65.77,3.273248,1.065395,2.429981,3.278387,1.067811,2.442791,-111.85922325781087,-154.82035737047818
68.16,65.78,3.253183,1.073426,2.387294,3.258419,1.07416,2.400588,-111.49759025967829,-172.02008684853274
68.17,65.79,3.232481,1.081199,2.343169,3.237056,1.082998,2.355925,-109.7306131377481,-158.53405473547355
68.18,65.8,3.209236,1.086877,2.299246,3.215384,1.089792,2.310576,-118.48559381534912,-154.63259553752897
68.19,65.81,3.18731,1.091381,2.255042,3.19316,1.094062,2.267345,-115.43079711779822,-155.37845871523908
68.2,65.82,3.164693,1.095202,2.212248,3.170481,1.097454,2.224849,-114.67067323362319,-158.7399410565477
68.21,65.83,3.14344,1.100224,2.16954,3.148889,1.101802,2.181898,-113.79407127721802,-163.8492785689654
68.22,65.84,3.121542,1.106562,2.126965,3.127676,1.108754,2.139417,-116.22539334046367,-160.33552572901715
68.23,65.85,3.099757,1.114419,2.08581,3.106248,1.11594,2.09815,-117.74495206423556,-166.812134847566
68.24,65.86,3.077345,1.122931,2.045264,3.083734,1.124344,2.057464,-117.64053498576769,-167.52912723472252
68.25,65.87,3.054075,1.133001,2.00468,3.060843,1.134307,2.017041,-118.70196203083593,-169.07805441183157
68.26,65.88,3.031105,1.143472,1.963726,3.037174,1.145005,1.976211,-115.92454061686199,-165.82389729924753
68.27,65.89,3.008365,1.152911,1.922792,3.014146,1.15437,1.93522,-114.94593257769147,-165.835567840083
68.28,65.9,2.984838,1.160716,1.88154,2.990934,1.162259,1.894102,-115.88604906368782,-165.79580548602263
68.29,65.91,2.962052,1.167114,1.839617,2.967971,1.168955,1.852221,-115.15535185673284,-162.72262039546683
68.3,65.92,2.939355,1.172762,1.798045,2.94495,1.174921,1.810507,-114.1784043494458,-158.8993833887558
68.31,65.93,2.916115,1.17802,1.757638,2.921955,1.180875,1.769931,-115.41085536374756,-153.94738451168303
68.32,65.94,2.892375,1.184787,1.718373,2.898592,1.187372,1.730183,-117.76313929915406,-157.42268352142324
68.33,65.95,2.868627,1.193271,1.679632,2.874477,1.195373,1.691596,-116.05710270800941,-160.23581303598186
68.34,65.96,2.844752,1.202929,1.641976,2.850988,1.204458,1.65418,-117.06612406060215,-166.22347195726232
68.35,65.97,2.820395,1.214431,1.605276,2.827123,1.215099,1.617678,-118.47952774317281,-174.32988188691908
68.36,65.98,2.795905,1.226743,1.568959,2.802793,1.226937,1.58087,-120.04032158232718,-178.38669519693133
68.37,65.99,2.770615,1.237519,1.531571,2.778036,1.238116,1.543088,-122.79578172265315,-175.4006097230936
68.38,66.0,2.746078,1.246319,1.493319,2.75255,1.247911,1.504868,-119.26604529368458,-166.18059541928375
68.39,66.01,2.722812,1.254494,1.455861,2.726466,1.255769,1.467023,-108.12641233562393,-160.7644513047964
68.4,66.02,2.694014,1.260305,1.417718,2.700764,1.262753,1.429257,-120.32646880005564,-160.06597959118193
68.41,66.03,2.668193,1.267927,1.381332,2.675735,1.270233,1.39266,-123.65503709532786,-162.99875501270648
68.42,66.04,2.643305,1.277762,1.345615,2.650889,1.279539,1.357251,-123.09511716037322,-166.8129700572043
68.43,66.05,2.617246,1.288172,1.312099,2.625372,1.289326,1.323912,-124.52354698893429,-171.9172854187708
68.44,66.06,2.591719,1.300474,1.279391,2.599455,1.300607,1.291368,-122.85860533371168,-179.01504808558647
68.45,66.07,2.565348,1.314126,1.24707,2.573445,1.313409,1.258963,-124.24784237239285,174.93958262835903
68.46,66.08,2.537704,1.326229,1.213904,2.54614,1.326553,1.225074,-127.06146137746533,-177.80053189993623
68.47,66.09,2.509954,1.336654,1.179632,2.518143,1.338415,1.191111,-125.50366819873676,-167.86367889807988
68.48,66.1,2.481885,1.345668,1.145682,2.490343,1.347803,1.15732,-126.00804855551101,-165.8331299638331
68.49,66.11,2.454895,1.354035,1.112186,2.462839,1.35608,1.124054,-123.79688777884084,-165.56395804867947
68.5,66.12,2.426977,1.363179,1.080166,2.435481,1.364624,1.091231,-127.54406011957467,-170.35640756258624
68.51,66.13,2.399851,1.373386,1.049116,2.408394,1.37412,1.060487,-126.91743396431777,-175.08930408911283
68.52,66.14,2.372285,1.384956,1.019596,2.381198,1.384998,1.03056,-129.10880768054986,-179.7300117885963
68.53,66.15,2.344805,1.398017,0.991762,2.354094,1.397181,1.002541,-130.75371965569138,174.85729662783837
68.54,66.16,2.316759,1.41201,0.964603,2.326494,1.409911,0.974876,-133.45973093663213,167.83251167454563
68.55,66.17,2.287155,1.425007,0.935227,2.296919,1.424744,0.945799,-132.72469259563263,178.45707217264822
68.56,66.18,2.256974,1.436178,0.905791,2.266933,1.437305,0.91656,-132.7621584490351,-173.5436486980555
68.57,66.19,2.227874,1.445952,0.877005,2.237089,1.446791,0.887843,-130.37282218581336,-174.79772266257382
68.58,66.2,2.197613,1.45522,0.848934,2.207533,1.45603,0.859813,-132.36007672163018,-175.33197070197932
68.59,66.21,2.168168,1.465151,0.821456,2.17781,1.465635,0.832496,-131.13297363439042,-177.12633264609565
68.6,66.22,2.13942,1.477235,0.796165,2.149301,1.476464,0.806572,-133.51484473558995,175.5383342242146
68.61,66.23,2.111327,1.490438,0.771983,2.12136,1.488475,0.781737,-135.80782651361324,168.92967785283506
68.62,66.24,2.082358,1.504829,0.747911,2.092408,1.502997,0.757923,-135.10852542207687,169.66906758442454
68.63,66.25,2.052572,1.519131,0.723768,2.062547,1.517861,0.734034,-134.17632907194067,172.74423613893651
68.64,66.26,2.022005,1.532122,0.698987,2.032217,1.531792,0.709265,-134.81544615081992,178.1491353398078
68.65,66.27,1.991266,1.543426,0.67486,2.001997,1.543361,0.68482,-137.13400112809492,179.65295125130766
68.66,66.28,1.960642,1.553606,0.651313,1.971448,1.553464,0.66115,-137.68753989564075,179.24712822264613
68.67,66.29,1.930259,1.564479,0.628478,1.941648,1.563607,0.637842,-140.57306493847645,175.6216847381765
68.68,66.3,1.900618,1.575655,0.606514,1.912206,1.574556,0.615571,-141.9893717289148,174.58230197779014
68.69,66.31,1.871194,1.588354,0.585458,1.882549,1.586887,0.594779,-140.618390462623,172.63849489045674
68.7,66.32,1.842389,1.602816,0.565473,1.853779,1.601293,0.57487,-140.47662045006857,172.38394023600642
68.71,66.33,1.813782,1.61786,0.546077,1.824723,1.616311,0.555362,-139.68064108606626,171.94175931585548
68.72,66.34,1.783607,1.631423,0.526424,1.79524,1.630504,0.535142,-143.15138548950117,175.48304892882624
68.73,66.35,1.753519,1.643487,0.50626,1.765387,1.643004,0.514655,-144.7257734482389,177.66948113202102
68.74,66.36,1.723915,1.654728,0.487097,1.735487,1.654069,0.4949,-146.00821073760625,176.7406514891396
68.75,66.37,1.694154,1.666066,0.468242,1.705901,1.665478,0.475521,-148.21567541763793,177.13443232554687
68.76,66.38,1.664665,1.678885,0.450513,1.676726,1.677596,0.458231,-147.38426197515957,173.89976077042695
68.77,66.39,1.636488,1.693169,0.434606,1.64868,1.691212,0.442012,-148.7235162373227,170.88094946764153
68.78,66.4,1.608132,1.708195,0.420236,1.619501,1.706636,0.427994,-145.69107945107092,172.19188379873373
68.79,66.41,1.579012,1.722337,0.405929,1.591151,1.721255,0.41368,-147.44093549523637,174.9064475861157
68.8,66.42,1.549325,1.73517,0.391776,1.561969,1.73487,0.398693,-151.31878760493652,178.64081703183263
68.81,66.43,1.520546,1.747675,0.378579,1.533171,1.746962,0.384424,-155.1572648532978,176.76764023908316
68.82,66.44,1.491536,1.760368,0.365878,1.504549,1.758778,0.371403,-156.99511580295436,173.03381594426585
68.83,66.45,1.463094,1.773778,0.353678,1.475927,1.771477,0.359771,-154.60202720187317,169.83469293721612
68.84,66.46,1.436403,1.786599,0.343061,1.448967,1.785328,0.348908,-155.0438019746617,174.22349311098444
68.85,66.47,1.409885,1.799576,0.33367,1.421771,1.799073,0.339814,-152.66507593999248,177.57676330291173
68.86,66.48,1.380954,1.812898,0.325668,1.394337,1.812074,0.330992,-158.30644057010636,176.4767093597235
68.87,66.49,1.352505,1.824236,0.317084,1.3658,1.823816,0.322181,-159.02431477155685,178.19058089668957
68.88,66.5,1.325215,1.834731,0.307977,1.33722,1.835386,0.314099,-152.98050158595126,-176.87700435638618
68.89,66.51,1.296642,1.846309,0.301132,1.309663,1.846115,0.306033,-159.37406486690637,179.1464128047626
68.9,66.52,1.270217,1.857241,0.294598,1.282238,1.857457,0.300144,-155.23332310976687,-178.9705884117229
68.91,66.53,1.243208,1.868743,0.288192,1.256379,1.869432,0.295482,-151.0359665497329,-177.00547861017884
68.92,66.54,1.21777,1.880505,0.282548,1.231282,1.881653,0.291919,-145.25746636612035,-175.14372625986297
68.93,66.55,1.191443,1.890733,0.278313,1.205171,1.892781,0.289437,-140.98164201490636,-171.51495604662466
68.94,66.56,1.164523,1.900319,0.275544,1.178648,1.902165,0.288003,-138.58599526370207,-172.55419928520183
68.95,66.57,1.137725,1.908855,0.274465,1.151667,1.910603,0.286439,-139.34257215963092,-172.8537412635648
68.96,66.58,1.112051,1.917084,0.274871,1.125703,1.918626,0.285128,-143.08178490903435,-173.55572633200612
68.97,66.59,1.086954,1.925752,0.276093,1.100501,1.926751,0.285117,-146.33141021414593,-175.78245623725118
68.98,66.6,1.062796,1.933858,0.278095,1.076885,1.935046,0.286196,-150.10163300542985,-175.18015828043477
68.99,66.61,1.039076,1.941826,0.280179,1.052683,1.944391,0.288172,-149.56924684211037,-169.3246775450744
69.0,66.62,1.014396,1.94894,0.282739,1.028306,1.952177,0.291919,-146.576910376413,-166.8998374417595
69.01,66.63,0.989274,1.955067,0.286583,1.003607,1.9586,0.29672,-144.73017810175384,-166.15296888428153
69.02,66.64,0.964237,1.959251,0.291904,0.978474,1.96329,0.30008,-150.1321842243021,-164.16149809390296
69.03,66.65,0.941302,1.963297,0.307439,0.954246,1.966518,0.305015,169.39317357301945,-166.02626440353788
69.04,66.66,0.917843,1.967562,0.312713,0.930805,1.970598,0.309278,165.15748382551888,-166.81763886175278
69.05,66.67,0.895492,1.971293,0.319344,0.907944,1.975094,0.31432,158.02743584800976,-163.02507651644197
69.06,66.68,0.87307,1.975558,0.32676,0.885321,1.979028,0.321603,157.17157306223902,-164.18564053045213
69.07,66.69,0.85109,1.979243,0.335413,0.863737,1.982496,0.33015,157.40555279512176,-165.57534177083764
69.08,66.7,0.828879,1.980968,0.343209,0.841216,1.985159,0.339015,161.22438134187044,-161.23687157193942
69.09,66.71,0.806811,1.981112,0.352018,0.818638,1.986535,0.347347,158.44876691158234,-155.36726124390265
69.1,66.72,0.785349,1.980654,0.360824,0.79639,1.986539,0.355027,152.29859488052614,-151.94179020395407
69.11,66.73,0.764908,1.9793,0.370065,0.774491,1.986146,0.362581,142.0113630961138,-144.45836340339517
69.12,66.74,0.743355,1.978709,0.379865,0.752706,1.98507,0.372091,140.26139138910196,-145.77457853867196
69.13,66.75,0.721757,1.978366,0.390763,0.732042,1.984178,0.38315,143.4910003639765,-150.52943467198898
69.14,66.76,0.701072,1.978095,0.402022,0.711617,1.983835,0.395138,146.86264425468192,-151.43905307696403
69.15,66.77,0.681825,1.977405,0.415651,0.691463,1.984027,0.408237,142.43083338730526,-145.50813202814953
69.16,66.78,0.663509,1.97467,0.428683,0.671881,1.982265,0.42139,138.94029068809232,-137.7859791589482
69.17,66.79,0.643491,1.970724,0.442101,0.651997,1.978632,0.434514,138.2683586960135,-137.08649500532255
69.18,66.8,0.624019,1.966101,0.455597,0.632,1.974107,0.447966,136.2842790312409,-134.91040261961325
69.19,66.81,0.60412,1.960938,0.468922,0.612941,1.968941,0.461785,141.0239573951987,-137.7835870151401
69.2,66.82,0.585593,1.956488,0.484007,0.593373,1.963876,0.475634,132.8975332193068,-136.48041582231414
69.21,66.83,0.567789,1.952487,0.499651,0.576282,1.959564,0.491013,134.51504934687344,-140.19641965786468
69.22,66.84,0.55176,1.949276,0.515647,0.559575,1.956128,0.506855,131.63313484247595,-138.75651148225575
69.23,66.85,0.536905,1.944939,0.533195,0.543288,1.951939,0.523338,122.92548350166466,-132.36034661974517
69.24,66.86,0.519858,1.937776,0.551024,0.526326,1.945647,0.541733,124.84399834555327,-129.4116805151806
69.25,66.87,0.502614,1.929831,0.569105,0.50954,1.937674,0.560053,127.4208596256264,-131.44709394839376
69.26,66.88,0.486074,1.921148,0.587239,0.493358,1.929162,0.578377,129.41802853398582,-132.2679948033957
69.27,66.89,0.470214,1.912756,0.605772,0.477134,1.920748,0.596501,126.73815839464399,-130.8881708942077
69.28,66.9,0.455669,1.905225,0.625476,0.46237,1.91283,0.615832,124.79297045628165,-131.38427166618357
69.29,66.91,0.442899,1.898846,0.64572,0.448745,1.906537,0.635474,119.70752994343586,-127.2388004075988
69.3,66.92,0.43045,1.892362,0.666471,0.435074,1.900482,0.656125,114.08158763690155,-119.65970126909714
69.31,66.93,0.417051,1.883699,0.688529,0.421334,1.892363,0.678194,112.509949845938,-116.30523220042919
69.32,66.94,0.403112,1.873082,0.710131,0.408266,1.881868,0.700276,117.60881392211415,-120.39652832462238
69.33,66.95,0.390466,1.862005,0.732463,0.395547,1.870485,0.722351,116.67826142198875,-120.92896736363116
69.34,66.96,0.37848,1.850917,0.754691,0.383065,1.859261,0.744465,114.14988548689139,-118.78864688132303
69.35,66.97,0.367656,1.840581,0.777697,0.372289,1.848744,0.767459,114.34816863758071,-119.57755171739508
69.36,66.98,0.358464,1.831577,0.801552,0.362236,1.839758,0.790524,108.88266014940491,-114.75293032087936
69.37,66.99,0.349971,1.823293,0.825612,0.352923,1.831354,0.814658,105.0823681325206,-110.11311792038195
69.38,67.0,0.340676,1.812651,0.85087,0.343495,1.821338,0.840589,105.3333683944216,-107.97865551639242
69.39,67.01,0.331001,1.800145,0.876756,0.334694,1.809279,0.866699,110.16358450063926,-112.0141510555003
69.4,67.02,0.32181,1.7867,0.9024,0.325895,1.795676,0.892294,112.00931319118708,-114.47040024201401
69.41,67.03,0.313803,1.773585,0.928113,0.317278,1.782206,0.917544,108.20043838641462,-111.95364843834405
69.42,67.04,0.307058,1.761073,0.954409,0.310041,1.76974,0.944209,106.30161070931116,-108.99239086038456
69.43,67.05,0.301473,1.749897,0.981422,0.303962,1.758295,0.97047,102.80381382955834,-106.50877486037184
69.44,67.06,0.29704,1.740193,1.008644,0.296602,1.747929,0.997663,87.71584962341588,-86.75946392395609
69.45,67.07,0.293112,1.728783,1.036949,0.293976,1.73722,1.026047,94.53130633320127,-95.84705301559168
69.46,67.08,0.288396,1.714945,1.065954,0.289295,1.724144,1.055824,95.07150195498242,-95.5816780053439
69.47,67.09,0.283549,1.699864,1.095171,0.285027,1.709376,1.084913,98.19890354095963,-98.83214297477669
69.48,67.1,0.279981,1.684993,1.123977,0.281167,1.693918,1.113413,96.40566444545047,-97.56941164570179
69.49,67.11,0.277073,1.670416,1.153228,0.278265,1.679409,1.142643,96.42513416033019,-97.55040243282264
69.5,67.12,0.275318,1.65775,1.182962,0.276495,1.66614,1.171987,96.12121782631404,-97.98568443330585
69.51,67.13,0.275334,1.646456,1.213058,0.274197,1.654091,1.201994,84.13255469494756,-81.52979258325618
69.52,67.14,0.275876,1.634462,1.243953,0.274387,1.642678,1.233001,82.25771390991451,-79.72768214262634
69.53,67.15,0.275624,1.620464,1.276,0.275837,1.62941,1.265328,91.14340151099026,-91.36392753160303
69.54,67.16,0.275392,1.604724,1.307673,0.275887,1.614154,1.297713,92.84519023992088,-93.00481491921343
69.55,67.17,0.275923,1.58896,1.339853,0.276059,1.597706,1.328753,90.70196721909186,-90.89087560573341
69.56,67.18,0.277741,1.573645,1.371209,0.275974,1.581563,1.360457,80.66734710282469,-77.41986847405862
69.57,67.19,0.280818,1.559721,1.402496,0.277043,1.567488,1.391952,70.30143808931189,-64.07882788248516
69.58,67.2,0.284701,1.54658,1.43532,0.28155,1.554034,1.424419,73.87774228776304,-67.08495299681726
69.59,67.21,0.289492,1.53361,1.46905,0.287741,1.541847,1.458256,80.78575839607417,-77.99885795910706
69.6,67.22,0.294798,1.51999,1.502978,0.292765,1.528141,1.492254,79.26554887836042,-75.99518591976756
69.61,67.23,0.300408,1.505326,1.53691,0.297966,1.51348,1.526311,77.02551982323763,-73.32783499271146
69.62,67.24,0.30653,1.489981,1.570473,0.301562,1.497629,1.559717,65.20864708624569,-56.99298848152495
69.63,67.25,0.313215,1.474363,1.604295,0.311155,1.481849,1.593755,78.94117963405937,-74.61414312539048
69.64,67.26,0.321204,1.460027,1.638691,0.318756,1.467172,1.627434,77.73121146187634,-71.08765737108826
69.65,67.27,0.33058,1.447869,1.673708,0.32611,1.454017,1.661341,70.12782418075624,-53.980385164323934
69.66,67.28,0.341605,1.436555,1.708296,0.333917,1.443133,1.696732,56.383171426877574,-40.550929601589154
69.67,67.29,0.353004,1.424888,1.743206,0.349172,1.431916,1.732011,71.10414683865562,-61.39868023896443
69.68,67.3,0.364715,1.410102,1.779449,0.361404,1.4185,1.768484,73.19774296885248,-68.48263909707464
69.69,67.31,0.376573,1.393951,1.815045,0.374032,1.402662,1.804174,76.84382020125712,-73.73802730099622
69.7,67.32,0.388448,1.378181,1.849727,0.385843,1.386644,1.838871,76.5064624951659,-72.89108661285366
69.71,67.33,0.401578,1.363783,1.884678,0.398814,1.370938,1.873015,76.66751218108912,-68.87828968681622
69.72,67.34,0.414921,1.350555,1.920092,0.411878,1.356905,1.908167,75.68486198962374,-64.39567220187915
69.73,67.35,0.428938,1.338007,1.956217,0.426479,1.344806,1.944272,78.3675840724948,-70.11642046323477
69.74,67.36,0.443615,1.327518,1.993057,0.441189,1.334207,1.98116,78.47443777360816,-70.06505100870596
69.75,67.37,0.459127,1.317106,2.030631,0.456067,1.324158,2.018987,75.27581544922896,-66.54303999907137
69.76,67.38,0.475061,1.305251,2.068035,0.471287,1.312901,2.056893,71.2878156979076,-63.74134044519319
69.77,67.39,0.492131,1.290996,2.1052,0.487848,1.299317,2.094678,67.85112625293837,-62.764132833686084
69.78,67.4,0.508447,1.275372,2.142146,0.505045,1.284302,2.132099,71.29346066008823,-69.14500834601677
69.79,67.41,0.525458,1.259774,2.179363,0.521926,1.268663,2.169198,70.83935803771956,-68.3298469961158
69.8,67.42,0.541398,1.245109,2.217193,0.538512,1.253835,2.20641,75.01634216807298,-71.69910381600448
69.81,67.43,0.556719,1.231827,2.255023,0.554656,1.240041,2.243997,79.40230854942226,-75.9014054119951
69.82,67.44,0.572909,1.219379,2.292945,0.569779,1.22775,2.282308,73.60316934750847,-69.49873084356888
69.83,67.45,0.589075,1.20744,2.331184,0.585656,1.215696,2.320759,71.84249441579817,-67.5044260622201
69.84,67.46,0.605259,1.195534,2.370018,0.601744,1.203833,2.359179,72.03254077988196,-67.04515590508156
69.85,67.47,0.621626,1.183102,2.409349,0.61765,1.191467,2.398893,69.1801860007133,-64.57761373372765
69.86,67.48,0.638276,1.169604,2.448889,0.633401,1.17785,2.438714,64.40019768562057,-59.408601809222695
69.87,67.49,0.655257,1.154083,2.487808,0.650185,1.162766,2.478042,62.55476263718407,-59.709521682998954
69.88,67.5,0.672635,1.13861,2.526738,0.667616,1.146821,2.516753,63.31342848353835,-58.564507439955854
69.89,67.51,0.689113,1.123484,2.565896,0.684556,1.1311,2.555089,67.13625113899515,-59.10599346939928
69.9,67.52,0.703072,1.109882,2.60586,0.699997,1.117006,2.594534,74.81039347789306,-66.65306307176789
69.91,67.53,0.717588,1.098013,2.64648,0.71422,1.104447,2.634822,73.88597694934163,-62.36933350694632
69.92,67.54,0.731769,1.087801,2.688047,0.728629,1.093944,2.676178,75.18161404067462,-62.92611209088678
69.93,67.55,0.74644,1.077515,2.730697,0.742847,1.083812,2.718821,73.16717982313038,-60.2913874334276
69.94,67.56,0.760368,1.065587,2.774102,0.756995,1.072651,2.762695,73.52728211826495,-64.4759209436841
69.95,67.57,0.775672,1.052202,2.81769,0.771709,1.059579,2.806945,69.7548803930449,-61.754852290986534
69.96,67.58,0.791453,1.037184,2.860964,0.786571,1.044106,2.850081,65.83949447835771,-54.80516176835838
69.97,67.59,0.805555,1.022902,2.903707,0.802178,1.029953,2.89231,73.49512511550758,-64.40841464401636
69.98,67.6,0.819588,1.009796,2.946877,0.817361,1.01627,2.934642,79.6840272571138,-71.01722610716288
69.99,67.61,0.833872,0.998394,2.990345,0.832108,1.004605,2.978351,81.63328871640317,-74.14480480498567
70.0,67.62,0.847646,0.987911,3.034778,0.84391,0.994016,3.022693,72.8213424868602,-58.53514298847048
70.01,67.63,0.861537,0.979557,3.079551,0.858298,0.985655,3.067442,75.02471095996259,-62.02464762651356
70.02,67.64,0.875028,0.973271,3.125564,0.872688,0.979155,3.113103,79.36452145522875,-68.3128458755985
70.03,67.65,0.888297,0.966049,3.172885,0.884594,0.971972,3.160937,72.78041388182191,-57.98679175644639
70.04,67.66,0.902473,0.957063,3.219834,0.898479,0.962827,3.208017,71.325382056026,-55.281076147274376
70.05,67.67,0.916417,0.946662,3.266373,0.912986,0.951724,3.254029,74.46679242128215,-55.870763519584415
70.06,67.68,0.930434,0.934795,3.312903,0.927841,0.940569,3.300763,77.94328128817102,-65.81600545787298
70.07,67.69,0.944638,0.923704,3.359067,0.942272,0.929823,3.347484,78.4553007115705,-68.86028380090406
70.08,67.7,0.958349,0.91401,3.405769,0.956456,0.920109,3.394196,80.71037346834355,-72.75676772589736
70.09,67.71,0.972026,0.906606,3.45327,0.969158,0.912655,3.440903,76.94347841947268,-64.63306221108923
70.1,67.72,0.985172,0.901053,3.500328,0.982727,0.906649,3.487707,79.03619800153429,-66.398558062712
70.11,67.73,0.998064,0.897921,3.547813,0.995808,0.902817,3.53517,79.88270042118486,-65.26049113025265
70.12,67.74,1.010647,0.895477,3.596542,1.00741,0.899934,3.583972,75.55907307618814,-54.01009832312734
70.13,67.75,1.022724,0.89134,3.645784,1.019543,0.896058,3.633436,75.55398638784438,-56.01111239103415
70.14,67.76,1.036462,0.885194,3.695451,1.033367,0.890347,3.682984,76.05787371452472,-59.01008847766804
70.15,67.77,1.04993,0.877602,3.744824,1.046936,0.883077,3.732129,76.72979980166834,-61.327986360618354
70.16,67.78,1.064338,0.868942,3.793083,1.059964,0.87539,3.781438,69.41322653744828,-55.84899815739443
70.17,67.79,1.077455,0.862797,3.841519,1.073023,0.868633,3.829684,69.46995586402241,-52.786081611387225
70.18,67.8,1.090094,0.858629,3.889792,1.087046,0.864357,3.877085,76.51142948036251,-61.98153430819745
70.19,67.81,1.10224,0.856252,3.937607,1.098998,0.861152,3.924685,75.9157753698387,-56.510077415408645
70.2,67.82,1.114562,0.85668,3.984666,1.110416,0.859644,3.97165,72.33170821470527,-35.56120144448292
70.21,67.83,1.127172,0.858532,4.032839,1.122841,0.860944,4.019853,71.55578622632545,-29.11410125267947
70.22,67.84,1.139581,0.859901,4.082842,1.135574,0.863638,4.069981,72.69494588666926,-43.00315127061002
70.23,67.85,1.151776,0.859546,4.132789,1.147806,0.86382,4.119712,73.11242086405551,-47.11184237209249
70.24,67.86,1.164209,0.857022,4.182596,1.16101,0.861453,4.169489,76.28408302415694,-54.17226266942164
70.25,67.87,1.177292,0.854112,4.231507,1.173367,0.85819,4.21875,72.89821785474217,-46.09523759873072
70.26,67.88,1.19079,0.851508,4.279544,1.185725,0.854921,4.267029,67.96611458761808,-33.973669041050115
70.27,67.89,1.203243,0.850259,4.327984,1.199583,0.853325,4.315382,73.8051128851595,-39.953073979950844
70.28,67.9,1.215788,0.851191,4.376394,1.21233,0.854403,4.363167,75.34880043214059,-42.88779967407978
70.29,67.91,1.228141,0.853635,4.423958,1.224468,0.85688,4.411099,74.05872359964572,-41.459760373151056
70.3,67.92,1.240497,0.858141,4.471339,1.237347,0.860821,4.458103,76.61335460670269,-40.3909255632686
70.31,67.93,1.252818,0.864315,4.51932,1.249493,0.866456,4.505788,76.1951204051067,-32.777881017354765
70.32,67.94,1.264931,0.868381,4.567771,1.261411,0.871117,4.554522,75.12135151584195,-37.85694909723677
70.33,67.95,1.277095,0.870367,4.616648,1.273493,0.873599,4.603902,74.2197896566387,-41.90097144783646
70.34,67.96,1.289439,0.870909,4.665842,1.286369,0.87422,4.65274,76.81262788175874,-47.16294042739986
70.35,67.97,1.3018,0.870903,4.714128,1.297966,0.873661,4.700999,73.72086057665611,-35.72947155265625
70.36,67.98,1.314634,0.871261,4.762224,1.31115,0.874243,4.749083,75.15111218645133,-40.56064012520965
70.37,67.99,1.327863,0.87325,4.809491,1.324612,0.876513,4.796377,76.07689361637246,-45.10554936696128
70.38,68.0,1.341192,0.876961,4.855511,1.337848,0.879967,4.842326,75.76863044300718,-41.95311576194306
70.39,68.01,1.354123,0.882231,4.901263,1.350263,0.885077,4.887968,73.81015268565996,-36.401563227739395
70.4,68.02,1.36746,0.89009,4.946652,1.363976,0.892205,4.933282,75.39447867135468,-31.260298419452393
70.41,68.03,1.380664,0.898583,4.992306,1.377098,0.900547,4.979251,74.72223078225284,-28.844089465772498
70.42,68.04,1.394218,0.904568,5.039303,1.39027,0.907551,5.026475,72.89350479289988,-37.07368921994225
70.43,68.05,1.408439,0.908714,5.085948,1.404598,0.912108,5.073092,73.3653798054991,-41.464588709592554
70.44,68.06,1.423029,0.91222,5.132385,1.419012,0.915347,5.119541,72.632768246007,-37.89867509229381
70.45,68.07,1.437507,0.916135,5.178157,1.432723,0.918763,5.165401,69.44198585328513,-28.781361297100172
70.46,68.08,1.451427,0.921114,5.223134,1.447053,0.92404,5.210421,71.01384917113838,-33.78065843738678
70.47,68.09,1.466539,0.927621,5.267098,1.461562,0.930272,5.25413,69.00365377091224,-28.04200505567475
70.48,68.1,1.480986,0.935471,5.309601,1.477113,0.938033,5.297128,72.74987198752358,-33.48474398450281
70.49,68.11,1.496049,0.945907,5.350999,1.493292,0.947798,5.338701,77.36419058941266,-34.44585451258397
70.5,68.12,1.51518,0.957401,5.395035,1.509705,0.958737,5.381507,67.96602589617058,-13.713224549232852
70.51,68.13,1.530403,0.965938,5.438392,1.523806,0.967046,5.425242,63.358315306332535,-9.534135509205543
70.52,68.14,1.547126,0.97369,5.482004,1.543664,0.976401,5.469654,74.34054677676254,-38.06354991193516
70.53,68.15,1.567113,0.981402,5.525082,1.560092,0.982327,5.512293,61.23376816009376,-7.5053568717565495
70.54,68.16,1.582365,0.98852,5.566784,1.576622,0.988717,5.554862,64.27920987849235,-1.9646255538049944
70.55,68.17,1.600094,0.99655,5.609232,1.593913,0.997544,5.596846,63.479374191473035,-9.13582405741985
70.56,68.18,1.618377,1.00565,5.649333,1.612383,1.006889,5.63743,63.27152170711605,-11.678937967764709
70.57,68.19,1.638557,1.016769,5.689048,1.631836,1.0178,5.676101,62.565433767292845,-8.721177242603664
70.58,68.2,1.65871,1.029581,5.726648,1.652189,1.030392,5.71405,62.63292894248964,-7.089327482002691
70.59,68.21,1.679129,1.04238,5.765535,1.673302,1.043536,5.753185,64.74103703889757,-11.221031497622151
70.6,68.22,1.697912,1.052412,5.805028,1.694154,1.055163,5.792765,72.96230109367072,-36.20555720375095
70.61,68.23,1.722571,1.062625,5.844269,1.715184,1.06483,5.831943,59.06564660552774,-16.620225441749472
70.62,68.24,1.742746,1.071614,5.882164,1.735422,1.073157,5.87071,57.40404246936497,-11.896937320711201
70.63,68.25,1.765027,1.081277,5.920334,1.756784,1.082663,5.908359,55.45839127256109,-9.544585386186165
70.64,68.26,1.786236,1.092136,5.956398,1.778809,1.09308,5.944734,57.51323587260182,-7.243670460909347
70.65,68.27,1.808502,1.104402,5.990992,1.800779,1.104869,5.979166,56.853350738554134,-3.4603895124406265
70.66,68.28,1.832402,1.118037,6.024242,1.82412,1.117958,6.01238,55.07741189320965,0.5465140434033
70.67,68.29,1.856737,1.132442,6.05697,1.848824,1.132365,6.045432,55.556861214630615,0.5575174752543953
70.68,68.3,1.882261,1.145558,6.090496,1.874305,1.146045,6.078865,55.62654312540482,-3.502799533265838
70.69,68.31,1.907702,1.157177,6.123601,1.898529,1.157886,6.112464,50.52339286989526,-4.419721162074382
70.7,68.32,1.93345,1.167919,6.15635,1.924135,1.167574,6.145648,48.96375217216136,2.1210963966617067
70.71,68.33,1.958978,1.177885,6.189548,1.949295,1.177862,6.178695,48.260794281477665,0.13609423220610933
70.72,68.34,1.984699,1.18893,6.221443,1.974892,1.189076,6.210105,49.141264109673536,-0.8529179047955773
70.73,68.35,2.010459,1.201239,6.251327,2.00078,1.201108,6.240219,48.93260479004086,0.7754198638185273
70.74,68.36,2.037007,1.214868,6.279469,2.02743,1.214622,6.268634,48.52670192933122,1.471406817013445
70.75,68.37,2.064433,1.229491,6.306065,2.054761,1.228945,6.295453,47.65329952719633,3.231009900367791
70.76,68.38,2.092653,1.243784,6.333127,2.082322,1.24366,6.322842,44.87215747556732,0.6876716204208938
70.77,68.39,2.121354,1.256349,6.360281,2.109923,1.256373,6.350811,39.6400139511018,-0.120295397409187
70.78,68.4,2.150521,1.267072,6.388151,2.1396,1.267492,6.378634,41.07020784411237,-2.2023966757253923
70.79,68.41,2.179569,1.276541,6.416415,2.169342,1.277742,6.406303,44.67604383551585,-6.697809508406329
70.8,68.42,2.208436,1.286252,6.443292,2.197877,1.287163,6.433277,43.48538721904567,-4.9311031573075494
70.81,68.43,2.236614,1.296863,6.468655,2.225974,1.297375,6.459256,41.45624178743487,-2.75496502142239
70.82,68.44,2.26516,1.309184,6.492323,2.253495,1.308726,6.482851,39.076657723664404,2.2484350774038058
70.83,68.45,2.293224,1.322773,6.513831,2.28146,1.321558,6.505366,35.737589263971955,5.896669391233349
70.84,68.46,2.320958,1.33719,6.534372,2.308847,1.334847,6.526961,31.46342440774847,10.94920830303023
70.85,68.47,2.351919,1.35035,6.556292,2.339586,1.348435,6.54889,30.971271090991582,8.826089193137594
70.86,68.48,2.38412,1.36096,6.578921,2.372275,1.361172,6.570713,34.720047573618146,-1.0253616301753181
70.87,68.49,2.415678,1.369814,6.600773,2.403551,1.370611,6.592435,34.510728599477666,-3.7601352432354243
70.88,68.5,2.445181,1.377624,6.622375,2.434426,1.379426,6.614174,37.326573202694206,-9.511557247349575
70.89,68.51,2.475503,1.38722,6.643051,2.464785,1.389067,6.635248,36.05565237470386,-9.777573561385251
70.9,68.52,2.50694,1.399403,6.661871,2.494302,1.399626,6.654584,29.967508190542013,-1.0108904123300597
70.91,68.53,2.536005,1.411849,6.678936,2.523025,1.411624,6.672627,25.922322794554237,0.9930862407745208
70.92,68.54,2.564772,1.425487,6.694991,2.551547,1.424232,6.689548,22.37054674849968,5.420908694001723
70.93,68.55,2.597654,1.438458,6.711384,2.583836,1.437632,6.705381,23.481733778811012,3.420904908369246
70.94,68.56,2.630111,1.449529,6.728938,2.616606,1.450184,6.722193,26.539590159863753,-2.776701274582439
70.95,68.57,2.662486,1.459063,6.74621,2.648884,1.46046,6.739373,26.686237099150276,-5.864029731641595
70.96,68.58,2.694277,1.467927,6.762828,2.680757,1.469486,6.75648,25.151305502058275,-6.57776244627508
70.97,68.59,2.723663,1.475861,6.778724,2.71117,1.478141,6.773152,24.0373381225333,-10.342779196537885
70.98,68.6,2.753624,1.485354,6.793145,2.741709,1.487117,6.788519,21.21870701659143,-8.416686499876663
70.99,68.61,2.783753,1.496404,6.805986,2.770017,1.496267,6.802684,13.516871442822584,0.5714372108183317
71.0,68.62,2.814439,1.507191,6.818564,2.800985,1.507595,6.814723,15.933583498089648,-1.7199748293840638
71.01,68.63,2.846364,1.518471,6.830008,2.833332,1.519006,6.825282,19.932963546519826,-2.3508317324244286
71.02,68.64,2.877929,1.527798,6.840994,2.864895,1.530351,6.836718,18.162856014304328,-11.082351244103643
71.03,68.65,2.910893,1.536896,6.852646,2.897636,1.539678,6.848408,17.728047287930284,-11.851624298982964
71.04,68.66,2.943317,1.54471,6.864089,2.929782,1.547556,6.860101,16.417267607334647,-11.874576730921373
71.05,68.67,2.973309,1.55165,6.875265,2.961793,1.555135,6.87138,18.64216862434038,-16.836992847416337
71.06,68.68,3.004322,1.560067,6.884714,2.990258,1.562587,6.882333,9.608920897531704,-10.158508407804863
71.07,68.69,3.033482,1.5693,6.89228,3.019263,1.570969,6.891049,4.948004783252573,-6.694639670795736
71.08,68.7,3.064186,1.579534,6.898474,3.04997,1.581193,6.897548,3.7268601984729215,-6.65628062306736
71.09,68.71,3.094988,1.589109,6.905115,3.080825,1.59128,6.903338,7.1514036421975655,-8.714848278747883
71.1,68.72,3.126179,1.597212,6.911773,3.112222,1.600106,6.910081,6.912207898349193,-11.714344295518737
71.11,68.73,3.158183,1.603904,6.918022,3.144791,1.6069,6.915784,9.487296756174203,-12.610322357856036
71.12,68.74,3.189248,1.609377,6.922205,3.175433,1.612787,6.920987,5.038456763052496,-13.86534297910901
71.13,68.75,3.21893,1.616104,6.924782,3.205868,1.619155,6.925604,-3.6009114758552805,-13.147333459457005
71.14,68.76,3.247867,1.623827,6.927143,3.231766,1.62737,6.927663,-1.8497890263892893,-12.410066009044824
71.15,68.77,3.27585,1.633144,6.927615,3.259292,1.63622,6.928946,-4.595788197241975,-10.523938083735233
71.16,68.78,3.304582,1.641783,6.927001,3.286073,1.645782,6.92837,-4.230123382109729,-12.19175636394681
71.17,68.79,3.33139,1.649807,6.925415,3.312952,1.655361,6.92751,-6.482376449346982,-16.76365286858522
71.18,68.8,3.35624,1.656688,6.922165,3.339733,1.660785,6.922814,-2.2515186583602027,-13.939014359658707
71.19,68.81,3.379393,1.663066,6.918022,3.364437,1.666366,6.919528,-5.750037884351967,-12.442785385917109
71.2,68.82,3.401607,1.669076,6.912157,3.388188,1.672382,6.915546,-14.173797252429356,-13.840170438005654
71.21,68.83,3.42269,1.676146,6.905474,3.411537,1.678792,6.910174,-22.851106510349567,-13.346419029904826
71.22,68.84,3.442125,1.684023,6.896791,3.455888,1.682175,6.915725,-126.01315642762366,172.35246177477515
71.23,68.85,3.469279,1.689998,6.891837,3.496569,1.68586,6.918457,-135.7120422185316,171.3778837600819
71.24,68.86,3.507595,1.693091,6.892081,3.531091,1.689996,6.916482,-133.91754157594826,172.49594213712766
71.25,68.87,3.550658,1.694694,6.894138,3.561221,1.694356,6.911207,-121.75092792401934,178.1672471924151
71.26,68.88,3.592058,1.696195,6.894624,3.588728,1.698711,6.904035,-70.51412015307513,-37.07307331731197
71.27,68.89,3.62538,1.698985,6.890152,3.615381,1.702831,6.89637,-31.87591834265232,-21.038662954080277
71.28,68.9,3.652526,1.702882,6.882073,3.642195,1.706759,6.888927,-33.56189212960438,-20.570022912416846
71.29,68.91,3.679792,1.708193,6.873658,3.668615,1.711513,6.880325,-30.815772084177848,-16.543449801406005
71.3,68.92,3.70451,1.713691,6.862783,3.6933,1.717258,6.869964,-32.64316790674777,-17.6509680800195
71.31,68.93,3.72888,1.717385,6.851133,3.719757,1.721566,6.859277,-41.75493263992877,-24.621618473124325
71.32,68.94,3.755821,1.719478,6.840135,3.746152,1.723755,6.848278,-40.103279672023575,-23.861795441976298
71.33,68.95,3.782808,1.720714,6.829134,3.773304,1.7247,6.8371,-39.96884356775477,-22.75329171134081
71.34,68.96,3.808802,1.72163,6.817047,3.799064,1.725708,6.82508,-39.51965536264966,-22.72256190581082
71.35,68.97,3.832965,1.723336,6.803969,3.824437,1.727154,6.812287,-44.28579541131418,-24.118143039167993
71.36,68.98,3.856972,1.726124,6.790227,3.846985,1.729987,6.798534,-39.75305124639805,-21.146612052033444
71.37,68.99,3.878797,1.72968,6.774891,3.869665,1.733961,6.783735,-44.08212211539557,-25.116763825889482
71.38,69.0,3.90008,1.731729,6.75898,3.892628,1.736264,6.76864,-52.352379359893774,-31.323082474147323
71.39,69.01,3.924227,1.731718,6.742963,3.916147,1.736601,6.752234,-48.92671326190376,-31.145898399106795
71.4,69.02,3.947747,1.73077,6.726784,3.939901,1.735389,6.735699,-48.64932530051655,-30.485646237935118
71.41,69.03,3.970501,1.729504,6.709754,3.962264,1.734208,6.718692,-47.33723789074366,-29.72989711172898
71.42,69.04,3.992112,1.729284,6.692289,3.983114,1.733938,6.70126,-44.91390812607434,-27.349182864779266
71.43,69.05,4.010599,1.730763,6.673834,4.002448,1.734643,6.683636,-50.254275633078265,-25.455158820087178
71.44,69.06,4.027532,1.732905,6.654054,4.021568,1.736571,6.664892,-61.17662555172278,-31.578548738574817
71.45,69.07,4.046193,1.732894,6.633589,4.039377,1.737719,6.644082,-56.99321743899706,-35.29441724728528
71.46,69.08,4.066976,1.730703,6.612527,4.058988,1.736132,6.622506,-51.32339090202995,-34.20177029069635
71.47,69.09,4.085727,1.727356,6.591394,4.078534,1.732789,6.601559,-54.71585116842075,-37.06439567324034
71.48,69.1,4.103466,1.724397,6.569921,4.097482,1.729361,6.580251,-59.9169890669719,-39.67724929223268
71.49,69.11,4.120589,1.721968,6.547985,4.113909,1.727157,6.558678,-58.0066593873108,-37.83993237138272
71.5,69.12,4.13478,1.721912,6.52587,4.129479,1.725814,6.537443,-65.38990401729725,-36.35632115611326
71.51,69.13,4.148857,1.722343,6.502881,4.14341,1.726544,6.514531,-64.94138871857156,-37.64121407687912
71.52,69.14,4.163722,1.720976,6.477719,4.157388,1.726492,6.488779,-60.20047484099924,-41.05116315336545
71.53,69.15,4.17989,1.717237,6.452417,4.169719,1.724066,6.462843,-45.70931093711196,-33.87815152198054
71.54,69.16,4.192731,1.712231,6.427223,4.188126,1.718428,6.438045,-66.94917596496863,-53.38390424037323
71.55,69.17,4.206924,1.706845,6.402036,4.201084,1.712841,6.412958,-61.86655723527536,-45.75512200849553
71.56,69.18,4.218533,1.703002,6.376298,4.213029,1.708562,6.38786,-64.54358024769522,-45.28999785373641
71.57,69.19,4.229012,1.700536,6.350765,4.224371,1.70485,6.362772,-68.86726026577692,-42.90872148748423
71.58,69.2,4.23943,1.698575,6.323819,4.234812,1.70313,6.335737,-68.81959097567069,-44.60649979762111
71.59,69.21,4.248712,1.696721,6.29589,4.244089,1.70195,6.307664,-68.56280359673634,-48.51984896246251
71.6,69.22,4.258458,1.69328,6.267724,4.254037,1.699494,6.279211,-68.94978896066199,-54.569746756024415
71.61,69.23,4.26761,1.687967,6.239139,4.264064,1.694686,6.250496,-72.66005210354118,-62.1768299584682
71.62,69.24,4.276245,1.681913,6.210717,4.273577,1.688006,6.222677,-77.42453450025626,-66.35237269313858
71.63,69.25,4.284926,1.675248,6.182149,4.282422,1.681702,6.19436,-78.41151914749932,-68.7949197086987
71.64,69.26,4.294041,1.66896,6.153271,4.291053,1.674992,6.165468,-76.23487367535739,-63.64811310998703
71.65,69.27,4.299609,1.664318,6.124108,4.295445,1.66982,6.136314,-71.1632483151826,-52.880991839001815
71.66,69.28,4.304082,1.66078,6.094488,4.301574,1.666192,6.106876,-78.55493622107589,-65.13630342824261
71.67,69.29,4.309599,1.657104,6.064466,4.30635,1.662789,6.076709,-75.13763807061157,-60.25186270604258
71.68,69.3,4.315185,1.651849,6.033616,4.312205,1.657978,6.045846,-76.30598158844042,-64.07037274687917
71.69,69.31,4.320702,1.644763,6.002436,4.317919,1.65158,6.014178,-76.66622832667555,-67.79255171214962
71.7,69.32,4.325984,1.63656,5.97143,4.323345,1.643509,5.983106,-77.26404747268974,-69.20488168127746
71.71,69.33,4.331306,1.628003,5.940459,4.327684,1.634905,5.952122,-72.74757046610277,-62.310614992585165
71.72,69.34,4.333434,1.620339,5.909098,4.331999,1.626718,5.921289,-83.28661828567854,-77.32196754268432
71.73,69.35,4.336379,1.614379,5.878502,4.333662,1.620024,5.89094,-77.67767410837195,-64.29798124634551
71.74,69.36,4.338233,1.609138,5.847044,4.336077,1.61461,5.859756,-80.37403445397392,-68.49526972116638
71.75,69.37,4.339203,1.604143,5.814397,4.335495,1.609892,5.827021,-73.63110254203775,-57.17872293716525
71.76,69.38,4.340514,1.597799,5.78122,4.338666,1.60424,5.793383,-81.36077037856523,-73.99118096335515
71.77,69.39,4.340733,1.589327,5.747873,4.339497,1.596944,5.759405,-83.88239128694785,-80.7830308382903
71.78,69.4,4.339555,1.579086,5.714989,4.339893,1.587351,5.726083,-91.74508606131238,-92.34182555646002
71.79,69.41,4.339574,1.567537,5.681996,4.339983,1.575592,5.694094,-91.93627476810866,-92.90674932464182
71.8,69.42,4.340102,1.556946,5.649038,4.338506,1.564771,5.661088,-82.45519474565076,-78.4719785071788
71.81,69.43,4.340578,1.548193,5.615861,4.336464,1.55568,5.627495,-70.5254530595271,-61.2118314393083
71.82,69.44,4.340494,1.540321,5.58243,4.335426,1.547379,5.594333,-66.93690699195552,-54.31974611041075
71.83,69.45,4.336568,1.533821,5.548446,4.335903,1.540067,5.560813,-86.92204786919301,-83.92271888007795
71.84,69.46,4.334182,1.527612,5.513967,4.33213,1.533566,5.526591,-80.76746065186653,-70.98388463425927
71.85,69.47,4.330521,1.51996,5.478878,4.33089,1.526832,5.491025,-91.73998870582767,-93.07361149099127
71.86,69.48,4.327125,1.510051,5.44353,4.328813,1.517684,5.455019,-98.35827666520814,-102.46998004561884
71.87,69.49,4.323772,1.498136,5.408262,4.32589,1.505976,5.419497,-100.67599238283209,-105.11774869334197
71.88,69.5,4.319553,1.485543,5.372872,4.322937,1.492526,5.38546,-105.04693955634062,-115.85508217961642
71.89,69.51,4.316195,1.473243,5.338151,4.318603,1.479875,5.350906,-100.6909685604818,-109.95535500828043
71.9,69.52,4.312519,1.462235,5.303173,4.313118,1.468912,5.31545,-92.79327015098568,-95.12633574641355
71.91,69.53,4.307662,1.452226,5.267271,4.307864,1.458837,5.279606,-90.93820129849375,-91.75013578352419
71.92,69.54,4.30262,1.443229,5.231272,4.302786,1.450113,5.243493,-90.77821082749378,-91.3813562665297
71.93,69.55,4.29698,1.435955,5.194777,4.297499,1.442108,5.207318,-92.36979115254434,-94.82143446870414
71.94,69.56,4.291369,1.427692,5.157087,4.291869,1.434161,5.169441,-92.31765120374216,-94.41970100596653
71.95,69.57,4.284827,1.417618,5.118804,4.286747,1.424964,5.130477,-99.34049779579843,-104.64754120087808
71.96,69.58,4.27837,1.405404,5.080779,4.282259,1.413464,5.091765,-109.49375915065801,-115.75759752314035
71.97,69.59,4.272336,1.392578,5.042735,4.273664,1.400272,5.054471,-96.45590600603329,-99.79288039476255
71.98,69.6,4.265675,1.379765,5.005789,4.268345,1.387403,5.017295,-103.0644240375407,-109.26799010218151
71.99,69.61,4.258606,1.367972,4.967978,4.261085,1.374848,4.979903,-101.74353582129011,-109.8257230086947
72.0,69.62,4.249707,1.357554,4.929822,4.250708,1.364104,4.941976,-94.70823785307856,-98.68896643042851
72.01,69.63,4.243253,1.347673,4.891562,4.244562,1.354315,4.903834,-96.08846660354244,-101.14892908503657
72.02,69.64,4.234545,1.339988,4.852544,4.23572,1.346107,4.865124,-95.33607201377474,-100.86989799699187
72.03,69.65,4.224848,1.332352,4.812545,4.226376,1.338699,4.824932,-97.03220346239736,-103.53601438199885
72.04,69.66,4.214962,1.323223,4.772047,4.21707,1.330415,4.783843,-100.13206839006781,-106.33604288971712
72.05,69.67,4.204934,1.312257,4.731929,4.208571,1.319806,4.743008,-108.17390786298476,-115.72410066121986
72.06,69.68,4.195138,1.299922,4.691678,4.197948,1.306853,4.70307,-103.85622507467367,-112.06885897894136
72.07,69.69,4.186125,1.285866,4.652438,4.187815,1.294218,4.663386,-98.77526158254233,-101.43916094055442
72.08,69.7,4.173945,1.274506,4.612256,4.177853,1.281578,4.623898,-108.55593164564213,-118.92511921892027
72.09,69.71,4.16327,1.263788,4.571826,4.168808,1.2697,4.584402,-113.76689765142625,-133.12916982260754
72.1,69.72,4.151698,1.254476,4.531196,4.154131,1.261081,4.543354,-101.31627621688132,-110.22164341278749
72.11,69.73,4.141198,1.246572,4.490313,4.142691,1.253123,4.502905,-96.7618398737079,-102.83866159596766
72.12,69.74,4.128895,1.240318,4.448678,4.130502,1.246283,4.461604,-97.08682462417715,-105.07778835988502
72.13,69.75,4.115122,1.233494,4.40635,4.117945,1.23945,4.418736,-102.83945032779907,-115.35982064890241
72.14,69.76,4.102414,1.22393,4.363539,4.105095,1.230938,4.375585,-102.54744031855685,-110.9349906746975
72.15,69.77,4.089066,1.212954,4.321126,4.091808,1.219972,4.333106,-102.89188243769578,-111.341064876523
72.16,69.78,4.075646,1.201839,4.278851,4.079834,1.208796,4.290925,-109.12966686557216,-121.04725155811292
72.17,69.79,4.066265,1.187744,4.23769,4.066872,1.196694,4.248592,-93.18681588365541,-93.87992860468624
72.18,69.8,4.052629,1.17689,4.19543,4.053207,1.184481,4.206217,-93.06714754550401,-94.3542591562107
72.19,69.81,4.035746,1.168547,4.152276,4.042179,1.174367,4.16462,-117.52599692284502,-137.86403776390364
72.2,69.82,4.021951,1.161416,4.109903,4.031884,1.165183,4.122545,-128.15722658737047,-159.2312231220685
72.21,69.83,4.007437,1.156375,4.066675,4.013659,1.161033,4.07985,-115.27940138036826,-143.18022988249407
72.22,69.84,3.992361,1.152385,4.02331,4.000079,1.155907,4.036436,-120.45524273693687,-155.47108646414026
72.23,69.85,3.97716,1.147823,3.979707,3.982194,1.152093,3.991994,-112.27897677411889,-139.69432327087688
72.24,69.86,3.961402,1.139919,3.935295,3.96717,1.144706,3.946897,-116.43452808904746,-140.30991483819008
72.25,69.87,3.945941,1.129992,3.889831,3.950579,1.13552,3.901959,-110.92789600156193,-129.99669864459818
72.26,69.88,3.930667,1.119844,3.84559,3.933364,1.126511,3.857222,-103.05396007400134,-112.02479813227511
72.27,69.89,3.914988,1.111493,3.801475,3.918273,1.117694,3.813006,-105.90141665460345,-117.91255194257734
72.28,69.9,3.89891,1.104849,3.758386,3.905157,1.10953,3.770137,-117.99575190191675,-143.15505759973422
72.29,69.91,3.882657,1.100018,3.714378,3.887936,1.104048,3.726008,-114.41388215631429,-142.6418076772936
72.3,69.92,3.865788,1.096586,3.671183,3.871234,1.100343,3.683305,-114.19275301218681,-145.39959903608326
72.31,69.93,3.848826,1.094716,3.626954,3.854209,1.097949,3.639426,-113.3453561788528,-149.01120571149877
72.32,69.94,3.831291,1.092292,3.580808,3.836128,1.09656,3.593163,-111.38041349059513,-138.57594260630643
72.33,69.95,3.813473,1.088215,3.534803,3.818661,1.093684,3.546212,-114.45265665324091,-133.48959515972876
72.34,69.96,3.794903,1.082605,3.489562,3.80041,1.088621,3.500618,-116.47792199482562,-132.47074495723658
72.35,69.97,3.777043,1.075554,3.44476,3.781919,1.081989,3.455593,-114.23280320808139,-127.15234333955979
72.36,69.98,3.758028,1.068837,3.39956,3.763403,1.074826,3.410108,-117.00226634896998,-131.9073006397539
72.37,69.99,3.739931,1.063429,3.355144,3.745162,1.068744,3.367386,-113.13699250245598,-134.54364273632993
72.38,70.0,3.722619,1.060189,3.312228,3.729941,1.062466,3.323572,-122.84027462116167,-162.7253193832364
72.39,70.01,3.703207,1.057616,3.266863,3.708526,1.060531,3.278743,-114.11936413725851,-151.27570131875945
72.4,70.02,3.684848,1.056532,3.221772,3.688549,1.060549,3.234509,-106.20232060388683,-132.65543412038627
72.41,70.03,3.666449,1.057385,3.175918,3.670073,1.061312,3.189179,-105.28472741111665,-132.7021173042703
72.42,70.04,3.648189,1.058141,3.129654,3.652239,1.062192,3.142752,-107.18200169169361,-134.99292732017898
72.43,70.05,3.62853,1.05707,3.083607,3.633648,1.061641,3.096141,-112.21163478803582,-138.23124758991904
72.44,70.06,3.608464,1.053933,3.037708,3.613751,1.058867,3.049967,-113.32932794678933,-136.97802312765367
72.45,70.07,3.589034,1.049538,2.991698,3.593765,1.054655,3.004187,-110.74735682615429,-132.75539646992002
72.46,70.08,3.569685,1.045612,2.946614,3.574068,1.050274,2.959111,-109.32700188057343,-133.23322769417226
72.47,70.09,3.550326,1.041625,2.900967,3.554904,1.046339,2.91356,-109.97799196895556,-134.16146473642226
72.48,70.1,3.53086,1.038889,2.855207,3.53454,1.043615,2.868122,-105.90437197742602,-127.9068640417129
72.49,70.11,3.511196,1.037804,2.810228,3.515156,1.043068,2.823158,-107.0279669439409,-126.95339884421564
72.5,70.12,3.491708,1.038749,2.765276,3.495642,1.043393,2.778357,-106.73821493600862,-130.26842085741748
72.51,70.13,3.471869,1.041936,2.720255,3.476052,1.045949,2.733475,-107.55812773934572,-136.1882486634311
72.52,70.14,3.451984,1.046046,2.674705,3.456545,1.049803,2.687871,-109.10724185144852,-140.5209359584054
72.53,70.15,3.432434,1.049473,2.629108,3.436755,1.052103,2.641605,-109.07349105575517,-148.67298979056432
72.54,70.16,3.412773,1.050372,2.581789,3.416328,1.053279,2.595941,-104.10100272773424,-140.72639451037887
72.55,70.17,3.391468,1.049748,2.535833,3.395595,1.052908,2.549003,-107.39909748845926,-142.55910360034986
72.56,70.18,3.372124,1.048008,2.489212,3.375411,1.05146,2.501983,-104.43351706442834,-133.5974306029255
72.57,70.19,3.352393,1.044351,2.44524,3.354253,1.0499,2.456838,-99.11108442583283,-108.53092156316585
72.58,70.2,3.327772,1.047877,2.399127,3.332433,1.052286,2.411924,-110.01293852389408,-136.5914909486053
72.59,70.21,3.306849,1.051876,2.354687,3.312484,1.055182,2.367508,-113.72612741459804,-149.60026371535358
72.6,70.22,3.286806,1.057679,2.311796,3.291729,1.059001,2.324504,-111.1760572802175,-164.9686648412799
72.61,70.23,3.26514,1.064606,2.267562,3.270337,1.065401,2.280963,-111.19663534986739,-171.30272278857794
72.62,70.24,3.243324,1.070816,2.222106,3.248511,1.073432,2.23489,-112.08443880293324,-153.23646539226024
72.63,70.25,3.221499,1.075699,2.176338,3.226132,1.078472,2.189481,-109.41791281862929,-149.09811793578768
72.64,70.26,3.198618,1.078743,2.131894,3.202869,1.082082,2.144233,-109.00972000200674,-141.85170327439496
72.65,70.27,3.175317,1.081222,2.087788,3.180224,1.084211,2.100107,-111.71876638538114,-148.6531599694778
72.66,70.28,3.153338,1.083725,2.043037,3.15804,1.086501,2.055928,-110.03947154654165,-149.44294705133754
72.67,70.29,3.130512,1.087597,1.999369,3.135883,1.0906,2.011949,-113.11993969890791,-150.78984376745234
72.68,70.3,3.107152,1.092829,1.956932,3.112719,1.095824,1.969243,-114.33235070557583,-151.7201156707088
72.69,70.31,3.083735,1.099748,1.91481,3.089527,1.102297,1.927436,-114.64262504979399,-156.2461960333892
72.7,70.32,3.059455,1.108258,1.874113,3.065479,1.110261,1.886628,-115.70348383454366,-161.60786246139975
72.71,70.33,3.034943,1.118089,1.833028,3.041391,1.11983,1.845511,-117.3182756546201,-164.89009359578708
72.72,70.34,3.01052,1.126941,1.790923,3.016251,1.129118,1.803319,-114.81235436783845,-159.20002340266763
72.73,70.35,2.987914,1.136273,1.749941,2.991792,1.136606,1.761113,-109.14279776647581,-175.09210757429568
72.74,70.36,2.960428,1.139359,1.706789,2.966607,1.141923,1.719015,-116.81195777756722,-157.46380443409842
72.75,70.37,2.935663,1.144175,1.664788,2.941644,1.147074,1.67667,-116.71914938884628,-154.140459738757
72.76,70.38,2.910398,1.149567,1.62371,2.917221,1.152811,1.635931,-119.17467918430097,-154.57121701532859
72.77,70.39,2.884965,1.156747,1.584606,2.891469,1.159198,1.596324,-119.03218108784561,-159.35133223193034
72.78,70.4,2.859169,1.165375,1.546041,2.865932,1.167465,1.557749,-120.01241523777809,-162.82704908641844
72.79,70.41,2.832883,1.175868,1.508945,2.839679,1.177166,1.520676,-120.08456007522261,-169.187036425848
72.8,70.42,2.805679,1.188082,1.472929,2.81352,1.188399,1.484298,-124.59334858423708,-177.6848773967004
72.81,70.43,2.778141,1.200608,1.436413,2.78567,1.199902,1.447525,-124.11983108985741,174.64299625477034
72.82,70.44,2.748913,1.209931,1.398735,2.757354,1.209996,1.409787,-127.37089642484727,-179.5588020307883
72.83,70.45,2.72068,1.21745,1.361192,2.728266,1.218523,1.372454,-123.96391675007185,-171.94921800981544
72.84,70.46,2.693845,1.224347,1.323382,2.698972,1.226057,1.335081,-113.66507955168179,-161.55499399278452
72.85,70.47,2.661949,1.231802,1.286838,2.670104,1.233377,1.298331,-125.35807667584626,-169.06887707758926
72.86,70.48,2.633343,1.241001,1.251553,2.641415,1.242447,1.263032,-125.11477708967303,-169.84388575162484
72.87,70.49,2.604561,1.251472,1.217932,2.612264,1.252886,1.229761,-123.07202255086524,-169.5983094192147
72.88,70.5,2.574702,1.26426,1.186733,2.582616,1.264741,1.198203,-124.60466030865051,-176.52193451833074
72.89,70.51,2.544584,1.278419,1.156587,2.553563,1.27777,1.167586,-129.2263758519916,175.86586399290806
72.9,70.52,2.513324,1.291392,1.124352,2.522403,1.291894,1.135574,-128.97409935025087,-176.83519951864244
72.91,70.53,2.480794,1.302096,1.092355,2.490215,1.303904,1.103311,-130.6920436381435,-169.1363548220689
72.92,70.54,2.448958,1.311461,1.060954,2.458044,1.312643,1.072222,-128.8811170782344,-172.58800299402242
72.93,70.55,2.416833,1.32027,1.030061,2.425678,1.32175,1.041021,-128.90441616156394,-170.5009160686425
72.94,70.56,2.385139,1.330084,0.999748,2.394499,1.331581,1.010576,-130.84097367292668,-170.91330424445172
72.95,70.57,2.354137,1.341665,0.971057,2.363162,1.34235,0.982105,-129.2450403890781,-175.65955658189046
72.96,70.58,2.323023,1.354425,0.944106,2.332837,1.354605,0.954636,-132.98432695195442,-178.949247595688
72.97,70.59,2.291775,1.368613,0.918657,2.301376,1.367866,0.929031,-132.78385238791392,175.5510992473136
72.98,70.6,2.260042,1.383685,0.893654,2.270132,1.382273,0.903566,-135.50986799028297,172.03373122086012
72.99,70.61,2.226789,1.397414,0.867361,2.23755,1.397041,0.876731,-138.9527073983172,178.01479667955562
73.0,70.62,2.19292,1.409051,0.840568,2.203671,1.410003,0.850087,-138.47812882362652,-174.9396629555592
73.01,70.63,2.158863,1.419329,0.81459,2.169033,1.420594,0.82418,-136.68127598504216,-172.9096558281152
73.02,70.64,2.125216,1.429563,0.789596,2.136209,1.43065,0.799034,-139.35238113607568,-174.35288703217222
73.03,70.65,2.092182,1.440762,0.765615,2.103057,1.441356,0.775032,-139.10969518813604,-176.87357168826225
73.04,70.66,2.059931,1.45398,0.742887,2.071237,1.453691,0.752262,-140.33428285724517,178.5357442714349
73.05,70.67,2.028652,1.468501,0.721724,2.040139,1.46751,0.730318,-143.19799778115996,175.06921944024577
73.06,70.68,1.997035,1.484113,0.701836,2.008804,1.48245,0.709915,-145.53178640452296,171.95715764759922
73.07,70.69,1.964346,1.499119,0.680966,1.976326,1.498492,0.688958,-146.29227720009712,177.00403119274128
73.08,70.7,1.930297,1.512688,0.659372,1.942153,1.513,0.667627,-145.15158853155864,-178.4925642412257
73.09,70.71,1.896076,1.524844,0.638041,1.908209,1.525401,0.646672,-144.57325810705382,-177.3715191826795
73.1,70.72,1.862954,1.536056,0.617724,1.875296,1.536536,0.625427,-148.03051770625106,-177.77279852155903
73.11,70.73,1.830211,1.547089,0.597916,1.842171,1.547958,0.605043,-149.2091586003239,-175.84425669865072
73.12,70.74,1.797796,1.559349,0.578934,1.809864,1.560064,0.586055,-149.45629606142055,-176.60932644344436
73.13,70.75,1.765788,1.573563,0.561991,1.777916,1.57326,0.568573,-151.51082560864185,178.5688480773067
73.14,70.76,1.735684,1.586889,0.546209,1.746756,1.587391,0.552262,-151.3348210874584,-177.40401040641396
73.15,70.77,1.702364,1.601843,0.530299,1.714057,1.602516,0.536913,-150.50586912640492,-176.7059296057771
73.16,70.78,1.668596,1.616193,0.51366,1.681011,1.617221,0.520855,-149.90595481390662,-175.26653247440538
73.17,70.79,1.635722,1.629184,0.496964,1.647772,1.630669,0.504175,-149.102717542051,-172.97449095787928
73.18,70.8,1.602645,1.641115,0.480898,1.615729,1.642501,0.487692,-152.5589454627398,-173.95315669639766
73.19,70.81,1.570287,1.65229,0.465722,1.58223,1.65357,0.472038,-152.12808352110216,-173.88263312328093
73.2,70.82,1.539078,1.664108,0.451732,1.550671,1.66541,0.457469,-153.67068368063,-173.59201161557002
73.21,70.83,1.508488,1.677474,0.438991,1.520092,1.67775,0.444607,-154.17436204537557,-178.63748240957062
73.22,70.84,1.480668,1.690887,0.427811,1.489452,1.692188,0.43303,-149.28340133085248,-171.57515854282283
73.23,70.85,1.445258,1.708034,0.417788,1.458452,1.706967,0.422494,-160.36983755733453,175.37654658004337
73.24,70.86,1.4135,1.722408,0.406578,1.426094,1.721455,0.411829,-157.36656879874147,175.67262076452917
73.25,70.87,1.380436,1.73522,0.405535,1.393793,1.734135,0.400436,159.10577416015587,175.3560135691158
73.26,70.88,1.348203,1.747617,0.403504,1.361445,1.745616,0.390063,134.57269989368433,171.40703986200214
73.27,70.89,1.31691,1.756662,0.373677,1.330296,1.756459,0.380604,-152.639296099102,179.13117049696368
73.28,70.9,1.286409,1.768742,0.369144,1.300172,1.768296,0.371654,-169.66438342250672,178.1439382178861
73.29,70.91,1.256818,1.782358,0.364031,1.270271,1.781214,0.364346,-178.6586729133829,175.13944402498672
73.3,70.92,1.227783,1.796236,0.356579,1.240981,1.795065,0.358323,-172.47247631779302,174.92967671444492
73.31,70.93,1.197996,1.808963,0.348968,1.210606,1.80883,0.353147,-161.66461526321274,179.39571323361946
73.32,70.94,1.166698,1.821062,0.349012,1.179979,1.821604,0.347206,172.25620438221662,-177.66304572799461
73.33,70.95,1.136533,1.832674,0.34572,1.149822,1.832712,0.342303,165.57992015109744,-179.8361627144818
73.34,70.96,1.10766,1.843918,0.342741,1.120673,1.842876,0.338558,162.18011342507347,175.42187879841813
73.35,70.97,1.079201,1.855341,0.340285,1.091908,1.853684,0.335771,160.443065474144,172.57051967388318
73.36,70.98,1.051487,1.868154,0.338316,1.064706,1.866189,0.3338,161.13832075548032,171.5449150167852
73.37,70.99,1.024357,1.881234,0.336836,1.037445,1.8802,0.333208,164.50660042694824,175.48280583783756
73.38,71.0,0.996804,1.89298,0.336475,1.010111,1.89303,0.333332,166.71077204958843,-179.7847166533507
73.39,71.01,0.968705,1.902939,0.334242,0.982659,1.904087,0.334181,179.74953272989453,-175.29684992807768
73.4,71.02,0.94196,1.913615,0.336277,0.955718,1.914002,0.334961,174.5360854165908,-178.38874682170783
73.41,71.03,0.914939,1.923964,0.337763,0.928838,1.923633,0.33551,170.79255593131,178.63577818561018
73.42,71.04,0.889348,1.934881,0.340195,0.90295,1.934665,0.338247,171.84984807477784,179.09021847994325
73.43,71.05,0.864224,1.945959,0.343104,0.878274,1.945771,0.341668,174.16426832536567,179.2333833630731
73.44,71.06,0.840108,1.956468,0.347211,0.854284,1.957205,0.346537,177.27791365048495,-177.0239132207848
73.45,71.07,0.816266,1.966373,0.352567,0.830225,1.967093,0.351702,176.45407563138875,-177.04732175546232
73.46,71.08,0.792254,1.97504,0.358552,0.805895,1.976116,0.356232,170.34774998344503,-175.48985626229376
73.47,71.09,0.769684,1.983501,0.36679,0.782536,1.984364,0.361268,156.7487014716295,-176.1584079970793
73.48,71.1,0.746409,1.991694,0.373525,0.759336,1.992325,0.368547,158.9390291276376,-177.2054642349147
73.49,71.11,0.724195,2.000113,0.381187,0.736879,2.000339,0.376004,157.77384574803216,-178.97922767774926
73.5,71.12,0.703656,2.008159,0.38935,0.716499,2.008977,0.38413,157.88085949004497,-176.35562369029634
73.51,71.13,0.683171,2.016567,0.397593,0.69652,2.017678,0.393877,164.44423779280575,-175.24239695953338
73.52,71.14,0.664066,2.023388,0.408711,0.676931,2.024635,0.403177,156.7245904162396,-174.46363539087372
73.53,71.15,0.645094,2.028831,0.419741,0.657013,2.030469,0.412596,149.05887045606812,-172.17499271706134
73.54,71.16,0.625104,2.034176,0.430042,0.637012,2.035632,0.424051,153.29270441814612,-173.02900419277
73.55,71.17,0.605378,2.038422,0.440961,0.617317,2.039855,0.435376,154.93005975246786,-173.15571269834288
73.56,71.18,0.586921,2.042719,0.451938,0.598835,2.044618,0.446549,155.6615715392798,-170.94367518487945
73.57,71.19,0.570767,2.047348,0.46462,0.581691,2.04908,0.457521,146.98203224996757,-170.99074752517052
73.58,71.2,0.555445,2.052078,0.476829,0.56578,2.053619,0.469315,143.98119805316176,-171.51939322984717
73.59,71.21,0.540807,2.055491,0.490847,0.550091,2.056837,0.482857,139.28404088840745,-171.75070076089946
73.6,71.22,0.528207,2.05759,0.505911,0.534139,2.059084,0.496798,123.06164120053373,-165.8638036440713
73.61,71.23,0.517928,2.057606,0.522316,0.518031,2.059749,0.511411,90.54115449843789,-92.75171594036811
73.62,71.24,0.507341,2.056358,0.538936,0.502322,2.059376,0.52651,68.00566814078952,-31.019124482390296
73.63,71.25,0.493819,2.054665,0.554647,0.487568,2.058506,0.541908,63.86291211237453,-31.569131459122463
73.64,71.26,0.474732,2.053346,0.568322,0.474325,2.057684,0.557418,87.86238429080815,-84.64008348279083
73.65,71.27,0.451987,2.052487,0.580604,0.462022,2.057066,0.572921,142.56159715855665,-155.47264655980538
73.66,71.28,0.439632,2.050392,0.597405,0.448121,2.055877,0.588759,134.4750402294784,-147.13227336525983
73.67,71.29,0.427595,2.047139,0.613688,0.436202,2.054013,0.605318,135.79980077364257,-141.38730797087098
73.68,71.3,0.415633,2.042265,0.63043,0.423938,2.050328,0.622276,135.52563460645766,-135.84705330284442
73.69,71.31,0.403493,2.036502,0.646901,0.411635,2.044806,0.638898,135.49327448660134,-134.4356307863244
73.7,71.32,0.391462,2.030409,0.663763,0.399584,2.038437,0.655249,133.65016890308692,-135.33348250503937
73.71,71.33,0.379805,2.02367,0.680193,0.387816,2.031499,0.671707,133.35073176545455,-135.65829375134598
73.72,71.34,0.369423,2.016759,0.69773,0.376902,2.024661,0.688884,130.2134129289543,-133.42467932288312
73.73,71.35,0.360522,2.010407,0.716122,0.367251,2.017856,0.706082,123.83074943170577,-132.0928513502687
73.74,71.36,0.352766,2.004912,0.734817,0.358396,2.012498,0.72463,118.92789979541749,-126.5812013651703
73.75,71.37,0.345523,1.998318,0.754553,0.349794,2.006727,0.743897,111.8412612886512,-116.92638825560435
73.76,71.38,0.336822,1.989965,0.774236,0.341344,1.998794,0.76433,114.53627172838173,-117.12042569417093
73.77,71.39,0.32772,1.979701,0.79408,0.332687,1.988665,0.784222,116.74146674577662,-118.99106945856231
73.78,71.4,0.319067,1.968077,0.813468,0.324031,1.977137,0.803904,117.43065291303158,-118.71846122373019
73.79,71.41,0.311575,1.956508,0.833132,0.315951,1.965342,0.82362,114.70481652448304,-116.35192142521383
73.8,71.42,0.304751,1.944704,0.853448,0.308685,1.95446,0.843349,111.2830785867602,-111.96121582882247
73.81,71.43,0.299348,1.934422,0.873829,0.302464,1.943437,0.863108,106.206217170685,-109.06751138328383
73.82,71.44,0.294277,1.924468,0.895156,0.295122,1.93335,0.884683,94.6128410290047,-95.4345480225095
73.83,71.45,0.288997,1.913736,0.918097,0.291789,1.923176,0.908382,106.03415527582204,-106.47625252300027
73.84,71.46,0.283362,1.901344,0.940809,0.286489,1.911042,0.931425,108.4294535277394,-107.87127370002297
73.85,71.47,0.278248,1.887718,0.963412,0.281237,1.897256,0.953819,107.30606073949403,-107.39984675116168
73.86,71.48,0.274167,1.873141,0.986223,0.274609,1.882229,0.97611,92.50258357438153,-92.78441846117946
73.87,71.49,0.271254,1.858729,1.008739,0.271469,1.868147,0.998924,91.25487751861202,-91.30775677798805
73.88,71.5,0.26982,1.845889,1.031755,0.268904,1.855014,1.021367,84.96076833743979,-84.2676488152099
73.89,71.51,0.268913,1.833131,1.056131,0.266958,1.842386,1.045978,79.10086861735778,-78.07234720724338
73.9,71.52,0.268097,1.820352,1.082147,0.266906,1.829967,1.072039,83.27996809675261,-82.93879964060503
73.91,71.53,0.267316,1.806335,1.108204,0.266742,1.816183,1.098904,86.46816004228702,-86.66423532837213
73.92,71.54,0.26695,1.789897,1.133921,0.266858,1.800512,1.125031,89.40708396484244,-89.50343101874074
73.93,71.55,0.267632,1.772906,1.159146,0.265481,1.783279,1.150148,76.55557506448099,-78.2848797499908
73.94,71.56,0.268484,1.755436,1.184484,0.267157,1.766785,1.176122,80.9826932475419,-83.33088221759495
73.95,71.57,0.269906,1.739013,1.211054,0.268553,1.749327,1.202577,80.93160407260459,-82.52656074101535
73.96,71.58,0.272114,1.72509,1.238972,0.272363,1.734719,1.229002,91.4306603760433,-91.48130338575073
73.97,71.59,0.275536,1.712524,1.267273,0.274298,1.72167,1.257492,82.7863218080698,-82.29131165504269
73.98,71.6,0.280238,1.698752,1.296158,0.277905,1.707514,1.286133,76.89940674803202,-75.09015594650333
73.99,71.61,0.285393,1.682613,1.32429,0.28235,1.691477,1.314692,72.4090307300054,-71.05271856718508
74.0,71.62,0.290851,1.664584,1.353311,0.285363,1.67322,1.343991,59.50867036995517,-57.5648827611935
74.01,71.63,0.29566,1.646178,1.38206,0.292153,1.655035,1.372397,70.05260779984718,-68.39851454548649
74.02,71.64,0.301301,1.628315,1.411695,0.29886,1.637178,1.401678,76.30475869775348,-74.60166401171749
74.03,71.65,0.307953,1.61222,1.441695,0.305755,1.620844,1.431343,78.01263315230729,-75.70143507075042
74.04,71.66,0.31564,1.597737,1.472651,0.313442,1.606061,1.461955,78.38752787618724,-75.20833671315224
74.05,71.67,0.324835,1.583682,1.504093,0.320636,1.591602,1.493303,68.73617066786088,-62.068503890104964
74.06,71.68,0.334631,1.567647,1.535132,0.33049,1.575698,1.525426,66.89480512460689,-62.78115488844269
74.07,71.69,0.344956,1.548866,1.566593,0.33994,1.557535,1.557084,62.18834134589268,-59.94574848379648
74.08,71.7,0.354504,1.529294,1.598139,0.35167,1.538401,1.58852,73.58369693837483,-72.71442264786707
74.09,71.71,0.364946,1.510752,1.630488,0.362419,1.519906,1.620167,76.24231453993028,-74.56761022891159
74.1,71.72,0.374922,1.493833,1.663006,0.371445,1.50191,1.652387,71.86989933761512,-66.70901081794663
74.11,71.73,0.38647,1.478511,1.696291,0.382352,1.485785,1.685322,69.4227777905715,-60.484674686050184
74.12,71.74,0.398592,1.465308,1.729401,0.395855,1.472798,1.718372,76.06281002954334,-69.92665721179063
74.13,71.75,0.412607,1.45229,1.763495,0.408898,1.459654,1.752384,71.54030271816124,-63.267136095979794
74.14,71.76,0.426307,1.436504,1.798714,0.422352,1.445656,1.788656,68.53428874811512,-66.62860734585
74.15,71.77,0.440287,1.419336,1.834519,0.43678,1.428893,1.824735,70.28016999905856,-69.8490770216428
74.16,71.78,0.453176,1.401339,1.869174,0.450022,1.411686,1.860004,71.01946475827796,-73.0475909596417
74.17,71.79,0.467673,1.383925,1.904545,0.464846,1.393282,1.89466,74.04005988623015,-73.18902882877656
74.18,71.8,0.481714,1.368122,1.939982,0.479093,1.376788,1.929302,76.21143309049535,-73.17225069433567
74.19,71.81,0.496498,1.354317,1.975725,0.494252,1.361824,1.964408,78.77479716144362,-73.34347826139272
74.2,71.82,0.511605,1.341733,2.012498,0.508422,1.348968,2.001038,74.47743617882156,-66.25315946564292
74.21,71.83,0.52692,1.329881,2.050972,0.524211,1.336889,2.039139,77.10514730137928,-68.865580802466
74.22,71.84,0.542381,1.317123,2.090166,0.539141,1.325247,2.079339,73.34008924690704,-68.25698109675909
74.23,71.85,0.558442,1.30246,2.129423,0.554458,1.311903,2.119757,67.600191042941,-67.1251275997256
74.24,71.86,0.574596,1.286721,2.167546,0.570354,1.296192,2.158352,65.23197328624614,-65.87269929318478
74.25,71.87,0.590405,1.269677,2.205816,0.586883,1.279583,2.196737,68.79732321792535,-70.42755881331635
74.26,71.88,0.606673,1.253163,2.244635,0.603507,1.262664,2.234861,72.05179258083203,-71.57047879834874
74.27,71.89,0.622517,1.237724,2.283662,0.620024,1.246745,2.273285,76.49111126115534,-74.55158730038465
74.28,71.9,0.638963,1.223915,2.322962,0.636158,1.232756,2.312289,75.27493569878867,-72.39723495043386
74.29,71.91,0.655216,1.211375,2.362616,0.652555,1.219632,2.351843,76.12530082363736,-72.13732157429828
74.3,71.92,0.671243,1.200065,2.40332,0.668556,1.208034,2.392093,76.54036650913177,-71.36684140467187
74.31,71.93,0.686938,1.189994,2.445307,0.684075,1.197305,2.433868,75.9484364901985,-68.6146046855237
74.32,71.94,0.702614,1.178524,2.488153,0.699355,1.186054,2.476961,73.76496114900783,-66.59693648253159
74.33,71.95,0.719672,1.16545,2.530549,0.71537,1.173015,2.520005,67.80431686378294,-60.37434353288402
74.34,71.96,0.736129,1.149377,2.572548,0.732069,1.157286,2.561707,69.4688639724309,-62.82679128905105
74.35,71.97,0.752743,1.134048,2.614464,0.749035,1.141297,2.603205,71.77139763013567,-62.90940082611852
74.36,71.98,0.768886,1.118291,2.656581,0.765349,1.125499,2.645262,72.64684003602235,-63.862592775747224
74.37,71.99,0.785583,1.104132,2.699427,0.7821,1.111163,2.688088,72.92461578136465,-63.64721491752779
74.38,72.0,0.801498,1.091111,2.742702,0.798789,1.098227,2.731579,76.31213233079893,-69.1586011707583
74.39,72.01,0.81748,1.080141,2.78653,0.814576,1.087259,2.774955,75.91601394170804,-67.80553417952171
74.4,72.02,0.833338,1.071917,2.830984,0.830368,1.078008,2.819187,75.86894522861363,-64.00592138831439
74.41,72.03,0.848602,1.06406,2.87673,0.845502,1.069354,2.864793,75.44206024520486,-59.64810133130206
74.42,72.04,0.864157,1.053819,2.923299,0.861025,1.059182,2.91108,75.62334375805267,-59.71500791858686
74.43,72.05,0.880847,1.041464,2.969733,0.876467,1.0475,2.958065,69.42458428359195,-54.03363002442769
74.44,72.06,0.897738,1.027895,3.015469,0.895447,1.034221,3.004304,78.4041628156029,-70.09183267714292
74.45,72.07,0.913858,1.016231,3.060676,0.909955,1.02141,3.048439,72.3098797444154,-52.99757572963575
74.46,72.08,0.928992,1.006214,3.106425,0.925468,1.011037,3.094102,74.04109514360738,-53.845686822439596
74.47,72.09,0.944213,0.997651,3.153181,0.939538,1.002939,3.140961,69.06467081999747,-48.520836390063955
74.48,72.1,0.958627,0.991733,3.20068,0.954394,0.996662,3.188493,70.84597732041135,-49.34418442134653
74.49,72.11,0.972953,0.987471,3.248833,0.968503,0.9921,3.236397,70.31116014045732,-46.12948738481654
74.5,72.12,0.986212,0.982356,3.297897,0.982137,0.98699,3.285529,71.76401821211036,-48.67257602472795
74.51,72.13,0.999201,0.974906,3.34761,0.99628,0.979901,3.335298,76.65343836732563,-59.6815536699212
74.52,72.14,1.015261,0.96506,3.396319,1.010698,0.970771,3.384495,68.89789910847821,-51.37569022676354
74.53,72.15,1.029436,0.954189,3.445251,1.02504,0.960684,3.433729,69.11659739126772,-55.90874497392199
74.54,72.16,1.043516,0.944218,3.494264,1.040823,0.950953,3.482951,76.6102410720583,-68.20592465501656
74.55,72.17,1.057387,0.935811,3.542473,1.054711,0.942761,3.531175,76.67471053649541,-68.94149948721494
74.56,72.18,1.071855,0.930112,3.591309,1.068362,0.936489,3.579186,73.92672169360041,-61.28828781332913
74.57,72.19,1.085203,0.926411,3.639435,1.081838,0.9318,3.627033,74.8195722044007,-58.01851512524694
74.58,72.2,1.099091,0.925023,3.687721,1.095138,0.929058,3.674937,72.81762540293919,-45.58814332736741
74.59,72.21,1.112987,0.924056,3.737644,1.108884,0.927857,3.724693,72.4213029701692,-42.81187848357695
74.6,72.22,1.12686,0.921907,3.788295,1.123299,0.926467,3.775779,74.11810880050852,-52.01297326469708
74.61,72.23,1.141941,0.917954,3.83894,1.137468,0.923311,3.826751,69.84836698565118,-50.13871724946631
74.62,72.24,1.156054,0.912636,3.889414,1.152296,0.918662,3.877037,73.1102570381397,-58.05105907712885
74.63,72.25,1.16992,0.906348,3.939356,1.166523,0.913259,3.926343,75.36962692857483,-63.824257321576354
74.64,72.26,1.184504,0.901374,3.989102,1.181005,0.907519,3.977023,73.84495045825048,-60.34255321478854
74.65,72.27,1.199002,0.898637,4.038029,1.195576,0.903943,4.025304,74.93135036753031,-57.15031095566604
74.66,72.28,1.213478,0.89794,4.085983,1.20866,0.901369,4.073328,69.15721580187531,-35.43969017706933
74.67,72.29,1.228349,0.898548,4.133965,1.222778,0.900569,4.121946,65.13151783691353,-19.93932830920938
74.68,72.3,1.244018,0.900846,4.183066,1.239424,0.90337,4.170009,70.61599049010024,-28.784933926487117
74.69,72.31,1.259436,0.904687,4.233274,1.255523,0.907446,4.220165,73.37978216405203,-35.18711312770632
74.7,72.32,1.275005,0.907354,4.283887,1.270856,0.910995,4.271071,72.06136814368107,-41.26892143102191
74.71,72.33,1.291821,0.908332,4.333873,1.286961,0.912526,4.321395,68.71980802228437,-40.792976890537986
74.72,72.34,1.308048,0.907677,4.38363,1.303619,0.911973,4.371134,70.48397230363136,-44.126676387177795
74.73,72.35,1.323967,0.906608,4.433352,1.319319,0.910743,4.420443,70.19813750116984,-41.65724941057069
74.74,72.36,1.340467,0.906756,4.481869,1.335017,0.910331,4.469337,66.49641917133087,-33.263404714216556
74.75,72.37,1.357031,0.908677,4.529945,1.352205,0.912001,4.51682,69.81176524941277,-34.55787247794589
74.76,72.38,1.373826,0.911755,4.577742,1.368694,0.914666,4.565134,67.85155604057383,-29.56300201578312
74.77,72.39,1.391639,0.916323,4.624898,1.387066,0.919688,4.612199,70.19569173616955,-36.34715148957946
74.78,72.4,1.409908,0.923791,4.672204,1.405642,0.926532,4.659107,71.95835578922163,-32.72164794726131
74.79,72.41,1.428528,0.93208,4.720093,1.424471,0.934654,4.706663,73.19122692602123,-32.39345043962481
74.8,72.42,1.447098,0.938297,4.768147,1.442832,0.941369,4.755263,71.67986152339095,-35.75813280142612
74.81,72.43,1.466363,0.942699,4.81659,1.461927,0.94607,4.803749,70.9422230130173,-37.23188648250202
74.82,72.44,1.484976,0.945463,4.864774,1.481064,0.949034,4.852105,72.84008487725391,-42.39083878190245
74.83,72.45,1.504033,0.947987,4.912625,1.499429,0.951406,4.900066,69.8675840850376,-36.598137886497184
74.84,72.46,1.522869,0.951514,4.958352,1.517513,0.953647,4.945919,66.69415265040696,-21.7146704674803
74.85,72.47,1.541515,0.956513,5.003322,1.535721,0.957155,4.991515,63.8616199248879,-6.3228254421263905
74.86,72.48,1.560398,0.961966,5.049175,1.556035,0.963643,5.03695,70.35894363804881,-21.025190109644612
74.87,72.49,1.58146,0.969406,5.094094,1.57585,0.971078,5.081677,65.68654978514597,-16.596120192158125
74.88,72.5,1.603191,0.979143,5.138333,1.597389,0.980235,5.125714,65.30783869266904,-10.659001853478397
74.89,72.51,1.624272,0.988453,5.183487,1.618538,0.989999,5.17073,65.79709718430541,-15.089270088037539
74.9,72.52,1.646475,0.995562,5.229032,1.64004,0.998261,5.216847,62.161092566419875,-22.754395936397557
74.91,72.53,1.667556,1.001057,5.274441,1.661926,1.004143,5.262226,65.25461187793637,-28.728689110557596
74.92,72.54,1.689183,1.005852,5.319676,1.683701,1.009171,5.307362,66.00212035303016,-31.192220842869084
74.93,72.55,1.710181,1.012123,5.363699,1.704727,1.014354,5.351564,65.79876359502613,-22.247387417997754
74.94,72.56,1.731062,1.019282,5.406632,1.724553,1.020208,5.394243,62.28321835704831,-8.096825968926595
74.95,72.57,1.752301,1.027578,5.448588,1.746158,1.028459,5.437249,61.55300201531684,-8.16143863261114
74.96,72.58,1.776271,1.036034,5.491504,1.768564,1.037363,5.478885,58.58568048939816,-9.783900743146305
74.97,72.59,1.79852,1.047079,5.531186,1.791771,1.048066,5.519475,60.04533358320083,-8.320176811801968
74.98,72.6,1.821654,1.060176,5.571527,1.815744,1.060689,5.559887,63.08163914177278,-4.960955341852139
74.99,72.61,1.846924,1.07081,5.613462,1.840407,1.072606,5.601552,61.31308403330594,-15.407510621358417
75.0,72.62,1.871847,1.079835,5.65495,1.864721,1.082575,5.643132,58.91092606083362,-21.03212294408252
75.01,72.63,1.896522,1.087795,5.696407,1.88976,1.090508,5.684657,60.080031045560055,-21.861281188487617
75.02,72.64,1.920606,1.095389,5.737221,1.913417,1.097621,5.725644,58.160851231536775,-17.248227534774752
75.03,72.65,1.944613,1.104163,5.77593,1.93628,1.104389,5.765069,52.503116017282196,-1.553542867529654
75.04,72.66,1.967316,1.114902,5.814685,1.959538,1.112982,5.803848,54.33200148484101,13.866257699037831
75.05,72.67,1.987255,1.122072,5.85172,1.983531,1.123685,5.841814,69.39706375257536,-23.419193097860298
75.06,72.68,2.01958,1.136327,5.889497,2.01082,1.136252,5.878451,51.58392107595457,0.49053407204175137
75.07,72.69,2.046372,1.150207,5.924802,2.036744,1.149543,5.913886,48.58744655299877,3.945186229037654
75.08,72.7,2.073667,1.163615,5.961568,2.064709,1.163734,5.950272,51.58473633436831,-0.7610846991009743
75.09,72.71,2.102094,1.174851,5.998335,2.092714,1.176284,5.987051,50.264421273983935,-8.686022971497021
75.1,72.72,2.129997,1.184674,6.034629,2.120435,1.186648,6.023425,49.52105992643279,-11.664401278136982
75.11,72.73,2.157409,1.194452,6.070271,2.147728,1.195704,6.059919,46.91838967882876,-7.368904153357838
75.12,72.74,2.183886,1.20504,6.104146,2.172346,1.204957,6.094673,39.38202096758546,0.41208558927194916
75.13,72.75,2.210072,1.215981,6.137875,2.199292,1.215576,6.128568,40.805949610739304,2.1515660756531694
75.14,72.76,2.238529,1.228337,6.17071,2.227588,1.228213,6.160967,41.68517967189321,0.6493348403104374
75.15,72.77,2.266639,1.242028,6.201997,2.25595,1.241408,6.192228,42.42513311843723,3.3196393570986378
75.16,72.78,2.295467,1.256688,6.231666,2.284083,1.255965,6.221981,40.38965573054075,3.633985125939899
75.17,72.79,2.32557,1.270965,6.262478,2.314773,1.270664,6.25245,42.88521276979108,1.596884681488092
75.18,72.8,2.355674,1.283516,6.293333,2.344641,1.284013,6.283381,42.051129861327134,-2.5792408806734572
75.19,72.81,2.385333,1.294774,6.323338,2.374459,1.29559,6.314024,40.58132823729035,-4.291511136701914
75.2,72.82,2.41417,1.30539,6.352546,2.403212,1.305763,6.344214,37.24782387718419,-1.949541656895685
75.21,72.83,2.443598,1.31661,6.382104,2.431668,1.316597,6.373993,34.21110414538737,0.06243460510116988
75.22,72.84,2.472813,1.328786,6.410285,2.461871,1.32907,6.40155,38.60037149353895,-1.486780196011208
75.23,72.85,2.502929,1.342407,6.436238,2.491073,1.341963,6.427808,35.41405953060602,2.14468991064367
75.24,72.86,2.532467,1.357177,6.460134,2.520131,1.356094,6.452028,33.30896254994432,5.0172376907408225
75.25,72.87,2.563416,1.371921,6.483469,2.55126,1.371066,6.475502,33.24069378973716,4.0233092899379495
75.26,72.88,2.595284,1.385525,6.508075,2.583,1.385776,6.500298,32.33789943738227,-1.170566567680666
75.27,72.89,2.625799,1.396536,6.532117,2.614553,1.398303,6.524701,33.402234448038826,-8.929453641587065
75.28,72.9,2.657313,1.408417,6.554647,2.645146,1.409491,6.548527,26.702392212528448,-5.04451256279623
75.29,72.91,2.687842,1.420048,6.577241,2.675883,1.420833,6.571538,25.49550977932843,-3.7555610985671626
75.3,72.92,2.721775,1.433724,6.599152,2.70687,1.432982,6.592874,22.840871591222577,2.849943036695244
75.31,72.93,2.752147,1.447413,6.619113,2.738041,1.446183,6.612551,24.94747752284191,4.983411875432399
75.32,72.94,2.782841,1.461775,6.637159,2.769277,1.460322,6.630594,25.827064260941,6.114310373411391
75.33,72.95,2.812289,1.474353,6.65496,2.800801,1.474569,6.648262,30.24403158632093,-1.0771614113647612
75.34,72.96,2.844463,1.485975,6.673223,2.833042,1.488046,6.666665,29.864675649095723,-10.277914500691232
75.35,72.97,2.877777,1.497692,6.690335,2.865834,1.499823,6.684468,26.16258349436608,-10.1168674780813
75.36,72.98,2.90926,1.508918,6.70626,2.897943,1.510869,6.701503,22.799015771740365,-9.781389790465457
75.37,72.99,2.940443,1.520656,6.720966,2.928287,1.521991,6.717482,15.992696338175753,-6.267239122664521
75.38,73.0,2.971855,1.533391,6.735023,2.958996,1.53376,6.731495,15.342174242859118,-1.6437003130312187
75.39,73.01,3.002843,1.546757,6.747962,2.990123,1.54711,6.743821,18.032675427428963,-1.5896399660186498
75.4,73.02,3.032236,1.559151,6.760583,3.02162,1.56073,6.755457,25.773855407803687,-8.460022620288232
75.41,73.03,3.065993,1.571573,6.771818,3.054379,1.574075,6.767542,20.212513075467033,-12.15740778506867
75.42,73.04,3.099954,1.582578,6.782311,3.086201,1.584761,6.778736,14.571172390240603,-9.019257928647386
75.43,73.05,3.131861,1.592714,6.79263,3.118419,1.594737,6.789499,13.111922081373546,-8.558693520081437
75.44,73.06,3.162529,1.60308,6.802029,3.148782,1.604594,6.799572,10.133470833955695,-6.284834406115241
75.45,73.07,3.19244,1.614717,6.809802,3.178985,1.615682,6.808016,7.5611692050971255,-4.10226065345133
75.46,73.08,3.221333,1.627197,6.815476,3.208054,1.627539,6.815109,1.5831161722485299,-1.4753238732900427
75.47,73.09,3.252037,1.638865,6.820713,3.238347,1.639665,6.820293,1.7572448309877509,-3.3443794751415026
75.48,73.1,3.284323,1.649464,6.826334,3.264759,1.647953,6.828633,-6.702190256408603,4.41639732404573
75.49,73.11,3.316373,1.658783,6.831643,3.296875,1.657426,6.833722,-6.086242493525349,3.981187944400798
75.5,73.12,3.347348,1.667986,6.835575,3.333241,1.669494,6.835124,1.8311191839161054,-6.101592646923482
75.51,73.13,3.377967,1.677466,6.838588,3.364654,1.679327,6.839089,-2.1551600922995786,-7.957706786574464
75.52,73.14,3.41042,1.686797,6.841588,3.39443,1.689149,6.840796,2.8355974258541723,-8.367742960355937
75.53,73.15,3.440344,1.697183,6.841571,3.422981,1.699615,6.840657,3.0133070979646246,-7.973429362101965
75.54,73.16,3.470336,1.706971,6.840386,3.450416,1.710194,6.838745,4.709364727352554,-9.190649739747297
75.55,73.17,3.499148,1.715804,6.83896,3.476115,1.719771,6.835666,8.13880859622832,-9.772243951940808
75.56,73.18,3.530152,1.723084,6.837357,3.501693,1.728008,6.831263,12.086369806968477,-9.816180576025827
75.57,73.19,3.55817,1.729602,6.83402,3.528375,1.735311,6.827856,11.688478935490615,-10.846935877913703
75.58,73.2,3.597069,1.736,6.835116,3.551255,1.7429,6.823265,14.503157893239099,-8.564886979869167
75.59,73.21,3.62613,1.743481,6.831043,3.577887,1.750354,6.818599,14.463828463270431,-8.108153389562624
75.6,73.22,3.651577,1.752259,6.823851,3.60367,1.758884,6.811572,14.375956110014684,-7.873426270553754
75.61,73.23,3.678145,1.760115,6.815964,3.632702,1.765954,6.804754,13.85721515125804,-7.321852852369349
75.62,73.24,3.703512,1.765362,6.807048,3.660777,1.773427,6.796801,13.483816278916926,-10.687232952291252
75.63,73.25,3.73462,1.769927,6.800496,3.687655,1.77779,6.789133,13.601118769318077,-9.504455377150254
75.64,73.26,3.764001,1.774187,6.793191,3.709467,1.782359,6.779346,14.245191677409176,-8.522442484492403
75.65,73.27,3.792602,1.778206,6.785185,3.730482,1.786735,6.769278,14.36304130047919,-7.817760879500843
75.66,73.28,3.817451,1.782156,6.774706,3.755874,1.789401,6.759167,14.162936545449313,-6.710430658853132
75.67,73.29,3.841789,1.787564,6.762663,3.780736,1.794542,6.747658,13.807916518192114,-6.52027816506848
75.68,73.3,3.863966,1.793063,6.748796,3.805565,1.799645,6.73484,13.439838996269305,-6.4303032433082015
75.69,73.31,3.887128,1.798091,6.734503,3.831872,1.803928,6.721789,12.957806680461582,-6.030109911169625
75.7,73.32,3.912254,1.800545,6.721428,3.855681,1.80701,6.708712,12.667923507761515,-6.519316173628127
75.71,73.33,3.938277,1.801098,6.708512,3.879433,1.807913,6.695058,12.878650009094606,-6.606261533494419
75.72,73.34,3.9637,1.801779,6.695586,3.89756,1.809469,6.680647,12.72778559444815,-6.631918295528769
75.73,73.35,3.983966,1.801289,6.679555,3.918598,1.808962,6.665659,12.001344033195071,-6.694833945548226
75.74,73.36,4.00463,1.802741,6.662828,3.940098,1.809453,6.649717,11.484496093519295,-5.9380063606420705
75.75,73.37,4.024861,1.805532,6.645008,3.960551,1.811917,6.631779,11.623980555025451,-5.670013210066364
75.76,73.38,4.045079,1.80831,6.625876,3.981721,1.812171,6.61371,10.869627754489358,-3.487259266909331
75.77,73.39,4.065983,1.809126,6.607186,4.00205,1.810925,6.595108,10.698039444695912,-1.611811044585854
75.78,73.4,4.088704,1.806852,6.589278,4.020057,1.808456,6.576464,10.573437387586864,-1.3385247806130018
75.79,73.41,4.109004,1.80394,6.570549,4.039473,1.805514,6.557971,10.25378777094821,-1.2968051199908222
75.8,73.42,4.128394,1.801304,6.550455,4.057512,1.803844,6.537955,10.001247226660087,-2.052270479842951
75.81,73.43,4.14679,1.799739,6.530411,4.074056,1.803227,6.51784,9.805856681320613,-2.7455480381866986
75.82,73.44,4.164215,1.798231,6.509059,4.089236,1.804359,6.496414,9.572697082130182,-4.6723734157000765
75.83,73.45,4.180174,1.796341,6.486245,4.104843,1.804143,6.473913,9.297093127748733,-5.913017629674298
75.84,73.46,4.195564,1.798427,6.463018,4.119182,1.801036,6.451136,8.84207496862449,-1.9563063796728397
75.85,73.47,4.209282,1.79356,6.439701,4.136268,1.795929,6.428053,9.064076758720898,-1.8583573194708318
75.86,73.48,4.228483,1.787512,6.415446,4.153437,1.790175,6.404682,8.162379495477609,-2.0322824392586916
75.87,73.49,4.243875,1.782777,6.390944,4.167877,1.785291,6.38062,7.73602906091367,-1.8946430672650962
75.88,73.5,4.258986,1.778732,6.367023,4.181489,1.782237,6.356954,7.402833385190046,-2.5895834152605794
75.89,73.51,4.272202,1.775119,6.342156,4.19211,1.780522,6.332015,7.216213883070775,-3.8593214664730313
75.9,73.52,4.283095,1.769987,6.31605,4.20314,1.778427,6.306458,6.8409366933594065,-6.025791556715407
75.91,73.53,4.293065,1.765327,6.288056,4.216438,1.773421,6.2795,6.371129210411275,-6.029711977919599
75.92,73.54,4.303399,1.759021,6.259833,4.230414,1.766925,6.252331,5.868721975930331,-6.180828684264063
75.93,73.55,4.316047,1.751477,6.232935,4.2417,1.759624,6.225635,5.607795566749037,-6.253563320740916
75.94,73.56,4.326467,1.744074,6.205242,4.250961,1.752215,6.198445,5.143863537557749,-6.153815217504804
75.95,73.57,4.337735,1.738151,6.17817,4.259406,1.746871,6.171533,4.843237185680113,-6.352314336503469
75.96,73.58,4.347401,1.733354,6.150863,4.265527,1.742694,6.144393,4.518344268283779,-6.508038447394016
75.97,73.59,4.354009,1.729847,6.121355,4.272893,1.739182,6.115538,4.101779893542862,-6.564839205000815
75.98,73.6,4.359665,1.725447,6.09127,4.279954,1.73454,6.08618,3.6537002266254213,-6.507861148362762
75.99,73.61,4.364948,1.718754,6.060661,4.287915,1.727644,6.056327,3.2201575551309127,-6.583102129704005
76.0,73.62,4.372039,1.710324,6.030394,4.294422,1.719347,6.026494,2.8765060608873902,-6.630888552336803
76.01,73.63,4.379709,1.701001,6.000404,4.301459,1.71696,5.99713,2.3958726340549474,-11.52731852045612
76.02,73.64,4.384554,1.691975,5.969347,4.307785,1.7081,5.966813,1.8905392898261075,-11.86228810427675
76.03,73.65,4.389526,1.684575,5.938619,4.311026,1.700431,5.936514,1.5360346537502245,-11.41937289774211
76.04,73.66,4.393681,1.678249,5.907625,4.314068,1.694105,5.906103,1.0952175525337273,-11.263837952452864
76.05,73.67,4.395093,1.672574,5.875877,4.316643,1.688795,5.874913,0.7040197793625279,-11.682341169863912
76.06,73.68,4.396114,1.665476,5.843874,4.319283,1.682177,5.843601,0.2035855576356737,-12.263782996718291
76.07,73.69,4.395905,1.656258,5.811043,4.323525,1.673421,5.811475,-0.3419657757003286,-13.339797476022191
76.08,73.7,4.397642,1.645799,5.778556,4.326447,1.663319,5.779515,-0.7717301734887241,-13.824915302333752
76.09,73.71,4.399364,1.634823,5.746233,4.329182,1.652236,5.74799,-1.4340950849940082,-13.934389878000655
76.1,73.72,4.401259,1.624623,5.713837,4.327077,1.642272,5.716049,-1.7079712243072274,-13.382716794721718
76.11,73.73,4.4032,1.615605,5.681833,4.323987,1.626781,5.684858,-2.1869586282996045,-8.030738057929838
76.12,73.74,4.401709,1.607341,5.648783,4.321491,1.618778,5.652708,-2.801200830272049,-8.11420249900182
76.13,73.75,4.400655,1.599441,5.615072,4.323387,1.61069,5.618846,-2.7962748537369566,-8.283167463928862
76.14,73.76,4.358392,1.596364,5.577005,4.326132,1.608657,5.585604,-14.92533712376482,-20.859849339303874
76.15,73.77,4.326801,1.590709,5.540573,4.356054,1.594463,5.554359,-154.76700288170522,-172.6872738858786
76.16,73.78,4.35438,1.573667,5.509976,4.353823,1.583064,5.520197,-86.88071488702735,-86.60780545357615
76.17,73.79,4.354333,1.560782,5.476575,4.351896,1.570482,5.487084,-76.94407792573752,-75.89706409143899
76.18,73.8,4.348199,1.547153,5.443209,4.348269,1.556519,5.453665,-90.38357351267757,-90.42821160488607
76.19,73.81,4.345478,1.534769,5.40936,4.345665,1.543633,5.420176,-90.99049957461634,-91.20856517043266
76.2,73.82,4.341862,1.523771,5.375085,4.34207,1.532018,5.386399,-91.05322430374835,-91.44476732590782
76.21,73.83,4.336104,1.514562,5.340583,4.335929,1.52208,5.352355,-89.14831609726734,-88.66654016562178
76.22,73.84,4.331084,1.506646,5.305246,4.331039,1.513325,5.317523,-89.78998953070145,-89.61397348921172
76.23,73.85,4.324784,1.497793,5.269079,4.325594,1.504349,5.281351,-93.77626811631477,-97.04325442980176
76.24,73.86,4.318375,1.486514,5.23284,4.320655,1.494141,5.244274,-101.27716449604178,-106.6434030997051
76.25,73.87,4.31182,1.473199,5.196496,4.314764,1.48134,5.207489,-104.99238701745986,-109.88132486978586
76.26,73.88,4.306477,1.460042,5.159702,4.308369,1.467502,5.171406,-99.1826622958491,-104.2312491497032
76.27,73.89,4.299094,1.444465,5.1244,4.301853,1.452093,5.135735,-103.6800776971255,-109.88474113930559
76.28,73.9,4.292124,1.430508,5.088364,4.295158,1.437781,5.100129,-104.46057264044846,-112.6439138945492
76.29,73.91,4.285947,1.418018,5.051385,4.287522,1.424969,5.063392,-97.47302035828089,-102.7668520837205
76.3,73.92,4.278033,1.406662,5.01397,4.280432,1.413936,5.025755,-101.50613733126461,-108.25280274472135
76.31,73.93,4.270265,1.396759,4.976461,4.271727,1.403676,4.988524,-96.91037603782189,-101.93457111957586
76.32,73.94,4.262016,1.387303,4.9379,4.263575,1.393989,4.950078,-97.29519617413528,-103.12535315455735
76.33,73.95,4.253361,1.376287,4.898452,4.255303,1.38366,4.910223,-99.36836630941126,-104.75618498973833
76.34,73.96,4.244439,1.363676,4.858879,4.247797,1.371617,4.869844,-107.02705804502625,-112.92197850659113
76.35,73.97,4.235315,1.349493,4.819544,4.238591,1.357284,4.830578,-106.53617999319849,-112.80603177219643
76.36,73.98,4.225042,1.334787,4.780879,4.229862,1.343045,4.791934,-113.55728878582897,-120.2711022878976
76.37,73.99,4.217059,1.320504,4.74201,4.22097,1.328458,4.752976,-109.62866514817416,-116.18345114335781
76.38,74.0,4.207175,1.307686,4.702489,4.209985,1.315393,4.713804,-103.94684925164294,-110.0320379900504
76.39,74.01,4.19684,1.296493,4.662794,4.199164,1.304003,4.674476,-101.25144238451666,-107.19489425697151
76.4,74.02,4.186578,1.287028,4.622782,4.188533,1.294154,4.634676,-99.33416317463494,-105.34148632464785
76.41,74.03,4.17578,1.279151,4.581624,4.177789,1.285431,4.594054,-99.18104108377453,-107.73970584959726
76.42,74.04,4.164779,1.270142,4.539341,4.167131,1.276803,4.55148,-100.96550944247673,-109.4481332351096
76.43,74.05,4.153356,1.259531,4.496873,4.157399,1.266782,4.508047,-109.89124287003692,-119.14308757806873
76.44,74.06,4.141603,1.246899,4.454762,4.145422,1.254112,4.466507,-108.01243421781298,-117.89946079015174
76.45,74.07,4.13005,1.234326,4.413077,4.13373,1.241204,4.424998,-107.1554013779683,-118.14852985323141
76.46,74.08,4.118296,1.219688,4.371531,4.121987,1.227412,4.383376,-107.30746622969049,-115.54132625184575
76.47,74.09,4.106366,1.207454,4.329524,4.109344,1.214677,4.341541,-103.91838803627483,-112.40606308870393
76.48,74.1,4.097974,1.195768,4.288219,4.098026,1.203265,4.300166,-90.24938157866913,-90.39740332895056
76.49,74.11,4.08151,1.188561,4.244862,4.087711,1.193909,4.258046,-115.18961157606934,-139.22415090082518
76.5,74.12,4.072723,1.180805,4.203005,4.077164,1.186194,4.215585,-109.44408474065274,-129.49146070438547
76.51,74.13,4.054956,1.175854,4.158173,4.066743,1.179622,4.176623,-122.57295446919335,-162.27226209702556
76.52,74.14,4.043924,1.167343,4.114021,4.059599,1.169899,4.129853,-134.7144963680799,-170.73873351864748
76.53,74.15,4.027261,1.158636,4.069989,4.033427,1.16445,4.081817,-117.53327343120266,-136.68299779207413
76.54,74.16,4.011603,1.148719,4.02533,4.016368,1.154334,4.037239,-111.80721579044555,-130.31859444060598
76.55,74.17,3.99776,1.136943,3.981167,4.001606,1.143754,3.992576,-108.6290792374846,-119.45232201840581
76.56,74.18,3.983814,1.126854,3.936859,3.986861,1.133684,3.948495,-104.67397943168429,-114.04260873676725
76.57,74.19,3.969572,1.119189,3.892793,3.974252,1.124971,3.904312,-112.11118276825383,-128.98700293428772
76.58,74.2,3.955008,1.113263,3.848476,3.959437,1.11848,3.860196,-110.70163004202533,-130.32976991440748
76.59,74.21,3.93974,1.110053,3.804599,3.943713,1.113843,3.817277,-107.39981741253236,-136.35040397930993
76.6,74.22,3.924412,1.107729,3.76043,3.929215,1.110171,3.772612,-111.51784173174413,-153.04974893759646
76.61,74.23,3.907914,1.102675,3.713958,3.913332,1.106865,3.725595,-114.965929394384,-142.2834942571915
76.62,74.24,3.891862,1.09616,3.667419,3.896706,1.101449,3.678838,-112.98691279096857,-132.48541894512658
76.63,74.25,3.875655,1.088318,3.621572,3.880395,1.09375,3.633065,-112.41247282949934,-131.10817114134136
76.64,74.26,3.85954,1.080718,3.576635,3.867712,1.084324,3.588431,-124.71333497112965,-156.1899138443454
76.65,74.27,3.842772,1.074399,3.531879,3.852453,1.076349,3.543887,-128.87619503622423,-168.6115568257115
76.66,74.28,3.825911,1.068743,3.486695,3.833901,1.071637,3.498876,-123.26245431729839,-160.0894737000563
76.67,74.29,3.808099,1.065137,3.441958,3.812125,1.069432,3.453701,-108.92389596851515,-133.14839575976134
76.68,74.3,3.790591,1.063045,3.397158,3.793806,1.067639,3.409018,-105.16719476796823,-124.98532334365282
76.69,74.31,3.772746,1.063429,3.351833,3.776548,1.06707,3.364665,-106.50405732858367,-136.23917535445733
76.7,74.32,3.754902,1.064018,3.305799,3.758937,1.068023,3.318412,-107.73989155111668,-135.21378922987694
76.71,74.33,3.736193,1.063006,3.259947,3.741442,1.067195,3.27271,-112.35574560630961,-141.40814559314774
76.72,74.34,3.716858,1.059541,3.214487,3.722935,1.064043,3.226694,-116.46545873157352,-143.46798807678525
76.73,74.35,3.698103,1.0545,3.168158,3.703785,1.059142,3.179787,-116.04041547476226,-140.75235069860307
76.74,74.36,3.68005,1.04953,3.12214,3.685153,1.054741,3.133526,-114.14106271364756,-134.4000661197473
76.75,74.37,3.661232,1.045852,3.076617,3.66777,1.049817,3.088479,-118.8623150440927,-148.76509130411583
76.76,74.38,3.641752,1.044617,3.030718,3.651425,1.046701,3.042789,-128.7066643638763,-167.84174903066213
76.77,74.39,3.622808,1.044037,2.987367,3.627308,1.047898,3.000284,-109.20721805574533,-139.37040648694304
76.78,74.4,3.602969,1.046036,2.944188,3.60795,1.049109,2.957558,-110.43290246576872,-148.32772200277162
76.79,74.41,3.583335,1.049203,2.899388,3.588275,1.051757,2.912603,-110.49662950801996,-152.66085317559856
76.8,74.42,3.563864,1.05153,2.85295,3.568217,1.055472,2.86551,-109.11511086102634,-137.83656698828028
76.81,74.43,3.542691,1.052468,2.806235,3.548168,1.057395,2.818526,-114.01825989841164,-138.02608346843678
76.82,74.44,3.521768,1.051957,2.760634,3.527182,1.057169,2.772775,-114.03338384984357,-136.08906019136506
76.83,74.45,3.500753,1.050265,2.715384,3.506056,1.056114,2.727733,-113.24001507736129,-132.1970466898243
76.84,74.46,3.480057,1.04997,2.670536,3.484534,1.054647,2.682701,-110.20477663630362,-133.74837960708757
76.85,74.47,3.45905,1.050241,2.625781,3.46411,1.054246,2.638335,-111.9523323046191,-141.6383156913332
76.86,74.48,3.437774,1.052601,2.581995,3.442414,1.056845,2.594486,-110.37839303989038,-137.55224219502978
76.87,74.49,3.416134,1.056232,2.538452,3.421975,1.059698,2.55055,-115.77157910891536,-149.31546468614687
76.88,74.5,3.394635,1.061739,2.495382,3.399343,1.064847,2.508249,-110.09743426049273,-146.5690856583168
76.89,74.51,3.373046,1.068419,2.452266,3.378425,1.07136,2.464068,-114.50208520542921,-151.33210658353204
76.9,74.52,3.350057,1.075716,2.407426,3.355896,1.078125,2.419599,-115.62554914218147,-157.58039349775322
76.91,74.53,3.328383,1.08087,2.362843,3.332552,1.083059,2.375141,-108.72656693449369,-152.29756448552527
76.92,74.54,3.306352,1.084832,2.322059,3.308941,1.086114,2.331305,-105.64293601178716,-153.65668060884454
76.93,74.55,3.280664,1.086181,2.274404,3.286298,1.087584,2.287142,-113.85974110938818,-166.0164114798335
76.94,74.56,3.258002,1.088037,2.23013,3.263888,1.090493,2.242984,-114.60360869591904,-157.35111123714813
76.95,74.57,3.235728,1.090602,2.187117,3.241554,1.093511,2.199596,-115.02619282328291,-153.46642785526853
76.96,74.58,3.211847,1.094921,2.144603,3.21821,1.097579,2.15691,-117.33999606189325,-157.32836523648928
76.97,74.59,3.18798,1.100461,2.102654,3.194097,1.103118,2.115311,-115.79400820405861,-156.521644958033
76.98,74.6,3.163874,1.107656,2.061747,3.169866,1.110422,2.074297,-115.52215172746273,-155.22122129591165
76.99,74.61,3.139152,1.117211,2.02121,3.145425,1.119144,2.033697,-116.67323586597242,-162.87352640756023
77.0,74.62,3.114494,1.12658,1.979725,3.120675,1.128398,1.991915,-116.8875134664636,-163.60995780658666
77.01,74.63,3.088455,1.13362,1.93747,3.094634,1.136102,1.94967,-116.8610926631672,-158.11550458135093
77.02,74.64,3.063232,1.139474,1.895239,3.069594,1.142099,1.907745,-116.96316040521062,-157.57865767510933
77.03,74.65,3.038545,1.144052,1.853431,3.044533,1.146601,1.865805,-115.82317045651263,-156.94128753141993
77.04,74.66,3.012578,1.14818,1.812512,3.018616,1.150787,1.824599,-116.54419014348933,-156.6469799636477
77.05,74.67,2.986507,1.15328,1.772438,2.993102,1.155639,1.784428,-118.81262811776652,-160.31811270524537
77.06,74.68,2.96029,1.159989,1.733063,2.967017,1.162248,1.745124,-119.1505106904523,-161.43738699549448
77.07,74.69,2.933769,1.168198,1.6951,2.940714,1.170101,1.706938,-120.39887174216807,-164.6764926225083
77.08,74.7,2.906817,1.178488,1.658135,2.914125,1.179647,1.669771,-122.13091145311208,-170.9883251956814
77.09,74.71,2.879368,1.190302,1.621365,2.88707,1.190467,1.632833,-123.88562335426094,-178.7727398392078
77.1,74.72,2.853219,1.201104,1.58536,2.859047,1.201,1.595113,-120.86083889665107,178.97767181064117
77.11,74.73,2.826901,1.210639,1.553303,2.830145,1.209498,1.557316,-128.95113139831386,160.6218875470976
77.12,74.74,2.793644,1.21569,1.507334,2.801354,1.217079,1.519142,-123.14241390270668,-169.78738874533488
77.13,74.75,2.765101,1.221711,1.46884,2.772819,1.223793,1.480381,-123.77247614940964,-164.90329545087548
77.14,74.76,2.736306,1.228189,1.43187,2.74429,1.230237,1.44299,-125.67780306032385,-165.61308052781987
77.15,74.77,2.707389,1.236258,1.396204,2.715304,1.237914,1.4075,-125.01856413870283,-168.18286631216932
77.16,74.78,2.678781,1.245631,1.362188,2.686659,1.246904,1.373195,-125.59229720299257,-170.82096151157788
77.17,74.79,2.648403,1.256531,1.328956,2.657084,1.257324,1.340326,-127.36174983965077,-174.78057812783746
77.18,74.8,2.618129,1.269265,1.297199,2.627091,1.269356,1.308251,-129.03838705408475,-179.4182395942893
77.19,74.81,2.587422,1.281706,1.264262,2.595964,1.28222,1.275195,-128.0006646544618,-176.5564781951766
77.2,74.82,2.554821,1.291525,1.23071,2.563872,1.293611,1.241677,-129.5326550389513,-167.02156571330536
77.21,74.83,2.52282,1.300034,1.197614,2.531415,1.302197,1.208617,-127.9951954850936,-165.87438628924545
77.22,74.84,2.490655,1.307896,1.16444,2.499507,1.309973,1.175582,-128.46613595137583,-166.79520154078523
77.23,74.85,2.459113,1.315667,1.132557,2.467826,1.317629,1.143065,-129.6647677754734,-167.30975891413124
77.24,74.86,2.427185,1.324711,1.101692,2.436791,1.326063,1.112313,-132.12728151955832,-171.98850844370554
77.25,74.87,2.395934,1.335186,1.072348,2.405696,1.335913,1.082859,-132.88413017592762,-175.74090549927186
77.26,74.88,2.364395,1.347169,1.044613,2.374822,1.346973,1.054414,-136.77257831756606,178.92311782900978
77.27,74.89,2.33297,1.360578,1.018322,2.343292,1.359026,1.027828,-137.35661631712495,171.4491492747001
77.28,74.9,2.29914,1.373965,0.990948,2.310166,1.372771,1.000486,-139.13867867876607,173.81955231645472
77.29,74.91,2.265044,1.385527,0.962479,2.275665,1.385855,0.972386,-136.9920450906841,-178.2311416319557
77.3,74.92,2.231435,1.395093,0.934509,2.241488,1.396365,0.944564,-134.99430119561177,-172.78872024095278
77.31,74.93,2.19696,1.40377,0.906757,2.207571,1.40519,0.916773,-136.6522779911289,-172.37777062815783
77.32,74.94,2.162963,1.412428,0.87965,2.173522,1.413826,0.88923,-137.78307988529352,-172.45796688314272
77.33,74.95,2.129348,1.422098,0.853994,2.139958,1.422921,0.863353,-138.58472988439874,-175.56454355726348
77.34,74.96,2.096112,1.434175,0.830057,2.107202,1.433857,0.839205,-140.4812115865846,178.35752329310193
77.35,74.97,2.063116,1.446962,0.807297,2.074327,1.446086,0.816281,-141.29285582987134,175.53212661052478
77.36,74.98,2.029488,1.461117,0.785439,2.040696,1.459729,0.794311,-141.63565726690467,172.94042711722804
77.37,74.99,1.994665,1.475393,0.762908,2.00604,1.474517,0.772006,-141.34633494546586,175.59628731643744
77.38,75.0,1.959487,1.488056,0.740175,1.970883,1.488216,0.749425,-140.9341654595489,-179.19561930213416
77.39,75.01,1.924105,1.498583,0.718329,1.935383,1.499472,0.727133,-142.0231604146458,-175.49292055484904
77.4,75.02,1.888699,1.508138,0.696434,1.900179,1.508598,0.704925,-143.51210600911435,-177.70540360938753
77.41,75.03,1.852985,1.517916,0.675216,1.865426,1.517829,0.683223,-147.23475730111238,179.59933674420807
77.42,75.04,1.816373,1.528668,0.654194,1.830765,1.528018,0.662952,-148.6781276372774,177.4140518647345
77.43,75.05,1.784616,1.540495,0.634242,1.796515,1.539491,0.643232,-142.9280165841563,175.17698735614786
77.44,75.06,1.751661,1.554036,0.615724,1.763162,1.552439,0.624324,-143.21229082892194,172.09460224507325
77.45,75.07,1.717912,1.568915,0.598113,1.729905,1.56663,0.606661,-144.52066220852151,169.21284824312548
77.46,75.08,1.683557,1.582884,0.580369,1.695784,1.581415,0.588893,-145.11788648681713,173.1490964337917
77.47,75.09,1.648258,1.595384,0.562228,1.66037,1.594637,0.570785,-144.75919818360995,176.47078894040578
77.48,75.1,1.611583,1.605901,0.54479,1.625886,1.605619,0.552792,-150.77459938486786,178.87049453209724
77.49,75.11,1.577814,1.615088,0.527634,1.589016,1.615582,0.534796,-147.40718044969964,-177.47493408680174
77.5,75.12,1.543376,1.624893,0.510782,1.554681,1.625789,0.518039,-147.30244420540956,-175.46838321385152
77.51,75.13,1.509091,1.637812,0.494873,1.520484,1.637598,0.502304,-146.88589682681527,178.92391335760092
77.52,75.14,1.476416,1.651708,0.480441,1.48776,1.651095,0.487731,-147.27396449921469,176.90689470660266
77.53,75.15,1.444066,1.667636,0.467487,1.455759,1.665971,0.474341,-149.62276031083857,171.89596737465436
77.54,75.16,1.410404,1.68282,0.45444,1.423047,1.681063,0.460623,-153.93927120517503,172.0882677927435
77.55,75.17,1.376126,1.696484,0.440326,1.38903,1.695239,0.446503,-154.42008477154926,174.48906283679761
77.56,75.18,1.341319,1.709069,0.427037,1.354951,1.707462,0.433563,-154.4183252361765,173.2767511449173
77.57,75.19,1.307973,1.720994,0.415216,1.320905,1.71888,0.421578,-153.80475446588892,170.7159492830268
77.58,75.2,1.27551,1.733603,0.403861,1.287995,1.731071,0.410043,-153.65749486994088,168.53570791644728
77.59,75.21,1.246322,1.744832,0.394147,1.256976,1.745234,0.399664,-152.6233573963798,-177.839123161551
77.6,75.22,1.213881,1.765133,0.383771,1.226431,1.762581,0.389787,-154.3886855668283,168.5058147891397
77.61,75.23,1.183165,1.782498,0.374077,1.195839,1.779133,0.380108,-154.552274805098,165.13078433631958
77.62,75.24,1.151522,1.796783,0.365392,1.164646,1.794132,0.370387,-159.16315388839112,168.58012717203079
77.63,75.25,1.119955,1.810004,0.357314,1.133085,1.807341,0.361776,-161.23057263715108,168.53490389244783
77.64,75.26,1.088674,1.822835,0.350423,1.101981,1.820304,0.354046,-164.76965847896292,169.23093768751195
77.65,75.27,1.058441,1.837254,0.343405,1.071657,1.834909,0.347272,-163.69053051678014,169.93836113552052
77.66,75.28,1.032286,1.85008,0.335961,1.043331,1.850391,0.341181,-154.70401794553948,-178.38711811457804
77.67,75.29,1.00213,1.869744,0.328974,1.015643,1.867888,0.336222,-151.79211997730312,172.179402459588
77.68,75.3,0.974679,1.885442,0.323256,0.987906,1.884104,0.331062,-149.45274426025676,174.22379514438714
77.69,75.31,0.946609,1.900501,0.318484,0.960359,1.898707,0.326735,-149.033179620806,172.56645433931294
77.7,75.32,0.919019,1.916091,0.318552,0.932664,1.913309,0.323756,-159.12389304437485,168.4762391558179
77.71,75.33,0.891901,1.930883,0.314469,0.905419,1.928042,0.321382,-152.9151510102597,168.1312091791564
77.72,75.34,0.86608,1.945641,0.311317,0.880112,1.942584,0.320189,-147.6960972726346,167.70963122880914
77.73,75.35,0.856569,1.958543,0.319807,0.878924,1.947573,0.313909,165.2202358876873,153.86198381239947
77.74,75.36,0.833162,1.974912,0.32012,0.856078,1.96256,0.315111,167.67015908783344,151.67479784541732
77.75,75.37,0.809956,1.989288,0.320334,0.832727,1.977449,0.31522,167.34231048967797,152.52937128559384
77.76,75.38,0.786222,2.002747,0.321945,0.807406,1.991848,0.31483,161.4345149361001,152.77453898823512
77.77,75.39,0.762374,2.015786,0.32327,0.782849,2.00506,0.314466,156.7328856070815,152.35182883880643
77.78,75.4,0.740281,2.029205,0.325488,0.759958,2.017642,0.315789,153.7608279762684,149.55978472178455
77.79,75.41,0.739439,2.032408,0.320356,0.720164,2.043588,0.329133,-24.48246391484804,-30.11484528440765
77.8,75.42,0.701564,2.058221,0.332649,0.721175,2.046975,0.325471,159.89641061669556,150.1677263681519
77.81,75.43,0.683078,2.072151,0.337639,0.702682,2.060341,0.330323,159.5349716038554,148.93406002044452
77.82,75.44,0.650209,2.089077,0.346445,0.662924,2.084903,0.343674,167.70567115503223,161.82635245501572
77.83,75.45,0.631373,2.10117,0.355195,0.643213,2.096398,0.350686,159.15178043705046,158.04856699533386
77.84,75.46,0.613474,2.111892,0.362822,0.624973,2.107004,0.356915,152.8105773950571,156.97060426176603
77.85,75.47,0.596687,2.1239,0.370513,0.607812,2.118609,0.364877,153.13291907415163,154.56444949281794
77.86,75.48,0.581375,2.136859,0.377339,0.592832,2.131736,0.372114,155.48449708055873,155.9081837705709
77.87,75.49,0.567468,2.148929,0.382951,0.579372,2.144324,0.380535,168.52725381421726,158.8512990055875
77.88,75.5,0.55476,2.159161,0.396463,0.565683,2.154895,0.389715,148.2930985941758,158.6667673744019
77.89,75.51,0.540822,2.169012,0.408788,0.551003,2.164232,0.399211,136.75098070052667,154.84985002775892
77.9,75.52,0.526615,2.177909,0.417043,0.537368,2.173473,0.409578,145.23065714871692,157.58208804642655
77.91,75.53,0.514814,2.186088,0.428639,0.524772,2.181993,0.419468,137.3559183899573,157.64620437329438
77.92,75.54,0.50357,2.193691,0.439458,0.513283,2.190427,0.429944,135.5929917831748,161.4253617158192
77.93,75.55,0.493443,2.201149,0.450564,0.503474,2.198155,0.440815,135.81680056893958,163.38096519157074
77.94,75.56,0.484567,2.206954,0.46267,0.49533,2.205348,0.452932,137.86226583558377,171.5132323582002
77.95,75.57,0.476085,2.210967,0.474555,0.487287,2.210264,0.4652,140.1341107047682,176.40901808116575
77.96,75.58,0.467054,2.213595,0.486627,0.478385,2.213684,0.477687,141.72705560018528,-179.5499762144123
77.97,75.59,0.469532,2.216032,0.489175,0.469975,2.216833,0.490217,-113.03247773682702,-118.94516832052015
77.98,75.6,0.456977,2.228416,0.508633,0.462505,2.219409,0.502823,133.57522673462736,121.53930781627099
77.99,75.61,0.43983,2.213062,0.508833,0.455909,2.221371,0.515493,-157.50042542041535,-152.67184310519835
78.0,75.62,0.451261,2.14678,0.506006,0.45012,2.222672,0.528213,-87.05871808556395,-89.13865019486926
78.01,75.63,0.461978,2.084641,0.503355,0.445072,2.22327,0.540971,-65.79911383856556,-83.04703259898785
78.02,75.64,0.472025,2.026386,0.500871,0.4407,2.22312,0.553755,-59.36029181335571,-80.9530159670999
78.03,75.65,0.449957,2.229123,0.536886,0.436938,2.22218,0.56655,-66.3041873608643,28.070887956243883
78.04,75.66,0.445077,2.228441,0.548777,0.433718,2.220405,0.579345,-69.61504722091524,35.27775118938026
78.05,75.67,0.439876,2.227096,0.560075,0.430975,2.217752,0.592127,-74.47976133020178,46.390904034343635
78.06,75.68,0.435266,2.22502,0.572619,0.428643,2.214177,0.604882,-78.39939129227075,58.58304673741302
78.07,75.69,0.431686,2.221384,0.58732,0.426657,2.209635,0.617598,-80.56959453650167,66.82731120346716
78.08,75.7,0.428909,2.216041,0.603676,0.424948,2.204085,0.630263,-81.5262536966002,71.67006479080074
78.09,75.71,0.426706,2.208844,0.621186,0.423452,2.19748,0.642863,-81.46290125105251,74.02131428020004
78.1,75.72,0.424851,2.199647,0.639348,0.422103,2.189779,0.655385,-80.27658637338045,74.43876250262268
78.11,75.73,0.423117,2.188303,0.65766,0.420834,2.180937,0.667817,-77.3321005061707,72.7798282304607
78.12,75.74,0.421275,2.174666,0.675621,0.419579,2.17091,0.680147,-69.45782919401358,65.69872057452288
78.13,75.75,0.419098,2.158587,0.692728,0.418273,2.159655,0.69236,24.039767713169375,-52.31492172712735
78.14,75.76,0.416679,2.14124,0.709241,0.416848,2.147128,0.704444,92.01771599248691,-91.64407761634901
78.15,75.77,0.41455,2.120944,0.723154,0.415239,2.133285,0.716387,95.81368670637424,-93.19551512420868
78.16,75.78,0.412534,2.106482,0.734537,0.413516,2.118769,0.728255,98.88455428639831,-94.56947310322849
78.17,75.79,0.41087,2.092867,0.746556,0.411859,2.104807,0.739185,97.64198977202672,-94.73504721940887
78.18,75.8,0.410312,2.079663,0.759359,0.409579,2.09044,0.750753,85.13168847611936,-86.1090077061045
78.19,75.81,0.410764,2.065592,0.773323,0.41069,2.076224,0.765038,89.4882589087901,-89.6012209159823
78.2,75.82,0.411384,2.051249,0.789292,0.409786,2.062523,0.781002,79.0893533370892,-81.93251907002694
78.21,75.83,0.410874,2.036295,0.805532,0.410733,2.04835,0.798338,88.87716559913322,-89.32987668704898
78.22,75.84,0.409137,2.02002,0.821576,0.409037,2.031749,0.814431,89.198152010169,-89.51151512246442
78.23,75.85,0.407417,2.001018,0.836914,0.407622,2.013081,0.829924,91.67986681390225,-90.97359730442517
78.24,75.86,0.406742,1.979988,0.851643,0.407348,1.992655,0.845443,95.58246810537499,-92.73899023661419
78.25,75.87,0.407136,1.958821,0.866345,0.407776,1.971373,0.860349,96.09255934222895,-92.91886322325225
78.26,75.88,0.407667,1.93861,0.881677,0.408728,1.950791,0.875344,99.51073000837991,-94.97806255514146
78.27,75.89,0.408313,1.918828,0.898363,0.409309,1.930883,0.891473,98.2255447946231,-94.7231252389071
78.28,75.9,0.409015,1.89988,0.916726,0.410022,1.911616,0.909505,97.93894672099839,-94.90421580125007
78.29,75.91,0.410205,1.881351,0.936633,0.410865,1.893029,0.929074,94.99001929311292,-93.23471736435
78.3,75.92,0.41171,1.861173,0.956609,0.411843,1.873024,0.949449,91.06417072630839,-90.64298529877601
78.31,75.93,0.413577,1.83876,0.976283,0.412818,1.850745,0.969714,83.40911689739737,-86.37634548064693
78.32,75.94,0.416032,1.815277,0.995846,0.414865,1.82743,0.989033,80.28012447076712,-84.51495205561176
78.33,75.95,0.419014,1.790984,1.01555,0.417784,1.802773,1.008301,80.3698545728712,-84.04362140465973
78.34,75.96,0.421771,1.767134,1.036197,0.42122,1.778904,1.029046,85.59394227690565,-87.31971601902535
78.35,75.97,0.424672,1.744426,1.058054,0.424093,1.755804,1.050254,85.75467632595831,-87.08686366505931
78.36,75.98,0.427485,1.722996,1.081989,0.427327,1.734064,1.073413,88.94453018558795,-89.18213604120089
78.37,75.99,0.430518,1.701778,1.106938,0.42994,1.712892,1.098653,86.00924695056457,-87.02293035283262
78.38,76.0,0.434099,1.678639,1.131895,0.432605,1.689968,1.124366,78.77643785814733,-82.48752813882625
78.39,76.01,0.437993,1.653505,1.156537,0.435925,1.664801,1.149345,73.95784920361785,-79.62553753330877
78.4,76.02,0.442566,1.628242,1.181696,0.440488,1.639674,1.1744,74.10232636401727,-79.69779982458643
78.41,76.03,0.447218,1.603177,1.206837,0.444743,1.613609,1.198251,73.91984670343437,-76.65329984549403
78.42,76.04,0.451522,1.578427,1.233902,0.449866,1.588822,1.225269,79.14130672199296,-80.94842205644986
78.43,76.05,0.455766,1.555488,1.262276,0.454524,1.565673,1.253293,82.12812586605719,-83.04744812259172
78.44,76.06,0.460409,1.533631,1.29223,0.459275,1.543841,1.282815,83.13203129443407,-83.66227195289794
78.45,76.07,0.465469,1.510669,1.322142,0.464108,1.521166,1.313498,81.05222258003816,-82.61246571604336
78.46,76.08,0.470763,1.485293,1.352218,0.469203,1.496612,1.344563,78.48151094665698,-82.15285322583425
78.47,76.09,0.476402,1.459584,1.382392,0.474472,1.470382,1.374152,76.8176286908769,-79.86614615215271
78.48,76.1,0.483251,1.434871,1.41281,0.480441,1.444729,1.403637,72.96840278544362,-74.08992162277927
78.49,76.11,0.4903,1.411132,1.444663,0.487544,1.420968,1.435112,73.90417818335223,-74.34738295323102
78.5,76.12,0.496727,1.389381,1.477794,0.495014,1.399348,1.468253,79.82150570102424,-80.2480112778908
78.51,76.13,0.50381,1.369033,1.51204,0.502167,1.378664,1.502907,79.80173839171798,-80.31882708446008
78.52,76.14,0.511889,1.347965,1.548373,0.509461,1.35774,1.538652,75.97623866819544,-76.05067695540738
78.53,76.15,0.519492,1.324858,1.583902,0.516785,1.334979,1.574553,73.85164348113882,-75.02595702153909
78.54,76.16,0.527438,1.301125,1.619647,0.524428,1.310906,1.60986,72.90467619085545,-72.89480126108222
78.55,76.17,0.535928,1.278222,1.654228,0.532967,1.287399,1.644343,73.32468817230836,-72.11747270419028
78.56,76.18,0.545344,1.256635,1.691211,0.542754,1.26568,1.68107,75.67299164362221,-74.02114427106005
78.57,76.19,0.554135,1.237058,1.729406,0.552474,1.244941,1.718369,81.4415666757227,-78.1014520732629
78.58,76.2,0.563963,1.219666,1.768308,0.56202,1.227563,1.75686,80.36732655464687,-76.17734811187458
78.59,76.21,0.574578,1.202666,1.808281,0.572692,1.210743,1.797395,80.17106892669733,-76.85678389080768
78.6,76.22,0.585888,1.183922,1.849189,0.582989,1.193058,1.839172,73.85913339658896,-72.39492837550394
78.61,76.23,0.597835,1.163778,1.889508,0.594588,1.172935,1.879565,71.91496058496367,-70.47589482813598
78.62,76.24,0.609636,1.143651,1.929328,0.606834,1.152037,1.918636,75.31501045404055,-71.52406707855098
78.63,76.25,0.62157,1.123828,1.969529,0.619337,1.13224,1.958858,78.18090421725853,-75.13346418338843
78.64,76.26,0.633373,1.106662,2.01117,0.63194,1.115,2.00007,82.64385368074727,-80.24820079151993
78.65,76.27,0.645577,1.092277,2.053482,0.643888,1.099865,2.041905,81.69952340475207,-77.45120632140963
78.66,76.28,0.658521,1.079973,2.096751,0.656642,1.086652,2.084546,81.24784087586579,-74.28713899862329
78.67,76.29,0.671916,1.067707,2.140547,0.669622,1.074319,2.12882,78.93174108057609,-70.86604110269401
78.68,76.3,0.686262,1.054027,2.184921,0.682674,1.060413,2.173244,72.91934062768976,-60.670368546807495
78.69,76.31,0.700144,1.038293,2.228799,0.696634,1.043906,2.216765,73.73942963540765,-57.98085567691746
78.7,76.32,0.714063,1.020572,2.273389,0.711381,1.027656,2.261943,76.81250329361787,-69.26335123411948
78.71,76.33,0.72821,1.003728,2.317998,0.725499,1.011211,2.306519,76.71191603443003,-70.08516347945431
78.72,76.34,0.742056,0.989166,2.3631,0.739836,0.996527,2.35145,79.2111822902578,-73.2172426047299
78.73,76.35,0.755486,0.977189,2.408148,0.753176,0.984105,2.395995,79.23780121704037,-71.53026321564953
78.74,76.36,0.768401,0.968331,2.453127,0.766596,0.973463,2.440434,81.90655440059108,-70.62247558208004
78.75,76.37,0.781365,0.960219,2.500257,0.779178,0.964544,2.487082,80.57505824525757,-63.17588505399289
78.76,76.38,0.794397,0.950211,2.548726,0.791416,0.956,2.536627,76.15891628522559,-62.754153207255385
78.77,76.39,0.807553,0.938329,2.597135,0.804318,0.945378,2.585725,74.17073506600074,-65.3481736148921
78.78,76.4,0.821888,0.925421,2.644876,0.818873,0.932673,2.633535,75.11229964253923,-67.42502933518446
78.79,76.41,0.836348,0.913014,2.692121,0.833412,0.920179,2.680791,75.47221411713613,-67.71766738065057
78.8,76.42,0.849446,0.901477,2.739667,0.84744,0.90828,2.727839,80.37436634043365,-73.5707978871641
78.81,76.43,0.861375,0.892025,2.787697,0.860139,0.898303,2.775354,84.28159375992473,-78.86216859584405
78.82,76.44,0.872441,0.883732,2.836226,0.871912,0.889871,2.824204,87.48045849435344,-85.07496652460645
78.83,76.45,0.884192,0.8778,2.884684,0.881547,0.883537,2.872329,77.91632803538343,-65.24829691360311
78.84,76.46,0.895237,0.873605,2.934284,0.892251,0.878512,2.921513,76.8400264646569,-58.67871614899963
78.85,76.47,0.906045,0.86886,2.985092,0.902931,0.873942,2.972647,75.9518411245501,-58.502078679686555
78.86,76.48,0.916386,0.861993,3.036141,0.913759,0.867568,3.02384,77.94501066384176,-64.7696819378711
78.87,76.49,0.927357,0.853676,3.087125,0.924771,0.859063,3.074634,78.3033504512981,-64.3569195821237
78.88,76.5,0.937859,0.844295,3.137281,0.935507,0.849606,3.124711,79.40181247513657,-66.11362892500027
78.89,76.51,0.948705,0.834879,3.187766,0.9451,0.840346,3.176156,72.75000370304164,-56.598702116617076
78.9,76.52,0.959796,0.82717,3.238561,0.956104,0.832302,3.226056,73.55119118398393,-54.268471384177445
78.91,76.53,0.97091,0.821423,3.288841,0.967807,0.826764,3.276421,75.9724405066976,-59.844382686341696
78.92,76.54,0.98136,0.817589,3.339246,0.97901,0.822723,3.326701,79.38999651315066,-65.40487823461721
78.93,76.55,0.99127,0.816187,3.389624,0.988446,0.820106,3.376874,77.51116674805066,-54.223780764921344
78.94,76.56,1.001009,0.816686,3.440259,0.998508,0.819497,3.42736,79.02701714808553,-48.3399038116486
78.95,76.57,1.01013,0.815129,3.492747,1.007605,0.818759,3.480119,78.69268516609924,-55.17782320802486
78.96,76.58,1.020008,0.811726,3.546136,1.017175,0.816647,3.533638,77.22823419181093,-60.07113804291942
78.97,76.59,1.029933,0.806742,3.599409,1.02724,0.811989,3.586715,78.02242780878284,-62.831034481650924
78.98,76.6,1.03969,0.800816,3.652149,1.037536,0.806719,3.639272,80.50376899119479,-69.953014268683
78.99,76.61,1.050663,0.795008,3.703161,1.048425,0.801591,3.691241,79.36641501891856,-71.22368317308865
79.0,76.62,1.061061,0.792129,3.754715,1.058823,0.798426,3.741879,80.10970607261969,-70.43441372564799
79.01,76.63,1.071482,0.791691,3.805316,1.069068,0.796723,3.792421,79.39671019361525,-64.37158112178084
79.02,76.64,1.081605,0.792209,3.855728,1.077998,0.796022,3.842796,74.41512344018759,-46.590282954218516
79.03,76.65,1.092155,0.79474,3.907122,1.089142,0.79838,3.894032,77.03767440505565,-50.38383575335811
79.04,76.66,1.10261,0.799074,3.95975,1.099884,0.802535,3.946321,78.5252434943519,-51.77484244631345
79.05,76.67,1.112947,0.802029,4.012511,1.109941,0.806304,3.999798,76.69669571897114,-54.88672762738869
79.06,76.68,1.123158,0.802931,4.065567,1.120079,0.807412,4.052729,76.51321327657564,-55.50613135811964
79.07,76.69,1.13335,0.802007,4.118491,1.13065,0.806377,4.105424,78.32542083572162,-58.29019701904913
79.08,76.7,1.144045,0.800692,4.170654,1.140801,0.804837,4.157968,75.65599154258106,-51.952212045710816
79.09,76.71,1.155136,0.800789,4.221626,1.150784,0.803681,4.208692,71.40307160442742,-33.60491462549235
79.1,76.72,1.166178,0.802365,4.272239,1.161935,0.804342,4.259041,72.17801956889389,-24.982878642160223
79.11,76.73,1.177595,0.805024,4.323726,1.173973,0.807503,4.310565,74.61272025319884,-34.38885020839514
79.12,76.74,1.189058,0.809453,4.374735,1.186087,0.812298,4.361552,77.29965819146919,-43.75891693709303
79.13,76.75,1.201292,0.816375,4.424996,1.198045,0.818509,4.41187,76.10558002267116,-33.31379970259121
79.14,76.76,1.213644,0.822322,4.476338,1.210697,0.825014,4.463055,77.49083274670096,-42.41080387808497
79.15,76.77,1.226906,0.826852,4.52789,1.223549,0.829996,4.514786,75.6309140502521,-43.12342149201258
79.16,76.78,1.239674,0.829053,4.579825,1.236507,0.832679,4.566857,76.27605442323586,-48.86557463200846
79.17,76.79,1.25205,0.82995,4.631756,1.249384,0.833792,4.618734,78.42969543833215,-55.24285484620061
79.18,76.8,1.264588,0.830854,4.68266,1.260954,0.834611,4.669874,74.13394304242239,-45.95342042941552
79.19,76.81,1.277378,0.832469,4.733021,1.272443,0.835652,4.720379,68.67604429095749,-32.82140114178361
79.2,76.82,1.289993,0.834917,4.783071,1.285766,0.838263,4.770022,72.0511567001551,-38.364360577168384
79.21,76.83,1.303625,0.838929,4.832209,1.299416,0.842238,4.819242,72.01692223116822,-38.173455131878974
79.22,76.84,1.317693,0.845137,4.88038,1.313515,0.847879,4.867387,72.17440241240077,-33.27668523635882
79.23,76.85,1.332251,0.853839,4.928372,1.327489,0.855905,4.915166,70.17101712831969,-23.45367476360694
79.24,76.86,1.34667,0.863043,4.97718,1.341655,0.865275,4.963916,69.28884224239884,-23.992163274615784
79.25,76.87,1.360099,0.869691,5.026681,1.355987,0.872656,5.013714,72.4055190283158,-35.79387725861757
79.26,76.88,1.374631,0.874659,5.075981,1.371513,0.878163,5.063219,76.27051016537176,-48.33602735564492
79.27,76.89,1.389808,0.878975,5.125391,1.385991,0.881844,5.112424,73.59754249674074,-36.929893204558795
79.28,76.9,1.40333,0.883712,5.172664,1.399786,0.884783,5.160338,73.95887599275618,-16.8148643601357
79.29,76.91,1.416171,0.887518,5.220311,1.413433,0.889606,5.208264,77.19552837014149,-37.32915927651455
79.3,76.92,1.436435,0.895493,5.269655,1.428848,0.896214,5.255611,61.62072061437228,-5.428571301652132
79.31,76.93,1.450616,0.901998,5.315309,1.444928,0.903544,5.302297,66.3881800864567,-15.205671415811313
79.32,76.94,1.465163,0.910805,5.359555,1.461504,0.912792,5.346923,73.84574969365782,-28.503931437473113
79.33,76.95,1.481531,0.921904,5.404673,1.478746,0.923947,5.39134,78.20168336499695,-36.262755646025525
79.34,76.96,1.500524,0.933969,5.450012,1.496261,0.935604,5.43728,71.48813326873575,-20.983453319494398
79.35,76.97,1.517656,0.943169,5.495705,1.514065,0.945715,5.483109,74.08765218855237,-35.336439052699504
79.36,76.98,1.535304,0.951847,5.540955,1.532544,0.954043,5.52886,77.14558043728421,-38.50758815656
79.37,76.99,1.554291,0.95882,5.586665,1.550101,0.961487,5.574131,71.51569609590602,-32.47738556830735
79.38,77.0,1.572924,0.967706,5.631099,1.567856,0.970136,5.618662,67.82941055556111,-25.616743529798534
79.39,77.01,1.591534,0.978036,5.673507,1.586419,0.980101,5.661102,67.59199396421799,-21.98464734181814
79.4,77.02,1.612321,0.989824,5.715214,1.605217,0.991176,5.702366,61.060630191483504,-10.775402849079263
79.41,77.03,1.631411,1.00334,5.75414,1.625664,1.004349,5.741953,64.75293200917065,-9.957922941104536
79.42,77.04,1.649778,1.017386,5.792762,1.646462,1.019045,5.780781,74.52942537772353,-26.578872375584748
79.43,77.05,1.674593,1.033264,5.832932,1.668413,1.033546,5.820794,63.017315588639214,-2.6126552626004473
79.44,77.06,1.697006,1.045988,5.87324,1.689591,1.046456,5.861255,58.25533438324462,-3.6114503317834203
79.45,77.07,1.718622,1.057596,5.912639,1.710674,1.056963,5.900942,55.804265708781216,4.553577800639512
79.46,77.08,1.740157,1.068737,5.951487,1.732937,1.068219,5.94062,56.400064150358055,4.103663049427071
79.47,77.09,1.763621,1.080721,5.990607,1.755847,1.080474,5.979045,56.08409926155293,1.8198222628058909
79.48,77.1,1.786431,1.093272,6.027169,1.77913,1.093641,6.015389,58.21022266947853,-2.8933253508629293
79.49,77.11,1.811369,1.107965,6.062092,1.803455,1.107928,6.050308,56.11514100811142,0.2678706591162821
79.5,77.12,1.836956,1.124032,6.094835,1.828503,1.123537,6.083393,53.54414368915954,3.3513614958302607
79.51,77.13,1.863461,1.140141,6.127862,1.855048,1.139592,6.11649,53.50598229110186,3.7336083660701425
79.52,77.14,1.890708,1.154261,6.161952,1.882233,1.154885,6.150502,53.49209263461927,-4.2109934302432315
79.53,77.15,1.918114,1.167144,6.195619,1.908884,1.168063,6.184585,50.087337930230575,-5.686007687754405
79.54,77.16,1.945826,1.179392,6.228765,1.935074,1.17952,6.218052,44.89589876812652,-0.6820603931721448
79.55,77.17,1.971884,1.190769,6.261256,1.961874,1.190935,6.251109,45.389413153182346,-0.9500726934532171
79.56,77.18,1.998761,1.20312,6.293505,1.988646,1.203325,6.283038,45.97979537525308,-1.1610506207856734
79.57,77.19,2.025505,1.216609,6.323859,2.015471,1.216707,6.313049,47.13207641687299,-0.559578220469327
79.58,77.2,2.053066,1.231508,6.352048,2.042816,1.230941,6.341556,45.66844805491961,3.166207949239158
79.59,77.21,2.081265,1.24716,6.378006,2.070792,1.245579,6.368057,43.530192812552016,8.584529788330293
79.6,77.22,2.110378,1.262507,6.403944,2.100001,1.261151,6.394768,41.48514861104809,7.444862172484957
79.61,77.23,2.141051,1.276748,6.430726,2.129468,1.27565,6.421887,37.34729243970731,5.415120292903698
79.62,77.24,2.170916,1.288759,6.45788,2.159426,1.288736,6.448965,37.80760330640958,0.11469113739496337
79.63,77.25,2.202191,1.299894,6.485748,2.190713,1.300391,6.47602,40.28242354971611,-2.4793714730696914
79.64,77.26,2.231627,1.310451,6.512473,2.220853,1.311357,6.502867,41.71990454802008,-4.806769525586933
79.65,77.27,2.262286,1.322861,6.537379,2.250882,1.322884,6.52832,38.46258906619327,-0.11555604542451117
79.66,77.28,2.290859,1.335619,6.560779,2.27983,1.335146,6.55167,39.55376032943766,2.4557354752019283
79.67,77.29,2.320057,1.349712,6.581814,2.308406,1.348657,6.573551,35.344628415742974,5.174032008386231
79.68,77.3,2.34933,1.364857,6.601217,2.337015,1.362858,6.593918,30.654876296718502,9.219970410835924
79.69,77.31,2.381403,1.378893,6.622442,2.369169,1.377983,6.614448,33.16159990026575,4.253990404880891
79.7,77.32,2.414133,1.39108,6.644338,2.403061,1.39175,6.635354,39.05643411109512,-3.4629170922869568
79.71,77.33,2.445157,1.401275,6.665557,2.434383,1.402873,6.656589,39.773124908801876,-8.436605366290827
79.72,77.34,2.476017,1.411129,6.68638,2.465377,1.41305,6.67785,38.71886251806205,-10.23422332533659
79.73,77.35,2.506869,1.421346,6.706614,2.496842,1.42338,6.698481,39.04585427307514,-11.46698505218259
79.74,77.36,2.53632,1.432208,6.72499,2.526681,1.434155,6.717877,36.42508585495643,-11.419628698994421
79.75,77.37,2.569829,1.446251,6.740873,2.55569,1.445621,6.735448,20.991333677231495,2.5512752802737153
79.76,77.38,2.599205,1.459251,6.756921,2.585641,1.45838,6.751673,21.151778862210637,3.6741521738044574
79.77,77.39,2.632334,1.472526,6.772255,2.618201,1.471404,6.766171,23.29100061526959,4.539115394225287
79.78,77.4,2.662672,1.483574,6.788385,2.651148,1.484335,6.781434,31.097370751536218,-3.7781043056882533
79.79,77.41,2.698093,1.494978,6.803663,2.684149,1.496313,6.79687,25.973627615212813,-5.46883507639302
79.8,77.42,2.730434,1.504463,6.818811,2.716654,1.505834,6.812382,25.01120266597953,-5.681774603266222
79.81,77.43,2.762532,1.51354,6.833659,2.748731,1.514855,6.827732,23.241667026128283,-5.442878936754093
79.82,77.44,2.791931,1.521671,6.847069,2.778535,1.523628,6.842629,18.337376109974905,-8.311453493493348
79.83,77.45,2.822107,1.531329,6.859766,2.808573,1.532532,6.856207,14.733351579629204,-5.079514520394065
79.84,77.46,2.853379,1.54173,6.871263,2.840372,1.542962,6.867068,17.875478939352845,-5.410812164341711
79.85,77.47,2.884634,1.552615,6.881422,2.872646,1.553893,6.876607,21.882942882110402,-6.08512565729573
79.86,77.48,2.916686,1.563027,6.890777,2.904486,1.565109,6.886168,20.695907381115838,-9.684557054569675
79.87,77.49,2.949622,1.572372,6.900401,2.93757,1.575215,6.895916,20.412116413230976,-13.273108052025297
79.88,77.5,2.982258,1.580228,6.909882,2.968283,1.582668,6.906155,14.932693065856517,-9.9038674519807
79.89,77.51,3.013906,1.58747,6.918734,2.999786,1.589916,6.916048,10.770499024865984,-9.827786051408923
79.9,77.52,3.044855,1.594912,6.926329,3.03045,1.597004,6.925113,4.825191281983675,-8.263144866735688
79.91,77.53,3.075847,1.603103,6.932915,3.061584,1.605022,6.932733,0.7310710198571769,-7.66278275457582
79.92,77.54,3.10674,1.612071,6.938683,3.092536,1.613781,6.938281,1.6211459136543738,-6.864722770501906
79.93,77.55,3.137784,1.621385,6.9436,3.123513,1.623421,6.942916,2.7440505105906703,-8.119422595901382
79.94,77.56,3.16731,1.630122,6.94808,3.155264,1.632425,6.947258,3.9037217342396686,-10.82341611142427
79.95,77.57,3.196221,1.637335,6.949193,3.186638,1.640275,6.951223,-11.960354167359357,-17.055661542549018
79.96,77.58,3.233774,1.641562,6.957397,3.218182,1.64599,6.954668,9.927671699430705,-15.85411117690273
79.97,77.59,3.268951,1.64668,6.961569,3.247756,1.651659,6.957642,10.496704199500247,-13.219875829214294
79.98,77.6,3.300054,1.652765,6.963645,3.276252,1.658301,6.959691,9.431871896771797,-13.093380099406566
79.99,77.61,3.32857,1.660065,6.96347,3.304595,1.664819,6.960485,7.097072212432038,-11.215687762058947
80.0,77.62,3.355945,1.66855,6.961306,3.33384,1.672687,6.959707,4.1373741381954,-10.6004049241527
80.01,77.63,3.382174,1.676249,6.957396,3.363315,1.680295,6.956992,1.2272100876437564,-12.108657575093176
80.02,77.64,3.406954,1.682395,6.95235,3.391546,1.687051,6.953347,-3.7022564187174134,-16.813802909268713
80.03,77.65,3.430168,1.688034,6.946538,3.4176,1.692149,6.949117,-11.596325782734342,-18.129421724553826
80.04,77.66,3.452317,1.693191,6.939884,3.448976,1.695419,6.948769,-69.39238343564752,-33.69798185420265
80.05,77.67,3.474812,1.698482,6.932821,3.475464,1.699717,6.945047,-93.0526332829684,-117.83115152172337
80.06,77.68,3.49676,1.704761,6.925027,3.500182,1.704786,6.939782,-103.05727662744938,-179.58142343512458
80.07,77.69,3.518664,1.71177,6.915716,3.52937,1.710441,6.934152,-120.14423450685814,172.92373086773017
80.08,77.7,3.561113,1.715565,6.928149,3.556468,1.712896,6.945542,-75.04746656809085,29.88151749667282
80.09,77.71,3.591865,1.72013,6.921341,3.584745,1.717483,6.939276,-68.34746050985804,20.39360711870774
80.1,77.72,3.622441,1.723355,6.914828,3.614788,1.721598,6.933169,-67.35108321100772,12.930079763248637
80.11,77.73,3.647803,1.725567,6.906458,3.645145,1.724289,6.926883,-82.5855019641209,25.678835913123446
80.12,77.74,3.671509,1.72791,6.896589,3.673629,1.726767,6.919721,-95.23641168302105,151.6686314923048
80.13,77.75,3.695615,1.730549,6.886872,3.701081,1.730254,6.909605,-103.51975263062926,176.91074408398714
80.14,77.76,3.720889,1.735209,6.875056,3.727161,1.734311,6.897729,-105.46296583141938,171.85199351462003
80.15,77.77,3.748221,1.738718,6.862384,3.752401,1.737436,6.885671,-100.17618314722698,162.9492985288168
80.16,77.78,3.778871,1.74081,6.85035,3.778365,1.740534,6.874125,-88.78076600349893,28.610459665954647
80.17,77.79,3.804248,1.743201,6.836775,3.806349,1.742528,6.862283,-94.7086134278905,162.2385083949128
80.18,77.8,3.828108,1.743305,6.823166,3.834013,1.742972,6.849871,-102.46859325383234,176.7723441465467
80.19,77.81,3.849561,1.744297,6.808197,3.860386,1.743612,6.836944,-110.63441859981967,176.37918261220565
80.2,77.82,3.870575,1.744964,6.792509,3.884411,1.745122,6.820494,-116.30814691663562,-179.34574012086568
80.21,77.83,3.89458,1.7457,6.775341,3.906846,1.747305,6.803337,-113.65986117167068,-172.54522906314693
80.22,77.84,3.919426,1.746334,6.757762,3.928586,1.748699,6.786227,-107.83810781512338,-165.52308495344073
80.23,77.85,3.942269,1.745754,6.739149,3.952353,1.749853,6.7692,-108.5498408911827,-157.8789698245206
80.24,77.86,3.964028,1.743878,6.719992,3.976674,1.749635,6.751083,-112.13361585245995,-155.52294225400257
80.25,77.87,3.985228,1.741759,6.700889,4.001193,1.747899,6.732898,-116.50845958749488,-158.96369142960293
80.26,77.88,4.003949,1.741088,6.680996,4.023606,1.746472,6.713811,-120.92265593780299,-164.68250119164284
80.27,77.89,4.02139,1.741608,6.660388,4.043415,1.746155,6.692246,-124.65800917899494,-168.33532108712967
80.28,77.9,4.040446,1.742402,6.637941,4.061371,1.746691,6.670254,-122.92597094355212,-168.41651610957055
80.29,77.91,4.061723,1.742104,6.615173,4.078324,1.746151,6.648135,-116.73167884525445,-166.2996337499582
80.3,77.92,4.079626,1.744075,6.591135,4.098416,1.745271,6.626044,-118.29165260591543,-176.35798647795542
80.31,77.93,4.096211,1.740983,6.56748,4.1188,1.742974,6.602427,-122.87777069709388,-174.96295280330426
80.32,77.94,4.111934,1.73702,6.544056,4.137984,1.739419,6.578526,-127.0794216195888,-174.73835071654742
80.33,77.95,4.126883,1.73377,6.520031,4.156188,1.736202,6.554811,-130.1168836195761,-175.2559373707924
80.34,77.96,4.141745,1.730687,6.494979,4.171319,1.734141,6.528503,-131.41789940329735,-173.3385030449017
80.35,77.97,4.155511,1.726142,6.468842,4.183952,1.733031,6.502083,-130.55029663737045,-166.38401840288046
80.36,77.98,4.169508,1.724621,6.441505,4.198148,1.730817,6.47555,-130.0718732697188,-167.79271310133512
80.37,77.99,4.183845,1.721271,6.413789,4.210679,1.728631,6.448955,-127.34604324897899,-164.6621669772263
80.38,78.0,4.195251,1.716375,6.386041,4.225523,1.724579,6.420932,-130.94544000764913,-164.8365278051784
80.39,78.01,4.206131,1.7113,6.358466,4.239607,1.71918,6.392563,-134.4734631073568,-166.7541379277409
80.4,78.02,4.218684,1.705925,6.329852,4.253498,1.713721,6.364802,-134.8883060583832,-167.37782400259826
80.41,78.03,4.228611,1.702362,6.301325,4.26338,1.709723,6.335126,-135.80878854708817,-168.04632891633196
80.42,78.04,4.236356,1.700263,6.272283,4.271688,1.706867,6.304926,-137.26536314719078,-169.41285440855648
80.43,78.05,4.243592,1.697844,6.242167,4.277772,1.703692,6.275222,-135.95860396389438,-170.2910332192174
80.44,78.06,4.251032,1.693481,6.211562,4.286852,1.699592,6.24575,-136.3354156598607,-170.31837826943723
80.45,78.07,4.260101,1.686983,6.180098,4.296854,1.694444,6.21453,-136.867477831755,-168.5246758823479
80.46,78.08,4.268328,1.679065,6.148827,4.30528,1.687585,6.18288,-137.33797991880058,-167.0162549285526
80.47,78.09,4.275646,1.671326,6.117452,4.31359,1.680384,6.151552,-138.05419366103155,-166.57361931012449
80.48,78.1,4.281116,1.664934,6.086298,4.319554,1.67347,6.119778,-138.94370977187353,-167.47939963413077
80.49,78.11,4.283915,1.660572,6.055677,4.324104,1.667727,6.087689,-141.4614034526928,-169.90518359280753
80.5,78.12,4.287471,1.656145,6.023907,4.327728,1.66304,6.055724,-141.679024146825,-170.28099390040273
80.51,78.13,4.290416,1.651613,5.990949,4.330519,1.658028,6.023001,-141.36668504837218,-170.9117848100476
80.52,78.14,4.294142,1.645783,5.957275,4.334251,1.652525,5.990336,-140.50196317747304,-170.4582406152177
80.53,78.15,4.298633,1.637283,5.923398,4.337899,1.645907,5.956696,-139.7016887450163,-167.61279207496216
80.54,78.16,4.302031,1.627107,5.889897,4.340796,1.637398,5.922291,-140.1161584141545,-165.13253729664427
80.55,78.17,4.305215,1.617567,5.85849,4.343774,1.628331,5.888015,-142.55836933586755,-164.40257258291948
80.56,78.18,4.316878,1.606249,5.823949,4.346566,1.61983,5.855881,-132.91439568303093,-155.41791616954677
80.57,78.19,4.335121,1.593844,5.786136,4.349566,1.608327,5.81997,-113.11944851006687,-134.92473595239338
80.58,78.2,4.344375,1.584054,5.749552,4.342554,1.591007,5.76145,-81.29835237564751,-75.32379046932138
80.59,78.21,4.343947,1.576806,5.715082,4.342597,1.583861,5.727008,-83.54172061985955,-79.16719541134295
80.6,78.22,4.34658,1.569361,5.679277,4.338983,1.576798,5.692499,-60.11950157708424,-44.39025019042361
80.61,78.23,4.339399,1.562484,5.64455,4.337757,1.569534,5.656484,-82.16585818545605,-76.88910217173117
80.62,78.24,4.337267,1.553633,5.608834,4.336631,1.560907,5.620721,-86.93737667280664,-85.00306847130925
80.63,78.25,4.33541,1.543314,5.573136,4.333569,1.550228,5.584828,-81.0517844443768,-75.08973202737191
80.64,78.26,4.331726,1.530823,5.537082,4.334775,1.538355,5.549153,-104.17576304175323,-112.03840562298707
80.65,78.27,4.331675,1.517743,5.501822,4.329006,1.526134,5.512742,-76.26538204836591,-72.3552309209192
80.66,78.28,4.330115,1.505715,5.465683,4.336905,1.524581,5.503821,-100.09503090713214,-109.79414436583697
80.67,78.29,4.326656,1.495268,5.429767,4.324436,1.503023,5.441461,-79.25082887630836,-74.02533422703546
80.68,78.3,4.321215,1.486113,5.393846,4.32087,1.493502,5.405689,-88.33138096860374,-87.32674268545772
80.69,78.31,4.317224,1.478425,5.35703,4.316102,1.485071,5.369359,-84.80012396863926,-80.41749071428518
80.7,78.32,4.311565,1.470425,5.31946,4.311373,1.477179,5.331756,-89.10540861131328,-88.37165712873286
80.71,78.33,4.306202,1.460913,5.281267,4.306323,1.46834,5.293141,-90.58384279623317,-90.93337498819132
80.72,78.34,4.299826,1.449557,5.242978,4.301958,1.457361,5.254338,-100.6293996633997,-105.27996509330723
80.73,78.35,4.294172,1.436485,5.204845,4.296221,1.444377,5.216041,-100.37103280351637,-104.55435758288202
80.74,78.36,4.289633,1.423641,5.166529,4.290515,1.430636,5.177814,-94.46897259325156,-97.18650329884242
80.75,78.37,4.282537,1.409635,5.129461,4.284972,1.417415,5.140933,-101.98351851506204,-107.37918102680699
80.76,78.38,4.275764,1.397827,5.091483,4.279549,1.405085,5.103227,-107.86372807841954,-117.54174926129141
80.77,78.39,4.268527,1.387725,5.052783,4.269799,1.394528,5.06491,-95.98785425647607,-100.59066767449507
80.78,78.4,4.261475,1.378725,5.014057,4.262747,1.38534,5.026341,-95.9118698642172,-100.88456329049674
80.79,78.41,4.253415,1.37119,4.974414,4.254798,1.377196,4.986955,-96.29305207168849,-102.96744159114652
80.8,78.42,4.24475,1.362554,4.933697,4.246628,1.369158,4.945795,-98.82372838255557,-105.87432642853639
80.81,78.43,4.235556,1.351722,4.892859,4.238975,1.35928,4.904147,-106.8509320328046,-114.3404906037536
80.82,78.44,4.226151,1.339231,4.852184,4.229825,1.347016,4.863156,-108.51324308891151,-115.26418061225418
80.83,78.45,4.217791,1.326985,4.811224,4.220289,1.334133,4.822812,-102.1649732853285,-109.26290637826304
80.84,78.46,4.207756,1.313247,4.77177,4.211775,1.321187,4.782743,-110.11589539728887,-116.84722319562431
80.85,78.47,4.197971,1.302239,4.731771,4.201776,1.308806,4.743628,-107.79182430646745,-120.08852637923202
80.86,78.48,4.188446,1.292261,4.690733,4.191526,1.298667,4.702753,-104.37221955941848,-115.67821275823295
80.87,78.49,4.177527,1.283555,4.650044,4.179912,1.290081,4.662175,-101.1227039117042,-110.07539853951032
80.88,78.5,4.166218,1.277053,4.608634,4.168673,1.282781,4.62126,-101.00329792943234,-113.1997977317776
80.89,78.51,4.155524,1.269944,4.565792,4.157712,1.276074,4.578431,-99.82141668568818,-109.64316547993127
80.9,78.52,4.143106,1.261517,4.522589,4.147448,1.268325,4.5341,-110.66669678627277,-122.52887879543508
80.91,78.53,4.130466,1.250801,4.47995,4.135186,1.25789,4.491236,-112.69552334826287,-123.65648157120965
80.92,78.54,4.118414,1.239769,4.437115,4.12311,1.246618,4.449263,-111.13479158777277,-124.43638805157386
80.93,78.55,4.107014,1.227917,4.395596,4.111482,1.235018,4.407279,-110.928654470164,-122.17839641981655
80.94,78.56,4.094354,1.217089,4.352722,4.09814,1.223549,4.364852,-107.33411999557057,-120.37320754325044
80.95,78.57,4.083502,1.206984,4.31037,4.086199,1.213317,4.322575,-102.46069259104435,-113.06743409969057
80.96,78.58,4.068526,1.200067,4.267138,4.075628,1.205086,4.279935,-119.02912798714334,-144.75106187864696
80.97,78.59,4.054785,1.195213,4.224184,4.064782,1.198631,4.237482,-126.93464406015691,-161.12430991294164
80.98,78.6,4.040371,1.191078,4.179748,4.053023,1.193409,4.193595,-132.41793654942143,-169.56091098521532
80.99,78.61,4.025788,1.18529,4.135164,4.030725,1.190628,4.147829,-111.29655530305693,-132.76506534243327
81.0,78.62,4.010759,1.17751,4.090286,4.016512,1.183497,4.10266,-114.93496306266253,-133.85813991809493
81.01,78.63,3.995841,1.16812,4.046134,4.001666,1.173978,4.05798,-116.18459897207032,-134.83816179958174
81.02,78.64,3.982183,1.158223,4.002095,3.9877,1.163726,4.013983,-114.89513890839427,-135.07278951738905
81.03,78.65,3.96601,1.149493,3.957552,3.97299,1.154342,3.969819,-119.64014789683242,-145.21232465878336
81.04,78.66,3.950963,1.141549,3.913358,3.960409,1.145328,3.925643,-127.5568697992011,-158.1954531963825
81.05,78.67,3.935288,1.135793,3.869082,3.944384,1.139314,3.881436,-126.36346347225464,-158.83891689764337
81.06,78.68,3.919445,1.131159,3.825011,3.924392,1.135643,3.836751,-112.8495796100622,-137.81058895693076
81.07,78.69,3.902802,1.129029,3.780809,3.90731,1.13322,3.79309,-110.15672616312074,-137.08699031993964
81.08,78.7,3.885582,1.127599,3.735358,3.890099,1.131473,3.747944,-109.74259700811227,-139.3819958705328
81.09,78.71,3.867479,1.124657,3.690258,3.873085,1.128949,3.70187,-115.77015553422393,-142.56203250341892
81.1,78.72,3.849446,1.119983,3.644928,3.855512,1.124226,3.656294,-118.08870632528735,-145.02827024607814
81.11,78.73,3.831699,1.113776,3.600161,3.837555,1.117484,3.611743,-116.82171559863293,-147.65814333487594
81.12,78.74,3.813696,1.105988,3.554136,3.819715,1.111013,3.565327,-118.27327079798287,-140.1429704086409
81.13,78.75,3.79576,1.09903,3.508576,3.801615,1.104329,3.520362,-116.41707586320422,-137.85369439025158
81.14,78.76,3.777823,1.094002,3.464511,3.782696,1.09868,3.475998,-112.9875639514527,-136.16962883250864
81.15,78.77,3.758799,1.090922,3.420147,3.763373,1.095743,3.431616,-111.74281517343827,-133.49400763356235
81.16,78.78,3.739797,1.089445,3.376022,3.744343,1.093621,3.387335,-111.89216532481355,-137.42911435843453
81.17,78.79,3.720146,1.090419,3.331622,3.724602,1.093687,3.344365,-109.27382204310629,-143.74393259451895
81.18,78.8,3.700004,1.092312,3.287041,3.705303,1.095158,3.300136,-112.03112461677915,-151.76053415931065
81.19,78.81,3.679155,1.091978,3.241681,3.685078,1.09562,3.254282,-115.17549833916351,-148.41301162314582
81.2,78.82,3.658122,1.089377,3.195978,3.663739,1.094022,3.208342,-114.43243200498127,-140.4108206730683
81.21,78.83,3.636907,1.085363,3.150643,3.642562,1.090424,3.162771,-114.99852820324755,-138.17272300550076
81.22,78.84,3.616134,1.081064,3.105785,3.621726,1.086272,3.117117,-116.26494862108194,-137.03632545479687
81.23,78.85,3.595412,1.078223,3.061095,3.600536,1.08299,3.072515,-114.16513065428646,-137.06710321693495
81.24,78.86,3.57414,1.076735,3.016656,3.579502,1.081279,3.02898,-113.51318402731802,-139.72055856611948
81.25,78.87,3.552692,1.077259,2.97324,3.558293,1.080887,2.985477,-114.59405407342969,-147.067195742092
81.26,78.88,3.531078,1.07959,2.930423,3.535919,1.082559,2.943377,-110.49106590289605,-148.47908414588738
81.27,78.89,3.509329,1.083303,2.886894,3.514533,1.085856,2.899351,-112.67307860342925,-153.86816226257292
81.28,78.9,3.486801,1.087291,2.842406,3.491193,1.09129,2.854452,-110.03197480021181,-137.68153955065802
81.29,78.91,3.463709,1.090532,2.796837,3.468972,1.094757,2.809502,-112.56555616855702,-141.24340618704943
81.3,78.92,3.439373,1.091317,2.752349,3.445534,1.096025,2.76475,-116.41886518865249,-142.61432421481948
81.31,78.93,3.415831,1.091133,2.708143,3.42081,1.095717,2.720179,-112.47368788799372,-137.3652593644452
81.32,78.94,3.392338,1.089832,2.664088,3.398385,1.094484,2.675616,-117.67920860164062,-142.4286606529475
81.33,78.95,3.369776,1.090209,2.620614,3.376072,1.092743,2.633063,-116.82770550409703,-158.07631120925706
81.34,78.96,3.34755,1.092041,2.5776,3.352558,1.09453,2.58999,-112.00840776137437,-153.57240344809728
81.35,78.97,3.326862,1.096695,2.536517,3.329703,1.097831,2.546114,-106.49033459165933,-158.20554515092536
81.36,78.98,3.300422,1.100154,2.490933,3.306307,1.102219,2.503159,-115.70389456758966,-160.6644310568654
81.37,78.99,3.275419,1.106213,2.447551,3.282276,1.108318,2.460407,-118.07410614026679,-162.93426976617587
81.38,79.0,3.251656,1.113691,2.404607,3.25783,1.115988,2.416817,-116.82349283062338,-159.592581631256
81.39,79.01,3.227546,1.119919,2.360245,3.233707,1.122467,2.373075,-115.65044184022372,-157.53151846271516
81.4,79.02,3.203873,1.125069,2.317041,3.208952,1.127067,2.329276,-112.54434229079729,-158.52609165776207
81.41,79.03,3.176791,1.126579,2.273299,3.183261,1.129741,2.285808,-117.34925274387095,-153.9544466849867
81.42,79.04,3.15312,1.129429,2.231055,3.158214,1.131669,2.243298,-112.59094883887693,-156.26332251135076
81.43,79.05,3.128644,1.132579,2.187553,3.134582,1.134574,2.20019,-115.1683623611897,-161.42910809141554
81.44,79.06,3.103455,1.136765,2.145105,3.110409,1.139454,2.157136,-120.02820498843491,-158.85931508233256
81.45,79.07,3.078203,1.142349,2.103856,3.085608,1.145126,2.115517,-122.41647522933927,-159.4431068459555
81.46,79.08,3.0533,1.14951,2.063122,3.060374,1.1515,2.074902,-120.98520973225607,-164.2880784495182
81.47,79.09,3.028226,1.158946,2.022266,3.035459,1.160443,2.034029,-121.58711548222075,-168.3067017735403
81.48,79.1,3.003468,1.169429,1.980371,3.010062,1.170351,1.992677,-118.18401636048965,-172.04027541747695
81.49,79.11,2.978132,1.178119,1.938452,2.985076,1.179195,1.95075,-119.45101291394066,-171.19184544414875
81.5,79.12,2.950987,1.184569,1.896886,2.958396,1.186715,1.908531,-122.46609814404893,-163.84646078854223
81.51,79.13,2.923887,1.189954,1.855137,2.931209,1.19259,1.866748,-122.23589595783655,-160.20056945800843
81.52,79.14,2.897633,1.194566,1.813594,2.904696,1.197735,1.825177,-121.3737087191027,-155.83536131021037
81.53,79.15,2.871592,1.199604,1.772889,2.879355,1.202528,1.784183,-124.50292468981867,-159.36069018964528
81.54,79.16,2.845701,1.205879,1.733001,2.853219,1.208323,1.743963,-124.44325524428247,-161.99135801481597
81.55,79.17,2.819619,1.213791,1.693883,2.827495,1.215503,1.704761,-125.90567186967272,-167.73643435567868
81.56,79.18,2.793235,1.222333,1.65479,2.801363,1.223876,1.665891,-126.2110768607144,-169.2510138998017
81.57,79.19,2.76657,1.232001,1.617235,2.775021,1.233704,1.627998,-128.13864872376138,-168.60664864209392
81.58,79.2,2.738998,1.243305,1.579132,2.747605,1.244947,1.590003,-128.3700502409179,-169.1991846511471
81.59,79.21,2.711206,1.253973,1.540452,2.719471,1.255955,1.551529,-126.72811569284143,-166.51475483296693
81.6,79.22,2.682843,1.263071,1.501717,2.690844,1.265369,1.51293,-125.50963334366784,-163.97518818902367
81.61,79.23,2.65525,1.270816,1.462978,2.662852,1.27316,1.474266,-123.95863222753104,-162.86338136660387
81.62,79.24,2.627433,1.277442,1.424075,2.635368,1.279916,1.435156,-125.60609529866414,-162.68339670296433
81.63,79.25,2.59949,1.284019,1.386333,2.608001,1.287021,1.39695,-128.71701918456088,-160.57123423260973
81.64,79.26,2.571777,1.291459,1.348977,2.580363,1.294323,1.359908,-128.14866046555758,-161.55304032276916
81.65,79.27,2.543761,1.300551,1.313185,2.551911,1.302913,1.324518,-125.72137712432624,-163.8375686427347
81.66,79.28,2.515498,1.311373,1.278883,2.523989,1.312874,1.290169,-126.95590169680825,-169.97508358972178
81.67,79.29,2.486587,1.324139,1.246122,2.495094,1.324805,1.257384,-127.0663794479099,-175.52353183103057
81.68,79.3,2.456355,1.337458,1.212695,2.465306,1.337724,1.223875,-128.68167591728513,-178.29782222403117
81.69,79.31,2.425555,1.348872,1.179086,2.434613,1.34988,1.189938,-129.85124080413075,-173.6500888683463
81.7,79.32,2.394535,1.359001,1.145411,2.403648,1.359571,1.156288,-129.9570470348177,-176.4209256609613
81.71,79.33,2.364055,1.367802,1.112013,2.373488,1.368153,1.12293,-130.8291550506088,-177.8690189009227
81.72,79.34,2.333144,1.376257,1.078907,2.342738,1.376849,1.0895,-132.16689816527295,-176.46902750097735
81.73,79.35,2.302848,1.385548,1.046486,2.311979,1.38591,1.05712,-130.6513969590848,-177.72968832528284
81.74,79.36,2.271643,1.396207,1.01591,2.281352,1.396498,1.026564,-132.342941025225,-178.28323391955064
81.75,79.37,2.240858,1.408677,0.986982,2.250602,1.408511,0.997303,-133.35282549084965,179.023996364395
81.76,79.38,2.208953,1.422279,0.959373,2.218811,1.421439,0.969725,-133.5997783236461,175.1295925262208
81.77,79.39,2.176247,1.435735,0.931789,2.18662,1.435402,0.942114,-135.13287237831662,178.16128946855557
81.78,79.4,2.142627,1.447688,0.903696,2.153325,1.448336,0.913717,-136.8714921944644,-176.53371116202928
81.79,79.41,2.109066,1.457679,0.875275,2.1197,1.459069,0.88546,-136.2354972627134,-172.5529293892916
81.8,79.42,2.075701,1.467139,0.847294,2.086307,1.468552,0.857544,-135.97791124044622,-172.4113722706787
81.81,79.43,2.043037,1.476401,0.819673,2.053198,1.477554,0.829877,-134.87902210371988,-173.52616248045933
81.82,79.44,2.00953,1.487081,0.794247,2.02017,1.487426,0.803964,-137.5960509848069,-178.14284578790324
81.83,79.45,1.977145,1.498868,0.770005,1.987782,1.49851,0.77972,-137.5938784311043,178.07237477759904
81.84,79.46,1.944543,1.511688,0.746993,1.955418,1.510821,0.756498,-138.84579490307686,175.44178430298615
81.85,79.47,1.911943,1.525751,0.725129,1.922862,1.523933,0.734542,-139.23618719662892,170.54703817884854
81.86,79.48,1.878094,1.539569,0.702657,1.889288,1.538403,0.711908,-140.42882608440777,174.05334792503214
81.87,79.49,1.84273,1.552279,0.679206,1.853894,1.552045,0.689031,-138.6502560397685,178.79924314572213
81.88,79.5,1.808211,1.563014,0.656013,1.818733,1.562998,0.666534,-135.0027227952034,179.91287476091875
81.89,79.51,1.773341,1.572792,0.633876,1.783788,1.572607,0.643939,-136.0725991760393,178.98548756249338
81.9,79.52,1.739145,1.581876,0.611916,1.749891,1.581307,0.622026,-136.7466832773629,176.96902273820214
81.91,79.53,1.702309,1.591487,0.592,1.715964,1.590328,0.601063,-146.4272562565133,175.14851496481594
81.92,79.54,1.670639,1.601753,0.572376,1.681616,1.601128,0.58166,-139.77651320229668,176.74125529963268
81.93,79.55,1.636678,1.614235,0.553221,1.64787,1.613145,0.562769,-139.5321947495825,174.43744978247167
81.94,79.56,1.603562,1.627866,0.535002,1.614995,1.626202,0.544451,-140.4273835398446,171.71911039869644
81.95,79.57,1.56959,1.641749,0.517103,1.581404,1.640337,0.526184,-142.4518044350791,173.18438406496017
81.96,79.58,1.534479,1.654037,0.499573,1.546853,1.653253,0.507999,-145.74733220025877,176.3746623642053
81.97,79.59,1.499421,1.664656,0.482112,1.511837,1.663588,0.490235,-146.8058251633533,175.08363101669823
81.98,79.6,1.467881,1.674368,0.464191,1.477195,1.672908,0.473449,-135.17276297268566,171.0911947138062
81.99,79.61,1.42885,1.681353,0.447827,1.441272,1.681209,0.456115,-146.2886495436398,179.33583781178965
82.0,79.62,1.406385,1.690475,0.439957,1.433686,1.686335,0.442303,-175.08858616780623,171.37720253341018
82.01,79.63,1.374185,1.701802,0.42474,1.399764,1.69789,0.42735,-174.17388418186806,171.3046773732081
82.02,79.64,1.34197,1.715666,0.41015,1.367445,1.711084,0.412905,-173.82772196579592,169.80365126142857
82.03,79.65,1.297865,1.733158,0.386461,1.309151,1.731036,0.395154,-142.39486980268728,169.35153470351614
82.04,79.66,1.311056,1.738188,0.387604,1.302441,1.737066,0.384065,22.332619465573604,7.4203190709485565
82.05,79.67,1.231635,1.757766,0.358796,1.244297,1.75629,0.365958,-150.50622153317022,173.35108092978567
82.06,79.68,1.187085,1.769107,0.344647,1.211728,1.767742,0.352651,-162.00630100461098,176.8295702515729
82.07,79.69,1.133327,1.779707,0.329817,1.177737,1.779484,0.339327,-167.91317289072944,179.71229787333115
82.08,79.7,1.082792,1.79057,0.31637,1.146691,1.793165,0.327193,-170.3866691417284,-177.67444106520725
82.09,79.71,1.073417,1.806425,0.307625,1.116938,1.80793,0.316075,-169.01221111226135,-178.01944348364012
82.1,79.72,1.074475,1.822874,0.3001,1.087291,1.821994,0.304689,-160.29917715623364,176.07199833090684
82.11,79.73,1.044807,1.834924,0.289094,1.057002,1.835093,0.293823,-158.80460990706644,-179.20603797105065
82.12,79.74,1.067181,1.841081,0.295239,1.049928,1.838677,0.286603,26.590284586293283,7.93241118580801
82.13,79.75,0.982824,1.862114,0.269885,0.995932,1.861524,0.273437,-164.83812690988256,177.42281745911401
82.14,79.76,0.953527,1.873507,0.259523,0.94665,1.882754,0.261723,-17.739834624819125,-53.36179405064005
82.15,79.77,0.926404,1.886578,0.250521,0.905917,1.901028,0.252689,-6.040740784068884,-35.196286032867896
82.16,79.78,0.897962,1.900299,0.242252,0.872417,1.91676,0.246002,-8.351356832135872,-32.79741819901446
82.17,79.79,0.870575,1.914323,0.236589,0.844831,1.930362,0.241328,-10.43033777252388,-31.923688616843222
82.18,79.8,0.843044,1.927413,0.23262,0.821843,1.942249,0.238333,-15.081183577576201,-34.98349463480824
82.19,79.81,0.815601,1.939414,0.229282,0.802135,1.952835,0.236685,-28.800012590985116,-44.90410578827496
82.2,79.82,0.788448,1.950477,0.22526,0.784391,1.962532,0.236049,-69.3921760674558,-71.39981096035805
82.21,79.83,0.763088,1.962564,0.223607,0.767293,1.971755,0.236092,-108.61373968130832,-114.58470039789466
82.22,79.84,0.739163,1.976117,0.222833,0.749525,1.980917,0.236481,-127.20693562288672,-155.14496371320098
82.23,79.85,0.714994,1.989355,0.223168,0.729768,1.990432,0.236881,-137.13299876691133,-175.8306082537676
82.24,79.86,0.690721,2.000625,0.226643,0.706705,2.000712,0.23696,-147.15945770781343,-179.68814542084317
82.25,79.87,0.667234,2.011108,0.233031,0.681551,2.011514,0.236766,-165.3786372799216,-178.37564755676905
82.26,79.88,0.645212,2.020843,0.242241,0.658547,2.02036,0.240736,173.56079490879435,177.92562661914567
82.27,79.89,0.624491,2.031065,0.249771,0.637502,2.029875,0.245747,162.81437672577547,174.7742057346053
82.28,79.9,0.604365,2.041945,0.254958,0.617372,2.040597,0.250238,160.0551008002299,174.08318863754923
82.29,79.91,0.584711,2.051598,0.262292,0.597548,2.050861,0.256301,154.98164048179189,176.71413216126203
82.3,79.92,0.565941,2.058923,0.268961,0.578623,2.058955,0.26329,155.90727643785175,-179.85542808284936
82.31,79.93,0.546992,2.065259,0.276839,0.559534,2.065978,0.270807,154.3150500106032,-176.71897421626983
82.32,79.94,0.528279,2.071774,0.284243,0.54096,2.073007,0.279859,160.929012719941,-174.44646947611264
82.33,79.95,0.511544,2.078063,0.29562,0.52311,2.078569,0.287828,146.03189937136722,-177.49496893710486
82.34,79.96,0.495277,2.084285,0.306138,0.506581,2.084234,0.297961,144.11906628898683,179.74150168711608
82.35,79.97,0.480305,2.089051,0.315797,0.491997,2.089707,0.308435,147.80296636382053,-176.78868749280178
82.36,79.98,0.466872,2.09194,0.326743,0.478589,2.093914,0.318935,146.32121850210382,-170.43700043698703
82.37,79.99,0.452823,2.094369,0.338055,0.464416,2.097246,0.330754,147.79823669666277,-166.06264455868975
82.38,80.0,0.438135,2.096071,0.348742,0.449801,2.0982,0.342428,151.57637748235774,-169.65755674653732
82.39,80.01,0.424326,2.095979,0.358377,0.43597,2.099054,0.353344,156.62407882321756,-165.2067960569804
82.4,80.02,0.412347,2.095374,0.373049,0.423051,2.099607,0.366219,147.45889854526445,-158.42320257280454
82.41,80.03,0.400714,2.094826,0.385992,0.410629,2.099324,0.378899,144.42079957542646,-155.59829134938008
82.42,80.04,0.389548,2.094117,0.398255,0.400798,2.097906,0.391182,147.84196856410577,-161.38647464343256
82.43,80.05,0.381159,2.092322,0.412727,0.391618,2.096695,0.40531,144.6576397083145,-157.30976577890658
82.44,80.06,0.37309,2.088557,0.42744,0.382419,2.093555,0.419671,140.21316111437736,-151.81987601251365
82.45,80.07,0.36409,2.083432,0.440876,0.373456,2.088752,0.434456,145.57099812698127,-150.40290694086664
82.46,80.08,0.35479,2.076611,0.455193,0.364196,2.082826,0.447485,140.66617215995737,-146.54532760645822
82.47,80.09,0.346142,2.068779,0.469183,0.354867,2.075738,0.461936,140.28691961556913,-141.42437826050562
82.48,80.1,0.337914,2.06059,0.482854,0.346347,2.068421,0.475695,139.67117918527617,-137.11979342030125
82.49,80.11,0.330553,2.052338,0.497523,0.338829,2.060605,0.48999,137.69083821379596,-135.03117100675618
82.5,80.12,0.323088,2.043518,0.512282,0.331759,2.051395,0.504535,138.22119081275454,-137.7470380293645
82.51,80.13,0.315833,2.033442,0.527469,0.323275,2.041628,0.519294,132.31273568419203,-132.27438575532386
82.52,80.14,0.309254,2.022588,0.542477,0.315042,2.031915,0.534739,126.79637466422317,-121.8222471422463
82.53,80.15,0.303991,2.011174,0.557613,0.30934,2.021408,0.549912,124.78326870809263,-117.59469752483677
82.54,80.16,0.298967,1.998441,0.572099,0.30331,2.009429,0.564684,120.35770450832167,-111.56637798076181
82.55,80.17,0.293101,1.984144,0.587311,0.297587,1.995197,0.579691,120.48591383104306,-112.09039675447518
82.56,80.18,0.286498,1.968829,0.601752,0.290683,1.979959,0.594613,120.37953795042527,-110.60680183956744
82.57,80.19,0.280141,1.952392,0.615576,0.283972,1.964102,0.608704,119.13877620204951,-108.11583341026748
82.58,80.2,0.275054,1.935919,0.630174,0.277969,1.94743,0.622829,111.64657459962937,-104.21061477433891
82.59,80.21,0.271068,1.920205,0.645673,0.271973,1.930861,0.63727,96.14704044819787,-94.85440579645544
82.6,80.22,0.267575,1.905431,0.662458,0.267414,1.915464,0.653101,89.01424491622988,-89.08065096975105
82.61,80.23,0.263073,1.889582,0.681376,0.263529,1.899776,0.672461,92.92811283677085,-92.56125858262281
82.62,80.24,0.257325,1.87271,0.700589,0.259546,1.88388,0.692488,105.33169329961981,-101.2458002201754
82.63,80.25,0.251641,1.853574,0.718684,0.253704,1.864861,0.710924,104.88775082701669,-100.35799611296154
82.64,80.26,0.246765,1.833081,0.736181,0.248892,1.844624,0.728686,105.84336893263595,-100.44063372343076
82.65,80.27,0.243032,1.812142,0.754145,0.245046,1.823386,0.746436,104.64144578369849,-100.15500348824477
82.66,80.28,0.240538,1.791734,0.772417,0.241528,1.802462,0.764513,97.13929077905404,-95.27242946696263
82.67,80.29,0.238613,1.77224,0.792366,0.23921,1.782824,0.783717,93.94859648910821,-93.22839881133304
82.68,80.3,0.236656,1.753349,0.814004,0.237759,1.763853,0.805378,97.28682454139945,-95.99452456325255
82.69,80.31,0.235141,1.733784,0.836519,0.237158,1.745299,0.828645,104.3679134786249,-99.93529756361129
82.7,80.32,0.23405,1.713177,0.858908,0.235401,1.72456,0.851842,100.82416162605573,-96.76853040937199
82.71,80.33,0.233597,1.690795,0.881777,0.234198,1.702367,0.874371,94.63941020405846,-92.97302566529339
82.72,80.34,0.234182,1.66837,0.904564,0.234255,1.679676,0.896439,90.5147666911605,-90.36993930500411
82.73,80.35,0.235434,1.647318,0.927724,0.232419,1.656576,0.917977,72.81180492086237,-71.96142021632784
82.74,80.36,0.23706,1.626424,0.952408,0.234909,1.635894,0.94217,78.13475378079359,-77.20305624611977
82.75,80.37,0.238305,1.606144,0.978664,0.23877,1.615614,0.969036,92.76504479304828,-92.81110414421514
82.76,80.38,0.240175,1.585158,1.006119,0.240097,1.595535,0.99721,89.4983773018876,-89.56933731927046
82.77,80.39,0.242382,1.56286,1.033527,0.242433,1.573866,1.025206,90.35116550488206,-90.26549735059766
82.78,80.4,0.245801,1.539092,1.060615,0.245211,1.550572,1.052757,85.70613380375744,-87.05794475593183
82.79,80.41,0.24981,1.515542,1.087946,0.248909,1.52677,1.07934,84.0232262942694,-85.41208447206634
82.8,80.42,0.254396,1.49303,1.115478,0.252752,1.503536,1.106348,79.79237915759842,-81.10636490576786
82.81,80.43,0.259256,1.471043,1.14496,0.258458,1.48094,1.135633,85.10979361122224,-85.39018562090529
82.82,80.44,0.263952,1.450603,1.176012,0.26291,1.460138,1.166112,83.99159657247108,-83.763374202564
82.83,80.45,0.269323,1.43048,1.208004,0.268823,1.440709,1.198795,86.89219362344924,-87.20157335812455
82.84,80.46,0.27547,1.408676,1.240086,0.274534,1.419452,1.231342,83.89004924708898,-85.03576583405564
82.85,80.47,0.28267,1.385584,1.271574,0.280835,1.396362,1.263174,77.6771873306241,-80.33779858467072
82.86,80.48,0.29035,1.361985,1.303064,0.288389,1.372391,1.294173,77.56197429604708,-79.32782828838624
82.87,80.49,0.298607,1.339013,1.33471,0.29585,1.348968,1.325033,74.09762305094362,-74.52012825418969
82.88,80.5,0.306786,1.316882,1.367601,0.30402,1.326511,1.357659,74.45270749339483,-73.97290454425726
82.89,80.51,0.31521,1.29703,1.402435,0.313796,1.305774,1.391738,82.46992195032118,-80.81416888365533
82.9,80.52,0.324069,1.278384,1.43835,0.32221,1.287118,1.427832,79.97679377784719,-77.98411514987843
82.91,80.53,0.333664,1.258966,1.474657,0.332091,1.268775,1.465055,80.69644240784949,-80.88944880680711
82.92,80.54,0.343837,1.237928,1.511039,0.341852,1.247766,1.501627,78.09078802681421,-78.59266199563461
82.93,80.55,0.354358,1.216671,1.547379,0.351609,1.225938,1.537534,74.39877656081644,-73.47732592781423
82.94,80.56,0.365262,1.1945,1.583013,0.362276,1.203475,1.573372,72.79125828745278,-71.59761538913563
82.95,80.57,0.376317,1.174055,1.620663,0.374584,1.182509,1.610516,80.30800177780041,-78.41532905768705
82.96,80.58,0.387718,1.156216,1.658775,0.385939,1.164531,1.648002,80.62308179954533,-77.92359684813238
82.97,80.59,0.400413,1.140217,1.697439,0.398222,1.147786,1.686556,78.6171902002505,-73.85584502321987
82.98,80.6,0.414209,1.12396,1.736984,0.411499,1.132344,1.726166,75.93634347798488,-72.08736561451771
82.99,80.61,0.428558,1.106681,1.776996,0.424589,1.115138,1.766524,69.24275600126632,-64.85861350194108
83.0,80.62,0.441812,1.087678,1.81782,0.438697,1.09636,1.807069,73.84155734092444,-70.26260755606904
83.01,80.63,0.455122,1.068721,1.858277,0.452564,1.077736,1.847592,76.53672052449423,-74.15874606175153
83.02,80.64,0.469082,1.050739,1.89872,0.466464,1.059104,1.887569,76.78754954098406,-72.62140833258005
83.03,80.65,0.483941,1.034961,1.939147,0.481875,1.042292,1.927392,80.03178710558188,-74.26126438526806
83.04,80.66,0.499161,1.020909,1.979588,0.496584,1.027031,1.96765,77.81874049366385,-67.17178526832238
83.05,80.67,0.514757,1.008102,2.021644,0.51272,1.014462,2.009672,80.34376843635776,-72.24062005289589
83.06,80.68,0.531072,0.996357,2.065162,0.528354,1.003511,2.053593,76.77880458992675,-69.19684821870244
83.07,80.69,0.547944,0.983726,2.10888,0.545057,0.991571,2.097832,75.35527264908606,-69.79612753694661
83.08,80.7,0.566685,0.968637,2.151586,0.562389,0.977137,2.14129,67.35169101349868,-63.187429151458026
83.09,80.71,0.585324,0.952717,2.194158,0.581071,0.96095,2.183757,67.76020033276058,-62.68004546434478
83.1,80.72,0.602819,0.936425,2.235991,0.599257,0.944326,2.225051,71.9650536936696,-65.73276696685645
83.11,80.73,0.620711,0.92149,2.279217,0.617734,0.929201,2.267942,75.20942217452452,-68.88982915833384
83.12,80.74,0.637908,0.908726,2.322869,0.635143,0.915628,2.311234,76.63191553787046,-68.16854028239295
83.13,80.75,0.655766,0.897724,2.36703,0.652466,0.904265,2.355121,74.51187538011604,-63.22859817125871
83.14,80.76,0.67301,0.888408,2.411601,0.67036,0.894531,2.399372,77.77316185943327,-66.59731013332062
83.15,80.77,0.69051,0.881041,2.457438,0.687887,0.886106,2.444731,78.33672580328916,-62.6218193749197
83.16,80.78,0.707608,0.873381,2.503133,0.704446,0.877469,2.490549,75.89521325681959,-52.278644823059985
83.17,80.79,0.726247,0.862579,2.549148,0.721286,0.867177,2.537289,67.29887811419496,-42.82525588538993
83.18,80.8,0.744744,0.849403,2.595786,0.740046,0.855085,2.583922,68.39703543181729,-50.41532432698462
83.19,80.81,0.763514,0.836225,2.64172,0.758333,0.842228,2.630516,65.18303959477338,-49.203558598434945
83.2,80.82,0.780627,0.824634,2.68788,0.776527,0.830698,2.676229,70.61297225061054,-55.936533923020576
83.21,80.83,0.796471,0.815445,2.734369,0.793314,0.821399,2.72271,74.84888891489646,-62.066043692769725
83.22,80.84,0.812164,0.808288,2.781185,0.809136,0.813844,2.768997,76.04785224694494,-61.4097749558961
83.23,80.85,0.827065,0.804109,2.828598,0.824451,0.808316,2.815475,78.7345746373751,-58.145439986759904
83.24,80.86,0.841672,0.799842,2.877421,0.839243,0.804354,2.864791,79.11379991658266,-61.70454526170242
83.25,80.87,0.857389,0.793875,2.927314,0.852234,0.798969,2.915496,66.43321750124353,-44.6589909960199
83.26,80.88,0.872334,0.785871,2.976875,0.867539,0.791852,2.965057,67.91578458007312,-51.28066065283296
83.27,80.89,0.887539,0.775806,3.025753,0.882784,0.782504,3.014272,67.5024958131062,-54.628546884250426
83.28,80.9,0.90349,0.765841,3.075358,0.899841,0.772894,3.064141,71.97978550103161,-62.64437855413363
83.29,80.91,0.918137,0.757028,3.124479,0.914932,0.76377,3.112762,74.70185838067064,-64.57460309100618
83.3,80.92,0.932565,0.750776,3.17302,0.930645,0.756706,3.16064,81.18429561901087,-72.0592186553062
83.31,80.93,0.945704,0.746102,3.221511,0.942667,0.750444,3.208815,76.54711622840415,-55.02924015867028
83.32,80.94,0.959093,0.742227,3.271547,0.956012,0.746701,3.258838,76.3728761086376,-55.44693325339785
83.33,80.95,0.972312,0.740232,3.322206,0.968942,0.744641,3.309268,75.4004004900303,-52.60766919330297
83.34,80.96,0.98485,0.73907,3.373653,0.981356,0.743578,3.36119,74.33916834506388,-52.22193361378511
83.35,80.97,0.996822,0.736605,3.42573,0.993344,0.741439,3.413207,74.47848473302909,-54.265476390916305
83.36,80.98,1.008705,0.732343,3.477798,1.005642,0.737489,3.465517,75.99559544664665,-59.23806344368073
83.37,80.99,1.022049,0.726293,3.52968,1.018716,0.731671,3.517531,74.65872109528178,-58.211554322989464
83.38,81.0,1.035526,0.719811,3.581332,1.031915,0.725157,3.569216,73.40406715938074,-55.96261493497595
83.39,81.01,1.048393,0.714565,3.631834,1.044431,0.719054,3.619416,72.3045616117225,-48.56831466272141
83.4,81.02,1.060953,0.710483,3.683195,1.057951,0.714859,3.670085,77.10245347440221,-55.54930770630783
83.41,81.03,1.073611,0.708234,3.733956,1.070375,0.712692,3.721698,75.21181178322112,-54.02462608019763
83.42,81.04,1.085865,0.707299,3.784848,1.083257,0.71197,3.772207,78.34270855522152,-60.82368715312032
83.43,81.05,1.098299,0.709499,3.835692,1.095725,0.713617,3.822822,78.69006752598037,-57.9921155573834
83.44,81.06,1.110738,0.713329,3.887312,1.108252,0.7168,3.874238,79.2338274619096,-54.389000124351796
83.45,81.07,1.123293,0.715303,3.938947,1.120048,0.718885,3.926304,75.60497723698991,-47.82598762383677
83.46,81.08,1.136333,0.715558,3.990803,1.132481,0.718864,3.978287,72.89341090971739,-40.63802270376378
83.47,81.09,1.149351,0.714109,4.042573,1.145231,0.717117,4.030161,71.63709341918533,-36.13307284690962
83.48,81.1,1.16215,0.711958,4.095252,1.158731,0.715797,4.08251,74.97990012896547,-48.31185184047004
83.49,81.11,1.175172,0.710419,4.147209,1.171733,0.714906,4.134045,75.35910652248488,-52.5321316738913
83.5,81.12,1.188715,0.710902,4.19833,1.185339,0.715019,4.185536,75.21808805577488,-50.64774808731477
83.51,81.13,1.202136,0.713245,4.248556,1.198848,0.717227,4.235613,75.74627087269215,-50.452976985967304
83.52,81.14,1.215819,0.717752,4.298178,1.213,0.721156,4.285165,77.77691001660922,-50.370370665569524
83.53,81.15,1.229737,0.725122,4.347785,1.227187,0.728006,4.334417,79.20034070041628,-48.51725169289567
83.54,81.16,1.24391,0.73372,4.397839,1.240482,0.735736,4.384732,75.34318593782396,-30.459701094754408
83.55,81.17,1.257725,0.739914,4.448152,1.253905,0.742288,4.43535,73.38537665787646,-31.859544631044695
83.56,81.18,1.272452,0.743965,4.499702,1.268893,0.7472,4.486833,74.54089418950578,-42.269682252194656
83.57,81.19,1.287078,0.746162,4.551157,1.284104,0.750038,4.53812,77.14958342155789,-52.50148314580009
83.58,81.2,1.30207,0.74843,4.601954,1.299223,0.752627,4.589129,77.48396473795621,-55.84932005166535
83.59,81.21,1.316964,0.751477,4.652114,1.313919,0.755726,4.639122,76.80938928779298,-54.37313208779985
83.6,81.22,1.33247,0.756288,4.701143,1.329036,0.760267,4.687946,75.41447904158235,-49.20479174162627
83.61,81.23,1.348713,0.763096,4.749229,1.345344,0.766612,4.736056,75.65408577792418,-46.22312274921913
83.62,81.24,1.364766,0.771697,4.796518,1.361241,0.774152,4.783255,75.11618473995736,-34.855432826154114
83.63,81.25,1.381795,0.782682,4.843331,1.378328,0.78476,4.830251,75.15449860636689,-30.937015748463928
83.64,81.26,1.399334,0.794753,4.890675,1.39514,0.796247,4.877655,72.14522165169063,-19.607077443856898
83.65,81.27,1.416489,0.804397,4.938725,1.412305,0.806377,4.925798,72.06511801644379,-25.324980578712506
83.66,81.28,1.433751,0.811643,4.986742,1.430179,0.814375,4.974329,73.94614834778895,-37.41011937283701
83.67,81.29,1.453705,0.818155,5.035438,1.44864,0.820827,5.022818,68.13208581514381,-27.813527384085063
83.68,81.3,1.472116,0.823716,5.08347,1.466779,0.827109,5.070964,66.88938397075492,-32.4461777630719
83.69,81.31,1.489586,0.830412,5.13035,1.48481,0.83354,5.118035,68.8027245570675,-33.22244815002244
83.7,81.32,1.508785,0.839119,5.176672,1.503613,0.841809,5.16367,68.30808147904676,-27.47931469020476
83.71,81.33,1.527559,0.849334,5.220903,1.522228,0.851508,5.208002,67.54842219321492,-22.18580271722599
83.72,81.34,1.546488,0.860739,5.264307,1.541525,0.862374,5.251541,68.75555916562605,-18.23383882750242
83.73,81.35,1.566079,0.874342,5.306992,1.562234,0.875904,5.294932,72.31654547596992,-22.10904864107794
83.74,81.36,1.585688,0.888306,5.350123,1.582661,0.890112,5.338206,75.74788825894407,-30.8215836737171
83.75,81.37,1.603806,0.899526,5.390545,1.603452,0.902705,5.382391,87.51410627965113,-83.64596152704816
83.76,81.38,1.631953,0.912857,5.43927,1.625336,0.913773,5.42641,62.772312643149526,-7.881440110996831
83.77,81.39,1.653362,0.921915,5.483735,1.646832,0.923581,5.470778,63.25305246416433,-14.312554377574054
83.78,81.4,1.673532,0.930623,5.526607,1.667803,0.9328,5.51481,64.09730956331457,-20.806616230809166
83.79,81.41,1.695097,0.940622,5.568979,1.68908,0.942543,5.557267,62.80832250525156,-17.706311558131983
83.8,81.42,1.717286,0.95211,5.610223,1.711027,0.9538,5.597963,62.9546874463509,-15.110172371095366
83.81,81.43,1.739788,0.96485,5.649924,1.733664,0.965911,5.637786,63.22762947291167,-9.829082934393522
83.82,81.44,1.763284,0.979637,5.687925,1.7566,0.980004,5.675873,60.98739212331025,-3.1427974117734294
83.83,81.45,1.790027,0.996571,5.725773,1.780649,0.995414,5.713595,52.40095253101337,7.03326014820943
83.84,81.46,1.812841,1.011017,5.762999,1.805254,1.010735,5.752053,55.27301261142179,2.1286378508448665
83.85,81.47,1.838253,1.024309,5.801936,1.830517,1.0243,5.790383,56.193354678931065,0.06665741765349871
83.86,81.48,1.863737,1.036047,5.84083,1.856288,1.036634,5.829332,57.06274307257788,-4.505740785083112
83.87,81.49,1.8899,1.046517,5.880285,1.88176,1.048005,5.868251,55.92491833133069,-10.359345442745335
83.88,81.5,1.915084,1.057262,5.91772,1.906712,1.05874,5.906035,54.37938227539702,-10.01188390066812
83.89,81.51,1.940616,1.069506,5.953875,1.932489,1.070602,5.94227,54.99638408124259,-7.680519795976163
83.9,81.52,1.966874,1.083183,5.98832,1.957961,1.083687,5.97678,52.31904465884796,-3.236435930665069
83.91,81.53,1.992642,1.097783,6.02075,1.983973,1.097883,6.009601,52.132844418886876,-0.6608978933261659
83.92,81.54,2.02048,1.114527,6.051678,2.010492,1.113208,6.041059,46.75388672332094,7.522863021468997
83.93,81.55,2.047312,1.131058,6.08285,2.037619,1.12958,6.072707,46.29959059315596,8.669747202397387
83.94,81.56,2.076127,1.145848,6.115267,2.065678,1.144821,6.105272,43.727841461128506,5.6133961484389285
83.95,81.57,2.105881,1.158313,6.148322,2.095583,1.158458,6.137856,45.46356583143626,-0.8066944125300136
83.96,81.58,2.135431,1.169224,6.181504,2.12549,1.170144,6.170613,47.61104577145822,-5.287435550684276
83.97,81.59,2.164195,1.180071,6.213772,2.154659,1.181441,6.202968,48.56721497629932,-8.175520448833462
83.98,81.6,2.192619,1.191933,6.244849,2.182183,1.192644,6.234458,44.87620367475624,-3.8975129315582455
83.99,81.61,2.219738,1.204646,6.274107,2.210085,1.205039,6.26403,46.231103486085445,-2.3313801648998322
84.0,81.62,2.248692,1.219239,6.301454,2.237504,1.218215,6.292036,40.09049758803561,5.2295196363755165
84.01,81.63,2.276956,1.234489,6.32721,2.264922,1.232366,6.318721,35.199830951786474,10.004992067203592
84.02,81.64,2.30693,1.250114,6.35343,2.294759,1.248231,6.344706,35.632416762094984,8.794619379530344
84.03,81.65,2.338066,1.264802,6.380522,2.326886,1.26433,6.370994,40.43883547577563,2.4174917494839865
84.04,81.66,2.369056,1.277887,6.407451,2.357805,1.278503,6.39771,40.88567695031952,-3.133854507429957
84.05,81.67,2.399916,1.289685,6.433795,2.388535,1.290663,6.424387,39.57852745784002,-4.911514875503281
84.06,81.68,2.430829,1.301391,6.459908,2.419156,1.301842,6.451085,37.0836956421655,-2.212588904566021
84.07,81.69,2.459535,1.31231,6.485073,2.448011,1.313154,6.477183,34.39780827646075,-4.188775921296527
84.08,81.7,2.488886,1.325543,6.50808,2.476226,1.324994,6.501496,27.47728151035424,2.4830716989600385
84.09,81.71,2.518548,1.339045,6.530283,2.505675,1.337851,6.524067,25.774555102954157,5.299152268872211
84.1,81.72,2.54911,1.35357,6.5516,2.536004,1.352106,6.544995,26.74662600479614,6.373777169434863
84.11,81.73,2.580232,1.367907,6.571824,2.567358,1.366861,6.56499,27.961031983955525,4.645023159440349
84.12,81.74,2.611841,1.381712,6.593017,2.598731,1.381364,6.58587,28.597291179467273,1.5205377685931982
84.13,81.75,2.642437,1.39299,6.614268,2.631439,1.394938,6.60686,33.96330196856294,-10.044233544337116
84.14,81.76,2.676978,1.405689,6.634295,2.663614,1.406422,6.627444,27.141760413733124,-3.1394617550449406
84.15,81.77,2.707757,1.416597,6.653161,2.693513,1.417229,6.647631,21.21788732793382,-2.5405222107128598
84.16,81.78,2.736607,1.42789,6.671028,2.722797,1.427763,6.667181,15.566042818269636,0.5268905778761298
84.17,81.79,2.767536,1.440599,6.68827,2.753432,1.439519,6.684103,16.45967515418514,4.378823069157502
84.18,81.8,2.798629,1.453808,6.704365,2.784115,1.452693,6.699649,18.000412513053416,4.392969648914103
84.19,81.81,2.828433,1.466626,6.71886,2.816175,1.466364,6.713549,23.425544566466574,1.2244419083489726
84.2,81.82,2.858486,1.47835,6.733935,2.848155,1.47969,6.728143,29.27685266422588,-7.390386388184202
84.21,81.83,2.893126,1.49019,6.748314,2.880621,1.492216,6.742994,23.04634835427111,-9.202821451154916
84.22,81.84,2.925155,1.500405,6.762196,2.913432,1.50261,6.757346,22.47569302661014,-10.652407014634791
84.23,81.85,2.956501,1.51068,6.774673,2.943763,1.511885,6.771159,15.422449589237807,-5.404032340051713
84.24,81.86,2.986856,1.521594,6.786903,2.973532,1.522188,6.784018,12.217455353191275,-2.552624792836823
84.25,81.87,3.017439,1.533107,6.798346,3.005255,1.533747,6.794375,18.051785563089084,-3.0068638270999006
84.26,81.88,3.048239,1.545804,6.807564,3.034989,1.546126,6.803791,15.894553165037966,-1.3921215367235589
84.27,81.89,3.079328,1.557715,6.815522,3.067224,1.559079,6.811563,18.111986785692128,-6.4295377666568285
84.28,81.9,3.111621,1.568568,6.823631,3.099013,1.570398,6.820105,15.62437745434401,-8.258576568400239
84.29,81.91,3.144072,1.577956,6.831504,3.131386,1.580179,6.828228,14.479582191752344,-9.939172636557824
84.3,81.92,3.175305,1.586627,6.83848,3.163204,1.588721,6.835586,13.449880761875995,-9.817444111860437
84.31,81.93,3.205472,1.596074,6.844787,3.192164,1.597144,6.843339,6.209737960895128,-4.596850521771501
84.32,81.94,3.235379,1.605976,6.850147,3.222095,1.606759,6.849,4.934934345765967,-3.37328727837571
84.33,81.95,3.265209,1.616667,6.854325,3.251845,1.617331,6.852775,6.615790286855279,-2.8444430947654986
84.34,81.96,3.295398,1.627329,6.857039,3.282014,1.628555,6.855249,7.617635703271063,-5.233796833572609
84.35,81.97,3.326186,1.637303,6.858791,3.312559,1.63894,6.857575,5.099260209926575,-6.850068309661209
84.36,81.98,3.356409,1.645374,6.86098,3.34368,1.647462,6.859768,5.439057531121087,-9.315545086747331
84.37,81.99,3.387516,1.652216,6.861721,3.371933,1.655462,6.861284,1.6063463467106003,-11.76667381658773
84.38,82.0,3.417461,1.659664,6.861697,3.399234,1.663497,6.862087,-1.2257609515871608,-11.875825128726458
84.39,82.01,3.446309,1.667721,6.860864,3.426445,1.671941,6.861174,-0.894092322808981,-11.993863514062204
84.4,82.02,3.474842,1.676504,6.859302,3.453973,1.680463,6.858729,1.5727747011576496,-10.741775709484472
84.41,82.03,3.502959,1.685557,6.856611,3.486005,1.688749,6.857789,-3.9746446877995645,-10.662498572890842
84.42,82.04,3.538227,1.692782,6.857341,3.516211,1.697019,6.854579,7.150639145342975,-10.893441889523084
84.43,82.05,3.5693,1.699086,6.854886,3.546388,1.703916,6.851514,8.372221381356619,-11.90403275794333
84.44,82.06,3.594591,1.704441,6.84816,3.575933,1.709183,6.848356,-0.6018629931887384,-14.260014492960826
84.45,82.07,3.618011,1.710187,6.84032,3.603982,1.714487,6.84452,-16.66664084410759,-17.040718398983735
84.46,82.08,3.641798,1.716574,6.832973,3.630994,1.720366,6.840153,-33.60676746906879,-19.340110112972486
84.47,82.09,3.6692,1.723413,6.826481,3.657553,1.7263,6.833546,-31.2407476932146,-13.92159415815074
84.48,82.1,3.69526,1.730663,6.817933,3.684236,1.73335,6.824606,-31.187176837229163,-13.698226417185815
84.49,82.11,3.720176,1.736214,6.808306,3.710147,1.739872,6.814291,-30.827458459055205,-20.03904911443197
84.5,82.12,3.74782,1.739891,6.799725,3.736501,1.744246,6.804945,-24.75780418732215,-21.044294721949587
84.51,82.13,3.773093,1.742191,6.789291,3.763188,1.746978,6.795715,-32.965882485606926,-25.794072668897122
84.52,82.14,3.798719,1.744719,6.779506,3.788566,1.749519,6.786422,-34.261829145777526,-25.30322358952156
84.53,82.15,3.82204,1.747898,6.768021,3.813821,1.752217,6.776909,-47.239513302700814,-27.72146451653794
84.54,82.16,3.84498,1.751901,6.755687,3.836749,1.75532,6.76433,-46.39867085032419,-22.557063968606563
84.55,82.17,3.869493,1.756037,6.742076,3.859424,1.759666,6.75017,-38.79417994745696,-19.819829428177403
84.56,82.18,3.892307,1.759333,6.727221,3.883359,1.763717,6.735008,-41.03143191213868,-26.102168953608636
84.57,82.19,3.916509,1.760348,6.7126,3.907539,1.765893,6.720099,-39.895924105578594,-31.723182826725324
84.58,82.2,3.938913,1.760071,6.697009,3.930564,1.765584,6.704921,-43.46059709956292,-33.437524905558014
84.59,82.21,3.960739,1.759347,6.681359,3.952515,1.765021,6.690225,-47.151351787385195,-34.60303237856762
84.6,82.22,3.981748,1.759341,6.665374,3.974829,1.764476,6.675281,-55.069741429436554,-36.58129991120445
84.61,82.23,4.001709,1.76053,6.647979,3.994987,1.764309,6.658277,-56.8655825442163,-29.343992486117184
84.62,82.24,4.020831,1.763186,6.629301,4.013788,1.767217,6.639415,-55.148133116070746,-29.784289927763314
84.63,82.25,4.041053,1.76498,6.609943,4.034178,1.770107,6.619499,-54.26712567354764,-36.71356757966479
84.64,82.26,4.061633,1.764122,6.590261,4.0534,1.7702,6.599385,-47.938628120810876,-36.43654260830697
84.65,82.27,4.080988,1.76177,6.569913,4.07395,1.767503,6.57977,-54.47277071793438,-39.16550268418869
84.66,82.28,4.099662,1.758615,6.54991,4.092798,1.764023,6.560318,-56.59544031310241,-38.23382517744538
84.67,82.29,4.116669,1.755413,6.528776,4.110304,1.761002,6.539568,-59.468375093486685,-41.28582663798167
84.68,82.3,4.134318,1.753519,6.507071,4.127484,1.758271,6.517784,-57.465522701291405,-34.812696565695624
84.69,82.31,4.150121,1.753133,6.484672,4.143366,1.757489,6.49564,-58.37180851861893,-32.816175448500715
84.7,82.32,4.165648,1.752898,6.461479,4.157583,1.757738,6.472012,-52.559124373211645,-30.968979959855865
84.71,82.33,4.180783,1.750848,6.437487,4.170249,1.756915,6.447998,-44.93738168666615,-29.939557348979804
84.72,82.34,4.195149,1.747584,6.413202,4.190179,1.753259,6.424314,-65.90274040597522,-48.78906732517784
84.73,82.35,4.209829,1.742587,6.389399,4.205432,1.747685,6.4011,-69.40479157427089,-49.22239132290528
84.74,82.36,4.224763,1.73679,6.364291,4.220185,1.74207,6.375961,-68.58052276984824,-49.07322528842402
84.75,82.37,4.238973,1.731941,6.3391,4.233583,1.737246,6.350482,-64.65988325637494,-44.544643410782314
84.76,82.38,4.251316,1.728667,6.313309,4.245749,1.733612,6.324905,-64.35529978783488,-41.61372994926227
84.77,82.39,4.262103,1.726578,6.286455,4.25666,1.731825,6.297892,-64.54968523666705,-43.94960573887542
84.78,82.4,4.271564,1.723581,6.25898,4.267105,1.729245,6.270638,-69.0689406394627,-51.7883101846506
84.79,82.41,4.281236,1.718572,6.231025,4.277315,1.724637,6.242719,-71.4636896238108,-57.117481679965124
84.8,82.42,4.291656,1.71189,6.202533,4.287664,1.717951,6.214012,-70.82408953519528,-56.62961363747769
84.81,82.43,4.301592,1.704601,6.174363,4.296903,1.710603,6.18595,-67.96792077142058,-52.00163805744593
84.82,82.44,4.309507,1.697729,6.145751,4.305502,1.703579,6.157632,-71.3714069775731,-55.60385825986922
84.83,82.45,4.316882,1.692693,6.117415,4.313616,1.69753,6.129849,-75.28275126287436,-55.97230977633492
84.84,82.46,4.323113,1.689073,6.088807,4.320018,1.693487,6.10147,-76.26543952379829,-54.962703911849246
84.85,82.47,4.328893,1.685017,6.058764,4.325436,1.690365,6.070998,-74.22113233498311,-57.12097370571822
84.86,82.48,4.334521,1.67918,6.028382,4.330854,1.685742,6.040117,-72.64680938367835,-60.80251395394152
84.87,82.49,4.338858,1.671101,5.99778,4.335645,1.67846,6.009195,-74.2795889761744,-66.41352208554436
84.88,82.5,4.343463,1.66213,5.967503,4.340319,1.66929,5.978971,-74.66881377774394,-66.2934269010926
84.89,82.51,4.348192,1.653254,5.937232,4.344543,1.660371,5.94915,-72.97669354944861,-62.85505831300469
84.9,82.52,4.350913,1.644771,5.906396,4.348099,1.651371,5.918341,-76.74397458077661,-66.90836316158848
84.91,82.53,4.353801,1.637862,5.875535,4.350784,1.644067,5.88761,-75.97157207963299,-64.07001572287159
84.92,82.54,4.354939,1.632045,5.844459,4.352507,1.638353,5.856574,-78.64914652292299,-68.91624541762113
84.93,82.55,4.355772,1.626306,5.813017,4.353595,1.632627,5.825205,-79.87272509293601,-70.9959065249842
84.94,82.56,4.355752,1.618762,5.780884,4.354059,1.625872,5.792683,-81.8345491875416,-76.6064128002788
84.95,82.57,4.355865,1.609645,5.748488,4.35474,1.617227,5.760091,-84.46204438510752,-81.56015946135564
84.96,82.58,4.355797,1.599236,5.7164,4.355253,1.606801,5.727845,-87.27868388492652,-85.88693395056278
84.97,82.59,4.354576,1.588338,5.684128,4.354825,1.595818,5.695646,-91.2384465361923,-91.9066019751957
84.98,82.6,4.353023,1.577268,5.651701,4.353045,1.584674,5.663461,-90.10718585704066,-90.1702003026738
84.99,82.61,4.354098,1.567231,5.619437,4.350705,1.574796,5.631172,-73.87356418653805,-65.84315083525516
85.0,82.62,4.357474,1.558112,5.587359,4.34835,1.566028,5.59879,-51.40381902826553,-40.94497053393301
85.01,82.63,4.348037,1.551744,5.553626,4.345496,1.558646,5.565847,-78.2543665747119,-69.78860608668404
85.02,82.64,4.343729,1.544618,5.520332,4.344573,1.550958,5.532643,-93.92186584959897,-97.58280393008577
85.03,82.65,4.339784,1.53542,5.486618,4.340108,1.541956,5.498881,-91.51345631381638,-92.83792059913581
85.04,82.66,4.336946,1.523899,5.452166,4.33737,1.531271,5.463977,-92.05596332052653,-93.29173579692849
85.05,82.67,4.330402,1.51133,5.418026,4.332034,1.519127,5.429818,-97.87961869451581,-101.8219795048244
85.06,82.68,4.3255,1.498286,5.384128,4.326923,1.506382,5.395787,-96.95862641202721,-99.96881383540038
85.07,82.69,4.322089,1.485537,5.35039,4.321992,1.493655,5.361886,-89.51656587291107,-89.31541929787919
85.08,82.7,4.317475,1.474949,5.316328,4.316837,1.482772,5.327931,-86.85271621616933,-85.3375960647467
85.09,82.71,4.311365,1.466064,5.281942,4.311436,1.473421,5.293886,-90.34058543459591,-90.55292565729427
85.1,82.72,4.3053,1.458357,5.246717,4.305522,1.464993,5.259004,-91.03510044920525,-91.91605200601404
85.11,82.73,4.298767,1.449815,5.210612,4.299451,1.456557,5.222778,-93.21791045134846,-95.79304031412738
85.12,82.74,4.291516,1.439209,5.174149,4.293516,1.446823,5.185608,-99.90040927960514,-104.71763144695174
85.13,82.75,4.284533,1.42679,5.137882,4.286474,1.434588,5.1492,-99.73137226668983,-103.97744843519271
85.14,82.76,4.276256,1.412951,5.101501,4.279176,1.422057,5.113089,-104.14322523422913,-107.77936728427755
85.15,82.77,4.269736,1.399173,5.065408,4.271848,1.407291,5.076512,-100.76912218800531,-104.58294232948617
85.16,82.78,4.262119,1.386324,5.029081,4.264508,1.394379,5.04037,-101.94875481953443,-106.51961784749172
85.17,82.79,4.254634,1.375206,4.992273,4.257173,1.383037,5.003588,-102.6472437200878,-107.9639507964716
85.18,82.8,4.246417,1.365406,4.955504,4.247922,1.373006,4.967104,-97.39234003328744,-101.20115691900733
85.19,82.81,4.237397,1.357804,4.918746,4.240532,1.363858,4.931003,-104.34708729435079,-117.3769031819109
85.2,82.82,4.22839,1.350051,4.881135,4.231742,1.355381,4.893677,-104.96325795577916,-122.16550230974944
85.21,82.83,4.218788,1.340275,4.841602,4.222224,1.346596,4.853623,-105.95169082607863,-118.52783410800473
85.22,82.84,4.209663,1.328389,4.802085,4.212729,1.335799,4.813358,-105.2151151998663,-112.4780684882332
85.23,82.85,4.199733,1.314788,4.763356,4.202243,1.322788,4.774525,-102.66561244853158,-107.41924925925716
85.24,82.86,4.189431,1.301112,4.724524,4.193417,1.30928,4.735179,-110.51065566321964,-116.01246655954012
85.25,82.87,4.180162,1.287689,4.686013,4.183752,1.295795,4.69699,-108.11020143498493,-113.88768178268452
85.26,82.88,4.169986,1.275888,4.647267,4.172956,1.283639,4.658931,-104.28562504659689,-110.96565160067625
85.27,82.89,4.16145,1.265444,4.608994,4.163488,1.272132,4.620866,-99.74070540715184,-106.94728315802264
85.28,82.9,4.148008,1.258121,4.569896,4.150821,1.263509,4.5825,-102.58126137381427,-117.56843637667765
85.29,82.91,4.136427,1.250665,4.529895,4.13927,1.255495,4.542768,-102.45385461645117,-120.48161303161635
85.3,82.92,4.124442,1.242523,4.488088,4.127456,1.248385,4.50042,-103.73412492862825,-117.21036921369907
85.31,82.93,4.113968,1.232285,4.445936,4.116155,1.239681,4.457753,-100.48522645003587,-106.47296831639461
85.32,82.94,4.101972,1.220796,4.404318,4.10442,1.228477,4.416039,-101.79698132186607,-107.67752255855535
85.33,82.95,4.089207,1.20904,4.363179,4.093011,1.216706,4.375073,-107.73558210668662,-116.39139184201734
85.34,82.96,4.077089,1.196709,4.322937,4.080841,1.20394,4.334777,-107.58298637884232,-117.42376297221539
85.35,82.97,4.068611,1.184099,4.283038,4.068039,1.192068,4.294219,-87.07140329385255,-85.89445656437817
85.36,82.98,4.053283,1.175288,4.241281,4.056781,1.181058,4.253574,-105.88381867924353,-121.2258846420271
85.37,82.99,4.039658,1.167033,4.199685,4.046152,1.172152,4.211924,-117.95037262784562,-141.75248569081498
85.38,83.0,4.025421,1.16141,4.15754,4.034612,1.165394,4.170196,-125.98778365167912,-156.56483451512094
85.39,83.01,4.010696,1.15666,4.114043,4.019103,1.160677,4.126918,-123.14336669228798,-154.46077773833738
85.4,83.02,3.996095,1.150151,4.069744,4.000535,1.155853,4.082168,-109.66550896622348,-127.9069699321229
85.41,83.03,3.981273,1.141732,4.026448,3.989996,1.146493,4.038102,-126.81479421341542,-151.37435581858264
85.42,83.04,3.96642,1.132159,3.982801,3.977361,1.135701,3.994898,-132.12742354390141,-162.06134484303323
85.43,83.05,3.953407,1.120921,3.940161,3.958942,1.126388,3.951966,-115.12043035923891,-135.3541231954421
85.44,83.06,3.93669,1.111196,3.896211,3.941235,1.117805,3.907896,-111.25405477179454,-124.51624880690689
85.45,83.07,3.92196,1.102359,3.852643,3.924984,1.109058,3.865002,-103.74900245058974,-114.29492376757841
85.46,83.08,3.907063,1.0955,3.809521,3.910981,1.101717,3.821461,-108.16676881477316,-122.21943764441704
85.47,83.09,3.891542,1.090342,3.766058,3.895715,1.095811,3.778187,-108.9858528021417,-127.34464465725586
85.48,83.1,3.874908,1.08718,3.722683,3.879084,1.092072,3.735377,-108.20987781915457,-130.48535056142177
85.49,83.11,3.858111,1.08469,3.678556,3.862505,1.089103,3.691123,-109.27196979111214,-134.87639172001317
85.5,83.12,3.841208,1.080712,3.634514,3.846643,1.084865,3.645979,-115.36335930548304,-142.6157793667414
85.51,83.13,3.82393,1.074172,3.589322,3.829515,1.078816,3.600672,-116.20043738552208,-140.25603724905793
85.52,83.14,3.806917,1.065966,3.54397,3.811831,1.071417,3.555446,-113.18051119303237,-132.0342161935516
85.53,83.15,3.790007,1.057509,3.498984,3.794438,1.063871,3.510533,-110.99028887437139,-124.85640484046885
85.54,83.16,3.772566,1.050435,3.454407,3.779314,1.055243,3.466375,-119.41590798937848,-144.5298462448814
85.55,83.17,3.755033,1.044935,3.411039,3.759328,1.050661,3.422094,-111.23174502030736,-126.87309951119013
85.56,83.18,3.736815,1.041358,3.367391,3.741579,1.046407,3.378927,-112.43906383779346,-133.33642023657717
85.57,83.19,3.718197,1.0397,3.323795,3.723578,1.043385,3.336128,-113.57208075115803,-145.59599573512827
85.58,83.2,3.699297,1.039558,3.280042,3.704316,1.042213,3.292861,-111.38174412941783,-152.12161457387614
85.59,83.21,3.680563,1.038507,3.234544,3.684388,1.042785,3.247467,-106.4879057974936,-131.8001975983149
85.6,83.22,3.661443,1.036375,3.188188,3.664814,1.041036,3.201226,-104.49647378810299,-125.87578404109719
85.61,83.23,3.640003,1.031886,3.143713,3.64493,1.037344,3.15521,-113.19738757895341,-132.07293340036864
85.62,83.24,3.620102,1.026579,3.098267,3.624934,1.032608,3.110631,-111.34615631239663,-128.71076561737615
85.63,83.25,3.600572,1.021327,3.053588,3.605077,1.026983,3.065679,-110.43495003214443,-128.53729694680726
85.64,83.26,3.580442,1.017505,3.009691,3.585447,1.022266,3.021506,-112.95819825250916,-136.4312167041214
85.65,83.27,3.55969,1.016092,2.966571,3.565263,1.019594,2.978538,-114.97126998358209,-147.85528536452884
85.66,83.28,3.538931,1.015631,2.923806,3.544665,1.018265,2.936806,-113.8011689606047,-155.32759675582446
85.67,83.29,3.517813,1.016387,2.88049,3.522935,1.019454,2.893085,-112.13006684937052,-149.08726667022904
85.68,83.3,3.495707,1.01847,2.836503,3.500596,1.022097,2.849282,-110.93589088621391,-143.42940734727267
85.69,83.31,3.473017,1.020276,2.791544,3.478103,1.024718,2.803974,-112.25297219385669,-138.86675545592513
85.7,83.32,3.449761,1.020623,2.746858,3.455825,1.024951,2.758956,-116.62185464113035,-144.48377862176977
85.71,83.33,3.426488,1.019152,2.702994,3.432862,1.023223,2.715031,-117.90273828980152,-147.43410018610848
85.72,83.34,3.403735,1.016966,2.658906,3.40956,1.020671,2.67153,-114.76967182136782,-147.5415386898343
85.73,83.35,3.380758,1.015243,2.615877,3.38617,1.018241,2.628132,-113.82700433432207,-151.0155561660517
85.74,83.36,3.35755,1.014797,2.572615,3.36346,1.017805,2.584503,-116.43380728458435,-153.0253690295573
85.75,83.37,3.33373,1.016735,2.529783,3.339268,1.020261,2.542087,-114.23239214619072,-147.51542084502208
85.76,83.38,3.31,1.020441,2.487197,3.316717,1.023372,2.498733,-120.2107120201348,-156.42568464744264
85.77,83.39,3.286429,1.026285,2.445118,3.292547,1.028283,2.457493,-116.30704743461185,-161.91413670914935
85.78,83.4,3.262141,1.032687,2.401948,3.268447,1.035003,2.413561,-118.50249753277696,-159.83326780083272
85.79,83.41,3.236538,1.03739,2.358858,3.2436,1.040064,2.370718,-120.77155164626696,-159.26101528336082
85.8,83.42,3.211916,1.040151,2.316541,3.218523,1.0423,2.328397,-119.12963770928476,-161.98230937724992
85.81,83.43,3.185757,1.041071,2.272935,3.192404,1.043871,2.285339,-118.18576783169073,-157.157097917363
85.82,83.44,3.160243,1.040638,2.230274,3.167216,1.044981,2.241497,-121.8532371143137,-148.08407321958316
85.83,83.45,3.135503,1.042601,2.187804,3.141622,1.0462,2.19915,-118.3383847986358,-149.53731960352255
85.84,83.46,3.110543,1.04594,2.145651,3.116891,1.049729,2.157406,-118.37017840316615,-149.16782934027236
85.85,83.47,3.085564,1.051292,2.104677,3.092424,1.054608,2.11664,-119.83145799288947,-154.20171671771953
85.86,83.48,3.060647,1.058291,2.06429,3.067384,1.060787,2.076361,-119.16651921141006,-159.6707696131597
85.87,83.49,3.03553,1.067428,2.024173,3.042102,1.068624,2.036541,-117.98489349667264,-169.68594741816764
85.88,83.5,3.010597,1.076341,1.982424,3.016316,1.077647,1.994953,-114.53484901468957,-167.13642424367416
85.89,83.51,2.98372,1.083203,1.94009,2.990567,1.08587,1.952171,-119.54273097762032,-158.71840704904807
85.9,83.52,2.957861,1.088634,1.897993,2.964017,1.091895,1.909908,-117.32357500730893,-152.08861891998163
85.91,83.53,2.93215,1.093035,1.855935,2.937958,1.096121,1.868112,-115.4994976153951,-152.0166789340945
85.92,83.54,2.907053,1.096294,1.814483,2.912035,1.09983,1.826617,-112.32216263029056,-144.63457752424256
85.93,83.55,2.880558,1.101126,1.774465,2.887165,1.103954,1.786021,-119.75822824496507,-156.82758006695508
85.94,83.56,2.854687,1.107867,1.734988,2.86158,1.109388,1.746917,-120.02084803111372,-167.5565913673107
85.95,83.57,2.82965,1.11576,1.696018,2.835608,1.116376,1.707904,-116.62286728208952,-174.0971398677024
85.96,83.58,2.802277,1.124244,1.657232,2.809523,1.125434,1.669174,-121.24795387378138,-170.6736501473864
85.97,83.59,2.775158,1.134831,1.619383,2.782682,1.136248,1.631163,-122.56676481190489,-169.33437387519228
85.98,83.6,2.747952,1.14556,1.580531,2.754575,1.147094,1.592183,-119.61391186543305,-166.95926915199288
85.99,83.61,2.722682,1.155217,1.541065,2.726799,1.15656,1.552895,-109.18858781483993,-161.93323864561873
86.0,83.62,2.691651,1.161583,1.502279,2.698338,1.164168,1.513829,-120.0691694540548,-158.8649457813102
86.01,83.63,2.663269,1.167514,1.463997,2.670495,1.170718,1.475147,-122.94613257269522,-156.08755742254425
86.02,83.64,2.635503,1.174263,1.425781,2.643186,1.176856,1.436948,-124.52833382691855,-161.35054493206076
86.03,83.65,2.607122,1.181392,1.388358,2.615001,1.184564,1.399706,-124.77253236100218,-158.07081859422544
86.04,83.66,2.57883,1.190614,1.352773,2.586678,1.193339,1.364284,-124.28548691026016,-160.85186254206147
86.05,83.67,2.550801,1.201802,1.318646,2.558866,1.203593,1.33012,-125.10313427871019,-167.47946691857902
86.06,83.68,2.521528,1.21462,1.286,2.529449,1.215576,1.29739,-124.81608728148083,-173.1181534460631
86.07,83.69,2.491237,1.227911,1.252225,2.499709,1.22876,1.263771,-126.26975430678915,-174.27735431991994
86.08,83.7,2.460487,1.239293,1.218771,2.469237,1.240507,1.229905,-128.16313510240562,-172.101046117048
86.09,83.71,2.429406,1.249049,1.185863,2.439054,1.250261,1.196328,-132.67389593398428,-172.8399028169617
86.1,83.72,2.3986,1.258336,1.153188,2.408922,1.258916,1.163353,-135.43907166965124,-176.7838942809213
86.11,83.73,2.368171,1.267405,1.120759,2.378426,1.267587,1.130625,-136.10756334237277,-178.98325331501817
86.12,83.74,2.337403,1.277857,1.089298,2.34754,1.277626,1.099386,-135.13881274181068,178.69458076193962
86.13,83.75,2.306707,1.289148,1.059489,2.316519,1.288974,1.069707,-133.83879673119193,178.984058215482
86.14,83.76,2.275305,1.301835,1.030733,2.285283,1.301372,1.04112,-133.84945622802178,177.34326208714967
86.15,83.77,2.24299,1.315546,1.003778,2.253281,1.314674,1.013781,-135.81305197985094,175.15665547354774
86.16,83.78,2.209965,1.328817,0.976086,2.220526,1.328583,0.98615,-136.38038752362652,178.73070551645023
86.17,83.79,2.176506,1.340421,0.948333,2.187199,1.341309,0.958217,-137.25146644720334,-175.25276603491739
86.18,83.8,2.142961,1.350426,0.920548,2.153331,1.351743,0.930185,-137.09821715026908,-172.76212857677024
86.19,83.81,2.109199,1.359492,0.89311,2.120154,1.360999,0.902694,-138.81888873437256,-172.16739454365188
86.2,83.82,2.076162,1.369133,0.866312,2.086874,1.370044,0.875853,-138.30907733545132,-175.13898810836847
86.21,83.83,2.043863,1.379415,0.840777,2.054059,1.380028,0.850442,-136.5314844646179,-176.5594265813862
86.22,83.84,2.010527,1.391616,0.817029,2.021389,1.391762,0.826432,-139.11796468427514,-179.2299134520182
86.23,83.85,1.977602,1.40493,0.794715,1.988537,1.404467,0.80401,-139.63470296103935,177.57548147087323
86.24,83.86,1.944489,1.419194,0.773686,1.955535,1.418111,0.782783,-140.52663109886228,174.4003584498273
86.25,83.87,1.910257,1.433053,0.752178,1.921896,1.4325,0.761086,-142.57107966842364,177.27977006948865
86.26,83.88,1.875534,1.445249,0.731,1.887637,1.444988,0.738974,-146.62131355564992,178.76461365160569
86.27,83.89,1.840628,1.455848,0.709326,1.852433,1.455598,0.717556,-145.1172480632387,178.78680185551733
86.28,83.9,1.805551,1.465558,0.688261,1.81695,1.465475,0.696305,-144.7903014318341,179.58281729457556
86.29,83.91,1.771523,1.475228,0.66742,1.783234,1.475097,0.675699,-144.74189768316234,179.35911245154907
86.3,83.92,1.737008,1.486933,0.648469,1.749095,1.486198,0.656456,-146.5435676495703,176.520178228506
86.31,83.93,1.703644,1.499673,0.630967,1.715778,1.498588,0.638983,-146.55032987886707,174.89030605470214
86.32,83.94,1.670789,1.514525,0.615368,1.68262,1.512481,0.623188,-146.5362772465621,170.19797107112532
86.33,83.95,1.636686,1.529181,0.600162,1.649593,1.527281,0.607149,-151.57180297796143,171.62580713943862
86.34,83.96,1.601211,1.541235,0.583658,1.613957,1.541423,0.590511,-151.73490845150351,-179.15496426223024
86.35,83.97,1.565976,1.551704,0.56766,1.578059,1.553115,0.574526,-150.39318671613134,-173.33941543375443
86.36,83.98,1.530311,1.562137,0.552037,1.54275,1.562741,0.558826,-151.3750197975329,-177.22007468694179
86.37,83.99,1.495854,1.571911,0.536865,1.507458,1.572696,0.543271,-151.09906205235973,-176.1298893901772
86.38,84.0,1.461965,1.583155,0.522591,1.473352,1.583846,0.528893,-151.0381856234064,-176.52736516137756
86.39,84.01,1.428796,1.596033,0.509775,1.440463,1.595999,0.515804,-152.6720388409739,179.83302897156034
86.4,84.02,1.396663,1.610109,0.498899,1.408416,1.609868,0.503749,-157.57598944578297,178.82529158336305
86.41,84.03,1.366624,1.623179,0.488557,1.37617,1.623952,0.492316,-158.50659591829788,-175.37049949465197
86.42,84.04,1.341564,1.63866,0.480989,1.367661,1.6303,0.484698,-171.9110893166168,162.23748579885097
86.43,84.05,1.293852,1.650575,0.465472,1.307032,1.650632,0.469239,-164.04943683436954,-179.7522125135302
86.44,84.06,1.259976,1.66142,0.454618,1.273148,1.660932,0.457811,-166.37387661561266,177.87826006914963
86.45,84.07,1.226726,1.673204,0.445294,1.239957,1.672241,0.449038,-164.1999824194916,175.83714657310563
86.46,84.08,1.194886,1.685453,0.43535,1.219195,1.676494,0.43973,-169.7860270149296,159.76880572980073
86.47,84.09,1.196733,1.684056,0.427402,1.200452,1.691918,0.433834,-120.0366185545283,-115.31578097073326
86.48,84.1,1.176777,1.694293,0.422022,1.16968,1.706183,0.428125,-40.69358182144123,-59.16752374264024
86.49,84.11,1.101333,1.729809,0.417214,1.114856,1.72892,0.419439,-170.65658132982915,176.23879608313712
86.5,84.12,1.068622,1.741788,0.412159,1.082146,1.74121,0.413176,-175.69947200392963,177.55273449222688
86.51,84.13,1.035632,1.753657,0.407088,1.050485,1.75222,0.408499,-174.57332130714286,174.47393923174693
86.52,84.14,1.005087,1.765329,0.402624,1.028772,1.765399,0.411544,-159.3631408645685,-179.83066527808703
86.53,84.15,0.975423,1.779397,0.398805,0.974936,1.776165,0.395201,82.30437024376323,81.43109557329771
86.54,84.16,0.946843,1.796438,0.396017,0.947013,1.794429,0.392697,92.9312599678047,94.83680126728179
86.55,84.17,0.918329,1.813724,0.393877,0.919283,1.813813,0.396171,-112.58083754837673,-174.67022272002555
86.56,84.18,0.88886,1.828529,0.391999,0.902497,1.826742,0.392859,-176.3914934460704,172.5344673036753
86.57,84.19,0.858574,1.841185,0.390125,0.859077,1.841735,0.39162,-108.59576253720371,-132.44433477625728
86.58,84.2,0.829042,1.853313,0.389723,0.842386,1.851278,0.390987,-174.58884757351223,171.32903070002462
86.59,84.21,0.801491,1.868059,0.390012,0.820528,1.864077,0.39108,-176.78899952831753,168.18568680018979
86.6,84.22,0.776801,1.885653,0.392122,0.792623,1.881223,0.392258,-179.50751901698368,164.35829082504497
86.61,84.23,0.752187,1.903305,0.394502,0.765095,1.899472,0.393977,177.67092392816704,163.46133791568766
86.62,84.24,0.726683,1.920055,0.3965,0.739897,1.917192,0.395784,176.89846375230346,167.77501537657002
86.63,84.25,0.700706,1.935838,0.399621,0.713827,1.932197,0.397058,168.94726138190336,164.49097970167523
86.64,84.26,0.677636,1.951801,0.405757,0.689361,1.945732,0.402324,163.680329305642,152.63337650960477
86.65,84.27,0.653819,1.967427,0.409003,0.666183,1.96156,0.406246,167.42949231312159,154.614593882777
86.66,84.28,0.632019,1.984527,0.412208,0.644118,1.977516,0.409553,167.62321005300106,149.9090215807431
86.67,84.29,0.612944,2.001781,0.416075,0.624834,1.994841,0.412486,163.20354476091063,149.7285843312411
86.68,84.3,0.593996,2.01821,0.419176,0.605701,2.012983,0.415822,164.01065125178394,155.93630990113905
86.69,84.31,0.573645,2.034728,0.424815,0.585586,2.029016,0.421093,162.687785922959,154.43579038196515
86.7,84.32,0.553999,2.050117,0.432594,0.565177,2.043511,0.427926,157.33429145243923,149.41766480116888
86.71,84.33,0.535034,2.065213,0.439867,0.546036,2.058708,0.435068,156.43348702306963,149.4060373260704
86.72,84.34,0.518081,2.081433,0.445172,0.52889,2.074372,0.441415,160.83353415773874,146.8453454497609
86.73,84.35,0.503108,2.096717,0.449162,0.515006,2.090891,0.446325,166.58862375813433,153.91075861797523
86.74,84.36,0.493222,2.116242,0.457774,0.503302,2.109362,0.451414,147.75002583581633,145.68491240000196
86.75,84.37,0.480048,2.132741,0.465656,0.490347,2.125587,0.458895,146.716242116446,145.2149755694742
86.76,84.38,0.467214,2.147969,0.47299,0.477045,2.140474,0.467269,149.80338982046493,142.67867186290732
86.77,84.39,0.455775,2.16401,0.484618,0.464305,2.155321,0.475578,133.33735657363567,134.47094662703358
86.78,84.4,0.453356,2.169433,0.483025,0.452175,2.169488,0.483884,-36.03025793323176,-2.6663781919918903
86.79,84.41,0.444391,2.183496,0.490272,0.441227,2.182327,0.492181,-31.10468892126595,20.27770988411098
86.8,84.42,0.438397,2.198066,0.496965,0.431412,2.193885,0.500456,-26.555207105327042,30.90340454934557
86.81,84.43,0.43256,2.210741,0.504036,0.422677,2.204212,0.508701,-25.268372509610536,33.44992224589339
86.82,84.44,0.424892,2.223283,0.511609,0.414973,2.213356,0.516904,-28.094368709904817,45.02309615092539
86.83,84.45,0.41768,2.235445,0.518715,0.408248,2.221365,0.525055,-33.90819761239859,56.18240869248731
86.84,84.46,0.411529,2.245897,0.525223,0.402451,2.228287,0.533144,-41.106292444902785,62.728778983320446
86.85,84.47,0.405996,2.238992,0.512005,0.397532,2.234172,0.54116,-73.81143687133425,29.660245172384194
86.86,84.48,0.400959,2.232882,0.500362,0.393438,2.239067,0.549094,-81.22653964763643,-39.432650152830384
86.87,84.49,0.396869,2.228258,0.491736,0.390119,2.243021,0.556934,-84.08918166016878,-65.42897658483291
86.88,84.5,0.393661,2.224973,0.485937,0.387524,2.246082,0.56467,-85.54297868993237,-73.78931626424297
86.89,84.51,0.39127,2.222875,0.482771,0.385602,2.248298,0.572292,-86.3771677292994,-77.43158631489136
86.9,84.52,0.389631,2.221815,0.482044,0.384301,2.249719,0.579789,-86.87877275985592,-79.18607796865129
86.91,84.53,0.388678,2.221641,0.483564,0.383572,2.250391,0.587152,-87.17809338589194,-79.92927616868867
86.92,84.54,0.388347,2.222205,0.487137,0.383363,2.250365,0.59437,-87.338908685321,-79.96323721689478
86.93,84.55,0.388573,2.223356,0.492572,0.383622,2.249687,0.601431,-87.39593368865482,-79.3510497862938
86.94,84.56,0.38929,2.224945,0.499674,0.384299,2.248407,0.608327,-87.36995427599949,-77.99065910037594
86.95,84.57,0.390434,2.226819,0.50825,0.385342,2.246572,0.615046,-87.27022241730846,-75.54479576478735
86.96,84.58,0.391938,2.228831,0.518108,0.386702,2.244232,0.621579,-87.1031011421892,-71.22310060520756
86.97,84.59,0.393739,2.230829,0.529055,0.388326,2.241435,0.627914,-86.865913401928,-62.96152968184091
86.98,84.6,0.395771,2.232664,0.540897,0.390164,2.238228,0.634042,-86.55515336856583,-44.77945516506211
86.99,84.61,0.397969,2.234185,0.553442,0.392164,2.234661,0.639952,-86.16108954545622,-4.687667806104849
87.0,84.62,0.400268,2.235243,0.566496,0.394276,2.230782,0.645633,-85.6700092599836,36.667412801800666
87.01,84.63,0.402603,2.235686,0.579866,0.396448,2.226638,0.651076,-85.0599463815288,55.77407993126372
87.02,84.64,0.404908,2.235366,0.593361,0.39863,2.222279,0.65627,-84.30103973582044,64.37237468747293
87.03,84.65,0.407119,2.234132,0.606785,0.40077,2.217753,0.661204,-83.34545376940412,68.81214972027334
87.04,84.66,0.40917,2.231833,0.619947,0.402818,2.213109,0.665869,-82.12473341967977,71.26081568318659
87.05,84.67,0.410997,2.22832,0.632653,0.404722,2.208394,0.670253,-80.5253229070957,72.51999360199645
87.06,84.68,0.412535,2.223443,0.644711,0.406432,2.203656,0.674347,-78.3636385267788,72.8584151310697
87.07,84.69,0.413717,2.217051,0.655927,0.407896,2.198946,0.67814,-75.3156186007337,72.17670631026601
87.08,84.7,0.41448,2.208994,0.666108,0.409063,2.19431,0.681621,-70.75125793231531,69.75073361502272
87.09,84.71,0.414757,2.199123,0.675061,0.409882,2.189798,0.684781,-63.36425696550105,62.39996231293909
87.1,84.72,0.414771,2.188294,0.683337,0.410511,2.185363,0.687777,-46.18526081862249,34.52906708557475
87.11,84.73,0.4151,2.166824,0.6923,0.413978,2.172819,0.687366,77.18870734954902,-79.39938830153247
87.12,84.74,0.417272,2.146253,0.698542,0.417553,2.156539,0.689068,91.69890176491667,-91.56485617414086
87.13,84.75,0.420875,2.129979,0.702285,0.420271,2.13985,0.693665,85.99185841966546,-86.49847462979393
87.14,84.76,0.424727,2.112759,0.706284,0.421253,2.123925,0.698749,65.24800943467797,-72.71787783770147
87.15,84.77,0.427572,2.094267,0.712037,0.422933,2.105906,0.705307,55.421440809662286,-68.2690712585522
87.16,84.78,0.429088,2.073422,0.717017,0.425343,2.085458,0.71194,53.58601768018336,-72.71647619030921
87.17,84.79,0.429916,2.049594,0.721233,0.427439,2.06393,0.717023,59.52910255807699,-80.19711723799857
87.18,84.8,0.430675,2.026166,0.724479,0.429907,2.038846,0.720767,78.31063082456076,-86.53395356217689
87.19,84.81,0.432693,2.002539,0.727393,0.432578,2.016248,0.724679,87.57366416839814,-89.5193770446111
87.2,84.82,0.436521,1.980574,0.731671,0.436793,1.994384,0.729066,95.96091502493306,-91.12834448113821
87.21,84.83,0.441283,1.96023,0.738263,0.441206,1.973549,0.734539,88.8154816143466,-89.6687644813632
87.22,84.84,0.44583,1.939622,0.747812,0.444762,1.952742,0.743735,75.32078876013972,-85.34624484885558
87.23,84.85,0.449443,1.917394,0.758981,0.447861,1.930433,0.754987,68.39177171306063,-83.08221151921937
87.24,84.86,0.4527,1.893828,0.769499,0.45053,1.906497,0.765005,64.22568101932634,-80.28045529759072
87.25,84.87,0.457032,1.867915,0.779229,0.454351,1.880699,0.774799,58.81801464728576,-78.15584659838966
87.26,84.88,0.461258,1.841575,0.789123,0.458921,1.854456,0.784864,61.24552699755976,-79.71668373124712
87.27,84.89,0.46559,1.814857,0.799124,0.463227,1.827693,0.794336,63.732486840952134,-79.56911417077639
87.28,84.9,0.469961,1.788111,0.810299,0.467707,1.80094,0.805164,66.30100481333301,-80.03508343893306
87.29,84.91,0.47422,1.761626,0.823836,0.472549,1.774524,0.819181,70.25344296937192,-82.61816389025616
87.3,84.92,0.478113,1.735301,0.83925,0.47647,1.748309,0.835321,67.30665640890828,-82.80126836531426
87.31,84.93,0.481841,1.707564,0.854808,0.480447,1.720761,0.85134,68.10180719436107,-83.97020285135389
87.32,84.94,0.486064,1.678351,0.870391,0.484439,1.691491,0.866508,67.29113563050133,-82.95012913362727
87.33,84.95,0.491017,1.649558,0.886683,0.489783,1.662295,0.882075,75.00823566363883,-84.46627812787928
87.34,84.96,0.496724,1.621296,0.904467,0.495069,1.633846,0.898793,73.73901977203796,-82.48760933835169
87.35,84.97,0.502423,1.594709,0.923694,0.50049,1.606817,0.917043,73.79439262216229,-80.92947184272387
87.36,84.98,0.508177,1.569041,0.945065,0.50591,1.580335,0.937317,73.69096552823265,-78.65007354299627
87.37,84.99,0.513833,1.542138,0.966834,0.511094,1.553014,0.958884,70.98972081632067,-75.86463541561747
87.38,85.0,0.519638,1.512366,0.988838,0.516791,1.52347,0.981003,70.03039929327814,-75.61947441836166
87.39,85.01,0.525951,1.4823,1.011247,0.523715,1.493624,1.003271,74.33963646935365,-78.83024993367039
87.4,85.02,0.533293,1.452914,1.035106,0.530945,1.463898,1.026757,74.29235585429188,-77.93374473857631
87.41,85.03,0.540385,1.425229,1.059686,0.538435,1.436096,1.051718,76.24835270600865,-79.82697764126297
87.42,85.04,0.547473,1.398654,1.086546,0.545626,1.409634,1.078152,77.59049807020435,-80.45138775857879
87.43,85.05,0.555156,1.372314,1.114768,0.553222,1.383161,1.106872,76.23725898125429,-79.89050307987569
87.44,85.06,0.563255,1.344106,1.142496,0.560627,1.355916,1.136115,67.61580055282057,-77.45475544063318
87.45,85.07,0.572255,1.31561,1.171258,0.569012,1.327123,1.163827,66.42282078705418,-74.26844979744357
87.46,85.08,0.581334,1.287078,1.199566,0.578003,1.297498,1.191326,67.98909829157148,-72.27228876163024
87.47,85.09,0.590348,1.259616,1.230089,0.587532,1.270382,1.222081,70.6258602313429,-75.34186948548594
87.48,85.1,0.599049,1.234104,1.261955,0.596651,1.244546,1.253214,74.65894739433027,-77.06631055664447
87.49,85.11,0.608056,1.210398,1.295592,0.605771,1.220515,1.286557,75.80719070579305,-77.27286315169505
87.5,85.12,0.617925,1.185785,1.329711,0.615074,1.196281,1.321072,71.73633254386968,-74.80355898528936
87.51,85.13,0.628158,1.159274,1.363923,0.624594,1.169926,1.356102,65.5014258085664,-71.50052893012649
87.52,85.14,0.63915,1.133243,1.398252,0.63519,1.143437,1.389134,66.52441569550747,-68.77065366279513
87.53,85.15,0.649718,1.10758,1.4331,0.646028,1.116338,1.423119,69.71052399513015,-67.15289350019354
87.54,85.16,0.660481,1.082655,1.469957,0.657142,1.091478,1.459889,71.65216570182187,-69.27121706948599
87.55,85.17,0.670861,1.060039,1.507792,0.667819,1.068413,1.497048,74.19133785054396,-70.03557413664558
87.56,85.18,0.681356,1.039139,1.546687,0.678635,1.047596,1.535904,75.83755182634366,-72.16466474012464
87.57,85.19,0.692713,1.017591,1.586134,0.689422,1.02642,1.576147,71.76148126471385,-69.55711566604221
87.58,85.2,0.704353,0.994181,1.626418,0.700194,1.003529,1.617015,66.13992281499556,-66.01533597689975
87.59,85.21,0.715862,0.970453,1.666888,0.711543,0.98003,1.657255,65.8507009840815,-65.7257538274144
87.6,85.22,0.726711,0.947388,1.706625,0.723502,0.955851,1.696151,72.9661037642652,-69.23427647266178
87.61,85.23,0.738378,0.925622,1.747408,0.735668,0.934012,1.737052,75.3354417258888,-72.09935787876358
87.62,85.24,0.749482,0.905772,1.789604,0.747175,0.914269,1.779025,77.69790618808217,-74.8099460064375
87.63,85.25,0.760668,0.887813,1.83268,0.758512,0.895937,1.821817,78.77427971055558,-75.13708269422588
87.64,85.26,0.772129,0.871688,1.877133,0.76996,0.879487,1.865994,78.98117796124778,-74.45808198763089
87.65,85.27,0.783379,0.854931,1.922868,0.781061,0.863019,1.911936,78.02842711933458,-74.00783357175789
87.66,85.28,0.794997,0.836538,1.968289,0.792228,0.844429,1.957355,75.78880813070299,-70.66371700890718
87.67,85.29,0.806747,0.817965,2.013358,0.803843,0.825065,2.001646,76.07431265055803,-67.75474712504204
87.68,85.3,0.818883,0.798607,2.058704,0.815902,0.804977,2.046691,76.06367852778078,-64.92158655757528
87.69,85.31,0.830617,0.779928,2.104858,0.828296,0.787131,2.093217,78.72414623296906,-72.13966572196647
87.7,85.32,0.842211,0.763404,2.1513,0.840282,0.771105,2.139996,80.31589832432303,-75.93750056309577
87.71,85.33,0.853861,0.750048,2.198642,0.851676,0.757251,2.18698,79.38805745175843,-73.12504488512155
87.72,85.34,0.865201,0.73956,2.24657,0.862766,0.745838,2.234595,78.50616259017453,-68.80060068100298
87.73,85.35,0.875532,0.729222,2.29567,0.872888,0.734139,2.283375,77.86355869315621,-61.731913577856545
87.74,85.36,0.889305,0.717102,2.345225,0.88373,0.72193,2.334411,62.72729146897536,-40.892856549817736
87.75,85.37,0.899553,0.702467,2.396267,0.89617,0.708547,2.3845,73.96011291208414,-60.90780392422576
87.76,85.38,0.91132,0.690148,2.445276,0.908961,0.695573,2.43307,79.06155525097176,-66.49873105537748
87.77,85.39,0.921878,0.681507,2.494025,0.919799,0.685839,2.481402,80.64738467754498,-64.36286411756942
87.78,85.4,0.930824,0.67519,2.544116,0.928317,0.679077,2.531438,78.81440222421004,-57.17918105252432
87.79,85.41,0.939413,0.670042,2.596288,0.937031,0.675218,2.583988,79.0398542640953,-65.2880687724783
87.8,85.42,0.948813,0.665278,2.648795,0.944296,0.670078,2.636885,69.23021073166099,-46.73980054903484
87.81,85.43,0.957323,0.659284,2.701397,0.953218,0.664349,2.689512,70.94542781889716,-50.976479262428725
87.82,85.44,0.965382,0.653006,2.753026,0.960699,0.657148,2.740923,68.84710765217027,-41.49198024215085
87.83,85.45,0.972966,0.645879,2.804962,0.971514,0.650533,2.792469,83.37053718050512,-72.67261673548495
87.84,85.46,0.980504,0.640713,2.857543,0.978067,0.645542,2.845438,78.61726710835703,-63.22177824156827
87.85,85.47,0.987202,0.637651,2.909497,0.984406,0.642432,2.896908,77.47793903716229,-59.68026824199289
87.86,85.48,0.993771,0.636797,2.961541,0.990702,0.641493,2.948977,76.27319908361444,-56.83398189704609
87.87,85.49,0.999932,0.638183,3.01371,0.997494,0.641974,3.000541,79.5114831805416,-57.25484457776172
87.88,85.5,1.005203,0.639422,3.066354,1.00266,0.642491,3.053744,78.5983496336718,-50.354559970058695
87.89,85.51,1.009654,0.638291,3.11984,1.008029,0.641626,3.106943,82.81867251485228,-64.0220459667697
87.9,85.52,1.014315,0.634831,3.174333,1.012536,0.639413,3.161622,82.03277691877132,-68.78087984651737
87.91,85.53,1.019556,0.630695,3.228539,1.017146,0.635692,3.216072,79.05908458826909,-64.25248064543057
87.92,85.54,1.024948,0.627602,3.281576,1.022568,0.632103,3.26897,79.30846302549448,-62.131395284763734
87.93,85.55,1.030688,0.62681,3.33359,1.029007,0.63103,3.32052,82.67112908207147,-68.28056872125674
87.94,85.56,1.036185,0.627988,3.385001,1.034701,0.630828,3.371882,83.54622804450283,-62.41134754962008
87.95,85.57,1.042249,0.63044,3.437053,1.040335,0.632806,3.423901,81.71991861279531,-51.02851707060467
87.96,85.58,1.048436,0.63518,3.489837,1.046706,0.637885,3.476531,82.59215629478098,-57.398792428819455
87.97,85.59,1.054505,0.641007,3.543094,1.05335,0.644586,3.529999,84.95946434484601,-72.1142875371848
87.98,85.6,1.060716,0.646251,3.596708,1.058926,0.649969,3.583735,82.14399659394569,-64.29189961181049
87.99,85.61,1.066968,0.64939,3.650448,1.065274,0.653584,3.637455,82.5717969019717,-68.00570783971227
88.0,85.62,1.073397,0.650847,3.703959,1.071954,0.655422,3.691189,83.55296929880055,-72.49421297493701
88.01,85.63,1.07978,0.652285,3.757029,1.077316,0.656458,3.744316,79.03108398025978,-59.4397424816201
88.02,85.64,1.086099,0.654075,3.80935,1.083275,0.65813,3.796252,77.83296768223141,-55.145714342144416
88.03,85.65,1.093222,0.657636,3.861466,1.090182,0.661318,3.848338,76.96204106124401,-50.4556166972643
88.04,85.66,1.100645,0.662371,3.912621,1.098017,0.665922,3.899565,78.61919453569266,-53.49584824236737
88.05,85.67,1.107916,0.668966,3.963228,1.10577,0.672029,3.949779,80.93398341840613,-54.9841337542174
88.06,85.68,1.11565,0.677555,4.013128,1.114171,0.680099,4.000128,83.50941074480404,-59.82765432890972
88.07,85.69,1.124884,0.688403,4.06479,1.122946,0.69011,4.051113,81.93500845789065,-41.37375897923824
88.08,85.7,1.133811,0.696433,4.116076,1.131353,0.698461,4.102608,79.65697232177122,-39.52471167758395
88.09,85.71,1.142969,0.702889,4.167154,1.140317,0.705141,4.154113,78.50515318924352,-40.336931407934316
88.1,85.72,1.151915,0.707788,4.218448,1.148446,0.709791,4.205463,75.04249572581469,-30.00212954603016
88.11,85.73,1.160608,0.712073,4.270159,1.157264,0.714182,4.257497,75.20611091598761,-32.23888483747022
88.12,85.74,1.169015,0.716157,4.32152,1.166247,0.719274,4.308825,77.69981745677453,-48.393854702985166
88.13,85.75,1.178578,0.721851,4.371758,1.175691,0.724757,4.358826,77.41537955361952,-45.18791919683605
88.14,85.76,1.189128,0.728969,4.420774,1.186361,0.731927,4.408184,77.60473628284818,-46.91081857950928
88.15,85.77,1.200405,0.737587,4.469418,1.197851,0.740063,4.456233,79.03729014038672,-44.11158794548776
88.16,85.78,1.21283,0.748993,4.516905,1.209631,0.750033,4.503254,76.8111921190282,-18.009426273225255
88.17,85.79,1.225613,0.762229,4.564176,1.221437,0.761996,4.550697,72.78622068843093,3.1935079757505824
88.18,85.8,1.237585,0.772443,4.613418,1.23367,0.773454,4.600159,73.54965054400388,-14.4795886807959
88.19,85.81,1.250162,0.780628,4.66293,1.247017,0.782678,4.649601,76.72378596364175,-33.097446685019555
88.2,85.82,1.262491,0.786761,4.712526,1.259792,0.789611,4.699194,78.55541744643119,-46.558754395219005
88.21,85.83,1.274657,0.792782,4.761504,1.272133,0.795585,4.748437,79.06748014655423,-47.998109596222925
88.22,85.84,1.286855,0.799219,4.809847,1.283921,0.801919,4.796824,77.30359999510222,-42.62167002664497
88.23,85.85,1.299786,0.806674,4.856709,1.296858,0.809308,4.843794,77.22622571127253,-41.974236439076975
88.24,85.86,1.31446,0.816187,4.902424,1.310444,0.817925,4.889448,72.80299383095894,-23.401461357094433
88.25,85.87,1.328022,0.826417,4.947659,1.323392,0.827293,4.934757,70.25901404052603,-10.713768820059675
88.26,85.88,1.342661,0.838495,4.991816,1.337573,0.838785,4.978792,68.6612323119805,-3.262149793457706
88.27,85.89,1.356668,0.851681,5.036481,1.35102,0.851938,5.024159,65.3748341290573,-2.605323156591015
88.28,85.9,1.369591,0.862143,5.082749,1.366236,0.864325,5.070338,74.87308579338765,-33.03887179243697
88.29,85.91,1.385285,0.872244,5.129365,1.381767,0.875268,5.116638,74.54812536992587,-40.6816721178966
88.3,85.92,1.400563,0.881151,5.175511,1.397016,0.884193,5.162941,74.24200601618223,-40.617254101293376
88.31,85.93,1.415001,0.88893,5.220809,1.411835,0.891831,5.208672,75.37989470304747,-42.498972021101565
88.32,85.94,1.430111,0.896459,5.266273,1.426322,0.899406,5.253573,73.38771367113887,-37.87498365109983
88.33,85.95,1.44523,0.9057,5.309764,1.440952,0.907998,5.297056,71.39479394936055,-28.243220274537787
88.34,85.96,1.461132,0.916504,5.351373,1.456715,0.918226,5.338774,70.68018174616076,-21.29869001982868
88.35,85.97,1.475739,0.92747,5.392216,1.472345,0.929683,5.380263,74.14834565936094,-33.1056771161602
88.36,85.98,1.49566,0.942877,5.432917,1.490091,0.942583,5.419899,66.83913448479899,3.0219673566258227
88.37,85.99,1.512605,0.957527,5.473399,1.506239,0.956286,5.460812,63.171542687866186,11.031000853366129
88.38,86.0,1.527188,0.968997,5.515117,1.523892,0.970227,5.503065,74.70466244947433,-20.464548943089348
88.39,86.01,1.547498,0.980985,5.558085,1.542598,0.982351,5.545469,68.77404468994075,-15.577168211906114
88.4,86.02,1.565638,0.990432,5.600103,1.560573,0.992107,5.587421,68.22897581676872,-18.29909660681858
88.41,86.03,1.581836,0.999357,5.641042,1.578689,1.001808,5.628334,76.09112981085055,-37.91277769542708
88.42,86.04,1.603398,1.011475,5.680745,1.597001,1.012957,5.66775,63.7905329716981,-13.043667466106882
88.43,86.05,1.622063,1.024109,5.718294,1.61562,1.025225,5.705727,62.85614995254189,-9.826772268709894
88.44,86.06,1.64094,1.038243,5.753934,1.63488,1.038865,5.742124,62.836530837708544,-5.860331856440189
88.45,86.07,1.661979,1.054311,5.788713,1.655183,1.05387,5.776745,60.41002760691258,3.7127813785942725
88.46,86.08,1.684512,1.070367,5.824633,1.677253,1.070213,5.812422,59.270040382039625,1.2153501364186707
88.47,86.09,1.707116,1.084555,5.861441,1.70007,1.085601,5.849287,59.89797953502086,-8.444061154802942
88.48,86.1,1.729789,1.096864,5.89733,1.722695,1.098153,5.88565,58.72705260881147,-10.298449629417707
88.49,86.11,1.752336,1.107962,5.933232,1.745232,1.109141,5.921873,57.9778440232186,-9.423081217303
88.5,86.12,1.775116,1.119537,5.968075,1.767221,1.120238,5.95711,54.24542448316852,-5.074007553164946
88.51,86.13,1.797396,1.132359,6.001307,1.789117,1.131939,5.99089,51.52377755214418,2.904169009805086
88.52,86.14,1.821202,1.145994,6.034156,1.812158,1.144766,6.02347,49.75739304238821,7.7323693537113245
88.53,86.15,1.844932,1.160487,6.065424,1.836475,1.159573,6.054268,52.835419894668014,6.1683651735450695
88.54,86.16,1.870142,1.176497,6.094961,1.861384,1.175161,6.083888,51.65836807535485,8.673390771143895
88.55,86.17,1.896001,1.192365,6.125204,1.887113,1.19145,6.113971,51.64754210768682,5.877767831341097
88.56,86.18,1.922603,1.206133,6.156551,1.913358,1.206734,6.145128,51.01564396057279,-3.7194568289724925
88.57,86.19,1.949128,1.217785,6.187473,1.93977,1.219197,6.176383,49.841548395695824,-8.580458900375058
88.58,86.2,1.976569,1.229442,6.217506,1.965471,1.230173,6.206756,44.08745673281834,-3.768498928237283
88.59,86.21,2.001969,1.240998,6.24612,1.990964,1.240556,6.2367,40.562684189570994,2.2999664244086646
88.6,86.22,2.028671,1.253237,6.274806,2.017473,1.252356,6.265234,40.52367299705643,4.498465752465458
88.61,86.23,2.055126,1.266267,6.302896,2.044762,1.265726,6.292628,44.73340659465458,2.988123192674231
88.62,86.24,2.081856,1.280539,6.329129,2.071666,1.280044,6.318793,45.40753399287558,2.781073010941244
88.63,86.25,2.108825,1.29589,6.353657,2.097988,1.294682,6.343421,43.366372524084056,6.360500960915915
88.64,86.26,2.136517,1.310682,6.37871,2.126638,1.310187,6.368778,45.153281968077664,2.868479750232181
88.65,86.27,2.165471,1.323814,6.403977,2.154757,1.324548,6.394419,41.73627328656385,-3.9191238403386084
88.66,86.28,2.193843,1.335505,6.428571,2.182515,1.336016,6.420485,35.51949260622847,-2.5828309085541816
88.67,86.29,2.22361,1.346029,6.454088,2.211419,1.346648,6.446352,32.39784272765661,-2.906706258967251
88.68,86.3,2.252199,1.355758,6.480024,2.240625,1.35729,6.471407,36.66818353617576,-7.540160603403142
88.69,86.31,2.280724,1.366423,6.504654,2.26985,1.367766,6.49561,39.750590729755814,-7.040695910124859
88.7,86.32,2.309007,1.378255,6.527715,2.298072,1.378719,6.518545,39.98291705318976,-2.429748801097154
88.71,86.33,2.337384,1.391135,6.548769,2.32599,1.391351,6.539999,37.58559936676956,-1.086045826006358
88.72,86.34,2.36556,1.404991,6.568187,2.353439,1.404274,6.559987,34.07881673102457,3.385303036583625
88.73,86.35,2.394391,1.418686,6.586887,2.381613,1.417793,6.579819,28.94865760009222,3.9976582588362155
88.74,86.36,2.424204,1.430596,6.606802,2.41151,1.430542,6.600359,26.910646862242118,0.24373353007152157
88.75,86.37,2.45393,1.439925,6.62811,2.443156,1.441741,6.620779,34.232717354155476,-9.567499416105447
88.76,86.38,2.486758,1.449537,6.648954,2.474508,1.451168,6.641222,32.25945180757393,-7.583920247831371
88.77,86.39,2.516564,1.458099,6.66898,2.504326,1.459906,6.661422,31.6988380474645,-8.399309904943266
88.78,86.4,2.544759,1.466604,6.687937,2.533605,1.468847,6.680459,33.83917017214483,-11.370178302752251
88.79,86.41,2.573213,1.47662,6.705065,2.563148,1.478527,6.697836,35.68709796641656,-10.72857007175162
88.8,86.42,2.602046,1.488026,6.72064,2.591418,1.490061,6.7143,30.817658963038053,-10.83953093434898
88.81,86.43,2.633358,1.50102,6.734273,2.620263,1.501244,6.729429,20.300047774108545,-0.9799925950481029
88.82,86.44,2.662978,1.511785,6.749267,2.649902,1.513319,6.744802,18.853254476564857,-6.6910229653207205
88.83,86.45,2.694133,1.521274,6.766371,2.682156,1.523993,6.760642,25.563350546841384,-12.790411970924866
88.84,86.46,2.725297,1.529256,6.782542,2.714624,1.532356,6.776002,31.49834985359456,-16.196073516213637
88.85,86.47,2.759695,1.537646,6.797249,2.745504,1.540226,6.791531,21.94605510080803,-10.304135871913815
88.86,86.48,2.788225,1.544521,6.811696,2.776327,1.547625,6.806262,24.546910742327736,-14.621658115791567
88.87,86.49,2.818643,1.553096,6.824448,2.806388,1.555872,6.819617,21.514678557099526,-12.763238017548856
88.88,86.5,2.847669,1.562024,6.835196,2.835954,1.564827,6.830848,20.362312336046802,-13.455956499866533
88.89,86.51,2.877709,1.572847,6.844521,2.864053,1.574541,6.841457,12.646034944915009,-7.071305767481347
88.9,86.52,2.908064,1.582673,6.853806,2.894009,1.584448,6.851546,9.134788983404997,-7.1977553373543826
88.91,86.53,2.939934,1.590594,6.864114,2.925616,1.59357,6.862424,6.7316605863090295,-11.741759558611655
88.92,86.54,2.972307,1.597054,6.875032,2.959023,1.600821,6.872247,11.840610090566784,-15.83196953427536
88.93,86.55,3.004184,1.603347,6.885118,2.991164,1.606904,6.88181,14.255544506791061,-15.280063741980408
88.94,86.56,3.035084,1.609899,6.893714,3.021879,1.613239,6.890985,11.676599123697569,-14.194377785499453
88.95,86.57,3.064826,1.617432,6.900987,3.050874,1.620181,6.899088,7.750871441867914,-11.14636389440778
88.96,86.58,3.094829,1.62597,6.906317,3.080592,1.628408,6.905001,5.281140031818307,-9.717301742488342
88.97,86.59,3.124719,1.634425,6.910736,3.110396,1.637067,6.909773,3.8464651273083925,-10.451219789476639
88.98,86.6,3.155805,1.641354,6.915469,3.141774,1.645574,6.914872,2.436388068079358,-16.739321683219487
88.99,86.61,3.187015,1.64679,6.91946,3.172764,1.651696,6.919458,0.008040948585352849,-18.996359526262708
89.0,86.62,3.217377,1.651726,6.923094,3.203347,1.656648,6.923783,-2.811482718988055,-19.331874054882917
89.01,86.63,3.248039,1.656722,6.926052,3.232074,1.662481,6.9268,-2.682488247572643,-19.835722019663898
89.02,86.64,3.278402,1.662935,6.9282,3.262623,1.667752,6.929231,-3.738392657641502,-16.976338608947664
89.03,86.65,3.307004,1.67103,6.929128,3.29282,1.6742,6.930409,-5.160555179155718,-12.598077775114012
89.04,86.66,3.346095,1.676996,6.933893,3.321552,1.682111,6.929569,9.99186464385797,-11.772483986866197
89.05,86.67,3.382068,1.681759,6.936218,3.351496,1.688931,6.928285,14.546616958696413,-13.202490731507499
89.06,86.68,3.412993,1.685502,6.93466,3.377548,1.694288,6.9243,16.292787335047496,-13.921702292236347
89.07,86.69,3.441989,1.689426,6.93166,3.398496,1.699275,6.918059,17.365350388157754,-12.759447287184534
89.08,86.7,3.475387,1.692643,6.931056,3.421753,1.700233,6.931223,-0.17840109364725215,-8.054710852206995
89.09,86.71,3.506384,1.697294,6.927969,3.451544,1.704739,6.928813,-0.8817253915022857,-7.731128417871723
89.1,86.72,3.532831,1.703742,6.921813,3.479393,1.71002,6.922802,-1.0602765350976129,-6.700505267922109
89.11,86.73,3.560817,1.710134,6.914563,3.507107,1.715154,6.916775,-2.3583444819656143,-5.339632139941379
89.12,86.74,3.588934,1.715835,6.906917,3.534836,1.719937,6.910763,-4.0664985675100755,-4.336175209467625
89.13,86.75,3.61854,1.718818,6.899376,3.564288,1.7242,6.904974,-5.891223547361276,-5.66541759220051
89.14,86.76,3.648562,1.720186,6.892081,3.594501,1.726666,6.898695,-6.9750905904092315,-6.83512542191743
89.15,86.77,3.679751,1.721925,6.884848,3.623372,1.728586,6.892043,-7.272685879022879,-6.738078899377902
89.16,86.78,3.707395,1.723348,6.875912,3.651115,1.731591,6.882788,-6.965581887118909,-8.33252989430346
89.17,86.79,3.733413,1.725804,6.86446,3.677209,1.735705,6.870847,-6.483256679932075,-9.990823130720164
89.18,86.8,3.757498,1.730054,6.850761,3.701322,1.738963,6.858159,-7.502295136513859,-9.011537030796037
89.19,86.81,3.782594,1.734357,6.836824,3.726852,1.741473,6.84606,-9.407975188287837,-7.275004957889384
89.2,86.82,3.809698,1.735797,6.823222,3.754401,1.743439,6.833979,-11.008338631523195,-7.868389468340404
89.21,86.83,3.836483,1.735251,6.809564,3.781977,1.743656,6.821227,-12.077814010938452,-8.766145818430166
89.22,86.84,3.862961,1.734999,6.795595,3.808232,1.743744,6.808104,-12.874518311679932,-9.07839478556818
89.23,86.85,3.888265,1.734578,6.781217,3.833215,1.74468,6.792615,-11.697697660579584,-10.398423552727737
89.24,86.86,3.911706,1.735866,6.764413,3.855592,1.746611,6.774891,-10.576864938499368,-10.84007493529182
89.25,86.87,3.931839,1.738376,6.744659,3.87707,1.747936,6.757147,-12.84454713120067,-9.901298770310694
89.26,86.88,3.953432,1.740697,6.72451,3.89887,1.748965,6.739627,-15.485975244947761,-8.616705826441429
89.27,86.89,3.978459,1.73989,6.705129,3.923503,1.749128,6.721866,-16.93825747203413,-9.54210293000465
89.28,86.9,4.000863,1.737038,6.685637,3.947618,1.747137,6.702868,-17.932475070286095,-10.73973881705528
89.29,86.91,4.02424,1.734842,6.666296,3.970713,1.744808,6.683852,-18.158663193735805,-10.546930989109667
89.3,86.92,4.045435,1.732284,6.64663,3.991415,1.743406,6.662763,-16.628184144527918,-11.633873412936788
89.31,86.93,4.064368,1.731012,6.624237,4.00966,1.743342,6.640277,-16.34076523744541,-12.701016340823701
89.32,86.94,4.080844,1.731852,6.600175,4.026949,1.743431,6.617797,-18.10614565344128,-12.12531900458204
89.33,86.95,4.098166,1.732858,6.575346,4.045573,1.742621,6.595348,-20.822648929916586,-10.516286018635231
89.34,86.96,4.116587,1.731056,6.550392,4.065831,1.740941,6.572309,-23.355218881638926,-11.020701689664204
89.35,86.97,4.134977,1.725818,6.52591,4.085221,1.7374,6.547933,-23.875138787982657,-13.103731623027837
89.36,86.98,4.153614,1.720532,6.501896,4.104101,1.733318,6.523574,-23.644977023599743,-14.479463154931299
89.37,86.99,4.170239,1.716484,6.476161,4.122098,1.729568,6.498865,-25.24925069326289,-15.204854223717465
89.38,87.0,4.18568,1.712551,6.450291,4.136998,1.727129,6.472285,-24.31293682276901,-16.670518268166568
89.39,87.01,4.199325,1.71014,6.423692,4.151063,1.72548,6.445323,-24.14189450400087,-17.632775881891344
89.4,87.02,4.212832,1.708338,6.39597,4.163733,1.723442,6.418235,-24.39294030523477,-17.09912083470167
89.41,87.03,4.226295,1.704844,6.367146,4.177383,1.720539,6.391309,-26.289816369005237,-17.79052149667731
89.42,87.04,4.240718,1.701379,6.338625,4.192334,1.715872,6.363313,-27.033007881308233,-16.675122853386338
89.43,87.05,4.256354,1.696241,6.310231,4.207446,1.709943,6.33461,-26.494717999696476,-15.650676051574619
89.44,87.06,4.270705,1.685034,6.281715,4.221726,1.703793,6.30605,-26.42028117231114,-20.956883717194778
89.45,87.07,4.285245,1.678669,6.252947,4.234501,1.697986,6.27715,-25.499405380819294,-20.840605549227124
89.46,87.08,4.290205,1.674906,6.221721,4.244811,1.693407,6.247159,-29.26550418215936,-22.17408335356378
89.47,87.09,4.29986,1.671726,6.191224,4.255625,1.689952,6.217083,-30.30980233602402,-22.3929676616974
89.48,87.1,4.310272,1.6686,6.160668,4.264307,1.68598,6.186552,-29.38491057444605,-20.7122961244327
89.49,87.11,4.319374,1.663273,6.128947,4.274034,1.681224,6.156246,-31.051947518297617,-21.59958932939861
89.5,87.12,4.327456,1.656163,6.096088,4.284259,1.67473,6.1248,-33.611024124453046,-23.259073636445045
89.51,87.13,4.336713,1.647994,6.063916,4.294625,1.667524,6.092789,-34.45070752440278,-24.892608464555714
89.52,87.14,4.346398,1.639986,6.03212,4.304826,1.659815,6.061025,-34.8108784228909,-25.500194415874464
89.53,87.15,4.355375,1.632862,6.000332,4.313208,1.652179,6.029176,-34.3737682131247,-24.61284956612961
89.54,87.16,4.364492,1.62699,5.969332,4.320448,1.646108,5.996665,-31.82307475653324,-23.464022404707226
89.55,87.17,4.370261,1.621997,5.936523,4.326974,1.641213,5.964098,-32.4982484055976,-23.937430740147587
89.56,87.18,4.374092,1.617536,5.901932,4.332059,1.636216,5.931207,-34.85630774400995,-23.960971262540685
89.57,87.19,4.37738,1.611782,5.866744,4.337228,1.630612,5.898479,-38.32184225684844,-25.12507075342632
89.58,87.2,4.381545,1.604158,5.831934,4.344233,1.62346,5.864437,-41.05957374266416,-27.353134122502517
89.59,87.21,4.387779,1.59535,5.797906,4.350085,1.615176,5.829677,-40.12640827039087,-27.74312715792573
89.6,87.22,4.393838,1.586266,5.764322,4.354977,1.60644,5.795339,-38.59520109165117,-27.435283592935154
89.61,87.23,4.396853,1.578524,5.729313,4.358773,1.597913,5.761471,-40.180600149969834,-26.98359812911785
89.62,87.24,4.399457,1.572344,5.694864,4.360927,1.591235,5.726785,-39.640773880035546,-26.118402627999227
89.63,87.25,4.401714,1.566775,5.65964,4.364511,1.585307,5.691696,-40.74986240738708,-26.479358485024566
89.64,87.26,4.390933,1.563204,5.622756,4.363719,1.579732,5.657319,-51.784031864962714,-31.271752250859848
89.65,87.27,4.379256,1.557799,5.58617,4.360339,1.567144,5.596769,-29.261460140979946,-26.289376796823323
89.66,87.28,4.361738,1.550751,5.548839,4.361145,1.558408,5.560546,-87.10024913853078,-85.5715407126032
89.67,87.29,4.362775,1.540801,5.51309,4.360517,1.548228,5.52469,-78.98482564864811,-73.08937231568285
89.68,87.3,4.360364,1.5299,5.477315,4.358569,1.537861,5.488705,-81.0441646814011,-77.2937593910142
89.69,87.31,4.36193,1.520456,5.441746,4.357008,1.528497,5.453085,-66.53544027273044,-58.528661021540174
89.7,87.32,4.359236,1.513035,5.406036,4.358172,1.519619,5.418278,-85.03268283161667,-80.82014335759716
89.71,87.33,4.355525,1.506383,5.370812,4.354331,1.512261,5.383436,-84.59693810877143,-78.51771610641315
89.72,87.34,4.351915,1.499995,5.334481,4.351403,1.505872,5.347177,-87.6906465288144,-85.02100410732555
89.73,87.35,4.348421,1.492596,5.297477,4.348073,1.498977,5.309839,-88.38750470846705,-86.87835785557606
89.74,87.36,4.34411,1.483391,5.26044,4.343822,1.490814,5.272163,-88.59269248635425,-87.77813388542306
89.75,87.37,4.338446,1.472784,5.223762,4.340024,1.480681,5.235115,-97.91307660199044,-101.30016527598636
89.76,87.38,4.333503,1.461351,5.187239,4.335282,1.469245,5.198909,-98.66756272252942,-102.70007092263039
89.77,87.39,4.329298,1.449214,5.151093,4.330541,1.456948,5.162587,-96.17217262366073,-99.13043440233747
89.78,87.4,4.324216,1.438531,5.114289,4.322606,1.445928,5.125997,-82.17020305262513,-77.72075609839372
89.79,87.41,4.318287,1.429801,5.077733,4.318973,1.436359,5.09021,-93.14702020674008,-95.97171053735599
89.8,87.42,4.311253,1.422329,5.04117,4.313382,1.427819,5.053908,-99.48857891230548,-111.19609309867504
89.81,87.43,4.304002,1.41462,5.003647,4.305707,1.419861,5.016522,-97.54362569354821,-108.02072215085893
89.82,87.44,4.296323,1.406742,4.96491,4.296998,1.412835,4.97755,-93.05679986586361,-96.3216133485365
89.83,87.45,4.287917,1.397421,4.925654,4.289173,1.404539,4.937621,-95.99155938880882,-100.00706140851253
89.84,87.46,4.279364,1.386279,4.886854,4.282057,1.393901,4.898285,-103.25644324659307,-109.45929959562723
89.85,87.47,4.271356,1.374043,4.848018,4.273519,1.381482,4.859554,-100.61965527615646,-106.21257582942408
89.86,87.48,4.261446,1.361059,4.809619,4.265276,1.369216,4.820878,-108.78688220274546,-115.15171586599713
89.87,87.49,4.253953,1.349715,4.771568,4.25724,1.357085,4.78299,-106.05465292941092,-114.03674174875621
89.88,87.5,4.244631,1.339568,4.732958,4.247684,1.34623,4.744901,-104.33948834303168,-114.62060332012875
89.89,87.51,4.234718,1.330171,4.694102,4.236893,1.336734,4.706303,-100.10760497321195,-108.33536789403446
89.9,87.52,4.224424,1.32242,4.654746,4.226463,1.328615,4.667171,-99.31943652991878,-108.21825712905118
89.91,87.53,4.21291,1.315861,4.614433,4.215189,1.321688,4.627062,-100.22937168141654,-111.36098225786533
89.92,87.54,4.201711,1.308064,4.573552,4.204086,1.314603,4.585745,-101.02228004578134,-109.961294033975
89.93,87.55,4.190193,1.298293,4.532287,4.193885,1.30581,4.543832,-107.73386657123214,-116.15811907494404
89.94,87.56,4.177286,1.286742,4.491862,4.181311,1.294065,4.503191,-109.55925602224818,-118.79487282528322
89.95,87.57,4.170894,1.272844,4.452376,4.16933,1.282165,4.463089,-81.69401800514721,-80.47489065222547
89.96,87.58,4.154935,1.262476,4.411444,4.157586,1.269571,4.423363,-102.53949598570038,-110.48787077333014
89.97,87.59,4.139837,1.252466,4.370928,4.144336,1.25858,4.382718,-110.8865828852604,-126.34757291446203
89.98,87.6,4.12635,1.24316,4.329782,4.129264,1.24954,4.341928,-103.49109443761898,-114.54806735072145
89.99,87.61,4.114119,1.235046,4.288157,4.115628,1.241853,4.300623,-96.90203045290048,-102.4993937212296
90.0,87.62,4.100231,1.229281,4.246724,4.103458,1.234836,4.259242,-104.45548126265267,-120.15307902511388
90.01,87.63,4.087845,1.223183,4.204004,4.091844,1.228718,4.216299,-108.01733215304624,-125.84785620345727
90.02,87.64,4.070505,1.21599,4.160689,4.081278,1.221858,4.173857,-129.2872743093468,-151.4230878326972
90.03,87.65,4.056007,1.20647,4.118011,4.061491,1.213057,4.129464,-115.5863350718527,-129.77903813779776
90.04,87.66,4.038977,1.196845,4.074979,4.043674,1.203245,4.086292,-112.5475440911886,-126.2751781027781
90.05,87.67,4.028371,1.184064,4.033109,4.028792,1.192334,4.044208,-92.17226458005617,-92.91423439481183
90.06,87.68,4.008756,1.174688,3.989887,4.014097,1.181589,4.001109,-115.45165091320068,-127.73792920151644
90.07,87.69,3.993207,1.165603,3.947437,3.997526,1.171647,3.959113,-110.29963936252472,-125.54933366295732
90.08,87.7,3.977339,1.15811,3.904551,3.981614,1.163916,3.916988,-108.96950654478897,-126.36448597549362
90.09,87.71,3.961149,1.152401,3.861954,3.965336,1.157809,3.874277,-108.76627945562177,-127.74787379620935
90.1,87.72,3.944283,1.148468,3.818468,3.948497,1.152776,3.83155,-107.85489172011295,-134.36803744832235
90.11,87.73,3.927267,1.145587,3.774335,3.932013,1.149111,3.786981,-110.57093936154044,-143.40537431557098
90.12,87.74,3.909769,1.140374,3.730291,3.915536,1.144537,3.742566,-115.16492183600025,-144.17577078359312
90.13,87.75,3.891956,1.132679,3.68605,3.897859,1.137347,3.69735,-117.58208866144622,-141.6636044196915
90.14,87.76,3.874257,1.12327,3.641084,3.879187,1.128823,3.652631,-113.12009416438457,-131.59893773153314
90.15,87.77,3.856858,1.112848,3.596044,3.86048,1.120072,3.607394,-107.69886813629367,-116.62846651312368
90.16,87.78,3.839054,1.10453,3.551666,3.843353,1.111238,3.563107,-110.5939040485139,-122.65485849762234
90.17,87.79,3.821077,1.0974,3.508101,3.824318,1.103925,3.519414,-105.98619104011159,-116.41381965061741
90.18,87.8,3.802749,1.09302,3.464633,3.807429,1.09813,3.476743,-111.12939711630352,-132.4850500142776
90.19,87.81,3.784359,1.089442,3.421856,3.789649,1.093313,3.433569,-114.30559776783691,-143.80490015472512
90.2,87.82,3.765161,1.086997,3.377462,3.769975,1.090518,3.388915,-112.79830837376188,-143.81794915094565
90.21,87.83,3.74609,1.085296,3.331713,3.749641,1.089445,3.344162,-105.92047015619515,-130.55918966853204
90.22,87.84,3.726588,1.082867,3.28574,3.731441,1.087819,3.297641,-112.18469466066753,-134.42151051240302
90.23,87.85,3.706884,1.07842,3.240074,3.712044,1.084334,3.252072,-113.27117073560419,-131.10489034124743
90.24,87.86,3.687152,1.072742,3.194868,3.692297,1.078249,3.20689,-113.16924907533844,-133.0535962355545
90.25,87.87,3.66734,1.066581,3.150589,3.672708,1.072251,3.163456,-112.64547108028079,-133.43277679282122
90.26,87.88,3.647063,1.060845,3.106136,3.652585,1.065638,3.118844,-113.48636470094156,-139.0425874164487
90.27,87.89,3.627284,1.056152,3.061134,3.632132,1.060611,3.073759,-111.00678943077189,-137.3933698431971
90.28,87.9,3.607393,1.053762,3.016434,3.611641,1.058566,3.029417,-108.11794644829502,-131.48514345105465
90.29,87.91,3.587737,1.052862,2.97195,3.591702,1.05727,2.984548,-107.47048299435833,-131.97140973624406
90.3,87.92,3.568019,1.053744,2.927623,3.571346,1.058138,2.940348,-104.65221249725276,-127.1318716600653
90.31,87.93,3.547674,1.056623,2.881844,3.551082,1.060823,2.894493,-105.07904644947584,-129.0568620470873
90.32,87.94,3.526418,1.058114,2.836176,3.532143,1.061801,2.849126,-113.84949995384572,-147.21775735756157
90.33,87.95,3.505013,1.056994,2.790515,3.511057,1.060839,2.802921,-115.97458537265646,-147.53678258178252
90.34,87.96,3.484096,1.0546,2.74378,3.488477,1.059053,2.756697,-108.7351604446742,-134.5330309278091
90.35,87.97,3.461962,1.050655,2.698725,3.466794,1.056263,2.710836,-111.7508200816795,-130.74905040107248
90.36,87.98,3.44067,1.048365,2.653479,3.445796,1.053859,2.665418,-113.23622757777855,-133.01540359303863
90.37,87.99,3.419479,1.048162,2.608707,3.424255,1.053064,2.621443,-110.55604521958347,-134.2540958492127
90.38,88.0,3.397716,1.049966,2.564038,3.403432,1.054681,2.576542,-114.56673816080082,-140.48154399090436
90.39,88.01,3.376522,1.053426,2.519888,3.382286,1.057263,2.532531,-114.50845358473667,-146.34894665735672
90.4,88.02,3.355395,1.059052,2.475135,3.359632,1.062155,2.488734,-107.30531211311579,-143.7825263794667
90.41,88.03,3.334448,1.064036,2.429269,3.3393,1.067406,2.442752,-109.79180360040134,-145.2177429162847
90.42,88.04,3.312687,1.066826,2.382996,3.31795,1.070893,2.395742,-112.43640862284524,-142.30483003573968
90.43,88.05,3.290444,1.06811,2.336818,3.295979,1.072753,2.349619,-113.3830808619279,-140.0086054094961
90.44,88.06,3.268469,1.06802,2.291378,3.27378,1.072932,2.303577,-113.5265536147014,-137.23509913577476
90.45,88.07,3.246793,1.06808,2.246052,3.252098,1.072484,2.258681,-112.78556802589415,-140.30189161795235
90.46,88.08,3.225675,1.069506,2.20218,3.230803,1.072277,2.214818,-112.08536631166417,-151.61469305847817
90.47,88.09,3.203926,1.072559,2.157633,3.20855,1.074932,2.170423,-109.87656743435683,-152.8334663069365
90.48,88.1,3.180856,1.076989,2.113629,3.185652,1.080117,2.126422,-110.55064606962769,-146.88720039138582
90.49,88.11,3.158399,1.084512,2.070973,3.163263,1.086271,2.083946,-110.552657113412,-160.11815945141078
90.5,88.12,3.135592,1.092896,2.027842,3.140393,1.094266,2.040949,-110.11741983468816,-164.07352035982038
90.51,88.13,3.112475,1.100166,1.983297,3.117344,1.10285,1.996154,-110.74188770138619,-151.13457608603014
90.52,88.14,3.08812,1.105453,1.939629,3.094325,1.108541,1.95205,-116.54475119484876,-153.54216108686515
90.53,88.15,3.064896,1.110362,1.896653,3.070813,1.112818,1.909191,-115.26381239419821,-157.457874102821
90.54,88.16,3.041979,1.114914,1.85348,3.047061,1.116705,1.866208,-111.76569861002557,-160.58650737785112
90.55,88.17,3.017811,1.119852,1.810574,3.023364,1.122385,1.823005,-114.07059328445276,-155.4799077909456
90.56,88.18,2.993696,1.126651,1.76913,2.999461,1.129177,1.781486,-115.01257779432504,-156.33882661250058
90.57,88.19,2.96909,1.134867,1.728893,2.975427,1.136678,1.741329,-117.00198062651387,-164.05102169482674
90.58,88.2,2.944845,1.144928,1.690059,2.951299,1.146282,1.701823,-118.75018191945176,-168.15161483417054
90.59,88.21,2.91977,1.156836,1.651047,2.926377,1.157169,1.662875,-119.18727957209265,-177.1146717922083
90.6,88.22,2.895347,1.167483,1.610343,2.901506,1.168461,1.622283,-117.28600266040458,-170.9772207836087
90.61,88.23,2.868554,1.17596,1.569324,2.87529,1.178179,1.58104,-119.89632909301956,-161.76687700577372
90.62,88.24,2.842658,1.183221,1.528586,2.849818,1.186228,1.54031,-121.4129576845143,-157.21895473936584
90.63,88.25,2.817115,1.190081,1.48832,2.823942,1.192944,1.500046,-120.20841231993302,-157.24856318385082
90.64,88.26,2.791507,1.19752,1.448945,2.79827,1.200091,1.46069,-119.9341763370547,-159.18536225823868
90.65,88.27,2.765306,1.206269,1.411077,2.7723,1.208443,1.422936,-120.53053312582956,-162.73277718526765
90.66,88.28,2.739075,1.216388,1.374649,2.746269,1.218036,1.386431,-121.40792303578229,-167.0973207844398
90.67,88.29,2.712013,1.228492,1.34,2.720484,1.229038,1.351364,-126.70173543219693,-176.31209052779377
90.68,88.3,2.684015,1.241448,1.306169,2.692794,1.241404,1.317225,-128.45127880335755,179.71283822874787
90.69,88.31,2.65504,1.254383,1.27043,2.663869,1.255249,1.281495,-128.587114758778,-174.39801396847554
90.7,88.32,2.626184,1.265377,1.234342,2.634621,1.267524,1.245965,-125.97545937377824,-165.72273099446443
90.71,88.33,2.598207,1.274782,1.197835,2.604856,1.27674,1.210028,-118.60420384149678,-163.59133355055755
90.72,88.34,2.568932,1.282901,1.162685,2.576091,1.285245,1.174807,-120.56521154383964,-161.8705167350293
90.73,88.35,2.538584,1.292059,1.129272,2.547686,1.293991,1.140357,-129.3897466778345,-168.01620110345706
90.74,88.36,2.509688,1.302681,1.096878,2.518657,1.303875,1.107726,-129.58354604154331,-172.41707330285217
90.75,88.37,2.480134,1.314616,1.066276,2.490129,1.314853,1.076895,-133.26614668595306,-178.6416652682706
90.76,88.38,2.450567,1.328357,1.037504,2.460365,1.327388,1.047755,-133.7056425436082,174.3519435402855
90.77,88.39,2.419617,1.342678,1.009042,2.429431,1.34133,1.019214,-133.97379687383412,172.17908866920166
90.78,88.4,2.386982,1.355935,0.979353,2.397072,1.355799,0.989954,-133.5852692965476,179.2277746104418
90.79,88.41,2.354187,1.367269,0.949493,2.363632,1.368725,0.96025,-131.28419739753224,-171.23651640475504
90.8,88.42,2.321483,1.3771,0.920829,2.331388,1.37863,0.930786,-134.84999628800898,-171.21906692918847
90.81,88.43,2.288777,1.386844,0.892206,2.299109,1.388063,0.902678,-134.61443529851408,-173.27118064000499
90.82,88.44,2.256823,1.397533,0.864915,2.267142,1.397885,0.874738,-136.41063272630598,-178.04629351766334
90.83,88.45,2.224725,1.409789,0.839134,2.235246,1.409136,0.849,-136.84018398125474,176.4484162989772
90.84,88.46,2.19243,1.422981,0.814518,2.203256,1.422247,0.824089,-138.5208936901619,176.1212969138322
90.85,88.47,2.15958,1.436663,0.791296,2.169774,1.436136,0.800916,-136.6593611570755,177.0406102245446
90.86,88.48,2.126196,1.451058,0.767932,2.136425,1.450949,0.777642,-136.49103748995776,179.38948053563752
90.87,88.49,2.092205,1.46458,0.744,2.102813,1.464715,0.753865,-137.0784491342616,-179.27087927048333
90.88,88.5,2.057375,1.47626,0.720282,2.068404,1.47685,0.730065,-138.4261689601371,-176.93786213806933
90.89,88.51,2.022645,1.486449,0.697262,2.034353,1.487127,0.706027,-143.180247019637,-176.68575314724214
90.9,88.52,1.988741,1.496004,0.674656,2.000858,1.496912,0.682833,-145.9870662109202,-175.714490812719
90.91,88.53,1.954742,1.50697,0.652731,1.966485,1.507293,0.661132,-144.4198829478351,-178.42443398107412
90.92,88.54,1.921211,1.519406,0.631844,1.932738,1.518714,0.640624,-142.70383999513433,176.5644875993791
90.93,88.55,1.888024,1.532861,0.612819,1.899594,1.531757,0.621498,-143.12534863544153,174.54938558529167
90.94,88.56,1.854391,1.547438,0.595231,1.866251,1.54578,0.603778,-144.22130365142962,172.04176146346853
90.95,88.57,1.819636,1.561715,0.577761,1.831867,1.560148,0.586255,-145.22137854802457,172.69920375948806
90.96,88.58,1.784436,1.573393,0.560122,1.796418,1.573696,0.568061,-146.4724528699725,-178.55141695672143
90.97,88.59,1.749022,1.583902,0.542484,1.761687,1.584834,0.549848,-149.82435701624408,-175.7912682988499
90.98,88.6,1.71388,1.59293,0.525526,1.726225,1.593929,0.532471,-150.63894124927944,-175.37350925046357
90.99,88.61,1.679303,1.601656,0.508514,1.69106,1.602965,0.515165,-150.50291852391857,-173.6469715008059
91.0,88.62,1.644403,1.612996,0.491909,1.656199,1.613319,0.499147,-148.46681200773745,-178.43150953140056
91.01,88.63,1.610711,1.625201,0.477083,1.621163,1.625255,0.484373,-145.10522230396703,-179.7039854032181
91.02,88.64,1.57686,1.639494,0.463674,1.589052,1.638821,0.470803,-149.68399138994252,176.84047193309135
91.03,88.65,1.542796,1.653869,0.451712,1.555763,1.652568,0.458315,-153.01409118314558,174.27059568727424
91.04,88.66,1.508176,1.665882,0.439236,1.520381,1.666179,0.445678,-152.17416978449774,-178.6060230378456
91.05,88.67,1.472896,1.676301,0.425504,1.485628,1.677711,0.432361,-151.69468236129296,-173.6805536344797
91.06,88.68,1.437325,1.687023,0.415634,1.45067,1.68823,0.419493,-163.87161265357346,-174.83189582255775
91.07,88.69,1.40243,1.696908,0.403568,1.415472,1.697894,0.407872,-161.73655541587198,-175.67655469725085
91.08,88.7,1.36878,1.707362,0.391978,1.38153,1.708205,0.397497,-156.5940112262233,-176.21724362213317
91.09,88.71,1.336621,1.719142,0.382694,1.348846,1.719946,0.387887,-156.98492935781255,-176.23725458486436
91.1,88.72,1.30439,1.732343,0.374873,1.316278,1.733356,0.379623,-158.22019901664692,-175.12947894699772
91.11,88.73,1.270671,1.7459,0.368776,1.284033,1.746717,0.372415,-164.765564514001,-176.50108905992516
91.12,88.74,1.237694,1.757851,0.36379,1.250955,1.758436,0.364855,-175.40839141306265,-177.47407333383433
91.13,88.75,1.20391,1.769193,0.362193,1.217273,1.769537,0.357677,161.3274173146834,-178.52537633167253
91.14,88.76,1.170629,1.77927,0.350974,1.184377,1.779926,0.351625,-177.2889357235567,-177.2681448408854
91.15,88.77,1.138901,1.790234,0.341011,1.152549,1.790779,0.346681,-157.4397789927246,-177.7132460574569
91.16,88.78,1.108412,1.803277,0.341945,1.122,1.802892,0.343257,-174.48485791504984,178.37702568749822
91.17,88.79,1.078365,1.8167,0.340284,1.092205,1.816076,0.3407,-178.27833308733648,177.41847038644457
91.18,88.8,1.048059,1.828393,0.338887,1.061938,1.828413,0.33983,-176.11304793678067,-179.91743534857812
91.19,88.81,1.016415,1.83909,0.338017,1.030409,1.839163,0.337447,177.66753242369913,-179.70111805301866
91.2,88.82,0.985862,1.848713,0.338757,0.999965,1.849206,0.337365,174.36302696248913,-177.99792087728437
91.21,88.83,0.955714,1.859151,0.339485,0.969889,1.859452,0.337495,172.0085869563656,-178.78353169546878
91.22,88.84,0.92675,1.870764,0.340257,0.940683,1.870528,0.338819,174.1074683014629,179.0296051790705
91.23,88.85,0.899268,1.883014,0.342565,0.912981,1.88226,0.341526,175.66711951275644,176.85279950692728
91.24,88.86,0.872111,1.893717,0.34407,0.885545,1.893933,0.34519,-175.2342405312138,-179.07884308008667
91.25,88.87,0.84386,1.903016,0.345052,0.858524,1.904702,0.351163,-157.37680588594225,-173.44119185042723
91.26,88.88,0.817464,1.912193,0.358611,0.833064,1.913822,0.356421,172.0087775288819,-174.03860380368428
91.27,88.89,0.790641,1.920868,0.364533,0.803836,1.922227,0.359923,160.7418739707075,-174.1196376295524
91.28,88.9,0.762699,1.929518,0.369706,0.776762,1.930232,0.366623,167.63479170788048,-177.09350141173533
91.29,88.91,0.736653,1.9386,0.375638,0.750955,1.939271,0.374042,173.63254841967634,-177.31385141601413
91.3,88.92,0.712133,1.947328,0.378371,0.726454,1.948307,0.381914,-166.10410627926242,-176.08927908675088
91.31,88.93,0.689636,1.9557,0.396581,0.703071,1.95712,0.393449,166.87743755042698,-173.96657554861795
91.32,88.94,0.66681,1.962228,0.407855,0.68079,1.964057,0.404032,164.70570150114415,-172.54634137786545
91.33,88.95,0.643465,1.96772,0.418435,0.661428,1.970225,0.415575,170.9535177665623,-172.06111220684042
91.34,88.96,0.619917,1.973294,0.429204,0.638875,1.975674,0.426875,172.99627745158435,-172.84448422576367
91.35,88.97,0.596564,1.978538,0.440203,0.610065,1.980169,0.437312,167.9136480158566,-173.1117136506955
91.36,88.98,0.574978,1.983579,0.451045,0.587287,1.985021,0.448055,166.34662961079383,-173.31825240153722
91.37,88.99,0.555418,1.987735,0.466931,0.566976,1.989264,0.460043,149.20713561681387,-172.46413716768194
91.38,89.0,0.536533,1.991173,0.481021,0.547766,1.993458,0.474282,149.03924395387648,-168.50185965430364
91.39,89.01,0.517679,1.993866,0.495513,0.5286,1.996268,0.489728,152.08923184386668,-167.59568410323115
91.4,89.02,0.497513,1.996162,0.508426,0.508961,1.998486,0.504422,160.72243904705695,-168.52461781332312
91.41,89.03,0.478549,1.997106,0.52568,0.488828,1.999854,0.518831,146.32408434472475,-165.0325078218205
91.42,89.04,0.45983,1.99728,0.540917,0.469963,2.00037,0.53304,142.1398947081063,-163.04121698480705
91.43,89.05,0.442748,1.996614,0.556956,0.453217,2.000452,0.549047,142.9301011313904,-159.86675202074176
91.44,89.06,0.426752,1.996461,0.574206,0.437316,1.999761,0.565753,141.33423941866613,-162.65215200711603
91.45,89.07,0.412089,1.995715,0.59244,0.422477,1.999502,0.583544,139.42415156444397,-159.97040729765246
91.46,89.08,0.397694,1.993961,0.611406,0.407835,1.998805,0.603001,140.34759454074353,-154.46783015890512
91.47,89.09,0.383216,1.989887,0.629765,0.393039,1.996304,0.621712,140.654735086209,-146.84491049468065
91.48,89.1,0.369236,1.985291,0.64767,0.378313,1.992297,0.639389,137.62561993750188,-142.33757094854712
91.49,89.11,0.355761,1.980096,0.666079,0.363736,1.986816,0.656554,129.93843919101806,-139.88139799060517
91.5,89.12,0.341757,1.974057,0.684952,0.349997,1.981109,0.675546,131.21954539838524,-139.4422536229016
91.51,89.13,0.329151,1.968934,0.704892,0.337242,1.975137,0.694873,128.92315061241268,-142.52426643704175
91.52,89.14,0.318271,1.96344,0.725065,0.325968,1.969842,0.715106,127.69931600429989,-140.24792019442964
91.53,89.15,0.308835,1.958473,0.746289,0.316111,1.96563,0.736395,126.33058453119594,-135.47239266044159
91.54,89.16,0.299568,1.9525,0.767705,0.306255,1.960566,0.758173,125.05087645496353,-129.65993561826383
91.55,89.17,0.290497,1.944411,0.789307,0.295622,1.952839,0.779274,117.05859556342314,-121.30345281806851
91.56,89.18,0.281068,1.935143,0.81078,0.285546,1.943301,0.800255,113.04796654502827,-118.76278158597097
91.57,89.19,0.271337,1.924388,0.833082,0.276571,1.932627,0.822643,116.62868387172928,-122.42662236284123
91.58,89.2,0.262684,1.913856,0.855843,0.267682,1.922111,0.845313,115.39106758704825,-121.19286104224093
91.59,89.21,0.255604,1.904423,0.878978,0.259345,1.912622,0.868462,109.58269167904942,-114.52603584539199
91.6,89.22,0.24978,1.895956,0.903282,0.253243,1.904031,0.892986,108.59006787261352,-113.21229067287834
91.61,89.23,0.245141,1.886929,0.928382,0.249581,1.895822,0.918577,114.36245301531204,-116.53153884698169
91.62,89.24,0.241159,1.876229,0.952717,0.244046,1.885565,0.942911,106.40503961429042,-107.18333855480375
91.63,89.25,0.23687,1.863568,0.977897,0.239433,1.872819,0.967737,104.15825360026567,-105.48545225425256
91.64,89.26,0.23236,1.85058,1.002829,0.234314,1.859298,0.992719,100.93890754758178,-102.63314615065545
91.65,89.27,0.229653,1.838585,1.028754,0.230016,1.846814,1.017952,91.92469395894706,-92.52581033181727
91.66,89.28,0.227898,1.827871,1.0547,0.228317,1.835795,1.043447,92.13239548203936,-93.02682919187696
91.67,89.29,0.227452,1.818663,1.081349,0.226648,1.826012,1.069937,85.97004758736135,-83.75652073352919
91.68,89.3,0.227957,1.808363,1.108647,0.226593,1.816077,1.097381,83.09667084488048,-79.97253039780475
91.69,89.31,0.228977,1.795273,1.136393,0.226798,1.803471,1.125654,78.53009833853743,-75.11513786232788
91.7,89.32,0.229864,1.780133,1.164491,0.228762,1.788652,1.153843,84.09128872905875,-82.62926871487322
91.71,89.33,0.231414,1.765043,1.192451,0.230526,1.773691,1.181603,85.32029273670761,-84.13726203139967
91.72,89.34,0.233911,1.75088,1.220468,0.232424,1.759304,1.209479,82.29370769609328,-79.98930418872376
91.73,89.35,0.237697,1.738741,1.248242,0.234741,1.746537,1.236542,75.82096647758904,-69.23483528290015
91.74,89.36,0.241898,1.727704,1.276726,0.240004,1.735002,1.265438,80.4751332297184,-75.45137790183794
91.75,89.37,0.246827,1.715391,1.307092,0.245484,1.723702,1.296353,82.87170041349287,-80.82074745308931
91.76,89.38,0.252231,1.70131,1.337321,0.251995,1.710541,1.326555,88.74422824279961,-88.53549354658671
91.77,89.39,0.258153,1.686322,1.36667,0.255919,1.694776,1.356478,77.6367727969214,-75.19773932617302
91.78,89.4,0.265036,1.671306,1.395917,0.261503,1.679303,1.385072,71.95582813200744,-66.16460557205522
91.79,89.41,0.272334,1.655669,1.426422,0.268632,1.66369,1.415656,71.0239404587628,-65.2248594311674
91.8,89.42,0.279517,1.641787,1.456942,0.276503,1.649551,1.446057,74.52286610104017,-68.78369029131315
91.81,89.43,0.288158,1.629916,1.487942,0.285547,1.637301,1.476828,76.77930839744164,-70.52872274322202
91.82,89.44,0.298422,1.618632,1.519663,0.293315,1.625397,1.507897,66.53687816612037,-52.95029740241727
91.83,89.45,0.309008,1.605961,1.550878,0.305781,1.613957,1.540266,73.08602314811262,-68.02214070169443
91.84,89.46,0.320244,1.590716,1.581966,0.316924,1.599071,1.572478,70.71425768912334,-68.3287676261487
91.85,89.47,0.331052,1.573646,1.614016,0.326693,1.582139,1.604069,66.33588199656447,-62.83101005783829
91.86,89.48,0.341469,1.556617,1.646155,0.340232,1.565374,1.635808,83.18255686410055,-81.95968563669508
91.87,89.49,0.352833,1.541072,1.678918,0.350934,1.549369,1.668129,80.01747017562269,-77.10831146014145
91.88,89.5,0.364611,1.527282,1.711118,0.363034,1.535246,1.700327,81.68563403182428,-78.79940784259307
91.89,89.51,0.378289,1.514752,1.744041,0.375685,1.522213,1.732872,76.87619466078455,-70.76025284335441
91.9,89.52,0.392381,1.503227,1.776845,0.389132,1.510085,1.765187,74.4272321158164,-64.65059193871762
91.91,89.53,0.406855,1.490533,1.810959,0.403735,1.498138,1.799788,74.39523844707593,-67.69379494509191
91.92,89.54,0.421459,1.476201,1.846312,0.418269,1.485763,1.836132,72.60112043171874,-71.55067151129545
91.93,89.55,0.436204,1.46068,1.880496,0.432904,1.470136,1.870611,71.53897208032957,-70.76179049113613
91.94,89.56,0.450507,1.444265,1.914608,0.447743,1.453433,1.904871,74.15257607761596,-73.2228117296071
91.95,89.57,0.465895,1.427995,1.949016,0.462696,1.436835,1.938786,72.63513325170224,-70.10593315974636
91.96,89.58,0.479975,1.413133,1.983553,0.477747,1.421162,1.97271,78.38858302899271,-74.49098020665906
91.97,89.59,0.495152,1.399589,2.019053,0.493725,1.407187,2.007866,82.73067796645144,-79.36304431180115
91.98,89.6,0.510261,1.387277,2.055259,0.50824,1.394986,2.043912,79.90102065541795,-75.3098628570234
91.99,89.61,0.52564,1.375867,2.09233,0.523701,1.383593,2.08093,80.34706997915201,-75.9114204815503
92.0,89.62,0.542002,1.363866,2.129892,0.539668,1.372217,2.118937,77.97276653879774,-74.38498718965432
92.01,89.63,0.559514,1.350544,2.167195,0.555974,1.359621,2.157142,70.60111628591861,-68.69438074812386
92.02,89.64,0.577033,1.335449,2.203827,0.573005,1.344765,2.194397,66.87037510052413,-66.6175797336871
92.03,89.65,0.594465,1.31914,2.241097,0.590317,1.328912,2.231442,66.75057792181691,-66.99984054368103
92.04,89.66,0.611841,1.303015,2.277734,0.607895,1.311996,2.267866,68.20459720004419,-66.28065768872288
92.05,89.67,0.629131,1.287328,2.31519,0.625201,1.29617,2.304898,69.10064439950796,-66.03630857039653
92.06,89.68,0.645443,1.273385,2.352961,0.642342,1.282137,2.342541,73.4269543837933,-70.48979593275378
92.07,89.69,0.661771,1.261289,2.391724,0.658747,1.269668,2.380916,74.36876560867756,-70.155372433868
92.08,89.7,0.67793,1.251011,2.431525,0.675149,1.258624,2.420233,76.1645042342138,-69.93294323562206
92.09,89.71,0.694305,1.241479,2.472128,0.69142,1.24863,2.460924,75.56017875524901,-68.0288768406974
92.1,89.72,0.712101,1.230417,2.513649,0.708026,1.237901,2.502614,69.7318422005167,-61.431932356021086
92.11,89.73,0.729961,1.217771,2.554582,0.725093,1.225079,2.543785,65.73100645713106,-56.33164912977655
92.12,89.74,0.746907,1.203373,2.594953,0.742725,1.209799,2.584056,69.00442878268836,-56.944177188446396
92.13,89.75,0.764345,1.188601,2.636207,0.759775,1.194773,2.624504,68.66944612316702,-53.48224657276062
92.14,89.76,0.781035,1.173267,2.677606,0.776689,1.18031,2.666051,69.38800507133908,-58.32265088274007
92.15,89.77,0.798203,1.16018,2.718872,0.794414,1.167104,2.707732,71.21551260850919,-61.31132919295964
92.16,89.78,0.815108,1.148643,2.761125,0.81141,1.155474,2.749836,71.86247102671929,-61.57085362383511
92.17,89.79,0.831365,1.138805,2.80373,0.828184,1.145822,2.792248,74.515016139579,-65.61389983054606
92.18,89.8,0.847589,1.131547,2.847582,0.844344,1.137541,2.835521,74.94122296060834,-61.57000628083749
92.19,89.81,0.863495,1.123395,2.892742,0.859633,1.12929,2.880511,72.47622519507688,-56.76993042316761
92.2,89.82,0.879662,1.113481,2.937848,0.875453,1.119278,2.926035,70.38889567608604,-54.017903907399095
92.21,89.83,0.896702,1.100836,2.982451,0.892171,1.107879,2.970944,68.50744805391653,-57.245453293005724
92.22,89.84,0.91433,1.088207,3.027314,0.910064,1.095564,3.016173,69.0476586400029,-59.89244442976503
92.23,89.85,0.931585,1.076303,3.071642,0.927245,1.08349,3.060671,68.41682474028327,-58.873561577403585
92.24,89.86,0.947253,1.066568,3.117199,0.944425,1.073258,3.105361,76.56432401471764,-67.08522398508943
92.25,89.87,0.961949,1.059004,3.162112,0.958109,1.064863,3.150456,71.7658395226538,-56.759088428946626
92.26,89.88,0.976087,1.054412,3.208084,0.973164,1.058634,3.195612,76.80993363148161,-55.30414079488492
92.27,89.89,0.99008,1.050318,3.255626,0.987107,1.054552,3.242819,76.93090951575097,-54.924509896195694
92.28,89.9,1.005461,1.044962,3.304326,1.00098,1.050363,3.291925,70.13309235975815,-50.31882340973631
92.29,89.91,1.020897,1.037971,3.352723,1.015574,1.044246,3.341298,65.01880721771849,-49.69249630571138
92.3,89.92,1.036682,1.029741,3.400425,1.03185,1.036769,3.38925,66.61664682533257,-55.490093056304175
92.31,89.93,1.051843,1.020044,3.448088,1.048121,1.027551,3.437164,71.18511542298911,-63.62760576705854
92.32,89.94,1.066523,1.012046,3.495784,1.064251,1.018784,3.483943,79.1383442410197,-71.36630293919231
92.33,89.95,1.080766,1.005571,3.543072,1.079192,1.011037,3.530693,82.75367892969122,-73.93561279374012
92.34,89.96,1.095045,1.000105,3.591015,1.092124,1.005493,3.578575,76.78592460485591,-61.53652113728091
92.35,89.97,1.108943,0.995663,3.639517,1.105293,1.000938,3.627168,73.53387551050999,-55.31896916493504
92.36,89.98,1.122877,0.993406,3.687958,1.120156,0.998881,3.675632,77.55144256542017,-63.573253047310146
92.37,89.99,1.136361,0.993035,3.737893,1.133915,0.997946,3.724982,79.27240334634548,-63.523685286923
92.38,90.0,1.149866,0.991363,3.787577,1.14618,0.99611,3.775151,73.47774300835927,-52.171003465961405
92.39,90.01,1.164487,0.987718,3.837222,1.159853,0.992865,3.825348,68.68106636934273,-48.00233386546818
92.4,90.02,1.178597,0.982088,3.887581,1.174378,0.987967,3.875183,71.20672375761228,-54.33530118535358
92.41,90.03,1.192825,0.975565,3.937592,1.188744,0.982117,3.9242,73.05222982994465,-58.08273865574109
92.42,90.04,1.207305,0.969093,3.986435,1.203072,0.975437,3.974266,70.81971366605103,-56.28701249652913
92.43,90.05,1.221309,0.963933,4.03568,1.217933,0.969819,4.023524,74.47880620460319,-60.16295286661775
92.44,90.06,1.235022,0.961065,4.084895,1.232005,0.966426,4.072011,76.82071892992836,-60.630577152507605
92.45,90.07,1.248815,0.959803,4.133451,1.245923,0.964832,4.120573,77.34312146863081,-60.098315524416606
92.46,90.08,1.262775,0.960477,4.182052,1.260268,0.965075,4.168967,79.15394302207949,-61.39914492971772
92.47,90.09,1.277129,0.963198,4.231436,1.274611,0.967411,4.217996,79.38858153585144,-59.13434229922028
92.48,90.1,1.291304,0.965506,4.281595,1.288406,0.96942,4.268377,77.63376825001234,-53.48304930353927
92.49,90.11,1.306024,0.96582,4.332175,1.302953,0.969864,4.319028,76.8520638291649,-52.787085518576816
92.5,90.12,1.321193,0.96468,4.382482,1.317912,0.968816,4.369019,76.30371839853748,-51.57578719221479
92.51,90.13,1.335809,0.963499,4.431037,1.332107,0.966263,4.417919,74.24052747151575,-36.7458810007456
92.52,90.14,1.350015,0.962027,4.480449,1.346623,0.964632,4.466898,75.94684514545952,-37.52366762504941
92.53,90.15,1.364965,0.961687,4.529304,1.362052,0.964805,4.516158,77.50580790983243,-46.9467939533063
92.54,90.16,1.380768,0.962784,4.578329,1.37758,0.966253,4.564934,76.61270683535399,-47.417089069263085
92.55,90.17,1.39628,0.965409,4.626292,1.393,0.968826,4.61285,76.28715165692914,-46.17193177504756
92.56,90.18,1.412547,0.970721,4.673449,1.409213,0.973717,4.659893,76.18275319820152,-41.94350718030986
92.57,90.19,1.428545,0.976813,4.720823,1.425472,0.979504,4.707255,77.23845096525274,-41.208357357552345
92.58,90.2,1.444135,0.981416,4.769218,1.440565,0.984604,4.75587,75.02637894528648,-41.76476447575528
92.59,90.21,1.460333,0.984102,4.818347,1.456607,0.987795,4.805109,74.28008224078712,-44.74514782929081
92.6,90.22,1.476545,0.985223,4.866944,1.473159,0.989554,4.853914,75.43319787338446,-51.98150525986662
92.61,90.23,1.493319,0.985556,4.914933,1.489353,0.990517,4.902375,72.47312149938186,-51.35991538999895
92.62,90.24,1.509473,0.986901,4.962855,1.505539,0.991713,4.950316,72.58121353171828,-50.73264544123246
92.63,90.25,1.525903,0.990043,5.009626,1.522074,0.994352,4.996794,73.38517873508417,-48.375540426144696
92.64,90.26,1.542939,0.994796,5.055552,1.538934,0.998544,5.042567,72.85852101689493,-43.10142841404459
92.65,90.27,1.560459,1.00082,5.10077,1.556085,1.003956,5.087648,71.5650511770777,-35.63915623612714
92.66,90.28,1.577701,1.009266,5.145685,1.573675,1.011743,5.132294,73.26661095802542,-31.601943712344678
92.67,90.29,1.59458,1.018098,5.190839,1.591194,1.020164,5.177821,75.42034212188342,-31.38985011564563
92.68,90.3,1.612459,1.025125,5.236945,1.608707,1.027722,5.224304,73.46848151664084,-34.68959461211727
92.69,90.31,1.630803,1.030469,5.283239,1.627098,1.033454,5.27058,73.68645262031352,-38.85728184764507
92.7,90.32,1.649392,1.034938,5.329064,1.64527,1.036749,5.316478,71.86602910326496,-23.718277239632396
92.71,90.33,1.667423,1.03874,5.374607,1.662879,1.039922,5.361769,70.50862279017349,-14.580829993126304
92.72,90.34,1.685091,1.042052,5.420527,1.681358,1.044379,5.407652,73.83091973177864,-31.93773117089123
92.73,90.35,1.704969,1.047114,5.465018,1.699821,1.049279,5.452611,67.46511532965474,-22.809269184808517
92.74,90.36,1.724321,1.053427,5.508722,1.719138,1.055628,5.49612,67.64342227976547,-23.00887008282424
92.75,90.37,1.744367,1.061051,5.550996,1.739227,1.063154,5.5386,67.47866483040907,-22.251627872722445
92.76,90.38,1.765167,1.071025,5.592301,1.759832,1.072709,5.5798,66.8888652995194,-17.518372284147297
92.77,90.39,1.786478,1.082055,5.634079,1.78115,1.083458,5.621725,66.67055913112628,-14.752561037287034
92.78,90.4,1.807158,1.091171,5.676794,1.802351,1.093495,5.664433,68.74971817606283,-25.801984472317336
92.79,90.41,1.831633,1.098625,5.718835,1.825257,1.101473,5.707031,61.62403930013607,-24.06912284845994
92.8,90.42,1.853927,1.105157,5.76133,1.847503,1.107951,5.749378,61.742714249640755,-23.505740203776543
92.81,90.43,1.877281,1.111549,5.803606,1.870059,1.114066,5.791267,59.659619165030406,-19.214386800773934
92.82,90.44,1.89784,1.118696,5.84354,1.891019,1.12146,5.831898,59.63413763134039,-22.058734952050923
92.83,90.45,1.920608,1.127323,5.882885,1.913518,1.129735,5.870901,59.39050033201956,-18.7881739657088
92.84,90.46,1.944367,1.137779,5.920845,1.936524,1.139675,5.908696,57.15502597034516,-13.590189990290039
92.85,90.47,1.969763,1.150025,5.957212,1.959963,1.150537,5.945452,50.19442890773417,-2.9906930703995993
92.86,90.48,1.994408,1.16291,5.993433,1.985146,1.163126,5.98195,51.110920083371134,-1.3359582668097918
92.87,90.49,2.020049,1.174929,6.03,2.011129,1.175282,6.019077,50.76404894397876,-2.2662401048026757
92.88,90.5,2.046248,1.184858,6.067053,2.036714,1.185189,6.055966,49.30690502576326,-1.9883877568587123
92.89,90.51,2.072763,1.193119,6.104904,2.064119,1.194041,6.093208,53.53352050611393,-6.088353385620846
92.9,90.52,2.098652,1.200898,6.142088,2.090618,1.202555,6.130587,55.06385427673776,-11.6537550774671
92.91,90.53,2.12466,1.209813,6.17775,2.11545,1.211516,6.16641,50.91755575243014,-10.476105164472992
92.92,90.54,2.150366,1.220034,6.211404,2.142162,1.22171,6.200142,53.92788177470526,-11.54611385114999
92.93,90.55,2.177278,1.232373,6.243065,2.16816,1.233227,6.232268,49.819114008216445,-5.3507638877776404
92.94,90.56,2.205019,1.246563,6.272658,2.194482,1.245779,6.262443,44.11103698060556,4.255221867824346
92.95,90.57,2.232467,1.260311,6.302688,2.222145,1.259571,6.293305,42.27175494336178,4.100606587557569
92.96,90.58,2.262445,1.27235,6.335041,2.251502,1.272811,6.325267,41.77039076189358,-2.412295126130706
92.97,90.59,2.292455,1.282491,6.366912,2.282371,1.283954,6.356665,45.45934838269424,-8.254950352747707
92.98,90.6,2.321932,1.291675,6.397756,2.312324,1.29333,6.387253,47.5481532180828,-9.773420461048616
92.99,90.61,2.351209,1.301785,6.427584,2.341222,1.302953,6.417646,44.859097237819185,-6.67055550790985
93.0,90.62,2.379786,1.313287,6.456265,2.36948,1.31399,6.446231,44.233848419488474,-3.902254472084068
93.01,90.63,2.408403,1.325961,6.48284,2.3974,1.325809,6.473351,40.77452237072339,0.791457288850155
93.02,90.64,2.437359,1.339584,6.507517,2.425832,1.338455,6.498974,36.54323609165753,5.593933363965818
93.03,90.65,2.467991,1.353098,6.53255,2.456584,1.351995,6.523524,38.35345939602127,5.5230454333578045
93.04,90.66,2.499268,1.365368,6.55835,2.488473,1.365565,6.5488,41.498186129225196,-1.045485484367087
93.05,90.67,2.53115,1.376226,6.584242,2.520102,1.377398,6.574492,41.42881093575114,-6.055435136971886
93.06,90.68,2.562369,1.386156,6.609567,2.551294,1.387651,6.600001,40.81872038522316,-7.687812664504231
93.07,90.69,2.592099,1.395162,6.634578,2.582541,1.397205,6.625359,43.965694235031826,-12.065278255501948
93.08,90.7,2.622219,1.405244,6.658086,2.61123,1.40684,6.649956,36.495174205122034,-8.263638296619096
93.09,90.71,2.654449,1.417512,6.67932,2.641714,1.417275,6.672173,29.301544140561532,1.06615880819877
93.1,90.72,2.684841,1.42917,6.699588,2.672139,1.428396,6.692878,27.84584824644816,3.4870230648977723
93.11,90.73,2.716268,1.441779,6.719478,2.702906,1.440755,6.712196,28.589425312116852,4.382309836781622
93.12,90.74,2.748541,1.453867,6.739024,2.735505,1.453501,6.731425,30.238944356015928,1.6082193810532275
93.13,90.75,2.77898,1.463879,6.758637,2.768299,1.465554,6.750979,35.63954180347741,-8.912565857463823
93.14,90.76,2.81474,1.47456,6.777494,2.800518,1.475795,6.770407,26.48764846554294,-4.962960697432204
93.15,90.77,2.847211,1.483076,6.795947,2.833747,1.484572,6.789413,25.88702626632698,-6.340191745909495
93.16,90.78,2.878839,1.491642,6.813305,2.864756,1.492847,6.807757,21.501967940440814,-4.890553245593977
93.17,90.79,2.906883,1.499502,6.83046,2.897058,1.501639,6.824335,31.939812420149345,-12.271068371099382
93.18,90.8,2.942005,1.511387,6.845196,2.928671,1.511876,6.839495,23.149305395698065,-2.1002764214989456
93.19,90.81,2.973637,1.523161,6.8592,2.960216,1.523492,6.853506,22.989593875066625,-1.4127903472910737
93.2,90.82,3.002749,1.532993,6.873356,2.993075,1.535477,6.866538,35.17525057730693,-14.400772163584184
93.21,90.83,3.03064,1.540059,6.886349,3.025107,1.545876,6.880758,45.298734726591746,-46.433357416775635
93.22,90.84,3.058475,1.545476,6.899835,3.058404,1.554712,6.894312,89.26348428831018,-89.55955822695968
93.23,90.85,3.087005,1.551495,6.91269,3.064567,1.558416,6.902235,24.98319460616195,-17.14237592423184
93.24,90.86,3.116803,1.558619,6.924314,3.095851,1.567147,6.914939,24.10619192618694,-22.147580601840684
93.25,90.87,3.147692,1.5667,6.934756,3.129088,1.57644,6.926264,24.534847387288497,-27.63400575001424
93.26,90.88,3.179493,1.575589,6.944059,3.161212,1.586282,6.934706,27.095379193845602,-30.324399959339978
93.27,90.89,3.21203,1.58514,6.952272,3.191727,1.596838,6.942075,26.667681146949516,-29.949299158809858
93.28,90.9,3.245124,1.595205,6.959438,3.222493,1.607009,6.95014,22.335425773819825,-27.54588929899548
93.29,90.91,3.278596,1.605634,6.965606,3.255253,1.616079,6.959128,15.510058108327678,-24.106486211498677
93.3,90.92,3.312269,1.61628,6.970821,3.287893,1.623751,6.966992,8.927116514767732,-17.039777856475208
93.31,90.93,3.345965,1.626996,6.975129,3.319727,1.631373,6.974767,0.7904473017947286,-9.470820701262337
93.32,90.94,3.379506,1.637633,6.978577,3.350691,1.640402,6.98021,-3.243589588182218,-5.489028266686434
93.33,90.95,3.412714,1.648043,6.98121,3.380964,1.650109,6.98317,-3.5325165272183807,-3.723037202713994
93.34,90.96,3.44541,1.658079,6.983075,3.409887,1.659451,6.984982,-3.0728899628479653,-2.2118277271284685
93.35,90.97,3.477418,1.667592,6.984218,3.440074,1.668299,6.987083,-4.387089847478864,-1.084599332202152
93.36,90.98,3.508558,1.676434,6.984685,3.471641,1.676479,6.989953,-8.121193583753655,-0.06984069131045534
93.37,90.99,3.538653,1.684458,6.984523,3.525204,1.686843,6.988158,-15.124543822821213,-10.056093198548442
93.38,91.0,3.568166,1.692023,6.984062,3.555489,1.694066,6.98884,-20.651579346565708,-9.15495774577244
93.39,91.01,3.595088,1.700734,6.980966,3.574219,1.703691,6.984859,-10.566766828306237,-8.064748903451326
93.4,91.02,3.623792,1.709785,6.978026,3.611483,1.711753,6.982172,-18.614899916208305,-9.083741218475675
93.41,91.03,3.65139,1.717628,6.973175,3.644042,1.719787,6.979717,-41.67900142036998,-16.373919317392524
93.42,91.04,3.679295,1.724149,6.969097,3.667827,1.727237,6.972965,-18.638549189129368,-15.070638202501558
93.43,91.05,3.707771,1.729762,6.963948,3.695831,1.733129,6.968629,-21.407342327333332,-15.748096290710334
93.44,91.06,3.735527,1.735098,6.958311,3.723675,1.738631,6.964439,-27.340932110296777,-16.59895819594783
93.45,91.07,3.759996,1.741198,6.950371,3.750011,1.744332,6.958177,-38.017323762853195,-17.425550425437603
93.46,91.08,3.787326,1.748138,6.942732,3.773993,1.750711,6.948878,-24.7478834744732,-10.92265935150025
93.47,91.09,3.811611,1.755609,6.932381,3.800069,1.75803,6.93897,-29.720818675136265,-11.84637093854785
93.48,91.1,3.835532,1.760791,6.921926,3.824985,1.764398,6.928128,-30.456997527637004,-18.880328060944677
93.49,91.11,3.862235,1.763593,6.911751,3.850837,1.767952,6.917845,-28.131419776458024,-20.928629320492185
93.5,91.12,3.886298,1.765834,6.900514,3.876222,1.770192,6.907738,-35.638675385940296,-23.389105165729955
93.51,91.13,3.910363,1.768374,6.888729,3.900219,1.772748,6.8972,-39.864410554897454,-23.32526349149188
93.52,91.14,3.931906,1.771825,6.87571,3.923351,1.775368,6.884955,-47.21990470319566,-22.496586991700813
93.53,91.15,3.95455,1.776244,6.86152,3.944993,1.779117,6.870279,-42.50528854920548,-16.731689603755072
93.54,91.16,3.975947,1.780674,6.845526,3.965828,1.784236,6.853758,-39.12901358812204,-19.392632761780057
93.55,91.17,3.997907,1.782706,6.829463,3.988489,1.787345,6.83741,-40.15799852796456,-26.223355158537945
93.56,91.18,4.019139,1.782716,6.81249,4.011057,1.787838,6.820857,-45.99262346872304,-32.36464346334489
93.57,91.19,4.040783,1.781361,6.795497,4.032195,1.786955,6.804228,-45.473070632527275,-33.07917551206703
93.58,91.2,4.060254,1.780424,6.778048,4.052629,1.785846,6.787752,-51.841208887475695,-35.415946245044594
93.59,91.21,4.079736,1.780009,6.759536,4.071661,1.784999,6.769457,-50.8568214466472,-31.714268128875688
93.6,91.22,4.09894,1.781066,6.740898,4.090655,1.784876,6.750624,-49.574300570690454,-24.696151300815036
93.61,91.23,4.116204,1.782845,6.720553,4.107643,1.78706,6.730435,-49.09687622410205,-26.21328416155103
93.62,91.24,4.132121,1.782966,6.699296,4.125788,1.78774,6.709333,-57.749491159395106,-37.010051968931165
93.63,91.25,4.150571,1.780267,6.677672,4.142683,1.786199,6.68749,-51.22082867166894,-36.944205172651415
93.64,91.26,4.166823,1.77618,6.656157,4.159899,1.782228,6.666578,-56.39883986571849,-41.13667782314832
93.65,91.27,4.182697,1.771784,6.634291,4.177152,1.777244,6.645171,-62.99430145162637,-44.55746983944859
93.66,91.28,4.198972,1.767909,6.611285,4.192212,1.773471,6.62191,-57.53404195312889,-39.446901013188985
93.67,91.29,4.213389,1.765627,6.588557,4.207505,1.770327,6.599523,-61.783435722974744,-38.617032483055944
93.68,91.3,4.226359,1.764456,6.564171,4.220118,1.768953,6.575566,-61.290639915382606,-35.77492245534096
93.69,91.31,4.238108,1.762191,6.539035,4.232234,1.767699,6.550037,-61.90211096944979,-43.158229488638355
93.7,91.32,4.249652,1.757879,6.51361,4.244403,1.763896,6.524969,-65.19831599057817,-48.899803442873925
93.71,91.33,4.260105,1.751531,6.487649,4.254965,1.758069,6.499179,-65.97299396806139,-51.82652170619857
93.72,91.34,4.273691,1.744508,6.461297,4.268854,1.750696,6.472587,-66.80814721175162,-51.98617747698493
93.73,91.35,4.283909,1.737945,6.434502,4.279624,1.744017,6.445742,-69.13176486069914,-54.78944655357899
93.74,91.36,4.294506,1.732576,6.407954,4.289186,1.738322,6.41924,-64.76172558682546,-47.20458661813319
93.75,91.37,4.302048,1.728622,6.380803,4.296945,1.73445,6.392489,-66.41024358727064,-48.79459239134185
93.76,91.38,4.307586,1.724728,6.352527,4.303615,1.730963,6.364016,-70.93306134240215,-57.50740695002098
93.77,91.39,4.314789,1.71873,6.323207,4.310486,1.725713,6.33426,-68.72873470025804,-58.358176028635626
93.78,91.4,4.321541,1.711164,6.293982,4.317268,1.718532,6.304923,-68.6669033995692,-59.88882720575899
93.79,91.41,4.3269,1.703352,6.264981,4.323362,1.709965,6.276584,-73.04242794615354,-61.85291566318819
93.8,91.42,4.331556,1.695885,6.236232,4.328517,1.701495,6.248432,-76.01238813555962,-61.55509732683107
93.81,91.43,4.336216,1.688389,6.206534,4.332561,1.693848,6.218764,-73.36094716045197,-56.1962457216634
93.82,91.44,4.339526,1.681658,6.176372,4.336287,1.687214,6.188646,-75.21715273098091,-59.75895372207983
93.83,91.45,4.341592,1.675908,6.146007,4.338461,1.681602,6.158226,-75.62774383356489,-61.194614398221375
93.84,91.46,4.343498,1.669326,6.115448,4.340104,1.675742,6.127518,-74.29438652196568,-62.12160623245759
93.85,91.47,4.342547,1.661087,6.084193,4.341473,1.668326,6.095894,-84.75568534700226,-81.56098374572159
93.86,91.48,4.343027,1.650503,6.053313,4.342234,1.657964,6.06494,-86.09828000462107,-83.93303677022112
93.87,91.49,4.343861,1.63849,6.02232,4.342718,1.647154,6.03419,-84.49976566285773,-82.48464160757202
93.88,91.5,4.344836,1.625606,5.991399,4.343448,1.633426,6.002427,-82.8263910719931,-79.93518579943422
93.89,91.51,4.344809,1.614028,5.960238,4.344326,1.621731,5.97183,-87.61405596961102,-86.41208894277796
93.9,91.52,4.343844,1.604267,5.928522,4.342007,1.611559,5.940167,-81.03545865772868,-75.86027128247636
93.91,91.53,4.341366,1.596544,5.89668,4.340496,1.603662,5.908496,-85.78896901124743,-83.03156701543304
93.92,91.54,4.33897,1.589024,5.864211,4.338908,1.59613,5.876145,-89.70233732440991,-89.50010579902134
93.93,91.55,4.336367,1.579327,5.830906,4.334586,1.587245,5.842267,-81.0905742808043,-77.32340467026907
93.94,91.56,4.332654,1.567254,5.797712,4.332007,1.576092,5.80854,-86.58050005343851,-85.81303927653528
93.95,91.57,4.327362,1.554519,5.76477,4.329738,1.562897,5.775344,-102.6641364669362,-105.83333136261032
93.96,91.58,4.326098,1.539806,5.732255,4.32298,1.549347,5.74226,-72.69065869158104,-71.90260156334809
93.97,91.59,4.323547,1.525951,5.699424,4.329809,1.548636,5.73478,-100.04366036319054,-105.43171114128643
93.98,91.6,4.319302,1.514003,5.665867,4.317442,1.522104,5.677053,-80.55927501704593,-77.06893436090243
93.99,91.61,4.314651,1.503099,5.631901,4.314751,1.511303,5.643304,-90.5024494499663,-90.69835375638206
94.0,91.62,4.31101,1.49346,5.598082,4.310694,1.501239,5.609443,-88.4067600183356,-87.67379905003496
94.01,91.63,4.304365,1.484274,5.563045,4.30514,1.491553,5.574855,-93.7545007699927,-96.07742442165058
94.02,91.64,4.298314,1.47329,5.527318,4.298495,1.481098,5.538932,-90.89286177132645,-91.32795582324879
94.03,91.65,4.29295,1.460364,5.491444,4.294937,1.468665,5.502338,-100.33677823712499,-103.46153027859002
94.04,91.66,4.286985,1.446258,5.455769,4.287897,1.454463,5.466987,-94.64780568490403,-96.34249102676237
94.05,91.67,4.27956,1.432191,5.420649,4.28045,1.439675,5.431913,-94.51771326500072,-96.78178514741319
94.06,91.68,4.272754,1.417786,5.385369,4.287151,1.43654,5.421097,-111.94752536733618,-127.51259238594197
94.07,91.69,4.266541,1.403746,5.349601,4.282079,1.424345,5.390141,-110.97061813137826,-127.02755945802407
94.08,91.7,4.259955,1.391624,5.313089,4.260905,1.399028,5.324886,-94.60403375305904,-97.31161588166631
94.09,91.71,4.252859,1.38098,5.276121,4.253692,1.388104,5.288091,-93.98083222999622,-96.66923593148671
94.1,91.72,4.24465,1.371346,5.238368,4.24578,1.378206,5.250489,-95.32609805122884,-99.35393590172333
94.11,91.73,4.236515,1.360946,5.199607,4.238202,1.368066,5.21144,-98.11383246287674,-103.3297446538695
94.12,91.74,4.226859,1.348184,5.160961,4.229178,1.356051,5.172143,-101.71630662006048,-106.42423302797403
94.13,91.75,4.217724,1.333934,5.122441,4.220773,1.342192,5.13318,-105.850221446078,-110.26503992019066
94.14,91.76,4.208875,1.319594,5.083892,4.211699,1.3279,5.094995,-104.27034508345321,-108.77778588901276
94.15,91.77,4.199474,1.304166,5.046,4.202941,1.312465,5.056943,-107.57942742769968,-112.67327820426465
94.16,91.78,4.189721,1.290719,5.007314,4.191571,1.298635,5.01866,-99.26075621521443,-103.15415579036323
94.17,91.79,4.179676,1.279076,4.968392,4.181555,1.286624,4.979984,-99.2072517551567,-103.97907455096673
94.18,91.8,4.168668,1.269128,4.929143,4.170635,1.276383,4.941008,-99.4129812944128,-105.16954879750548
94.19,91.81,4.157406,1.260749,4.889137,4.159323,1.267417,4.901311,-98.94869869105396,-106.03954647346498
94.2,91.82,4.145401,1.251934,4.848103,4.147872,1.258639,4.860109,-101.62986366273894,-110.23040321320562
94.21,91.83,4.133803,1.241564,4.806853,4.137534,1.248326,4.818324,-108.01737476955809,-118.8881497100803
94.22,91.84,4.121231,1.229682,4.76624,4.125579,1.235684,4.778001,-110.2891745626321,-125.92051869331844
94.23,91.85,4.108765,1.216237,4.725203,4.113216,1.222897,4.737317,-110.17465057029615,-123.7555325180589
94.24,91.86,4.096395,1.201906,4.684144,4.100053,1.208914,4.69572,-107.53646416947299,-117.56342811463529
94.25,91.87,4.08337,1.189423,4.643156,4.086789,1.196389,4.655058,-106.02738133122206,-116.14238235441039
94.26,91.88,4.069819,1.179078,4.601551,4.072409,1.186054,4.613528,-102.20219796756308,-110.36859862453089
94.27,91.89,4.056643,1.170035,4.560366,4.059374,1.176635,4.57247,-102.71462091984962,-112.47917880862674
94.28,91.9,4.04317,1.163194,4.518382,4.045635,1.169002,4.53083,-101.20101705185117,-112.99707656363755
94.29,91.91,4.029353,1.156894,4.475248,4.031684,1.162757,4.487855,-100.47552734056481,-111.68168159912443
94.3,91.92,4.014887,1.150355,4.431655,4.019023,1.155815,4.443933,-108.61675078384843,-127.144262164014
94.31,91.93,3.998591,1.14053,4.388433,4.003234,1.14642,4.400484,-111.07063770242313,-128.24819058167398
94.32,91.94,3.985367,1.12799,4.345562,3.985605,1.13566,4.357101,-91.18159825697637,-91.77731700180209
94.33,91.95,3.970795,1.116444,4.302423,3.971433,1.124574,4.313728,-93.23007282005442,-94.4870781297024
94.34,91.96,3.954628,1.107142,4.25913,3.95608,1.114392,4.270879,-97.04517546060255,-101.32512948695583
94.35,91.97,3.942124,1.098293,4.216125,3.943768,1.105224,4.228207,-97.74865890197707,-103.34368656503074
94.36,91.98,3.92214,1.093511,4.171466,3.927819,1.099012,4.185241,-112.40481636078461,-135.91214554036839
94.37,91.99,3.906842,1.089644,4.129312,3.910957,1.094333,4.142277,-107.60907290977333,-131.26973002191914
94.38,92.0,3.891132,1.087551,4.085522,3.895935,1.090892,4.098112,-110.88151522934359,-145.17725846480764
94.39,92.01,3.875293,1.083796,4.039764,3.880241,1.087716,4.051754,-112.42482491478293,-141.61235173918496
94.4,92.02,3.858596,1.077939,3.993721,3.863523,1.083241,4.005737,-112.29542525667645,-132.90044975564095
94.41,92.03,3.841627,1.070425,3.948703,3.846544,1.076145,3.960532,-112.57135382423476,-130.68286086886982
94.42,92.04,3.825433,1.061636,3.903836,3.828265,1.068311,3.914866,-104.39988959659532,-112.9900394040718
94.43,92.05,3.808806,1.053826,3.858465,3.813172,1.060311,3.870045,-110.65791583561379,-123.95025163093136
94.44,92.06,3.792801,1.047166,3.813677,3.796939,1.053151,3.82532,-109.56555296963687,-124.65979407093698
94.45,92.07,3.776607,1.042902,3.769902,3.781849,1.047366,3.781761,-113.84673011193242,-139.58283684593826
94.46,92.08,3.760369,1.039441,3.724713,3.765174,1.043331,3.737249,-110.97163376174443,-141.00729087444455
94.47,92.09,3.743705,1.037011,3.68007,3.748146,1.040818,3.691979,-110.45105099922098,-139.3955180654429
94.48,92.1,3.727474,1.03609,3.633705,3.731317,1.040518,3.646337,-106.92119574047501,-130.9542611824696
94.49,92.11,3.711713,1.035396,3.586936,3.716179,1.039995,3.598938,-110.41046794036123,-134.1594272525418
94.5,92.12,3.695572,1.032882,3.539561,3.700402,1.038016,3.55161,-111.84402989955767,-133.25245729639113
94.51,92.13,3.678854,1.0282,3.492612,3.68361,1.033952,3.504833,-111.26430517737684,-129.58540037520163
94.52,92.14,3.662444,1.022344,3.44634,3.667193,1.028361,3.45768,-112.72311016399411,-128.2827525783088
94.53,92.15,3.645206,1.016623,3.40023,3.649274,1.022402,3.410933,-110.81081379122028,-125.14278773073208
94.54,92.16,3.628196,1.012037,3.353772,3.635072,1.016156,3.366076,-119.19832098765873,-149.07669879047057
94.55,92.17,3.611899,1.008747,3.308212,3.619181,1.012704,3.319575,-122.65385621878777,-151.48057877307568
94.56,92.18,3.595352,1.00784,3.261799,3.598986,1.01286,3.274262,-106.2557912296952,-125.90094385807045
94.57,92.19,3.578448,1.008691,3.215869,3.581763,1.013792,3.229387,-103.77865531169817,-123.018734763656
94.58,92.2,3.561146,1.011909,3.1697,3.564707,1.01588,3.183527,-104.44209273424795,-131.88421290558688
94.59,92.21,3.544283,1.014128,3.123035,3.54795,1.017906,3.136154,-105.61664802330162,-134.1458213095858
94.6,92.22,3.527468,1.015176,3.076106,3.530631,1.018003,3.088858,-103.93047522582313,-138.2105556912014
94.61,92.23,3.507365,1.014337,3.028912,3.512823,1.017657,3.042238,-112.27279269851601,-148.68862770170708
94.62,92.24,3.48956,1.012218,2.9816,3.494213,1.016454,2.995031,-109.10799603684166,-137.68588551235848
94.63,92.25,3.471198,1.009289,2.934172,3.475672,1.014616,2.947733,-108.25858440103575,-130.0259708355843
94.64,92.26,3.45256,1.008211,2.888014,3.456825,1.012974,2.900684,-108.60436222486636,-131.84266610533578
94.65,92.27,3.433625,1.009398,2.842348,3.437821,1.013672,2.855276,-107.9817110682684,-134.4723796369543
94.66,92.28,3.414635,1.011998,2.797161,3.419097,1.015776,2.810168,-108.93432905347598,-139.7452267527818
94.67,92.29,3.395569,1.016404,2.752555,3.399353,1.020061,2.765491,-106.3050956206568,-135.9778064185178
94.68,92.3,3.377707,1.021353,2.710793,3.379955,1.026069,2.719985,-103.74254202406252,-115.48597744998008
94.69,92.31,3.355027,1.028361,2.659878,3.360002,1.032093,2.673052,-110.68843048815995,-143.12457471915536
94.7,92.32,3.334081,1.031264,2.613614,3.339774,1.035779,2.626188,-114.35909968959061,-141.58279682076721
94.71,92.33,3.312835,1.032662,2.566928,3.318654,1.037329,2.57982,-114.29275947197344,-141.26941626547685
94.72,92.34,3.292458,1.033806,2.521382,3.29754,1.037816,2.533461,-112.81796001645723,-141.72446165863175
94.73,92.35,3.272072,1.035216,2.476155,3.276892,1.038609,2.488131,-111.92338535743112,-144.856679989019
94.74,92.36,3.251224,1.038551,2.431359,3.256771,1.0413,2.443878,-113.89748589354947,-153.63775756891633
94.75,92.37,3.230501,1.04388,2.387722,3.236302,1.044952,2.400783,-113.94824166019305,-169.5300990547898
94.76,92.38,3.209576,1.050051,2.344317,3.214866,1.050887,2.357083,-112.50823460849972,-171.01958697002914
94.77,92.39,3.187683,1.056816,2.300865,3.193049,1.058536,2.312802,-114.20518902584047,-162.22743779419108
94.78,92.4,3.164346,1.065978,2.256517,3.170247,1.067743,2.268884,-115.5084673417765,-163.34797877551622
94.79,92.41,3.14204,1.073775,2.211633,3.147265,1.075918,2.224359,-112.32191433027204,-157.699330466885
94.8,92.42,3.119699,1.080002,2.167015,3.124108,1.082536,2.179633,-109.26051054211453,-150.11257480069497
94.81,92.43,3.096006,1.084292,2.122748,3.100614,1.08742,2.135201,-110.3060519990655,-145.83057657901406
94.82,92.44,3.072786,1.088175,2.078461,3.077638,1.091277,2.091429,-110.51342452924386,-147.40824302596573
94.83,92.45,3.050256,1.092935,2.035557,3.055192,1.095283,2.047985,-111.66137675408447,-154.56008953075695
94.84,92.46,3.026738,1.098693,1.993231,3.033047,1.101134,2.005612,-117.00207722716249,-158.84816756074616
94.85,92.47,3.002704,1.105637,1.951911,3.009257,1.107999,1.964347,-117.78644679136978,-160.17852518052894
94.86,92.48,2.978306,1.113689,1.911375,2.984753,1.115629,1.923786,-117.450006271469,-163.25266286235893
94.87,92.49,2.952938,1.123425,1.871673,2.959706,1.125078,1.884041,-118.68830009381941,-166.27491593094715
94.88,92.5,2.927518,1.134355,1.831994,2.934244,1.136075,1.844155,-118.94608266909488,-165.6555024476511
94.89,92.51,2.902383,1.144912,1.791755,2.908329,1.145883,1.803863,-116.15474427378837,-170.72529121103057
94.9,92.52,2.876163,1.152954,1.751256,2.881791,1.154243,1.763318,-115.01325277790147,-167.09984592316343
94.91,92.53,2.848042,1.158863,1.710813,2.854977,1.161099,1.7227,-120.259733658484,-162.12951110387783
94.92,92.54,2.822083,1.165062,1.670654,2.829333,1.166843,1.682568,-121.32167435532173,-166.19829172899807
94.93,92.55,2.796546,1.171222,1.630791,2.803253,1.172878,1.642614,-119.56555318736268,-166.13071118170083
94.94,92.56,2.770001,1.177741,1.592204,2.777394,1.180015,1.603823,-122.46800139201487,-162.90271713895885
94.95,92.57,2.74228,1.185752,1.554873,2.750025,1.187503,1.566447,-123.78934116235017,-167.26065920900373
94.96,92.58,2.714676,1.19508,1.518614,2.722676,1.196217,1.530174,-124.6848429717784,-171.91101157476527
94.97,92.59,2.686243,1.205988,1.484048,2.693763,1.206718,1.495399,-123.5243416994599,-174.45541550493544
94.98,92.6,2.657482,1.218176,1.449327,2.665265,1.218403,1.460214,-125.56057141726106,-178.32937737610158
94.99,92.61,2.626345,1.228785,1.413932,2.634899,1.229487,1.424951,-127.82202841597963,-175.3084284341732
95.0,92.62,2.595997,1.237453,1.378598,2.604512,1.239082,1.389398,-128.25316209324865,-169.1696382288907
95.01,92.63,2.565722,1.244714,1.342058,2.574033,1.246762,1.353619,-125.7116949083047,-166.15694966146364
95.02,92.64,2.535929,1.25123,1.306234,2.54397,1.253321,1.317594,-125.29217722808343,-165.42351457231027
95.03,92.65,2.505835,1.258453,1.271982,2.514306,1.26032,1.282943,-127.69795953252074,-167.57077721741868
95.04,92.66,2.475566,1.26707,1.239182,2.484394,1.268627,1.25015,-128.83013418891923,-169.99757401666142
95.05,92.67,2.445136,1.277116,1.20794,2.454193,1.278085,1.218849,-129.70054007146018,-173.89320797074836
95.06,92.68,2.413654,1.288415,1.178246,2.423687,1.288532,1.1888,-133.55031180834777,-179.3318745787738
95.07,92.69,2.382017,1.301203,1.149844,2.392125,1.300292,1.160094,-134.60036011648,174.85003832048994
95.08,92.7,2.349418,1.313263,1.120443,2.359612,1.312737,1.130308,-135.93965907604587,177.04621581101756
95.09,92.71,2.315956,1.323358,1.090335,2.326326,1.32393,1.099911,-137.2795970066113,-176.84281498066977
95.1,92.72,2.282604,1.331896,1.060101,2.292559,1.33303,1.070117,-134.82499465818765,-173.50130100757107
95.11,92.73,2.249176,1.33929,1.03,2.258916,1.341004,1.040732,-132.22582109160393,-170.01954010553513
95.12,92.74,2.215915,1.347656,1.001795,2.225959,1.348844,1.011998,-134.55006461806053,-173.25442035251749
95.13,92.75,2.182866,1.357142,0.974916,2.192692,1.357923,0.98513,-133.8908190980666,-175.45551324715433
95.14,92.76,2.149816,1.367815,0.949737,2.160068,1.368068,0.959695,-135.83343746015416,-178.58633529133138
95.15,92.77,2.116986,1.380435,0.926032,2.127307,1.379699,0.935666,-136.97176949258107,175.921090017844
95.16,92.78,2.082853,1.393535,0.903044,2.094192,1.392601,0.912192,-141.1043447890117,175.29114396808697
95.17,92.79,2.047966,1.405691,0.878959,2.058554,1.405898,0.888549,-137.8315308428958,-178.87998530073915
95.18,92.8,2.01217,1.416257,0.855061,2.023322,1.417209,0.864528,-139.67187210633438,-175.1207262169941
95.19,92.81,1.976634,1.424996,0.831275,1.987923,1.426028,0.840652,-140.2859069239598,-174.77674268417962
95.2,92.82,1.941631,1.432736,0.807756,1.952924,1.434055,0.816901,-140.99966626890074,-173.3381503357227
95.21,92.83,1.906301,1.440663,0.784756,1.917984,1.441872,0.79361,-142.84321153980326,-174.09185105595003
95.22,92.84,1.871844,1.449646,0.763325,1.88339,1.450102,0.771856,-143.54039433176965,-177.73832461488416
95.23,92.85,1.836518,1.459861,0.742962,1.848067,1.4601,0.751589,-143.24059673487727,-178.8144655824903
95.24,92.86,1.80228,1.471138,0.723304,1.814005,1.470935,0.731844,-143.93196969107385,179.00811246943812
95.25,92.87,1.767221,1.483821,0.7045,1.779081,1.482933,0.713289,-143.4592465176823,175.71805272058452
95.26,92.88,1.732047,1.496024,0.686238,1.744058,1.495824,0.694878,-144.27100236398874,179.0460330540027
95.27,92.89,1.696028,1.506692,0.667599,1.707974,1.507341,0.676155,-144.38889052815477,-176.8903028949535
95.28,92.9,1.659054,1.515048,0.649656,1.671453,1.516207,0.657415,-147.9626443991219,-174.65977849950588
95.29,92.91,1.622557,1.522206,0.631754,1.634767,1.523723,0.639186,-148.67190260171628,-172.91772573903913
95.3,92.92,1.585402,1.528422,0.614296,1.598716,1.530818,0.620583,-154.72286422750898,-169.79819384454046
95.31,92.93,1.54817,1.539173,0.595442,1.563262,1.538632,0.602877,-153.77306295144177,177.94700835176477
95.32,92.94,1.515608,1.548163,0.579064,1.527475,1.548064,0.586392,-148.30422418785696,179.52202320834098
95.33,92.95,1.48458,1.557374,0.564154,1.49332,1.558757,0.571526,-139.85309638699252,-171.00818603713688
95.34,92.96,1.455767,1.566244,0.550185,1.459056,1.570554,0.557436,-114.39869275583112,-127.34758039026632
95.35,92.97,1.416965,1.580493,0.536089,1.447793,1.577615,0.547322,-159.97944623664077,174.66651451210217
95.36,92.98,1.374229,1.594456,0.521708,1.388842,1.594393,0.527354,-158.87504824494422,179.75298626251617
95.37,92.99,1.337549,1.602752,0.507173,1.350301,1.602757,0.512606,-156.92353116599728,-179.9775345919945
95.38,93.0,1.298661,1.611244,0.493644,1.314396,1.610293,0.498901,-161.5257341907123,176.54133548409015
95.39,93.01,1.262587,1.620361,0.480159,1.260873,1.619935,0.479934,7.478562628553533,13.95756213931367
95.4,93.02,1.230732,1.630235,0.468141,1.244425,1.629156,0.474228,-156.03324058077303,175.49443785856437
95.41,93.03,1.20028,1.640243,0.457544,1.210408,1.640827,0.463005,-151.6665309648453,-176.69986922070566
95.42,93.04,1.163427,1.65618,0.446877,1.176457,1.655157,0.451732,-159.56452145468157,175.51085229678122
95.43,93.05,1.128107,1.669313,0.443011,1.141182,1.668488,0.439323,164.24809777059514,176.38956505795798
95.44,93.06,1.093084,1.680985,0.438194,1.105502,1.679317,0.429051,143.63690126122978,172.34975490930591
95.45,93.07,1.05819,1.691758,0.429212,1.061618,1.691488,0.433073,-131.60036339473112,175.49650255236665
95.46,93.08,1.023754,1.70184,0.414989,1.023364,1.703462,0.428676,-88.3678447128183,-76.48022092832419
95.47,93.09,0.990085,1.712896,0.400151,0.99447,1.71375,0.411025,-111.96202599583549,-168.97932336099285
95.48,93.1,0.95749,1.72659,0.389325,0.970742,1.724137,0.391857,-169.1831228840237,169.51301290063716
95.49,93.11,0.925534,1.742158,0.382047,0.942822,1.736311,0.384427,-172.16149088131516,161.31387307664212
95.5,93.12,0.8924,1.75643,0.374824,0.912746,1.749267,0.377518,-172.45738029497267,160.6049047623394
95.51,93.13,0.8581,1.769078,0.367845,0.879499,1.76337,0.371264,-170.92235914328526,165.06458331425836
95.52,93.14,0.824423,1.78155,0.361316,0.844792,1.777993,0.365085,-169.51678281152385,170.09443029202228
95.53,93.15,0.793156,1.795294,0.35544,0.810333,1.792509,0.358399,-170.2258590165552,170.79046677434098
95.54,93.16,0.76369,1.810158,0.349958,0.776569,1.806762,0.351268,-174.19207899860263,165.228192258632
95.55,93.17,0.734718,1.827935,0.346239,0.747999,1.82407,0.346243,-179.98274353504084,163.77409332303728
95.56,93.18,0.70545,1.84427,0.341658,0.718897,1.842139,0.343278,-173.1305137036987,170.9949937448582
95.57,93.19,0.675291,1.859946,0.337909,0.688843,1.858235,0.340587,-168.82184156720137,172.80422696061763
95.58,93.2,0.644642,1.875097,0.335488,0.658165,1.872021,0.338281,-168.33038678125502,167.18529607748656
95.59,93.21,0.61544,1.890911,0.333888,0.628786,1.885948,0.336112,-170.53907015599628,159.6012555709779
95.6,93.22,0.589621,1.908577,0.332603,0.602627,1.902472,0.333833,-174.59750672116394,154.8546986617022
