Time (Seconds),Unnamed: 1,X1,Y1,Z1,X2,Y2,Z2,Pxy,Pxz
163.59,161.5,0.712209,0.992598,3.897662,0.711801,0.993735,3.910945,-88.24065870129698,-70.26003133335234
163.6,161.51,0.727798,0.992903,3.862996,0.726948,0.994159,3.876185,-86.31252156842893,-55.91176046013634
163.61,161.52,0.743937,0.991296,3.827671,0.742955,0.992598,3.840879,-85.74794625104893,-52.97551514657164
163.62,161.53,0.759959,0.986581,3.794376,0.760121,0.989635,3.805057,-90.86894528951844,-93.03641950099251
163.63,161.54,0.776799,0.982506,3.756435,0.777606,0.985536,3.769253,-93.60249238223432,-104.91376163219306
163.64,161.55,0.793078,0.97736,3.72119,0.793835,0.981081,3.733888,-93.41168936149823,-101.49931975498404
163.65,161.56,0.808946,0.972667,3.686377,0.809467,0.976661,3.698939,-92.37494053323829,-97.43202125219464
163.66,161.57,0.825057,0.969983,3.651947,0.825249,0.973258,3.664665,-90.86491225412979,-93.35517934231852
163.67,161.58,0.8404,0.969203,3.617919,0.841341,0.971739,3.630444,-94.29654526139787,-110.35771351375135
163.68,161.59,0.855174,0.970621,3.583443,0.85555,0.971559,3.596631,-91.63310423939245,-111.8435232454096
163.69,161.6,0.869651,0.972675,3.548635,0.870114,0.973775,3.561964,-91.9894428693755,-112.8266680237324
163.7,161.61,0.884556,0.973905,3.512553,0.885095,0.975567,3.525877,-92.31654125006844,-107.96829668404388
163.71,161.62,0.900159,0.973309,3.476236,0.900838,0.97569,3.489417,-92.94890195390325,-105.91678774709389
163.72,161.63,0.915719,0.970906,3.43983,0.916844,0.974412,3.452655,-95.01311375503604,-107.79031853751644
163.73,161.64,0.931711,0.967271,3.403477,0.932531,0.971203,3.416232,-93.67839849116041,-101.77992637336757
163.74,161.65,0.94785,0.962994,3.367176,0.948159,0.966967,3.379738,-91.40907709098853,-94.44722557701992
163.75,161.66,0.963752,0.958659,3.331334,0.963653,0.962903,3.344309,-89.56283837381515,-88.66370083700454
163.76,161.67,0.979182,0.955314,3.296212,0.978802,0.958833,3.309178,-88.32128907849186,-83.8367844524117
163.77,161.68,0.994015,0.953566,3.261531,0.993442,0.956687,3.274235,-87.4174869516601,-79.59663789840138
163.78,161.69,1.008322,0.952415,3.225911,1.007694,0.956114,3.238635,-87.17442821911877,-80.36445034738313
163.79,161.7,1.02293,0.953312,3.190291,1.022264,0.956609,3.20298,-86.99550740462644,-78.57982565141718
163.8,161.71,1.038299,0.955369,3.154032,1.037605,0.959051,3.1664,-86.788355714106,-79.32586142696154
163.81,161.72,1.053525,0.956946,3.117172,1.053109,0.960884,3.129529,-88.07185838106126,-83.96978853118968
163.82,161.73,1.068895,0.957083,3.07928,1.068257,0.961017,3.092338,-87.20281351093269,-80.78820637552862
163.83,161.74,1.0841,0.955104,3.041983,1.083546,0.959423,3.054878,-87.53994927559368,-82.6905593155124
163.84,161.75,1.099584,0.951856,3.004647,1.098984,0.956625,3.017423,-87.31119070100316,-82.82914940290446
163.85,161.76,1.115352,0.948164,2.967545,1.114205,0.952844,2.980899,-85.09080721371431,-76.22907963252193
163.86,161.77,1.130878,0.944825,2.931522,1.129655,0.949026,2.944564,-84.64281405428676,-73.76860424728244
163.87,161.78,1.146049,0.942727,2.895992,1.144386,0.945982,2.909269,-82.86064364039508,-62.93722485159925
163.88,161.79,1.161218,0.941659,2.860658,1.159719,0.94459,2.873525,-83.35502036319394,-62.9134556533305
163.89,161.8,1.176146,0.942276,2.824683,1.174817,0.945214,2.837505,-84.08242488528163,-65.66045185774801
163.9,161.81,1.191183,0.944345,2.788471,1.18999,0.947245,2.801203,-84.64696305258302,-67.63874787758789
163.91,161.82,1.20641,0.947007,2.751518,1.20517,0.950357,2.76458,-84.57705654676134,-69.68800478993784
163.92,161.83,1.221481,0.948889,2.714398,1.220403,0.951976,2.727362,-85.24659975692761,-70.75047412731641
163.93,161.84,1.236598,0.949093,2.676576,1.235278,0.952276,2.689953,-84.36447790529067,-67.47606280105133
163.94,161.85,1.251794,0.947711,2.638948,1.250973,0.95079,2.652358,-86.496555225837,-75.06974103770189
163.95,161.86,1.266722,0.944639,2.601284,1.266478,0.948227,2.614774,-88.96377717332632,-86.10962127243445
163.96,161.87,1.282806,0.942158,2.564372,1.2818,0.945332,2.578287,-85.86493381684346,-72.4139766644523
163.97,161.88,1.298506,0.940714,2.529373,1.296577,0.942515,2.542593,-81.69825766767235,-43.03458900913578
163.98,161.89,1.314479,0.939529,2.49376,1.312407,0.941689,2.506967,-81.08374470110985,-46.19123395102946
163.99,161.9,1.330868,0.94142,2.457833,1.328984,0.942672,2.471699,-82.26249492658758,-33.605767764080994
164.0,161.91,1.347022,0.944139,2.422916,1.345281,0.945875,2.436573,-82.73509585777143,-44.91760750644499
164.01,161.92,1.363654,0.948515,2.387141,1.361825,0.950432,2.400547,-82.23101959037963,-46.34572915224303
164.02,161.93,1.380045,0.951621,2.350622,1.378281,0.953723,2.364285,-82.64336279844437,-49.996599921397525
164.03,161.94,1.396319,0.952538,2.313666,1.395022,0.955094,2.327508,-84.64699592494739,-63.09523683845425
164.04,161.95,1.412753,0.952395,2.276867,1.41196,0.955213,2.290445,-86.6575343036844,-74.28311927530405
164.05,161.96,1.429601,0.951094,2.240216,1.428807,0.954316,2.254018,-86.70752334565715,-76.15638889043315
164.06,161.97,1.448321,0.952193,2.204616,1.44556,0.953497,2.218922,-79.07645013483894,-25.281021489084473
164.07,161.98,1.465997,0.954151,2.171059,1.462728,0.954353,2.184783,-76.60204638331433,-3.5359591132930617
164.08,161.99,1.484411,0.957147,2.136816,1.480707,0.957236,2.150978,-75.34289934140672,-1.3764425901770998
164.09,162.0,1.502144,0.961557,2.104258,1.499267,0.96233,2.117886,-78.07935090206894,-15.039202049317696
164.1,162.01,1.517645,0.965997,2.072151,1.518455,0.96911,2.084366,-93.79383832757514,-104.58490442252334
164.11,162.02,1.541841,0.97419,2.036001,1.538119,0.974795,2.050253,-75.36374362794041,-9.23251083567035
164.12,162.03,1.561692,0.978267,2.001774,1.557932,0.979087,2.015595,-74.78101765338667,-12.302726325243377
164.13,162.04,1.581498,0.979754,1.966674,1.577668,0.981577,1.980707,-74.7341719992857,-25.453472486947028
164.14,162.05,1.601766,0.980791,1.931923,1.597341,0.983461,1.945651,-72.13410848346271,-31.106353996519395
164.15,162.06,1.621987,0.982649,1.897864,1.616283,0.986384,1.910693,-66.02922392357296,-33.21692543600044
164.16,162.07,1.642285,0.985273,1.86529,1.635421,0.990109,1.87682,-59.23396079446087,-35.16643603579331
164.17,162.08,1.662329,0.991211,1.834134,1.655725,0.995265,1.845961,-60.821735841586396,-31.544531359757865
164.18,162.09,1.682637,0.999331,1.804102,1.676265,1.002786,1.816505,-62.80831844845676,-28.467255212566354
164.19,162.1,1.703213,1.008486,1.774729,1.69771,1.011017,1.787289,-66.33999829884293,-24.699164658978606
164.2,162.11,1.725396,1.016759,1.744264,1.719826,1.018123,1.757266,-66.8099194977283,-13.759992907496157
164.21,162.12,1.748803,1.023298,1.713474,1.742284,1.023925,1.726515,-63.44022127892152,-5.493831798719651
164.22,162.13,1.770885,1.027882,1.68235,1.764606,1.028083,1.695019,-63.63610027298867,-1.833495832528878
164.23,162.14,1.792618,1.032167,1.651659,1.785826,1.031375,1.663878,-60.93225932373744,6.651096025064596
164.24,162.15,1.814158,1.037512,1.622525,1.806325,1.035349,1.634125,-55.97047149784828,15.436927003364367
164.25,162.16,1.836229,1.043738,1.594333,1.82807,1.041059,1.605557,-53.985680396244476,18.177545741690547
164.26,162.17,1.858856,1.051357,1.566507,1.850905,1.048608,1.577847,-54.96392099365089,19.072451674911996
164.27,162.18,1.881643,1.060616,1.539465,1.873571,1.057957,1.550714,-54.337727667983856,18.232415748217942
164.28,162.19,1.904991,1.070594,1.511908,1.896834,1.068145,1.523508,-54.885509965487465,16.711487334798083
164.29,162.2,1.928869,1.078691,1.484146,1.920534,1.077074,1.495271,-53.158954265723054,10.979067980387429
164.3,162.21,1.953954,1.084996,1.455742,1.943908,1.084776,1.46606,-45.765248739713165,1.2545348432496282
164.31,162.22,1.978707,1.089972,1.428194,1.967248,1.090332,1.436638,-36.38605736716004,-1.7994326394746298
164.32,162.23,2.003418,1.094135,1.399526,1.991661,1.095545,1.408388,-37.00766129719368,-6.838737889604611
164.33,162.24,2.027217,1.099151,1.372451,2.01553,1.100848,1.380876,-35.78732296718266,-8.261838639949048
164.34,162.25,2.050958,1.104761,1.346524,2.038292,1.106398,1.35292,-26.792586170384055,-7.364292238419833
164.35,162.26,2.074443,1.11159,1.320568,2.061343,1.112848,1.325567,-20.887007083760622,-5.4853239528201225
164.36,162.27,2.097826,1.119034,1.294555,2.085078,1.121646,1.300257,-24.098292298290513,-11.579346379521557
164.37,162.28,2.121048,1.128914,1.268944,2.108687,1.13116,1.275694,-28.637732391317734,-10.298319963791446
164.38,162.29,2.144607,1.138871,1.243428,2.132286,1.140646,1.249957,-27.919487141614063,-8.197798592557648
164.39,162.3,2.169145,1.147117,1.217234,2.156053,1.1489,1.222255,-20.98265054086464,-7.755401012962041
164.4,162.31,2.193915,1.153497,1.190489,2.180581,1.155489,1.195255,-19.668521843512586,-8.496723024459886
164.41,162.32,2.218539,1.158423,1.164366,2.205495,1.160518,1.169062,-19.79949851933522,-9.124365233360527
164.42,162.33,2.242494,1.162128,1.136927,2.229838,1.164861,1.143494,-27.424090997003418,-12.185622717629036
164.43,162.34,2.265987,1.167038,1.110626,2.253724,1.169091,1.117696,-29.964783227390317,-9.503988552748625
164.44,162.35,2.289124,1.173481,1.08506,2.277248,1.175148,1.092975,-33.68227339379242,-7.990239822738594
164.45,162.36,2.310245,1.179988,1.061694,2.300683,1.183325,1.069006,-37.4049118056671,-19.23825018007496
164.46,162.37,2.335808,1.194739,1.038069,2.324335,1.193759,1.046548,-36.46586423180886,4.882236380003413
164.47,162.38,2.359567,1.205444,1.014891,2.348489,1.203713,1.0235,-37.85170214912289,8.880974698484554
164.48,162.39,2.384084,1.214035,0.990353,2.373049,1.212624,0.999208,-38.74518740866796,7.2866356169416875
164.49,162.4,2.409383,1.220669,0.965173,2.398715,1.219768,0.97431,-40.57961482707605,4.8276409213826685
164.5,162.41,2.434361,1.226645,0.940193,2.424095,1.225217,0.949378,-41.8190278767231,7.919025938759681
164.51,162.42,2.458657,1.231367,0.914745,2.448912,1.230782,0.925012,-46.49418431521821,3.4353878837285707
164.52,162.43,2.483248,1.238484,0.891473,2.473037,1.237718,0.902016,-45.91647761614391,4.290129791810393
164.53,162.44,2.506527,1.247446,0.870245,2.496494,1.245807,0.880215,-44.81954595940043,9.277937118797869
164.54,162.45,2.529692,1.25834,0.850285,2.519656,1.256268,0.860083,-44.31250675215992,11.665202983243974
164.55,162.46,2.553233,1.270511,0.830962,2.543068,1.267781,0.840169,-42.16886863227668,15.033107919052581
164.56,162.47,2.578342,1.281273,0.810751,2.56764,1.278837,0.819624,-39.66203775254663,12.823239402880885
164.57,162.48,2.60415,1.289491,0.789033,2.593556,1.288469,0.797983,-40.191719565910944,5.510255314628945
164.58,162.49,2.629378,1.297126,0.76745,2.619002,1.295829,0.776493,-41.073142198242394,7.125016348902402
164.59,162.5,2.65457,1.303931,0.745787,2.644047,1.302926,0.755337,-42.22486963871654,5.45549147956349
164.6,162.51,2.679079,1.312264,0.725498,2.668257,1.310521,0.73518,-41.81769364362323,9.149529458848923
164.61,162.52,2.702891,1.321605,0.706996,2.692125,1.319634,0.716314,-40.87627037412432,10.374611986942693
164.62,162.53,2.725697,1.332948,0.6904,2.714664,1.330164,0.69935,-39.049059581281576,14.16203116953235
164.63,162.54,2.748684,1.3453,0.675559,2.737707,1.342067,0.683603,-36.23414605571486,16.41101487731514
164.64,162.55,2.773054,1.356671,0.65952,2.762163,1.353803,0.667224,-35.27455951994926,14.753143680701463
164.65,162.56,2.798926,1.366816,0.642502,2.787669,1.364391,0.650091,-33.98620642838962,12.156962171256831
164.66,162.57,2.824562,1.375663,0.625337,2.812755,1.373013,0.632696,-31.934227885386967,12.650010830218642
164.67,162.58,2.84982,1.38331,0.609259,2.83706,1.380841,0.614914,-23.90205041101128,10.951130656068457
164.68,162.59,2.874216,1.392228,0.594181,2.861256,1.389198,0.598018,-16.492168100152576,13.159175935941715
164.69,162.6,2.897676,1.401672,0.579051,2.885091,1.398693,0.583694,-20.250594603729933,13.317384051881112
164.7,162.61,2.921073,1.414011,0.565793,2.907982,1.409908,0.570831,-21.048948303712034,17.402109320199457
164.71,162.62,2.943147,1.426734,0.553762,2.930975,1.422406,0.558368,-20.727116880572595,19.57386873989259
164.72,162.63,2.967436,1.438375,0.541166,2.955005,1.434721,0.546543,-23.390782949345695,16.380307008583344
164.73,162.64,2.992613,1.447967,0.527794,2.980338,1.445442,0.533323,-24.248120703106196,11.623755984066312
164.74,162.65,3.018343,1.456149,0.514217,3.005616,1.454576,0.519206,-21.40524186640122,7.045769124866504
164.75,162.66,3.041777,1.463368,0.501978,3.030242,1.463737,0.504565,-12.640782179043116,-1.832244060556788
164.76,162.67,3.067418,1.474824,0.489207,3.053401,1.473558,0.491659,-9.922378484760722,5.160888768013271
164.77,162.68,3.089235,1.486352,0.479159,3.075748,1.484012,0.481012,-7.822978680558017,9.842857148254124
164.78,162.69,3.109531,1.499344,0.469386,3.09652,1.49624,0.473604,-17.962031924463826,13.418094738923187
164.79,162.7,3.130803,1.511981,0.460616,3.117912,1.508993,0.465291,-19.933486199526985,13.05011235532405
164.8,162.71,3.15322,1.523647,0.453085,3.140447,1.520424,0.456667,-15.665371126327356,14.161773926411765
164.81,162.72,3.176798,1.53334,0.443617,3.163787,1.530894,0.447128,-15.101489089854988,10.647038484858662
164.82,162.73,3.198309,1.541965,0.435125,3.187841,1.541867,0.438731,-19.007723881496382,0.5363796675574483
164.83,162.74,3.222433,1.548576,0.421084,3.209994,1.552174,0.429057,-32.65856880874922,-16.132594633239602
164.84,162.75,3.241253,1.55874,0.413393,3.229532,1.561312,0.416964,-16.94424005477128,-12.376548261028411
164.85,162.76,3.259156,1.570766,0.408778,3.249153,1.575469,0.425088,-58.47901401294129,-25.180983562498426
164.86,162.77,3.280004,1.583362,0.403929,3.268155,1.589951,0.430074,-65.61980995768025,-29.077590383379544
164.87,162.78,3.30141,1.596716,0.399753,3.288249,1.601802,0.42368,-61.1870920589325,-21.12876530010579
164.88,162.79,3.323251,1.61026,0.396039,3.309597,1.610505,0.405463,-34.61346410459144,-1.0279742005687629
164.89,162.8,3.344508,1.622008,0.391464,3.330808,1.619232,0.391824,-1.5052361357912125,11.45462659809846
164.9,162.81,3.365131,1.632194,0.386018,3.351487,1.62903,0.385943,0.3149472429508187,13.055940275985098
164.91,162.82,3.384197,1.643587,0.384865,3.370505,1.639849,0.383188,6.982824314872099,15.269989136026279
164.92,162.83,3.401076,1.656049,0.387604,3.387297,1.651631,0.383506,16.56295685686748,17.777556969292302
164.93,162.84,3.417158,1.667567,0.387195,3.403508,1.662765,0.382118,20.402251194001266,19.381610557610735
164.94,162.85,3.433305,1.67794,0.382865,3.419976,1.673035,0.378286,18.95947480645,20.20334258439367
164.95,162.86,3.450552,1.686818,0.377543,3.437386,1.682466,0.373816,15.805630734627416,18.291219688914317
164.96,162.87,3.470095,1.695618,0.375949,3.456607,1.692034,0.371266,19.146873825511367,14.8806418163349
164.97,162.88,3.488607,1.704055,0.374422,3.474498,1.701181,0.370139,16.886459134237583,11.513614565283032
164.98,162.89,3.504469,1.713019,0.374072,3.49154,1.709998,0.369407,19.840293848999202,13.151812676392428
164.99,162.9,3.519283,1.722309,0.374677,3.5059,1.718957,0.369961,19.41181328758165,14.061424439651399
165.0,162.91,3.532778,1.732115,0.376798,3.51984,1.729128,0.371569,22.006504749826522,13.000114961591462
165.01,162.92,3.545926,1.741001,0.380025,3.532297,1.739358,0.374246,22.978027754405755,6.87393638336562
165.02,162.93,3.559517,1.748583,0.383157,3.546345,1.74731,0.377073,24.79168888247028,5.520172278480305
165.03,162.94,3.574002,1.755694,0.386405,3.561178,1.754185,0.379824,27.16591572525296,6.711132939874785
165.04,162.95,3.589417,1.762815,0.388931,3.576117,1.761631,0.382769,24.85867956453943,5.087206316231282
165.05,162.96,3.602862,1.769298,0.392058,3.59054,1.768272,0.384988,29.845931949687138,4.759793495452496
165.06,162.97,3.613237,1.77627,0.39676,3.602696,1.774609,0.38729,41.93642050986834,8.954761984472409
165.07,162.98,3.622188,1.78329,0.401188,3.613347,1.781102,0.390822,49.539654658825,13.900450039378631
165.08,162.99,3.631527,1.78934,0.40759,3.621918,1.787973,0.397938,45.1279120723739,8.096708343940811
165.09,163.0,3.640822,1.794361,0.413851,3.629869,1.793785,0.404504,40.47656334611626,3.0103164738877886
165.1,163.01,3.650371,1.798801,0.419923,3.640082,1.798258,0.410319,43.02784357191229,3.0209711958677836
165.11,163.02,3.660701,1.803285,0.426148,3.651147,1.802443,0.416247,46.02182100323872,5.036500297558958
165.12,163.03,3.666098,1.807482,0.433901,3.661852,1.806775,0.422822,69.03079024603801,9.453569081330796
165.13,163.04,3.677374,1.810673,0.440903,3.670484,1.810166,0.429471,58.92287409198083,4.20851945676375
165.14,163.05,3.684569,1.813548,0.446923,3.676929,1.813253,0.436453,53.88162426210491,2.21123853863386
165.15,163.06,3.689593,1.816019,0.454788,3.682021,1.816275,0.443544,56.04265726793866,-1.9363622323170007
165.16,163.07,3.691927,1.817391,0.464772,3.685469,1.818542,0.451404,64.21509257973919,-10.105632330506248
165.17,163.08,3.69405,1.817232,0.47452,3.688866,1.819119,0.460864,69.21256923643402,-20.001740160742983
165.18,163.09,3.696894,1.816162,0.483365,3.692769,1.818538,0.4714,70.97808346617603,-29.941942530274005
165.19,163.1,3.701497,1.81449,0.492996,3.697811,1.817777,0.480879,73.08020181582168,-41.725066063053944
165.2,163.11,3.707514,1.811658,0.501892,3.702871,1.815685,0.489675,69.19099605770317,-40.9359872540309
165.21,163.12,3.710946,1.808332,0.510574,3.707716,1.812649,0.498767,74.70013405227054,-53.195988858422496
165.22,163.13,3.713893,1.805491,0.519632,3.711757,1.809359,0.507599,79.93417285184077,-61.091494028478515
165.23,163.14,3.716145,1.801994,0.528821,3.713975,1.806153,0.516681,79.86552777232619,-62.44624680960924
165.24,163.15,3.716567,1.798484,0.538092,3.714587,1.803213,0.525765,80.87492092060593,-67.28127224880052
165.25,163.16,3.717939,1.794142,0.546427,3.713033,1.800152,0.534678,67.33617268792527,-50.77502643997913
165.26,163.17,3.713213,1.789344,0.555425,3.713449,1.795208,0.543347,91.11939754032824,-92.3046573336389
165.27,163.18,3.712628,1.781657,0.565708,3.713003,1.788016,0.553514,91.76145217479801,-93.37491152411653
165.28,163.19,3.713184,1.772482,0.575325,3.714396,1.780136,0.563722,95.96324769822027,-98.99799539567545
165.29,163.2,3.713966,1.762643,0.586545,3.714833,1.770285,0.574867,94.24597301091171,-96.47264352377331
165.3,163.21,3.714301,1.752295,0.597712,3.714947,1.759609,0.585875,93.12379763642599,-95.0474807448727
165.31,163.22,3.71372,1.742087,0.608136,3.714862,1.749648,0.596357,95.53764454188908,-98.58893351790113
165.32,163.23,3.711687,1.732746,0.61864,3.712898,1.740014,0.606526,95.70871997652895,-99.45976544506955
165.33,163.24,3.709214,1.724012,0.62957,3.709691,1.730777,0.617395,92.24362349943999,-94.03324900465326
165.34,163.25,3.705257,1.715822,0.641427,3.705986,1.722241,0.629456,93.48484716015521,-96.47926840764676
165.35,163.26,3.701332,1.706592,0.653594,3.701964,1.713004,0.641561,93.00653957288213,-95.62918703161502
165.36,163.27,3.697973,1.695561,0.665356,3.697712,1.702144,0.653363,88.75328622697515,-87.72955032933433
165.37,163.28,3.693156,1.681935,0.677418,3.693425,1.688227,0.66544,91.28652315415476,-92.44805858950069
165.38,163.29,3.688763,1.666457,0.689401,3.688657,1.674003,0.677733,89.47950072368849,-89.19520895778517
165.39,163.3,3.683665,1.651609,0.70162,3.68294,1.659201,0.690436,86.29100500082724,-84.54506641686744
165.4,163.31,3.677613,1.637342,0.714629,3.677463,1.645344,0.702982,89.26213687589517,-88.92609841412626
165.41,163.32,3.670959,1.623929,0.72802,3.670885,1.632291,0.717077,89.61255386482011,-89.49297093908737
165.42,163.33,3.664398,1.611885,0.742561,3.66399,1.619746,0.731721,87.84449736363653,-87.02891219511307
165.43,163.34,3.657341,1.599896,0.758092,3.656918,1.607994,0.747139,87.78836151208952,-87.00986565307831
165.44,163.35,3.64957,1.587061,0.773111,3.648808,1.594847,0.762415,85.9250424748559,-84.4103791764314
165.45,163.36,3.641067,1.571869,0.787971,3.640215,1.579877,0.777301,85.43461588673675,-83.9269414870581
165.46,163.37,3.63183,1.55477,0.803121,3.631461,1.562855,0.792784,87.95558003407625,-87.38682978969943
165.47,163.38,3.622973,1.536633,0.819142,3.622763,1.545166,0.807803,88.93899476804928,-88.59021616991826
165.48,163.39,3.614312,1.518597,0.834786,3.61421,1.527426,0.824696,89.42081561484217,-89.33810063111827
165.49,163.4,3.606451,1.502074,0.850875,3.605355,1.510421,0.840271,84.09902060172242,-82.5195909439353
165.5,163.41,3.597579,1.486963,0.867915,3.596871,1.494191,0.856577,86.42681173953743,-84.40558710782743
165.51,163.42,3.589396,1.471354,0.886888,3.588081,1.479375,0.875841,83.211634243979,-80.68948963946139
165.52,163.43,3.580692,1.456777,0.9066,3.580017,1.464821,0.895864,86.4024020213084,-85.20334941759462
165.53,163.44,3.572835,1.440532,0.926524,3.571686,1.449213,0.915982,83.77973738717925,-82.46026869113415
165.54,163.45,3.563896,1.422817,0.946034,3.563945,1.431335,0.935725,90.27233214219646,-90.32959171503363
165.55,163.46,3.554619,1.403567,0.966106,3.554088,1.412309,0.955766,87.06021701315521,-86.52405341826383
165.56,163.47,3.545766,1.384495,0.985632,3.54522,1.392721,0.975298,86.9755724538194,-86.20256801366762
165.57,163.48,3.537275,1.365664,1.006185,3.536454,1.373833,0.995418,85.63954825652957,-84.26093639472283
165.58,163.49,3.528628,1.34681,1.027952,3.527891,1.355294,1.01697,86.16064766848615,-85.03521348615226
165.59,163.5,3.519893,1.329655,1.04995,3.519278,1.337826,1.03909,86.75881130853347,-85.69568098761823
165.6,163.51,3.512102,1.313844,1.073467,3.511566,1.321606,1.062529,87.19455192686674,-86.04974715917903
165.61,163.52,3.505221,1.297355,1.098285,3.504766,1.304996,1.087072,87.67633234908698,-86.5922219625311
165.62,163.53,3.499757,1.279133,1.121973,3.498225,1.287224,1.111827,81.41346161202196,-79.27819274704491
165.63,163.54,3.493356,1.258838,1.144869,3.492004,1.268529,1.138777,77.48712659608171,-82.05787688074264
165.64,163.55,3.485856,1.240296,1.17274,3.484763,1.248181,1.161831,84.2784867445582,-82.10808580622084
165.65,163.56,3.479477,1.221478,1.198329,3.477899,1.228596,1.187557,81.66596715179168,-77.50017346162339
165.66,163.57,3.473753,1.204404,1.225821,3.472142,1.211029,1.213732,82.40939248554801,-76.33266524335289
165.67,163.58,3.469248,1.188978,1.253861,3.467302,1.196244,1.242738,80.07637848715787,-75.00676028074226
165.68,163.59,3.465384,1.173793,1.282881,3.463053,1.180831,1.271198,78.71647719431652,-71.67502374743039
165.69,163.6,3.462062,1.156697,1.311385,3.459224,1.163759,1.300309,75.62831352014587,-68.10632685827046
165.7,163.61,3.458588,1.137468,1.341191,3.456019,1.146511,1.334718,68.35289442907609,-74.14083360029966
165.71,163.62,3.454972,1.118755,1.370632,3.452174,1.126132,1.359383,76.03208849599778,-69.22891600050218
165.72,163.63,3.451236,1.101129,1.401114,3.448602,1.108606,1.388896,77.83416512351448,-70.59364191868954
165.73,163.64,3.448214,1.086071,1.432732,3.445451,1.093038,1.419922,77.82829038496938,-68.36752037180796
165.74,163.65,3.44646,1.073084,1.46443,3.443412,1.080148,1.452991,75.07980646810732,-66.66059545647829
165.75,163.66,3.445983,1.061215,1.497464,3.44254,1.067525,1.48564,73.76510483253412,-61.38127052535248
165.76,163.67,3.446396,1.046924,1.530594,3.443002,1.05306,1.518676,74.10414263731249,-61.05174304386961
165.77,163.68,3.446522,1.030995,1.568125,3.443612,1.037223,1.55276,79.27568782066446,-64.9559163306577
165.78,163.69,3.446584,1.012481,1.598788,3.443459,1.019407,1.585424,76.83860332403592,-65.71518068490452
165.79,163.7,3.446072,0.995998,1.63278,3.442782,1.002871,1.621058,74.32222465344171,-64.42027451090748
165.8,163.71,3.446178,0.980922,1.667358,3.442901,0.987731,1.655851,74.10393859273877,-64.29966113325493
165.81,163.72,3.446957,0.968915,1.704423,3.443603,0.974722,1.690427,76.52377698864579,-59.990181261308734
165.82,163.73,3.448715,0.957913,1.737262,3.445322,0.963398,1.724967,74.57231366338195,-58.259223572756525
165.83,163.74,3.450642,0.94833,1.7737,3.44768,0.953583,1.761159,76.71110666829158,-60.58272834369973
165.84,163.75,3.453339,0.937363,1.811415,3.450278,0.942877,1.79899,76.1603126134458,-60.96392651538627
165.85,163.76,3.456483,0.924299,1.849161,3.453196,0.929986,1.837062,74.80099466922188,-59.97273719780702
165.86,163.77,3.460556,0.91094,1.887403,3.456653,0.916806,1.874926,72.62950407273439,-56.3618062958113
165.87,163.78,3.463632,0.897361,1.924981,3.46028,0.903619,1.912462,75.01048768428254,-61.82496699285101
165.88,163.79,3.46615,0.885929,1.963418,3.463606,0.891287,1.949776,79.43665031806823,-64.60144377092257
165.89,163.8,3.467624,0.877088,2.000309,3.465862,0.881498,1.987534,82.14699023332791,-68.22099443035985
165.9,163.81,3.469622,0.870017,2.038956,3.467413,0.873808,2.025605,80.60519511008425,-59.77082192072014
165.91,163.82,3.47225,0.863888,2.078007,3.470093,0.8682,2.065107,80.50743001345118,-63.424319794287506
165.92,163.83,3.475638,0.858094,2.117943,3.473188,0.862086,2.104785,79.45239897122362,-58.46141677945329
165.93,163.84,3.479158,0.850574,2.158321,3.476913,0.854963,2.145458,80.09979630860403,-62.909981772701634
165.94,163.85,3.483078,0.84209,2.199502,3.480449,0.846723,2.186288,78.74761432370751,-60.42721764662012
165.95,163.86,3.486257,0.833351,2.23976,3.48356,0.837653,2.226675,78.35364099099463,-57.91567232197167
165.96,163.87,3.488652,0.825353,2.279421,3.486225,0.829297,2.266083,79.68721531466336,-58.393308298391176
165.97,163.88,3.490384,0.820174,2.319086,3.4879,0.822245,2.305479,79.65439867537864,-39.81918107961706
165.98,163.89,3.491631,0.815973,2.359788,3.489193,0.818389,2.345839,80.08601025356324,-44.74031756938625
165.99,163.9,3.492781,0.814531,2.40018,3.489821,0.816883,2.386588,77.71422701356951,-38.47046400115441
166.0,163.91,3.494301,0.814298,2.441971,3.491306,0.816378,2.427341,78.43047190352596,-34.77962387604481
166.01,163.92,3.495759,0.81319,2.482731,3.492963,0.814913,2.468496,78.88758230745054,-31.64293209023137
166.02,163.93,3.497071,0.810862,2.523784,3.494732,0.812203,2.509646,80.60603804576155,-29.826593030885835
166.03,163.94,3.497759,0.808667,2.564169,3.495692,0.808812,2.549824,81.80057158670768,-4.012723931978718
166.04,163.95,3.497707,0.806528,2.604741,3.495229,0.806137,2.5913,79.55417065991166,8.96668984364981
166.05,163.96,3.496571,0.804899,2.646127,3.493678,0.805468,2.632132,78.32051377206781,-11.12700124668447
166.06,163.97,3.494494,0.807164,2.685767,3.491467,0.807745,2.671679,77.87358365672884,-10.865166331487615
166.07,163.98,3.492084,0.812707,2.724129,3.488717,0.811915,2.709952,76.63992501788707,13.236725932405585
166.08,163.99,3.489959,0.817589,2.763214,3.486533,0.816398,2.749151,76.30842184816726,19.169277746116975
166.09,164.0,3.488387,0.821429,2.803259,3.484902,0.820793,2.788893,76.36421600837298,10.342458255908296
166.1,164.01,3.486236,0.824349,2.843033,3.482771,0.824166,2.829031,76.10055785755468,3.0232020781880475
166.11,164.02,3.483118,0.826595,2.882142,3.480084,0.826489,2.868145,77.76972940866068,2.0009503463371114
166.12,164.03,3.478967,0.82917,2.920901,3.476363,0.828684,2.906644,79.64918537781998,10.571822439476396
166.13,164.04,3.474753,0.831932,2.959351,3.471487,0.832129,2.944878,77.28354257160467,-3.4518093987289777
166.14,164.05,3.470578,0.835073,2.996811,3.467509,0.836034,2.982715,77.71717121677055,-17.386972176917304
166.15,164.06,3.465834,0.837882,3.035362,3.463673,0.839176,3.020211,81.88260439227929,-30.913041958698535
166.16,164.07,3.461276,0.839204,3.07191,3.45875,0.841404,3.057691,79.9265198995334,-41.053981624518464
166.17,164.08,3.456261,0.838409,3.108875,3.454284,0.841659,3.095142,81.80799290550485,-58.68752903989096
166.18,164.09,3.451384,0.836609,3.145334,3.449728,0.84117,3.132675,82.54711518213037,-70.04514036068319
166.19,164.1,3.447702,0.833885,3.180826,3.444769,0.839463,3.170903,73.53358869744899,-62.26390143038435
166.2,164.11,3.441611,0.831857,3.218927,3.439593,0.83758,3.208408,79.14013223328266,-70.57672460191061
166.21,164.12,3.43492,0.832278,3.262999,3.434977,0.835383,3.245308,90.18460506083333,-91.0516884523027
166.22,164.13,3.430567,0.8309,3.299097,3.430194,0.833536,3.281374,88.79432538486044,-81.94598761375174
166.23,164.14,3.427206,0.82868,3.328574,3.424274,0.832694,3.316867,75.93957624070885,-53.85398443671178
166.24,164.15,3.424906,0.827865,3.356398,3.419397,0.8328,3.351783,39.95358494514312,-41.85420107637943
166.25,164.16,3.42169,0.829388,3.390764,3.415491,0.833727,3.386555,34.17573916231779,-34.99015920077258
166.26,164.17,3.417196,0.833448,3.433837,3.412823,0.83576,3.422338,69.17849402973293,-27.865356076505222
166.27,164.18,3.412254,0.836835,3.479053,3.41034,0.838089,3.461078,83.92197760787433,-33.231711067982324
166.28,164.19,3.407696,0.836339,3.519848,3.406989,0.839909,3.504722,87.32390219205804,-78.79813186315785
166.29,164.2,3.403606,0.832833,3.556245,3.402852,0.841205,3.551467,81.03229972355955,-84.853705311842
166.3,164.21,3.398932,0.829764,3.594938,3.397109,0.83519,3.582814,81.44889944865126,-71.42894190772415
166.31,164.22,3.394358,0.827333,3.633649,3.392723,0.832005,3.620023,83.15772401133562,-70.71213887036782
166.32,164.23,3.391695,0.826233,3.671106,3.389104,0.829828,3.657166,79.47070205403577,-54.218831641297825
166.33,164.24,3.390583,0.826095,3.707376,3.386991,0.828892,3.694011,74.956574533298,-37.906994313109905
166.34,164.25,3.390463,0.826917,3.743332,3.387071,0.830075,3.730319,75.39023918881955,-42.9539674896419
166.35,164.26,3.390486,0.830049,3.780865,3.387397,0.833056,3.76776,76.73681918255836,-44.22933553454783
166.36,164.27,3.390755,0.83202,3.819119,3.387929,0.835335,3.806167,77.69152352656978,-49.55278342255377
166.37,164.28,3.391193,0.831993,3.858699,3.388576,0.835941,3.845659,78.65204889201438,-56.46090472551462
166.38,164.29,3.391443,0.83075,3.898985,3.388602,0.834818,3.886112,77.554633373993,-55.07041512019585
166.39,164.3,3.391668,0.827518,3.938643,3.388587,0.832025,3.925477,76.82911446618557,-55.64336022630352
166.4,164.31,3.391851,0.825202,3.977746,3.388288,0.829382,3.964539,74.90211128345005,-49.55598039250895
166.41,164.32,3.392567,0.824642,4.015296,3.388182,0.827721,4.002097,71.62237038624414,-35.075244136691495
166.42,164.33,3.393509,0.825949,4.05436,3.389361,0.828091,4.039838,74.0587729597903,-27.31153375176796
166.43,164.34,3.395024,0.827403,4.091515,3.390825,0.830513,4.078187,72.51291333832354,-36.52559200761662
166.44,164.35,3.397684,0.831377,4.130931,3.393345,0.83399,4.116845,72.87926553402414,-31.056876156749123
166.45,164.36,3.400805,0.834792,4.169328,3.39665,0.838033,4.156459,72.10634499544925,-37.95508821391817
166.46,164.37,3.404766,0.836888,4.209308,3.400382,0.840134,4.19597,71.80508344527509,-36.51697657737478
166.47,164.38,3.408941,0.83687,4.249743,3.404526,0.840676,4.236612,71.41595274481081,-40.76334848216831
166.48,164.39,3.412732,0.835583,4.291082,3.408431,0.839595,4.277097,72.9050444785677,-43.00892405983385
166.49,164.4,3.416187,0.832744,4.330113,3.412309,0.837384,4.316586,74.00315004765338,-50.11193662920986
166.5,164.41,3.419486,0.831832,4.369674,3.415225,0.836463,4.356651,71.88240281479433,-47.38272784652699
166.51,164.42,3.422361,0.833259,4.409411,3.418088,0.836872,4.395554,72.86212078503975,-40.215915287605924
166.52,164.43,3.425511,0.836469,4.447409,3.421862,0.838516,4.433322,75.47768469300559,-29.291362170982932
166.53,164.44,3.42988,0.840284,4.484566,3.425885,0.842478,4.471171,73.39301942138404,-28.774995588680447
166.54,164.45,3.434015,0.846466,4.523736,3.430146,0.847924,4.509901,74.37618857650702,-20.648494310847862
166.55,164.46,3.43891,0.850937,4.563006,3.434429,0.853009,4.549623,71.48802351183751,-24.815669514123083
166.56,164.47,3.444786,0.853466,4.602511,3.439354,0.856415,4.590087,66.38417148893336,-28.497267985813306
166.57,164.48,3.449652,0.855086,4.642726,3.443882,0.858152,4.630985,63.82864055125089,-27.984798330437187
166.58,164.49,3.453464,0.854792,4.684321,3.4489,0.858052,4.671649,70.19279846995688,-35.537677791975966
166.59,164.5,3.457693,0.854246,4.723633,3.453198,0.857537,4.711312,69.95680255875651,-36.20960500193109
166.6,164.51,3.461726,0.855566,4.762283,3.457067,0.858026,4.750068,69.12233399890785,-27.8345155472642
166.61,164.52,3.465527,0.859162,4.800178,3.460739,0.859691,4.787474,69.34911720308725,-6.304727500493891
166.62,164.53,3.469985,0.861669,4.834849,3.465091,0.863328,4.824713,64.2271947308255,-18.72596582337842
166.63,164.54,3.477954,0.864811,4.867301,3.46871,0.870187,4.863323,23.283814203628662,-30.18084503732645
166.64,164.55,3.479454,0.873681,4.909736,3.471904,0.877237,4.902813,42.51938059196981,-25.220125038511842
166.65,164.56,3.478845,0.882406,4.956467,3.474692,0.883284,4.943817,71.82497134467535,-11.937320406333034
166.66,164.57,3.482596,0.885255,4.99751,3.4775,0.888138,4.985452,67.08991469453964,-29.49848328957295
166.67,164.58,3.486458,0.887185,5.038772,3.482018,0.890042,5.025862,71.02091026118407,-32.76000338778467
166.68,164.59,3.489022,0.888937,5.079444,3.485608,0.891681,5.066323,75.41539512194963,-38.790555010271994
166.69,164.6,3.492109,0.891019,5.118339,3.489257,0.89366,5.105649,77.33358406518437,-42.800205958068986
166.7,164.61,3.494075,0.89547,5.156501,3.491664,0.89808,5.144038,79.05122638690183,-47.26964661688129
166.71,164.62,3.496311,0.902372,5.194458,3.493763,0.904052,5.181262,79.0713202963508,-33.398488467987534
166.72,164.63,3.497158,0.910391,5.230141,3.495439,0.912047,5.217845,82.04154103678118,-43.93060297936821
166.73,164.64,3.497592,0.919584,5.266798,3.495944,0.921252,5.255235,81.88862878427383,-45.345567459424565
166.74,164.65,3.498108,0.929667,5.307547,3.496063,0.92959,5.294146,81.3235683533941,2.1563285506418275
166.75,164.66,3.498935,0.935414,5.346951,3.495928,0.936468,5.334001,76.92753353499681,-19.316352819505568
166.76,164.67,3.499602,0.939891,5.386737,3.497674,0.940536,5.373719,81.57558314326317,-18.497333376990202
166.77,164.68,3.500065,0.9445,5.426105,3.499146,0.944836,5.41242,86.15813785132508,-20.08316016945393
166.78,164.69,3.500486,0.948632,5.461603,3.499904,0.949887,5.449659,87.2103324425566,-65.1207222174936
166.79,164.7,3.498889,0.955672,5.496494,3.499549,0.956762,5.485994,93.5967170776277,-121.19509758787034
166.8,164.71,3.497715,0.964643,5.531956,3.498068,0.96604,5.522005,92.03164835054986,-104.18090511857163
166.81,164.72,3.495219,0.976143,5.567888,3.495622,0.977492,5.557531,92.22830514901307,-106.63297933042963
166.82,164.73,3.494328,0.987401,5.606099,3.492447,0.988191,5.59356,81.46856406274696,-22.781887872750836
166.83,164.74,3.491457,0.997046,5.644892,3.488355,0.997204,5.630956,77.45116915177115,-2.9158338612528225
166.84,164.75,3.485,1.005319,5.681988,3.484076,1.005286,5.669217,85.86177969136718,2.045408488898032
166.85,164.76,3.481529,1.011357,5.719931,3.481924,1.011286,5.706937,91.74117789594669,169.81007693750746
166.86,164.77,3.481458,1.016635,5.757515,3.480414,1.018252,5.743564,85.72034199070204,-57.152092531180195
166.87,164.78,3.476756,1.026172,5.791902,3.47481,1.02789,5.778001,82.03095555220602,-41.43924253742195
166.88,164.79,3.47127,1.037751,5.824488,3.470255,1.03809,5.810386,85.88320074658604,-18.468811572818282
166.89,164.8,3.465317,1.049842,5.855601,3.464928,1.050087,5.841935,88.36952717991646,-32.20354628528625
166.9,164.81,3.457008,1.064471,5.887566,3.457557,1.06262,5.873919,92.30368805508218,106.52016885790376
166.91,164.82,3.450356,1.07505,5.921486,3.449385,1.074846,5.907674,85.97865480058583,11.864865347714158
166.92,164.83,3.4422,1.084524,5.956014,3.441683,1.084817,5.942172,87.86099154435897,-29.541578403179262
166.93,164.84,3.435934,1.092759,5.990506,3.434594,1.093187,5.976488,84.53960871852566,-17.71363719004636
166.94,164.85,3.427299,1.102703,6.02302,3.428922,1.101303,6.009249,96.72166515269535,139.2189408353008
166.95,164.86,3.41819,1.113783,6.05311,3.421461,1.111161,6.03978,103.78718137356677,141.2846953482832
166.96,164.87,3.408644,1.125863,6.082396,3.412831,1.122362,6.069634,108.16380325491588,140.09899651550876
166.97,164.88,3.398889,1.139062,6.11147,3.402578,1.136245,6.098316,105.66599362461696,142.63386571339043
166.98,164.89,3.389149,1.152293,6.140562,3.391712,1.149904,6.127076,100.76067340025067,137.012392124601
166.99,164.9,3.378747,1.164041,6.170667,3.380382,1.162659,6.156827,96.73745791081039,139.7935020662943
167.0,164.91,3.367839,1.174685,6.201342,3.36887,1.173986,6.187412,94.23291013354279,145.86341461940353
167.01,164.92,3.357328,1.184116,6.232261,3.357599,1.184149,6.21839,91.11925464094404,-173.05720496158668
167.02,164.93,3.345854,1.193934,6.26208,3.347726,1.193673,6.248415,97.80052615685389,172.06281199937544
167.03,164.94,3.333435,1.205356,6.28954,3.336676,1.204669,6.276041,103.50070964576366,168.0320700974993
167.04,164.95,3.32066,1.21811,6.314413,3.325956,1.215851,6.301835,112.83365417791673,156.8994089680499
167.05,164.96,3.306455,1.232836,6.337185,3.313745,1.229112,6.32559,122.15836669974219,152.9403843381379
167.06,164.97,3.290972,1.246917,6.360517,3.298976,1.24316,6.349178,125.21759296819423,154.8550946556951
167.07,164.98,3.276295,1.259455,6.385933,3.283025,1.256276,6.373951,119.32187015840543,154.71570366626602
167.08,164.99,3.261378,1.270092,6.412241,3.267907,1.267255,6.400207,118.4818726927705,156.5139501351431
167.09,165.0,3.246665,1.279668,6.438721,3.253457,1.277392,6.426576,119.21577492406067,161.4739931545685
167.1,165.01,3.230634,1.290169,6.463614,3.238933,1.287562,6.452088,125.7548039198617,162.56071092648384
167.11,165.02,3.215914,1.300995,6.486364,3.225358,1.298349,6.475473,130.92980162070677,164.34830258129656
167.12,165.03,3.203018,1.312903,6.50754,3.211924,1.309204,6.496853,129.80609842521275,157.44503249077093
167.13,165.04,3.187717,1.326651,6.525971,3.19755,1.321942,6.516702,136.69120690088624,154.4103519569803
167.14,165.05,3.170723,1.339948,6.545004,3.180624,1.335247,6.535444,136.00384675110763,154.60160770254697
167.15,165.06,3.152658,1.351273,6.565949,3.16213,1.347485,6.555408,131.94243562094348,158.20276233390524
167.16,165.07,3.134875,1.360903,6.588027,3.14376,1.358065,6.577086,129.0794640024821,162.28575144834022
167.17,165.08,3.117368,1.369752,6.61046,3.126477,1.367292,6.599383,129.43164249685012,164.88708322965354
167.18,165.09,3.099979,1.379063,6.631829,3.109576,1.376732,6.620817,131.07227469431817,166.34788957677426
167.19,165.1,3.083071,1.388908,6.650623,3.093417,1.386539,6.640416,135.3874856193362,167.1028957926014
167.2,165.11,3.066277,1.399975,6.666646,3.077979,1.396441,6.657843,143.0471523782592,163.19570179896618
167.21,165.12,3.048905,1.412073,6.68142,3.060544,1.408012,6.673243,144.9099729597363,160.76544933676482
167.22,165.13,3.030061,1.423664,6.696826,3.041365,1.420044,6.687761,141.27287942543575,162.24282319794676
167.23,165.14,3.010663,1.433551,6.713524,3.021417,1.430835,6.703601,137.30145489296495,165.82594223154177
167.24,165.15,2.99137,1.442124,6.730852,3.001734,1.43996,6.720971,136.3666886993389,168.20610460933042
167.25,165.16,2.971893,1.449949,6.748591,2.98252,1.44826,6.738431,136.28698844373676,170.96924163532597
167.26,165.17,2.95254,1.458328,6.764437,2.963796,1.456685,6.754799,139.42806199542153,171.6953788099019
167.27,165.18,2.933572,1.467804,6.776923,2.946122,1.465628,6.768711,146.8015659619467,170.16348123776143
167.28,165.19,2.915603,1.478042,6.787144,2.928491,1.474269,6.780587,153.03447143769773,163.68245225743476
167.29,165.2,2.896152,1.488888,6.797549,2.909191,1.485339,6.790427,151.35630059266524,164.77388692027245
167.3,165.21,2.876057,1.499175,6.807786,2.888501,1.495956,6.800225,148.71704834713935,165.49670815928033
167.31,165.22,2.855563,1.507755,6.819089,2.867961,1.505186,6.811098,147.19662312470356,168.29336367084412
167.32,165.23,2.834541,1.514814,6.831195,2.84735,1.512719,6.823375,148.5955909412536,170.71112710067294
167.33,165.24,2.813118,1.521214,6.843457,2.826255,1.519609,6.835902,150.0970831263248,173.03446484216596
167.34,165.25,2.792421,1.527364,6.85496,2.805524,1.526372,6.847528,150.43816415274284,175.67051866510852
167.35,165.26,2.772224,1.534293,6.863212,2.786155,1.532844,6.857186,156.60859860268735,174.06186778953418
167.36,165.27,2.752838,1.541627,6.869875,2.76711,1.538609,6.865409,162.62403364249408,168.05996106750607
167.37,165.28,2.732592,1.549713,6.876736,2.746723,1.546784,6.87145,159.49062487737382,168.28985074384653
167.38,165.29,2.712198,1.558267,6.882859,2.726379,1.555473,6.877226,158.3359534146591,168.8541047102856
167.39,165.3,2.691357,1.5658,6.889155,2.705234,1.563253,6.883219,156.84078733761493,169.599624936582
167.4,165.31,2.669606,1.571535,6.896053,2.683901,1.569873,6.889681,155.9750645494437,173.36831309939544
167.41,165.32,2.646592,1.575387,6.903151,2.661383,1.574838,6.897013,157.46242567408268,177.87431886357288
167.42,165.33,2.623859,1.578191,6.910726,2.637737,1.578202,6.90445,155.66625442057764,-179.9545861476675
167.43,165.34,2.601515,1.580497,6.917661,2.61516,1.581664,6.911435,155.47352797243954,-175.11162647647723
167.44,165.35,2.581448,1.583188,6.923531,2.594397,1.584734,6.917729,155.86449550858245,-173.19160094504568
167.45,165.36,2.560844,1.587218,6.927224,2.575783,1.587314,6.92417,168.44614428010613,-179.6318147719492
167.46,165.37,2.540203,1.591517,6.931398,2.555166,1.590959,6.928314,168.35394163408117,177.86431620035793
167.47,165.38,2.518381,1.596403,6.934162,2.533435,1.595876,6.931029,168.24356659345304,177.99504781836737
167.48,165.39,2.498154,1.600607,6.938024,2.512421,1.600573,6.933903,163.88872339423213,179.86345743214386
167.49,165.4,2.474488,1.60419,6.939496,2.490218,1.604277,6.936518,169.27965389372088,-179.6831098543723
167.5,165.41,2.453234,1.604992,6.942931,2.467611,1.606485,6.939347,166.0022088107246,-174.07128928947583
167.51,165.42,2.429677,1.604909,6.94568,2.442928,1.607596,6.941955,164.2987502143807,-168.5371506045239
167.52,165.43,2.406959,1.603421,6.949102,2.419631,1.60669,6.945467,163.99430785640112,-165.5347656249748
167.53,165.44,2.384042,1.601768,6.951549,2.39641,1.605241,6.948641,166.7687759820432,-164.31497640366322
167.54,165.45,2.361663,1.599761,6.953455,2.374251,1.603197,6.950985,168.89854230576586,-164.73255763643158
167.55,165.46,2.339283,1.59743,6.955476,2.352281,1.600625,6.952841,168.5401033142899,-166.1900854676341
167.56,165.47,2.316875,1.595464,6.95726,2.329916,1.598413,6.954553,168.27329853259815,-167.25784531842157
167.57,165.48,2.294231,1.594074,6.958714,2.308223,1.597342,6.956383,170.54166206091003,-166.85355124219194
167.58,165.49,2.272088,1.593566,6.959575,2.28685,1.596817,6.958992,177.73837630288574,-167.58014294577487
167.59,165.5,2.250595,1.593014,6.960462,2.26459,1.596192,6.959891,177.6636116781124,-167.20617451459373
167.6,165.51,2.227491,1.591038,6.960852,2.241163,1.594764,6.960427,178.21950940296108,-164.75551986453218
167.61,165.52,2.203599,1.587623,6.961168,2.217337,1.591519,6.961235,-179.72057164125374,-164.1670372357075
167.62,165.53,2.179208,1.582854,6.961963,2.193396,1.586791,6.961726,179.04300557132981,-164.49130290878057
167.63,165.54,2.15619,1.577096,6.963659,2.170126,1.581124,6.963053,177.51009024391203,-163.878824098323
167.64,165.55,2.124364,1.568545,6.970356,2.145933,1.575109,6.963936,163.42439447689887,-163.07364969024061
167.65,165.56,2.098243,1.560778,6.974896,2.121575,1.568515,6.964097,155.16337828634266,-161.6542383140932
167.66,165.57,2.073754,1.553496,6.979153,2.098073,1.561538,6.964558,149.03000738117368,-161.70157217756847
167.67,165.58,2.061268,1.54956,6.963107,2.075361,1.555027,6.964787,-173.20195821815506,-158.79757738125738
167.68,165.59,2.042636,1.545342,6.959326,2.051648,1.549246,6.963787,-153.66428360690114,-156.57773064492238
167.69,165.6,2.023593,1.541724,6.954593,2.028436,1.544152,6.961933,-123.41719812282024,-153.373462538646
167.7,165.61,2.004344,1.539373,6.960384,2.005036,1.538691,6.96008,156.28381054857834,135.4169924883542
167.71,165.62,1.97963,1.533551,6.959029,1.981272,1.532532,6.95821,153.49080625539875,148.17689664492733
167.72,165.63,1.954345,1.525731,6.957363,1.957155,1.52573,6.956303,159.3323107683417,179.97961004374034
167.73,165.64,1.929265,1.516838,6.955445,1.932698,1.518341,6.954334,162.0671923916356,-156.35574002164134
167.74,165.65,1.904029,1.507323,6.953629,1.907913,1.510422,6.952284,160.89941499391728,-141.41402647245295
167.75,165.66,1.877558,1.497074,6.950221,1.882813,1.502028,6.95013,179.0079172485992,-136.6888074198648
167.76,165.67,1.853573,1.486723,6.947155,1.85741,1.493215,6.947847,-169.77664594788996,-120.58457870055987
167.77,165.68,1.828832,1.476932,6.944449,1.831716,1.484038,6.945415,-161.48165126579985,-112.08998087890672
167.78,165.69,1.803723,1.468393,6.94224,1.805745,1.474554,6.942811,-164.23065621480796,-108.16949843964194
167.79,165.7,1.778159,1.460903,6.939537,1.779507,1.464818,6.940012,-160.5888732316617,-108.99944255309147
167.8,165.71,1.752922,1.453501,6.936569,1.753016,1.454887,6.936998,-102.35900100596882,-93.87991940921847
167.81,165.72,1.713917,1.438493,6.929739,1.726284,1.444816,6.933744,-162.05567593847582,-152.92024706554966
167.82,165.73,1.68428,1.427022,6.930009,1.699436,1.434694,6.930364,-178.65820248276276,-153.15136840505895
167.83,165.74,1.665783,1.418656,6.920761,1.672734,1.423682,6.926696,-139.5081741776328,-144.1307594021747
167.84,165.75,1.647856,1.410009,6.914193,1.645939,1.412168,6.922634,-77.20482910822793,-48.397772531074736
167.85,165.76,1.624095,1.399531,6.909155,1.628256,1.400635,6.908853,175.84882519774735,-165.1405979487441
167.86,165.77,1.592472,1.386812,6.905951,1.609134,1.391715,6.901012,163.48896523686938,-163.60282690585535
167.87,165.78,1.558693,1.373987,6.902734,1.578726,1.381269,6.900911,174.8004136314571,-160.0237829986723
167.88,165.79,1.528466,1.363188,6.897661,1.54461,1.37096,6.901237,-167.5102794559478,-154.2930341314911
167.89,165.8,1.501916,1.354113,6.891046,1.518072,1.362315,6.89425,-168.78284971309296,-153.08422621235374
167.9,165.81,1.475315,1.344151,6.884619,1.491473,1.352565,6.887744,-169.05398625100193,-152.4925302057224
167.91,165.82,1.44717,1.333027,6.879022,1.46163,1.341114,6.882514,-166.4233684617071,-150.7831576623615
167.92,165.83,1.417704,1.320779,6.873929,1.429186,1.328087,6.878233,-159.45161113453872,-147.5242875358622
167.93,165.84,1.389563,1.309204,6.867611,1.399974,1.316228,6.872499,-154.84978447550813,-145.9936011355212
167.94,165.85,1.365396,1.300099,6.858338,1.379825,1.308282,6.862915,-162.40053545511464,-150.44148409873384
167.95,165.86,1.344098,1.292828,6.847011,1.366153,1.303207,6.850603,-170.74970855620296,-154.79850102761603
167.96,165.87,1.317979,1.285323,6.836731,1.32721,1.291148,6.843367,-144.28832101983747,-147.74701340885508
167.97,165.88,1.291162,1.277169,6.826337,1.294341,1.280724,6.836891,-106.76297423002416,-131.8041480979484
167.98,165.89,1.26418,1.267984,6.815775,1.273326,1.273064,6.823111,-141.26692547749298,-150.95071515184162
167.99,165.9,1.235892,1.257599,6.805185,1.245821,1.262588,6.813019,-141.7264925027449,-153.32195773519874
168.0,165.91,1.207813,1.246118,6.793981,1.217144,1.251309,6.801969,-139.43412152396598,-150.91204016498537
168.01,165.92,1.181476,1.236131,6.781988,1.190085,1.240673,6.790041,-136.9112133663606,-152.18443532515903
168.02,165.93,1.158932,1.229089,6.767757,1.162718,1.231361,6.777566,-111.10519534291994,-149.0317926189102
168.03,165.94,1.132598,1.224096,6.754808,1.136788,1.224041,6.763088,-116.84117327802284,179.2479506207412
168.04,165.95,1.107659,1.216244,6.738057,1.110847,1.216093,6.747544,-108.5743455279628,177.2882052914462
168.05,165.96,1.082082,1.205473,6.721349,1.085496,1.206896,6.731642,-108.34973952070627,-157.37298544242495
168.06,165.97,1.057673,1.194551,6.703192,1.059149,1.196427,6.715384,-96.90280622262419,-128.19497438958342
168.07,165.98,1.02447,1.182374,6.689452,1.03207,1.186063,6.699023,-128.4518735541497,-154.1083077855322
168.08,165.99,0.998989,1.173247,6.671615,1.004408,1.175883,6.681617,-118.44846453759844,-154.0600152803797
168.09,166.0,0.976833,1.166933,6.65247,0.983662,1.169132,6.662893,-123.23224156235196,-162.1509701351621
168.1,166.01,0.955874,1.162894,6.63266,0.961297,1.163674,6.643529,-116.51653298504364,-171.81517672492237
168.11,166.02,0.931194,1.155553,6.61133,0.938159,1.158036,6.621583,-124.18879193988992,-160.37901318292103
168.12,166.03,0.911267,1.14919,6.588271,0.913664,1.149741,6.599536,-102.01241015131211,-167.05427335975725
168.13,166.04,0.883408,1.137808,6.567142,0.887841,1.140083,6.577686,-112.80328110001939,-152.8332649723098
168.14,166.05,0.857359,1.129581,6.544909,0.867563,1.133085,6.555031,-135.2311437780246,-161.0477976693368
168.15,166.06,0.835596,1.122293,6.52396,0.841982,1.126059,6.533191,-124.67546059968225,-149.4709768591825
168.16,166.07,0.816377,1.121474,6.499491,0.823582,1.122371,6.510366,-123.52561745700716,-172.90336873181602
168.17,166.08,0.798441,1.119933,6.474742,0.804052,1.120297,6.486055,-116.38040344943866,-176.288276471222
168.18,166.09,0.781502,1.117079,6.446915,0.783914,1.117825,6.459277,-101.04050458525492,-162.8138468331813
168.19,166.1,0.756072,1.110539,6.422228,0.763432,1.113122,6.432814,-124.80926264506239,-160.66142184299977
168.2,166.11,0.732195,1.103876,6.396086,0.743011,1.107378,6.406477,-136.14808540282772,-162.05910545884578
168.21,166.12,0.715452,1.099892,6.369524,0.722195,1.102049,6.380439,-121.70668192882025,-162.26118649230256
168.22,166.13,0.696336,1.097178,6.343419,0.702505,1.098647,6.354667,-118.74270075077226,-166.60582808143604
168.23,166.14,0.677443,1.096316,6.318353,0.684236,1.096624,6.32961,-121.10874449904271,-177.40394198601982
168.24,166.15,0.659192,1.096801,6.291663,0.667061,1.097547,6.302794,-125.25819316827638,-174.5844087098344
168.25,166.16,0.642751,1.097292,6.263401,0.650525,1.09876,6.274335,-125.41256936370253,-169.30649394479676
168.26,166.17,0.626017,1.096799,6.235106,0.633094,1.098026,6.246098,-122.77472588634538,-170.16392088431508
168.27,166.18,0.610323,1.096261,6.206766,0.61355,1.095937,6.217974,-106.06213310667034,174.26655464754782
168.28,166.19,0.589045,1.09314,6.178487,0.597161,1.095068,6.18942,-126.58796563610451,-166.6367743938792
168.29,166.2,0.569097,1.090214,6.151976,0.579417,1.093411,6.161876,-136.18994893214239,-162.78770782206493
168.3,166.21,0.557639,1.092458,6.122838,0.564433,1.093038,6.134457,-120.31618855109055,-175.12052201511585
168.31,166.22,0.546731,1.095146,6.094522,0.549534,1.094562,6.105911,-103.82653467146922,168.2308947957632
168.32,166.23,0.536196,1.098838,6.065681,0.53598,1.097832,6.077135,-88.91964190444935,77.88190768961462
168.33,166.24,0.523975,1.101779,6.035564,0.519536,1.100116,6.047723,-69.94390526342542,20.53765443643987
168.34,166.25,0.509034,1.103432,6.003415,0.509329,1.102332,6.017896,-91.16704077062526,105.0124349119168
168.35,166.26,0.492349,1.104115,5.970012,0.492951,1.102014,5.98722,-92.00360288386268,105.9886080952414
168.36,166.27,0.474898,1.10415,5.936136,0.481721,1.102304,5.957205,-107.94406453663223,164.86076519621
168.37,166.28,0.457656,1.103857,5.902566,0.468235,1.101572,5.928187,-112.43590063282488,167.81169797079454
168.38,166.29,0.441599,1.103555,5.870081,0.455282,1.100824,5.899066,-115.27067291201325,168.71261667482202
168.39,166.3,0.427706,1.103566,5.839461,0.443867,1.101791,5.869055,-118.63853120539748,173.7321946131036
168.4,166.31,0.416951,1.104209,5.811485,0.431472,1.103658,5.839251,-117.60856581452953,177.8269515993127
168.41,166.32,0.410312,1.105805,5.786933,0.425742,1.107834,5.809275,-124.63002591344144,-172.50875303348167
168.42,166.33,0.408764,1.108673,5.766585,0.415189,1.110225,5.778925,-117.5043930668217,-166.4199770439431
168.43,166.34,0.410088,1.112284,5.748598,0.419039,1.105168,5.773243,-109.9608901007964,141.5154770485058
168.44,166.35,0.398574,1.111621,5.717305,0.409472,1.106204,5.742486,-113.40231553780721,153.56969777115302
168.45,166.36,0.388239,1.110363,5.686374,0.399758,1.106488,5.711497,-114.6316527410506,161.40702304354255
168.46,166.37,0.384141,1.109796,5.656555,0.390366,1.106234,5.680511,-104.56624055926764,150.22142871327924
168.47,166.38,0.372295,1.106763,5.625147,0.381594,1.104795,5.649522,-110.88172466259716,168.05049240191215
168.48,166.39,0.365276,1.105754,5.594308,0.374861,1.103176,5.619671,-110.70221580751651,164.9458756607663
168.49,166.4,0.363435,1.107021,5.564034,0.369282,1.103223,5.589398,-102.98125278706627,146.9937021296394
168.5,166.41,0.359589,1.108859,5.533734,0.365238,1.10437,5.559165,-102.5237980231003,141.52745245241195
168.51,166.42,0.355928,1.111056,5.503129,0.36294,1.105736,5.52876,-105.30031582516035,142.81243222714355
168.52,166.43,0.35279,1.112263,5.471822,0.358216,1.106585,5.498266,-101.59548075968867,133.69992269559086
168.53,166.44,0.350083,1.112062,5.440053,0.355012,1.107362,5.46689,-100.40720552868493,136.36236999237784
168.54,166.45,0.348122,1.111024,5.407849,0.351554,1.106832,5.435238,-97.14226604833819,129.30726528670544
168.55,166.46,0.343621,1.10794,5.37593,0.346872,1.105146,5.403233,-96.79030476473994,139.32331812250268
168.56,166.47,0.340562,1.104722,5.344759,0.342928,1.102796,5.371273,-95.09933226557564,140.8533037323099
168.57,166.48,0.340561,1.102607,5.313804,0.340875,1.100006,5.340266,-90.67984394394688,96.88359535665526
168.58,166.49,0.338379,1.10077,5.282682,0.34125,1.097958,5.309675,-96.07120601802924,135.5948142790503
168.59,166.5,0.337907,1.100399,5.252143,0.341287,1.096845,5.278572,-97.28798502325508,133.56253622028805
168.6,166.51,0.339516,1.101213,5.221614,0.343383,1.097024,5.247862,-98.3808421327656,132.71109415758252
168.61,166.52,0.342149,1.101834,5.190543,0.345564,1.097074,5.217056,-97.33955649603868,125.65705566960946
168.62,166.53,0.344359,1.100756,5.159109,0.346755,1.096977,5.186065,-95.07942040510831,122.3759302025807
168.63,166.54,0.347017,1.098026,5.126815,0.347641,1.095706,5.154105,-91.30986945800177,105.05431655960463
168.64,166.55,0.349807,1.093904,5.094584,0.349165,1.092847,5.121854,-88.65137158139743,58.726367776062524
168.65,166.56,0.352438,1.088983,5.062996,0.35073,1.089227,5.089404,-86.29941394782307,-8.130102354153111
168.66,166.57,0.355084,1.084102,5.031939,0.352684,1.085156,5.056946,-84.51793517877014,-23.709480127001626
168.67,166.58,0.358642,1.079351,5.000314,0.355564,1.079914,5.025366,-82.9954911720648,-10.365443971956104
168.68,166.59,0.362719,1.075281,4.968784,0.359899,1.074909,4.994502,-83.74246915010131,7.514777544220662
168.69,166.6,0.367358,1.07267,4.937225,0.36509,1.072041,4.963368,-85.0417973975962,15.500655289923781
168.7,166.61,0.372467,1.07123,4.905784,0.371163,1.070755,4.931841,-87.13507239268017,20.01485128691239
168.71,166.62,0.378411,1.070666,4.873771,0.377468,1.069409,4.900263,-87.96138011968965,53.12281003148519
168.72,166.63,0.384472,1.068899,4.841383,0.383208,1.067487,4.868305,-87.31191139871807,48.16559985783848
168.73,166.64,0.390853,1.065241,4.808659,0.388725,1.06451,4.835827,-85.5213122965932,18.958367243995454
168.74,166.65,0.397925,1.060095,4.775413,0.394585,1.06036,4.803045,-83.10784637239587,-4.536419564991142
168.75,166.66,0.404742,1.053538,4.74282,0.400422,1.055271,4.769888,-80.9321797079415,-21.858554384335942
168.76,166.67,0.41098,1.046623,4.710474,0.406427,1.049689,4.736784,-80.18208184697818,-33.95640948680416
168.77,166.68,0.416802,1.039277,4.67978,0.412789,1.043905,4.703732,-80.48880815942742,-49.071008804530116
168.78,166.69,0.424393,1.032807,4.647738,0.425299,1.031141,4.632363,93.372358864372,118.53812263742685
168.79,166.7,0.432872,1.028496,4.615532,0.425366,1.031739,4.648426,-77.14590485413896,-23.36696901193122
168.8,166.71,0.441305,1.025246,4.583072,0.435995,1.028894,4.608359,-78.14080681200717,-34.4892851499124
168.81,166.72,0.449369,1.023502,4.550436,0.445134,1.026188,4.575935,-80.57011025565481,-32.38444297007604
168.82,166.73,0.457637,1.022087,4.517064,0.45378,1.022989,4.543197,-81.60426072297639,-13.162664559224355
168.83,166.74,0.465727,1.018508,4.48366,0.462142,1.019016,4.510282,-82.3305127405923,-8.065204611886793
168.84,166.75,0.47398,1.013221,4.45025,0.47031,1.013848,4.476487,-82.0372006385447,-9.695076335246993
168.85,166.76,0.482277,1.006557,4.416888,0.478521,1.008055,4.442341,-81.60566628809576,-21.74352435040238
168.86,166.77,0.490849,0.999752,4.383087,0.486809,1.001353,4.408377,-80.92386123950224,-21.61778549048279
168.87,166.78,0.501062,0.992298,4.349579,0.495483,0.994374,4.374768,-77.51141945739037,-20.410721985063553
168.88,166.79,0.509649,0.985275,4.316652,0.504545,0.987498,4.34228,-78.73650821248167,-23.535088026913794
168.89,166.8,0.519187,0.980199,4.283792,0.514372,0.98209,4.309893,-79.54783117461355,-21.441477350181767
168.9,166.81,0.529555,0.976676,4.251323,0.525109,0.978702,4.276892,-80.13589527410541,-24.498304036639574
168.91,166.82,0.540461,0.974977,4.218846,0.536589,0.975836,4.244143,-81.2977536276413,-12.508437827232271
168.92,166.83,0.551168,0.972491,4.185829,0.547196,0.972609,4.211312,-81.14067288023863,-1.7016399954596362
168.93,166.84,0.562923,0.968569,4.151983,0.556938,0.968834,4.177743,-76.9201301519944,-2.5352499522342735
168.94,166.85,0.575501,0.963305,4.117168,0.567035,0.963973,4.143516,-72.18702412241821,-4.511510511824743
168.95,166.86,0.586309,0.957099,4.083315,0.57781,0.958509,4.109409,-71.95920474503394,-9.419681665539203
168.96,166.87,0.597828,0.950442,4.050286,0.599046,0.947207,4.036707,95.12556153473612,110.63170493727026
168.97,166.88,0.609915,0.943896,4.016647,0.61104,0.941441,4.003356,94.83819675749794,114.6195465675364
168.98,166.89,0.622487,0.938464,3.984382,0.623146,0.937328,3.971691,92.97250311905148,120.1182618052803
168.99,166.9,0.635354,0.934885,3.952116,0.635567,0.935649,3.942314,91.24485621849134,-105.5782475071477
169.0,166.91,0.649099,0.933503,3.919337,0.648443,0.935099,3.9136,83.47681828209912,-67.6559863526071
169.01,166.92,0.662643,0.933401,3.885839,0.661915,0.934375,3.883925,69.17542371503036,-53.224338748643106
169.02,166.93,0.676389,0.928567,3.841163,0.676122,0.93217,3.851664,-88.5435027377833,-85.7618479312125
169.03,166.94,0.691199,0.924792,3.80507,0.690743,0.928791,3.817569,-87.91060940448402,-83.49474555467951
169.04,166.95,0.706145,0.919241,3.771618,0.705799,0.923433,3.783935,-88.39091275524777,-85.28160669434824
169.05,166.96,0.722141,0.914266,3.737794,0.721112,0.917337,3.751117,-85.58353646609699,-71.47554407626988
169.06,166.97,0.736757,0.908577,3.70555,0.737052,0.912166,3.717512,-91.41270938258397,-94.69889773848207
169.07,166.98,0.751832,0.90457,3.672208,0.751827,0.907664,3.685187,-89.97792750725102,-89.9074083231493
169.08,166.99,0.766017,0.901682,3.639578,0.766327,0.904948,3.651953,-91.43498809930206,-95.422118189622
169.09,167.0,0.780856,0.90194,3.605417,0.779913,0.904111,3.61906,-86.04602194104416,-66.52170303215846
169.1,167.01,0.793879,0.901285,3.572902,0.793593,0.90457,3.5854,-88.68909157513191,-85.02423819875624
169.11,167.02,0.807773,0.901225,3.538629,0.807092,0.904328,3.551015,-86.852964638315,-77.62182102035736
169.12,167.03,0.822412,0.899798,3.502887,0.820609,0.902564,3.516065,-82.20922476328288,-56.90192928973329
169.13,167.04,0.836179,0.895632,3.468526,0.835642,0.899019,3.480804,-87.49566399727915,-80.99089254078905
169.14,167.05,0.850233,0.890554,3.434057,0.849911,0.893737,3.446676,-88.53829635185534,-84.22347183804803
169.15,167.06,0.865214,0.885266,3.399321,0.864561,0.889313,3.411546,-86.94244402766654,-80.83409205376763
169.16,167.07,0.879976,0.880124,3.365153,0.879171,0.884397,3.377494,-86.26789949311654,-79.33096787227005
169.17,167.08,0.89493,0.876489,3.330568,0.893792,0.880455,3.343245,-84.87037192491651,-73.98975105721405
169.18,167.09,0.909278,0.874465,3.29641,0.908096,0.878557,3.309055,-84.6597556761532,-73.88830489642523
169.19,167.1,0.922844,0.874197,3.26204,0.921987,0.877926,3.27499,-86.21382318384119,-77.05701314743915
169.2,167.11,0.936069,0.875398,3.227015,0.935296,0.879067,3.239833,-86.54891061902376,-78.102684987859
169.21,167.12,0.948893,0.875691,3.191109,0.948204,0.879308,3.203948,-86.92819057973922,-79.21497422498321
169.22,167.13,0.961506,0.874489,3.154898,0.961193,0.878013,3.167444,-88.5708704221605,-84.92433536520721
169.23,167.14,0.974726,0.872036,3.118198,0.973927,0.875407,3.131172,-86.47590690711657,-76.66572808723527
169.24,167.15,0.987893,0.867875,3.081443,0.986859,0.871852,3.094719,-85.54651416499013,-75.4260536933353
169.25,167.16,1.001226,0.863619,3.04518,1.000428,0.867745,3.058264,-86.50982380699044,-79.05370955447916
169.26,167.17,1.01478,0.859938,3.009278,1.014321,0.863747,3.022553,-88.0197144942928,-83.12875722658706
169.27,167.18,1.028532,0.857994,2.974237,1.027726,0.861791,2.987366,-86.48697435167541,-78.01555386355427
169.28,167.19,1.042138,0.8579,2.939338,1.041352,0.861274,2.952522,-86.58819468650837,-76.88637873115508
169.29,167.2,1.055771,0.86006,2.904897,1.055194,0.862703,2.917712,-87.42197803507688,-77.68483580149866
169.3,167.21,1.069703,0.863236,2.870308,1.068944,0.865803,2.882892,-86.54840451138917,-73.52832216252743
169.31,167.22,1.083967,0.8652,2.834257,1.082534,0.867913,2.847144,-83.65492852906425,-62.157094801341465
169.32,167.23,1.098439,0.865403,2.797938,1.096945,0.868379,2.810591,-83.26599319099411,-63.342610821458635
169.33,167.24,1.113146,0.864556,2.761264,1.111192,0.867109,2.774196,-81.40771502487264,-52.57049358576986
169.34,167.25,1.127619,0.862209,2.725274,1.125749,0.864989,2.737745,-81.47215500775637,-56.07278242302618
169.35,167.26,1.142165,0.859751,2.688664,1.140388,0.863086,2.701519,-82.12964439276398,-61.94981026399428
169.36,167.27,1.156528,0.858252,2.652527,1.154697,0.861486,2.665246,-81.80810216892161,-60.48267900982873
169.37,167.28,1.171051,0.858882,2.617171,1.168965,0.861908,2.629887,-80.68387374300512,-55.41921702210922
169.38,167.29,1.18542,0.860784,2.582168,1.183665,0.86376,2.595198,-82.32904293723713,-59.47139292022455
169.39,167.3,1.200331,0.864876,2.547756,1.198679,0.86756,2.561216,-83.0028524085635,-58.387733824310985
169.4,167.31,1.215668,0.869691,2.513274,1.214036,0.872114,2.526033,-82.71089354858174,-56.03795227296636
169.41,167.32,1.232606,0.874006,2.475822,1.229518,0.875304,2.4902,-77.87857549965743,-22.79880677229316
169.42,167.33,1.247792,0.875267,2.440085,1.245283,0.877863,2.453559,-79.45173617680503,-45.97634678228566
169.43,167.34,1.263094,0.874741,2.403257,1.261164,0.878333,2.416654,-81.80225071528773,-61.75063398358779
169.44,167.35,1.279399,0.873867,2.367028,1.276756,0.877796,2.380048,-78.5251405793347,-56.07166287319404
169.45,167.36,1.295951,0.87361,2.331342,1.292598,0.877285,2.344446,-75.64732767958213,-47.623270895736994
169.46,167.37,1.311441,0.874856,2.296844,1.308691,0.878009,2.3098,-78.01642984302005,-48.90554393735116
169.47,167.38,1.327772,0.878154,2.262067,1.324859,0.880836,2.275764,-77.99354540059318,-42.63577972911908
169.48,167.39,1.343641,0.883717,2.228562,1.341195,0.885931,2.242251,-79.86909931433415,-42.149859475196514
169.49,167.4,1.360912,0.891304,2.195047,1.357466,0.89225,2.208932,-76.06186232116578,-15.350742829051535
169.5,167.41,1.377887,0.897591,2.161305,1.374318,0.897905,2.174828,-75.21556850808557,-5.027926593122318
169.51,167.42,1.395342,0.901589,2.125771,1.39124,0.901952,2.139612,-73.49197415088327,-5.057125884493976
169.52,167.43,1.412736,0.903542,2.090006,1.408662,0.904539,2.104052,-73.82535762754142,-13.751307573795424
169.53,167.44,1.429918,0.905025,2.054994,1.425925,0.905366,2.068894,-73.97243119123912,-4.881184725190972
169.54,167.45,1.447046,0.906689,2.020636,1.442773,0.906424,2.034554,-72.93285918590608,3.548785519807266
169.55,167.46,1.463967,0.908776,1.986668,1.46042,0.908857,2.000276,-75.39061032977332,-1.3081904854875093
169.56,167.47,1.481151,0.912327,1.953029,1.477835,0.912872,1.967152,-76.78661786787355,-9.333385198655685
169.57,167.48,1.498452,0.918517,1.920535,1.49552,0.918786,1.93458,-78.20841745332388,-5.241997730692139
169.58,167.49,1.512985,0.925463,1.889829,1.513036,0.926899,1.902543,-90.22983082291076,-92.03402305382839
169.59,167.5,1.534381,0.936294,1.855898,1.530838,0.935038,1.86968,-75.58290355695061,19.51951008633911
169.6,167.51,1.552145,0.942474,1.821815,1.548759,0.94176,1.83558,-76.18040620739927,11.907418377538493
169.61,167.52,1.569982,0.94669,1.787162,1.566907,0.9467,1.800942,-77.4205737694556,-0.1863270814075326
169.62,167.53,1.587437,0.949272,1.752882,1.584816,0.949792,1.766438,-79.0571083788396,-11.221623452587606
169.63,167.54,1.605792,0.953731,1.719342,1.602588,0.953118,1.733202,-76.98364732918871,10.83112961450637
169.64,167.55,1.623754,0.958579,1.687154,1.620676,0.9578,1.70127,-77.69916978998663,14.202558761363608
169.65,167.56,1.64073,0.964606,1.656645,1.638707,0.96427,1.670413,-81.64106278348467,9.4301696976443
169.66,167.57,1.655296,0.97141,1.628846,1.657121,0.973303,1.640426,-98.95611083598678,-133.95221122255845
169.67,167.58,1.678671,0.98532,1.596164,1.675336,0.984131,1.610273,-76.70087024284281,19.622256138650293
169.68,167.59,1.697554,0.995657,1.566005,1.693617,0.9937,1.579375,-73.59213244083203,26.431005757028124
169.69,167.6,1.716763,1.003137,1.533923,1.712516,1.00211,1.547763,-72.94062665650861,13.594169900661731
169.7,167.61,1.735382,1.009484,1.502135,1.731634,1.008607,1.515246,-74.0465239472948,13.169778107453505
169.71,167.62,1.754539,1.015363,1.470589,1.750155,1.013708,1.484122,-72.05032717036754,20.681979242554316
169.72,167.63,1.773758,1.021956,1.441003,1.768497,1.019599,1.454039,-68.02224280194636,24.133032647917943
169.73,167.64,1.792756,1.030208,1.413461,1.786659,1.026044,1.425504,-63.148310962897064,34.331467618305396
169.74,167.65,1.812292,1.039462,1.385645,1.80607,1.034892,1.397262,-61.826747929616516,36.296929262659916
169.75,167.66,1.832089,1.049849,1.357798,1.825862,1.045896,1.369751,-62.48242033423889,32.4080387452953
169.76,167.67,1.851924,1.061385,1.330494,1.845693,1.057705,1.342466,-62.50462687970995,30.56590385805913
169.77,167.68,1.872176,1.071837,1.302891,1.866355,1.069125,1.315233,-64.74948769176297,24.980780093033356
169.78,167.69,1.893257,1.080509,1.274448,1.886927,1.078382,1.286859,-62.97698961379992,18.573324495313535
169.79,167.7,1.914575,1.087082,1.246088,1.908615,1.085218,1.258317,-64.01696561921854,17.367160848377395
169.8,167.71,1.937352,1.092709,1.216633,1.930217,1.091523,1.229806,-61.558332449708736,9.437578600809111
169.81,167.72,1.957517,1.098457,1.189344,1.951347,1.09781,1.201635,-63.343654246303835,5.986285651937039
169.82,167.73,1.977555,1.106031,1.162704,1.971058,1.104463,1.175089,-62.319116850968136,13.56842288775494
169.83,167.74,1.997169,1.114429,1.137206,1.991046,1.112172,1.149602,-63.7129465419894,20.234398899122603
169.84,167.75,2.016726,1.12367,1.112191,2.011429,1.121972,1.124959,-67.4681346886417,17.77371015912719
169.85,167.76,2.037715,1.135948,1.088172,2.031785,1.133529,1.100723,-64.71056244759994,22.191814839088902
169.86,167.77,2.058835,1.147474,1.063689,2.052865,1.145445,1.076146,-64.39399400793815,18.77115070188396
169.87,167.78,2.080062,1.157182,1.038988,2.07393,1.155757,1.051076,-63.10223324136781,13.082616098335933
169.88,167.79,2.102357,1.165626,1.01333,2.095929,1.164012,1.025465,-62.08949753924904,14.09495243612146
169.89,167.8,2.124064,1.17226,0.987734,2.117875,1.170695,0.999745,-62.73896005000915,14.190796504619115
169.9,167.81,2.146169,1.177873,0.961917,2.139634,1.176851,0.974426,-62.416359592098615,8.888415195870937
169.91,167.82,2.167808,1.184883,0.938039,2.160753,1.182435,0.950159,-59.79649873986109,19.136158053795928
169.92,167.83,2.187793,1.192291,0.915294,2.180982,1.18851,0.927052,-59.91778095073118,29.036030334487965
169.93,167.84,2.208576,1.200723,0.892334,2.202434,1.196903,0.904139,-62.512580326179794,31.879432784795338
169.94,167.85,2.229934,1.210686,0.870161,2.223792,1.207337,0.882292,-63.14662556711299,28.60196229980259
169.95,167.86,2.251226,1.222494,0.848447,2.244979,1.218884,0.860318,-62.24484121837033,30.02264579769491
169.96,167.87,2.272407,1.23312,0.825722,2.26629,1.229963,0.837612,-62.775722866559,27.2983792401906
169.97,167.88,2.294333,1.241486,0.802069,2.288,1.23879,0.814095,-62.22830483605243,23.059775393926724
169.98,167.89,2.316064,1.248198,0.778134,2.310005,1.245531,0.790065,-63.07686683126771,23.757733383299993
169.99,167.9,2.338551,1.253935,0.754271,2.33262,1.252083,0.766683,-64.45947556672182,17.341372432764768
170.0,167.91,2.360837,1.260791,0.73184,2.354895,1.258424,0.744413,-64.70458116992302,21.719900622624298
170.01,167.92,2.381891,1.268402,0.711167,2.375997,1.265286,0.723445,-64.3568703005606,27.864209419203398
170.02,167.93,2.402852,1.278419,0.691091,2.397403,1.274314,0.70319,-65.75473249561341,36.99251455883912
170.03,167.94,2.423151,1.290228,0.671923,2.417759,1.286036,0.684062,-66.0497743954372,37.863211352208104
170.04,167.95,2.443795,1.302253,0.652429,2.43794,1.298547,0.664437,-64.006525800358,32.33230830867335
170.05,167.96,2.464837,1.312535,0.631915,2.458773,1.309183,0.643881,-63.12551336357942,28.932520644634508
170.06,167.97,2.486366,1.320977,0.61048,2.481058,1.31763,0.622681,-66.48872875168479,32.23379470715518
170.07,167.98,2.508684,1.328561,0.589565,2.503833,1.325015,0.601675,-68.17004538871181,36.16618019968922
170.08,167.99,2.530082,1.33696,0.569646,2.525803,1.333021,0.582217,-71.20211362934748,42.63087593962562
170.09,168.0,2.550485,1.346694,0.552436,2.546357,1.341342,0.564457,-71.04757705474809,52.35698180019924
170.1,168.01,2.570198,1.358266,0.535895,2.56644,1.352051,0.547629,-72.24150995423383,58.84006751183975
170.11,168.02,2.589671,1.371271,0.519219,2.585979,1.365622,0.530958,-72.54126300200613,56.83269397570231
170.12,168.03,2.609759,1.383427,0.501385,2.605008,1.378598,0.513358,-68.35635236338659,45.46648977579148
170.13,168.04,2.630125,1.393783,0.482668,2.625181,1.389328,0.494532,-67.37739178951234,42.021768498704795
170.14,168.05,2.650914,1.403123,0.463599,2.646641,1.39904,0.475335,-69.99376948154773,43.69742430002578
170.15,168.06,2.674134,1.412617,0.445002,2.667459,1.408903,0.457687,-62.24611358146461,29.091759472534577
170.16,168.07,2.694612,1.423192,0.429301,2.687387,1.419887,0.441578,-59.52323896775304,24.58122565618993
170.17,168.08,2.712875,1.435237,0.415512,2.705913,1.430738,0.427157,-59.1267740702315,32.87144776016288
170.18,168.09,2.731503,1.44838,0.402404,2.723886,1.443742,0.413412,-55.318652223824785,31.3372828323088
170.19,168.1,2.749403,1.462242,0.388353,2.742174,1.457757,0.399413,-56.8307013842811,31.816199381222003
170.2,168.11,2.768094,1.4747,0.372924,2.760287,1.470757,0.384158,-55.20286615477276,26.79649475034102
170.21,168.12,2.787812,1.485501,0.356843,2.779487,1.482084,0.367893,-53.00586161029266,22.315720443393698
170.22,168.13,2.807199,1.495567,0.341035,2.799091,1.491914,0.351927,-53.33601925173404,24.253596967923905
170.23,168.14,2.826322,1.505965,0.32559,2.818076,1.502604,0.336932,-53.981638691504074,22.175394394151578
170.24,168.15,2.844336,1.517095,0.313373,2.835294,1.513695,0.323503,-48.248018857686915,20.607415367736024
170.25,168.16,2.860858,1.530018,0.303435,2.850817,1.52485,0.311603,-39.12714042132877,27.234416958738027
170.26,168.17,2.877327,1.543802,0.293871,2.866862,1.538009,0.300941,-34.04238148373788,28.967136797567477
170.27,168.18,2.89486,1.556642,0.282639,2.88422,1.551606,0.290288,-35.71201703989275,25.32858094951866
170.28,168.19,2.913419,1.56778,0.270502,2.902775,1.563642,0.278487,-36.876787159512396,21.24427087178584
170.29,168.2,2.931758,1.577656,0.257762,2.921592,1.573817,0.266184,-39.6399736027633,20.688106990304142
170.3,168.21,2.950337,1.58764,0.245145,2.939337,1.583767,0.253784,-38.14480244381436,19.396702855812844
170.31,168.22,2.967544,1.597714,0.234461,2.956571,1.594241,0.242299,-35.53817171684923,17.5627953221414
170.32,168.23,2.984329,1.608715,0.225753,2.972512,1.604798,0.232485,-29.66963448210576,18.33889319639628
170.33,168.24,2.999788,1.619897,0.219004,2.987824,1.615777,0.224931,-26.353947267281686,19.001988409081125
170.34,168.25,3.015254,1.631988,0.212379,3.003681,1.627724,0.218906,-29.42235223940449,20.226006562717387
170.35,168.26,3.030914,1.643262,0.204973,3.019573,1.638646,0.211933,-31.53754440869977,22.147246320118086
170.36,168.27,3.04696,1.653343,0.197166,3.03587,1.648687,0.203428,-29.45136840817788,22.77450015044615
170.37,168.28,3.06442,1.662445,0.188579,3.052606,1.65801,0.194537,-26.762581980711705,20.576239062217677
170.38,168.29,3.083266,1.670531,0.180099,3.069573,1.667136,0.1856,-21.887208530805516,13.924936112550917
170.39,168.3,3.097896,1.679356,0.174188,3.085232,1.675888,0.177802,-15.927467813296083,15.314822515606053
170.4,168.31,3.112119,1.688113,0.17006,3.098837,1.683916,0.171723,-7.136696471325444,17.536096891134253
170.41,168.32,3.125886,1.69778,0.166427,3.112804,1.692814,0.167778,-5.896129358883067,20.78704055305894
170.42,168.33,3.139698,1.70805,0.163318,3.127288,1.703037,0.165491,-9.931845051944006,21.996167962347474
170.43,168.34,3.154694,1.716575,0.159846,3.142133,1.712419,0.162134,-10.323309944470239,18.30759160312873
170.44,168.35,3.17106,1.724067,0.155799,3.15791,1.720125,0.158128,-10.043519846724958,16.687251480688396
170.45,168.36,3.187485,1.730414,0.151063,3.174734,1.726459,0.153237,-9.675687558756465,17.23241360454128
170.46,168.37,3.203146,1.735467,0.148083,3.18983,1.732041,0.149337,-5.37981635126108,14.42838344565953
170.47,168.38,3.217682,1.740963,0.146667,3.204747,1.737214,0.146678,-0.0487246557954028,16.163373958007064
170.48,168.39,3.231763,1.747149,0.144961,3.218646,1.742781,0.145968,-4.390020532366366,18.417911719793363
170.49,168.4,3.245103,1.753663,0.144489,3.231953,1.748907,0.144348,0.6143266409307221,19.88368947917268
170.5,168.41,3.258128,1.760758,0.145037,3.244529,1.756533,0.144662,1.5795627440031819,17.259215423993723
170.51,168.42,3.27065,1.766043,0.146365,3.25711,1.763042,0.14533,4.3711989819224595,12.496992158579122
170.52,168.43,3.283893,1.769571,0.147193,3.270132,1.76745,0.145435,7.280234941627861,8.762118167650591
170.53,168.44,3.298054,1.772182,0.14822,3.284051,1.770801,0.144713,14.060309638453077,5.632394987567329
170.54,168.45,3.313019,1.7741,0.148548,3.299,1.773735,0.145439,12.504139049138438,1.491421354136961
170.55,168.46,3.327291,1.775606,0.14908,3.313313,1.776036,0.146509,10.42203402305088,-1.7620130125135707
170.56,168.47,3.340495,1.776004,0.149519,3.326696,1.777752,0.147919,6.6139355071985175,-7.2195384604939585
170.57,168.48,3.352272,1.777666,0.149864,3.338979,1.779587,0.150625,-3.2765025579788785,-8.223009129959562
170.58,168.49,3.364121,1.77999,0.158455,3.350601,1.781595,0.153817,18.934394934352195,-6.770070494989259
170.59,168.5,3.37472,1.780563,0.163196,3.361513,1.783959,0.158188,20.76636935212812,-14.420424336522656
170.6,168.51,3.38599,1.779954,0.168717,3.37391,1.78501,0.163209,24.51110103161455,-22.71140887876326
170.61,168.52,3.397743,1.778203,0.173588,3.386094,1.784215,0.168478,23.6853442232697,-27.298068750112773
170.62,168.53,3.41053,1.776082,0.177837,3.398152,1.781693,0.172859,21.908271741067388,-24.38498878308924
170.63,168.54,3.423131,1.773349,0.182042,3.411126,1.778824,0.177368,21.27284277253911,-24.51583052457647
170.64,168.55,3.435212,1.769985,0.188092,3.423858,1.776248,0.182221,27.342873940425857,-28.881645626803508
170.65,168.56,3.446406,1.76674,0.193653,3.435481,1.773339,0.186789,32.140478987303865,-31.133128959259885
170.66,168.57,3.455576,1.763991,0.199587,3.445852,1.770695,0.191455,39.90511115288343,-34.58347556235842
170.67,168.58,3.46419,1.761522,0.20769,3.455931,1.767776,0.197371,51.32732861310521,-37.13426295196866
170.68,168.59,3.473093,1.75887,0.215566,3.46448,1.764732,0.206466,46.57488946094669,-34.23916768139149
170.69,168.6,3.482314,1.754155,0.224037,3.47339,1.760543,0.21549,43.7638282210637,-35.59593972885981
170.7,168.61,3.491483,1.747747,0.232748,3.482712,1.754649,0.224297,43.9355162075843,-38.19961108611028
170.71,168.62,3.501517,1.740443,0.241232,3.493328,1.747208,0.232599,46.51191423077554,-39.56039121335034
170.72,168.63,3.510901,1.733131,0.249617,3.503883,1.739684,0.240598,52.11226411685941,-43.03757141254397
170.73,168.64,3.51973,1.725847,0.25937,3.513468,1.73203,0.248926,59.05399558900009,-44.636295236279466
170.74,168.65,3.528092,1.71762,0.268397,3.522027,1.723925,0.258283,59.05040806084271,-46.11150056986713
170.75,168.66,3.535907,1.709785,0.278579,3.530793,1.715575,0.267942,64.3229319042105,-48.5475458162859
170.76,168.67,3.543428,1.701668,0.290822,3.537854,1.708303,0.279587,63.61269510827999,-49.96670308724554
170.77,168.68,3.549637,1.693114,0.302409,3.54482,1.700352,0.291792,65.59590399553922,-56.355625793662746
170.78,168.69,3.55475,1.682953,0.313994,3.550664,1.690938,0.304249,67.25208835306992,-62.90074457968656
170.79,168.7,3.561144,1.671342,0.325667,3.557451,1.679456,0.316035,69.02270333500975,-65.52785450049707
170.8,168.71,3.568367,1.659017,0.337908,3.564433,1.666907,0.328086,68.17244550743797,-63.49888849148555
170.81,168.72,3.574232,1.646316,0.35027,3.572085,1.654699,0.340283,77.86724396362236,-75.63455712764471
170.82,168.73,3.579872,1.634188,0.363104,3.578732,1.641876,0.352112,84.07892088304528,-81.5654684628834
170.83,168.74,3.584569,1.621852,0.377142,3.583254,1.629246,0.365697,83.4456091560387,-79.91556281966305
170.84,168.75,3.588706,1.609651,0.391596,3.587325,1.616899,0.379994,83.21195293757656,-79.21243290352136
170.85,168.76,3.59151,1.597495,0.406977,3.590608,1.604683,0.395514,85.50078321195453,-82.84751589601403
170.86,168.77,3.594069,1.584244,0.422547,3.592993,1.591671,0.411385,84.49378683758412,-81.75652632769642
170.87,168.78,3.597003,1.569002,0.43819,3.595256,1.576974,0.427335,80.85723614776506,-77.6394803594741
170.88,168.79,3.599192,1.552934,0.452341,3.597867,1.560384,0.442639,82.22323879318641,-79.91526034848368
170.89,168.8,3.600316,1.537945,0.478342,3.599658,1.543726,0.459012,88.05038431321144,-83.50647468746031
170.9,168.81,3.601851,1.521468,0.500745,3.601413,1.526673,0.474884,89.02969133940957,-85.18990080482615
170.91,168.82,3.602832,1.504702,0.517226,3.602621,1.509547,0.492047,89.51987265186413,-87.50634154591751
170.92,168.83,3.604111,1.486681,0.522521,3.602963,1.492983,0.510371,84.60239843529341,-79.67595306966103
170.93,168.84,3.603945,1.471266,0.538605,3.602541,1.478054,0.530036,80.69497013849627,-78.31398021442345
170.94,168.85,3.602847,1.456209,0.561896,3.601396,1.462917,0.550504,82.74131622562105,-77.7944589760955
170.95,168.86,3.602263,1.438906,0.581606,3.60029,1.445939,0.570435,79.98382781442454,-74.32935280225098
170.96,168.87,3.601987,1.419887,0.601754,3.599624,1.426881,0.590826,77.79858365316854,-71.33189336991725
170.97,168.88,3.601469,1.400209,0.622973,3.598782,1.407519,0.612239,75.94617459121085,-69.81764943048063
170.98,168.89,3.600113,1.381209,0.643792,3.597347,1.388686,0.632887,75.76736121315669,-69.69882906001378
170.99,168.9,3.596977,1.36333,0.665242,3.594518,1.36997,0.65432,77.31187739450276,-69.67883045564848
171.0,168.91,3.593504,1.347052,0.687932,3.591377,1.352879,0.675894,79.97980228313182,-69.94665972254033
171.01,168.92,3.589739,1.331427,0.71134,3.5876,1.337461,0.699377,79.86256497102008,-70.48103037146794
171.02,168.93,3.586575,1.315311,0.736051,3.584127,1.322111,0.724192,78.33651465482822,-70.20112364547705
171.03,168.94,3.583451,1.297357,0.760915,3.581275,1.304982,0.749614,79.10112237045354,-74.07246963856176
171.04,168.95,3.579398,1.278121,0.785716,3.578027,1.286093,0.774872,82.79436143022001,-80.24190317006328
171.05,168.96,3.575168,1.258303,0.810071,3.573608,1.266509,0.800352,80.88121485907325,-79.23623756321287
171.06,168.97,3.570918,1.238278,0.835523,3.568696,1.246466,0.825815,77.10801270262928,-74.8171421503613
171.07,168.98,3.566648,1.220663,0.861462,3.564561,1.227529,0.849828,79.82999442577129,-73.09274488043404
171.08,168.99,3.562302,1.203969,0.888156,3.560477,1.210157,0.876591,81.03246159427512,-73.56785909073442
171.09,169.0,3.557222,1.187995,0.916321,3.555535,1.194655,0.904377,81.96058202095894,-75.78576336734251
171.1,169.01,3.551685,1.172678,0.945257,3.550406,1.179568,0.933289,83.90004843711948,-79.4838092061722
171.11,169.02,3.546138,1.156777,0.974213,3.544991,1.163487,0.962208,84.54232601840589,-80.29967896579473
171.12,169.03,3.541157,1.139515,1.002967,3.54033,1.145732,0.990922,86.07228204565472,-82.42286369137173
171.13,169.04,3.53632,1.121452,1.032494,3.535376,1.127484,1.019975,85.687750508789,-81.10543298192016
171.14,169.05,3.530574,1.102509,1.060281,3.530493,1.108591,1.049864,89.55449125375627,-89.23698063421178
171.15,169.06,3.524481,1.085887,1.092582,3.524343,1.091569,1.080034,89.36989967986831,-88.60871815203868
171.16,169.07,3.517899,1.070691,1.123444,3.518194,1.076208,1.110806,91.33717250791281,-93.06075290895907
171.17,169.08,3.511181,1.057631,1.154891,3.511715,1.062695,1.142479,92.4635102982318,-96.0196071254102
171.18,169.09,3.505028,1.045121,1.18671,3.505344,1.049773,1.174347,91.46416929377644,-93.88600512914941
171.19,169.1,3.49914,1.030329,1.219601,3.499382,1.035476,1.20737,91.13349437601595,-92.69193215517133
171.2,169.11,3.49355,1.015055,1.253111,3.493714,1.019953,1.241056,90.77942166826573,-91.91772124921049
171.21,169.12,3.487094,1.000645,1.28651,3.487928,1.004698,1.274357,93.92576969078476,-101.6276507304277
171.22,169.13,3.480716,0.988182,1.320534,3.480414,0.99221,1.307679,88.65420901103118,-85.71226115476975
171.23,169.14,3.474486,0.979865,1.353599,3.473613,0.982387,1.34075,86.11312469168249,-70.90650799950755
171.24,169.15,3.468407,0.972113,1.388421,3.467756,0.974485,1.375135,87.19481073314975,-74.65294662533124
171.25,169.16,3.460847,0.961419,1.424027,3.460225,0.965466,1.410989,87.26867807866608,-81.26234885494196
171.26,169.17,3.451229,0.950127,1.459636,3.451177,0.95425,1.446389,89.77509132393452,-89.2774138791939
171.27,169.18,3.443106,0.938773,1.494985,3.442179,0.942727,1.482225,85.84482437125186,-76.8055260866854
171.28,169.19,3.436779,0.92819,1.530778,3.435433,0.932816,1.518404,83.79197586934508,-73.77689963867753
171.29,169.2,3.43245,0.920596,1.565819,3.429972,0.924653,1.553344,78.76516256352541,-58.58357509460369
171.3,169.21,3.427561,0.914764,1.601501,3.425852,0.918587,1.588676,82.40974614835278,-65.91387025095592
171.31,169.22,3.423079,0.910759,1.638258,3.421521,0.914674,1.625456,83.06124084287023,-68.29959217979403
171.32,169.23,3.418798,0.906994,1.676299,3.416205,0.911247,1.663206,78.79782636594942,-58.62986925413629
171.33,169.24,3.413626,0.900885,1.714463,3.411923,0.90582,1.701425,82.55825942721019,-70.96115631027652
171.34,169.25,3.409033,0.893122,1.753248,3.407606,0.899,1.740387,83.66860974947386,-76.35431476038544
171.35,169.26,3.404721,0.885847,1.791739,3.403122,0.891347,1.77923,82.7155019530119,-73.78941136848034
171.36,169.27,3.400498,0.87949,1.829781,3.398722,0.884093,1.816879,82.16231574293477,-68.90162385239755
171.37,169.28,3.396482,0.874695,1.867269,3.394968,0.878552,1.854322,83.33022172459405,-68.56835153675817
171.38,169.29,3.393087,0.871816,1.907187,3.391517,0.875202,1.892572,83.86857824833402,-65.1240735162894
171.39,169.3,3.390843,0.869211,1.944146,3.388586,0.87326,1.930838,80.37438473910437,-60.86376093527959
171.4,169.31,3.388369,0.868833,1.983131,3.386819,0.872591,1.970383,83.06756634067497,-67.58613269039714
171.41,169.32,3.386863,0.868275,2.023362,3.38488,0.872187,2.010095,81.49901334969938,-63.11946592034764
171.42,169.33,3.385399,0.86573,2.063354,3.383108,0.870072,2.050272,80.06674280740263,-62.18221116596948
171.43,169.34,3.384029,0.861686,2.103468,3.381776,0.866715,2.09066,80.02341234615578,-65.86754449615698
171.44,169.35,3.382169,0.85678,2.143977,3.380222,0.861694,2.130791,81.60059141017575,-68.3857914879967
171.45,169.36,3.379783,0.851585,2.183877,3.378504,0.855859,2.170395,84.58072669406326,-73.34011992977388
171.46,169.37,3.377899,0.846383,2.22333,3.376524,0.849491,2.209073,84.49121199702519,-66.13508082331732
171.47,169.38,3.376201,0.841635,2.26351,3.37393,0.845075,2.249095,81.0469688030222,-56.56822820957704
171.48,169.39,3.374032,0.837907,2.302325,3.371949,0.84169,2.288984,81.12576051527651,-61.1618874026418
171.49,169.4,3.372464,0.836093,2.341963,3.370162,0.839788,2.328588,80.23437778988497,-58.076926231066984
171.5,169.41,3.371135,0.834005,2.378918,3.368534,0.839866,2.368834,75.53675161798762,-66.06926489424028
171.51,169.42,3.370346,0.838302,2.423235,3.367072,0.840528,2.408721,77.28824606094423,-34.21187258463513
171.52,169.43,3.368756,0.838497,2.46308,3.365635,0.840362,2.449327,77.21428202704148,-30.861056659917473
171.53,169.44,3.366121,0.837116,2.504053,3.364224,0.838865,2.489672,82.48548907628248,-42.67550124421373
171.54,169.45,3.363603,0.835536,2.543922,3.361758,0.835806,2.531041,81.8487258811313,-8.325650330430541
171.55,169.46,3.361214,0.829867,2.586843,3.358799,0.832294,2.572901,80.17287289710487,-45.141996684531954
171.56,169.47,3.359019,0.824704,2.62781,3.356751,0.82759,2.614011,80.66633072154372,-51.837513058303195
171.57,169.48,3.356603,0.819934,2.668442,3.354575,0.823014,2.654573,81.68086058721279,-56.637431858779465
171.58,169.49,3.354504,0.81645,2.708901,3.352204,0.819183,2.694914,80.66194183096398,-49.91717355393915
171.59,169.5,3.351878,0.815088,2.748728,3.350471,0.81729,2.734599,84.313096574258,-57.42286335778448
171.6,169.51,3.349942,0.815285,2.788509,3.349113,0.816491,2.773996,86.73074880659887,-55.495509796383026
171.61,169.52,3.348035,0.816943,2.829273,3.34658,0.818185,2.814855,84.23747538432093,-40.484344755688156
171.62,169.53,3.345703,0.817881,2.87068,3.344323,0.820084,2.856474,84.45157936920499,-57.93620894688721
171.63,169.54,3.342718,0.816991,2.911799,3.341437,0.820436,2.898312,84.57430321322481,-69.60268866140021
171.64,169.55,3.340429,0.814,2.951537,3.337694,0.819438,2.940787,75.72573017412795,-63.300244424543585
171.65,169.56,3.335034,0.811821,2.995524,3.333439,0.816611,2.982642,82.94177787125857,-71.58299536049137
171.66,169.57,3.330328,0.809132,3.039497,3.328507,0.812822,3.024431,83.10819471635905,-63.733848123859225
171.67,169.58,3.326639,0.805412,3.079798,3.324551,0.808838,3.065305,81.80183268901652,-58.63948498633377
171.68,169.59,3.32408,0.801992,3.118535,3.321156,0.805137,3.105306,77.53632768690545,-47.08547946413209
171.69,169.6,3.322628,0.798811,3.158507,3.318933,0.802935,3.146133,73.37384954483153,-48.14046162535592
171.7,169.61,3.31992,0.80024,3.200827,3.316414,0.803081,3.187122,75.65039419922424,-39.01872015429153
171.71,169.62,3.318373,0.802111,3.242652,3.31516,0.804698,3.228526,77.18591692005177,-38.83985346086926
171.72,169.63,3.317522,0.803775,3.282503,3.31397,0.807836,3.270283,73.79238268268075,-48.82506405117744
171.73,169.64,3.316519,0.806217,3.32693,3.313219,0.809491,3.312788,76.86520924162592,-44.773397855149206
171.74,169.65,3.31568,0.806097,3.368925,3.312628,0.809437,3.355085,77.5641535854542,-47.57979222206106
171.75,169.66,3.314338,0.804616,3.41038,3.311512,0.807475,3.396856,78.19720226799632,-45.33258390288667
171.76,169.67,3.312158,0.803093,3.452878,3.309577,0.804819,3.438533,79.80028199364577,-33.77195514080847
171.77,169.68,3.310523,0.800346,3.495665,3.307953,0.803034,3.481387,79.79618175573755,-46.28561569005317
171.78,169.69,3.309201,0.797668,3.536025,3.306512,0.800997,3.523112,78.23684959166017,-51.070453380441855
171.79,169.7,3.308521,0.797439,3.57791,3.305677,0.800776,3.565363,77.22869952389843,-49.56028914512213
171.8,169.71,3.308882,0.799117,3.619496,3.305658,0.802157,3.606483,76.08503151926304,-43.31746602098613
171.81,169.72,3.310296,0.802617,3.66045,3.307357,0.805238,3.647847,76.87330740501194,-41.72657738344682
171.82,169.73,3.312647,0.806494,3.701524,3.309625,0.80949,3.68951,75.88074849108551,-44.752462446197015
171.83,169.74,3.316312,0.8091,3.744957,3.312741,0.81201,3.7324,74.12513789834918,-39.17651495627472
171.84,169.75,3.319524,0.810746,3.788864,3.315688,0.814034,3.775092,74.43555739438126,-40.601294645007066
171.85,169.76,3.321897,0.810802,3.832344,3.31812,0.814124,3.818612,74.62103343548084,-41.33272719706453
171.86,169.77,3.324035,0.809914,3.874297,3.320006,0.813468,3.861058,73.07352022312968,-41.41566887413853
171.87,169.78,3.326196,0.809364,3.915735,3.321802,0.812239,3.902913,71.083810029736,-33.19677673233859
171.88,169.79,3.328534,0.80906,3.957335,3.324307,0.811812,3.944485,71.79140964915989,-33.066250309933494
171.89,169.8,3.33125,0.810602,3.999511,3.327201,0.813558,3.985831,73.51232454890336,-36.13156727584374
171.9,169.81,3.334497,0.813181,4.040478,3.329941,0.816143,4.02712,71.16708106709977,-33.02917165645612
171.91,169.82,3.338142,0.818312,4.082522,3.333449,0.82076,4.068537,71.44959508068784,-27.547804480971237
171.92,169.83,3.342131,0.824448,4.123771,3.337668,0.82663,4.109638,72.47462564865708,-26.054416320130372
171.93,169.84,3.346653,0.829355,4.165138,3.341953,0.83152,4.151567,70.89766305986623,-24.73260760494745
171.94,169.85,3.351511,0.832528,4.207561,3.346577,0.834855,4.193779,70.30247046926321,-25.24975802036943
171.95,169.86,3.356128,0.834128,4.25012,3.350912,0.836795,4.236931,68.42214021649568,-27.081176004117236
171.96,169.87,3.359902,0.834586,4.292363,3.355193,0.837806,4.279466,69.94166524632884,-34.36420273310429
171.97,169.88,3.363988,0.835494,4.335734,3.359401,0.838527,4.321588,72.03412894995796,-33.47333463812292
171.98,169.89,3.368026,0.836446,4.37762,3.36309,0.839571,4.363756,70.40274468967797,-32.33805323897141
171.99,169.9,3.371376,0.838959,4.418221,3.366673,0.842648,4.405359,69.91502266600193,-38.11038684984264
172.0,169.91,3.375346,0.843404,4.45857,3.370395,0.847551,4.446051,68.4222497442663,-39.94982970375421
172.01,169.92,3.378814,0.851205,4.499091,3.374067,0.854248,4.485783,70.36854357243625,-32.66135142017838
172.02,169.93,3.382522,0.859854,4.538808,3.377704,0.862286,4.525843,69.61413400317201,-26.783446362130338
172.03,169.94,3.386993,0.866782,4.5789,3.381702,0.869872,4.566513,66.87066796444175,-30.285380542556542
172.04,169.95,3.390604,0.871823,4.620575,3.385981,0.876022,4.608449,69.13080690789255,-42.24838686368789
172.05,169.96,3.394226,0.876035,4.663676,3.389755,0.880519,4.651185,70.30579591652501,-45.08317639424093
172.06,169.97,3.39837,0.878503,4.705042,3.393281,0.883569,4.693292,66.58225568203713,-44.870231346580994
172.07,169.98,3.401725,0.882414,4.746765,3.397282,0.885943,4.733869,70.98986768684718,-38.459523803904
172.08,169.99,3.40479,0.886964,4.786457,3.40104,0.889293,4.773489,73.87153993745923,-31.843037575013554
172.09,170.0,3.40736,0.893878,4.825286,3.404589,0.894463,4.811907,78.29859440200087,-11.9209584811124
172.1,170.01,3.410254,0.899112,4.861944,3.407458,0.901061,4.850631,76.11758474132726,-34.879089692680594
172.11,170.02,3.41199,0.911036,4.904483,3.409355,0.910327,4.890613,79.24322901156829,15.059910129877478
172.12,170.03,3.413954,0.91946,4.944487,3.410487,0.919174,4.931325,75.2429388143734,4.715769840253143
172.13,170.04,3.417488,0.924858,4.98478,3.411976,0.926331,4.972303,66.16545934560301,-14.961820707293688
172.14,170.05,3.421081,0.92854,5.02281,3.413683,0.932831,5.014364,48.78431179316625,-30.11466038155797
172.15,170.06,3.422011,0.933879,5.065995,3.415956,0.937183,5.056072,58.60851956895649,-28.619740589106502
172.16,170.07,3.421917,0.939215,5.110433,3.418325,0.940096,5.097005,75.02397566570095,-13.780745587284667
172.17,170.08,3.423461,0.942888,5.15097,3.420225,0.943721,5.137517,76.47495373317822,-14.435481750000218
172.18,170.09,3.424595,0.948102,5.189324,3.421023,0.948183,5.17641,74.5386068805997,-1.2990377654206589
172.19,170.1,3.425982,0.955129,5.226941,3.422132,0.954369,5.214015,73.4138741951635,11.166764907137171
172.2,170.11,3.427686,0.960486,5.262631,3.422694,0.962592,5.250699,67.29699107781727,-22.873665190626784
172.21,170.12,3.426352,0.975696,5.301817,3.421122,0.973572,5.289088,67.66357226890646,22.102983276234482
172.22,170.13,3.425825,0.984932,5.341496,3.419716,0.983722,5.328476,64.86397263722948,11.203478463583753
172.23,170.14,3.427308,0.99121,5.38235,3.41838,0.992678,5.369048,56.131385904841196,-9.337395203046563
172.24,170.15,3.423408,0.998868,5.422873,3.417239,1.000076,5.409753,64.81717620418341,-11.079342025324726
172.25,170.16,3.419706,1.005302,5.463186,3.417194,1.005407,5.449693,79.45394415665203,-2.3935337549170987
172.26,170.17,3.418538,1.010794,5.502302,3.416094,1.011105,5.488751,79.77628735857591,-7.251936259038681
172.27,170.18,3.416852,1.01812,5.539815,3.414647,1.018667,5.526531,80.57545107263257,-13.932258501310601
172.28,170.19,3.417735,1.025989,5.57621,3.412086,1.027886,5.562563,67.51352029522634,-18.562650943214877
172.29,170.2,3.413157,1.038834,5.610795,3.40844,1.039224,5.59713,70.95591791370965,-4.7264457833633795
172.3,170.21,3.407919,1.051693,5.645346,3.403961,1.051056,5.631458,74.09275332075134,9.142775551371072
172.31,170.22,3.403217,1.062925,5.681586,3.398808,1.062283,5.667748,72.32731966595932,8.284685101078276
172.32,170.23,3.39817,1.072613,5.719076,3.394726,1.072311,5.704918,76.32807327758387,5.011375921891736
172.33,170.24,3.394475,1.080256,5.756299,3.389587,1.08088,5.742399,70.62553773709475,-7.275004957889092
172.34,170.25,3.389142,1.088742,5.792098,3.385168,1.088836,5.778413,73.8071816256011,-1.3550073374990066
172.35,170.26,3.385304,1.096683,5.826061,3.381891,1.097613,5.812394,75.97855374068833,-15.242333588953779
172.36,170.27,3.380933,1.106726,5.858054,3.376451,1.108156,5.844615,71.55609851176439,-17.695490710511784
172.37,170.28,3.368567,1.124964,5.888883,3.370432,1.120712,5.875475,97.9188078787412,113.68307903873155
172.38,170.29,3.360065,1.138593,5.920278,3.3619,1.134629,5.907164,97.96549668856875,114.84018483664833
172.39,170.3,3.352111,1.150654,5.95354,3.35209,1.148138,5.940179,89.90994608345358,89.52178718990969
172.4,170.31,3.34444,1.160866,5.987765,3.343234,1.160008,5.973897,85.0299027064977,35.429674565483694
172.41,170.32,3.33559,1.170565,6.021869,3.334796,1.170082,6.007807,86.76826949935662,31.312665436295035
172.42,170.33,3.328009,1.179801,6.054908,3.326562,1.17982,6.04095,84.08139484901709,-0.7522855930416186
172.43,170.34,3.318635,1.190543,6.08626,3.318524,1.190319,6.072263,89.54563847900118,63.63994179265279
172.44,170.35,3.308794,1.202626,6.115878,3.309906,1.201781,6.101991,94.57818483897391,142.76908546519982
172.45,170.36,3.295438,1.217271,6.142838,3.299556,1.215023,6.129647,107.3374527242911,151.3700473332175
172.46,170.37,3.283802,1.231914,6.169014,3.288793,1.228909,6.156171,111.236941114673,148.9485373093295
172.47,170.38,3.271446,1.245225,6.195991,3.276559,1.242064,6.18343,112.14895667888175,148.27448074128094
172.48,170.39,3.259096,1.256933,6.225124,3.263651,1.254702,6.211885,108.98625097343619,153.90478288165951
172.49,170.4,3.246195,1.267033,6.254248,3.251331,1.26543,6.241366,111.7369649957182,162.6663040536014
172.5,170.41,3.236389,1.275802,6.283447,3.2399,1.275384,6.270069,104.70539897009272,173.2106423094573
172.51,170.42,3.223347,1.286963,6.309871,3.228219,1.285803,6.297032,110.78019144754028,166.6075022462489
172.52,170.43,3.210628,1.29919,6.334215,3.216919,1.297,6.322154,117.54647956466913,160.80615701838465
172.53,170.44,3.196394,1.313109,6.356075,3.205413,1.308935,6.345693,130.98133884392274,155.16526485167878
172.54,170.45,3.181754,1.32664,6.37704,3.191541,1.322189,6.367522,135.79831998405115,155.54457830161203
172.55,170.46,3.165654,1.33883,6.400276,3.17522,1.335259,6.389843,132.51765809776953,159.52933259387214
172.56,170.47,3.150383,1.349118,6.424958,3.158741,1.346559,6.413475,126.04932158533673,162.97678821111433
172.57,170.48,3.1356,1.358202,6.450046,3.143447,1.355991,6.438412,123.99921441535443,164.26408883822074
172.58,170.49,3.119276,1.367526,6.474429,3.128637,1.36534,6.463424,130.38493260488568,166.85572322504942
172.59,170.5,3.107411,1.375742,6.49951,3.112844,1.374943,6.486513,112.68588072996283,171.63381026908783
172.6,170.51,3.091854,1.385748,6.520653,3.099553,1.384532,6.509043,123.54975999247218,171.02469831586265
172.61,170.52,3.074754,1.396976,6.539373,3.084713,1.394775,6.528651,132.88710115735623,167.53760766810737
172.62,170.53,3.058278,1.408686,6.555921,3.069133,1.406034,6.546114,137.90361843854043,166.27092622201582
172.63,170.54,3.041331,1.41985,6.572065,3.052764,1.416802,6.563484,143.11006185846466,165.07232587037976
172.64,170.55,3.023078,1.429121,6.590879,3.034379,1.426807,6.581693,140.8941183779815,168.42803557650223
172.65,170.56,3.005442,1.437305,6.610795,3.015791,1.435494,6.600908,136.30786975779554,170.07415738231148
172.66,170.57,2.987673,1.444821,6.630958,2.99781,1.443524,6.620455,133.98410573019692,172.70878442426564
172.67,170.58,2.969711,1.452288,6.649656,2.980353,1.451264,6.639559,136.50532883420155,174.50377710084112
172.68,170.59,2.952295,1.460373,6.666827,2.963181,1.459115,6.656896,137.62665761768264,173.40806688923615
172.69,170.6,2.935138,1.469331,6.681861,2.946541,1.467392,6.672643,141.04848846453464,170.349561790583
172.7,170.61,2.917629,1.4792,6.695163,2.929168,1.476979,6.686416,142.83649145688503,169.10508076829996
172.71,170.62,2.899425,1.488793,6.707333,2.911455,1.486603,6.699075,145.5323277366066,169.68258039570722
172.72,170.63,2.880431,1.497037,6.720232,2.892935,1.494939,6.712285,147.56173068920336,170.47527220633225
172.73,170.64,2.861298,1.503938,6.73436,2.87382,1.501742,6.726558,148.07447664870858,170.05311144590513
172.74,170.65,2.841522,1.509511,6.749093,2.854338,1.507826,6.741269,148.59648186609664,172.509924754592
172.75,170.66,2.821544,1.514568,6.763791,2.834183,1.513731,6.755322,146.17519285261287,176.2111997934677
172.76,170.67,2.80192,1.519909,6.776801,2.814866,1.519449,6.768888,148.5654221165629,177.9650104179709
172.77,170.68,2.782482,1.525982,6.788066,2.796814,1.525799,6.781472,155.29334647340698,179.26845116646498
172.78,170.69,2.764366,1.532878,6.798634,2.778257,1.532148,6.792488,156.13325731088943,176.99175876617727
172.79,170.7,2.745865,1.540499,6.806083,2.76059,1.539468,6.80212,164.93667499273667,175.99485904007642
172.8,170.71,2.728255,1.548152,6.812824,2.742559,1.546053,6.811388,174.26719858228748,171.65187353621874
172.81,170.72,2.706851,1.553331,6.822764,2.721912,1.552312,6.819422,167.4889168288826,176.12937017420185
172.82,170.73,2.684865,1.556899,6.833242,2.699832,1.556455,6.828076,160.95740705477752,178.3008039284403
172.83,170.74,2.663273,1.558748,6.844015,2.678408,1.559031,6.83861,160.34737502487533,-178.92878650243816
172.84,170.75,2.642661,1.559756,6.855363,2.656345,1.561272,6.849157,155.60464534918142,-173.67819113959644
172.85,170.76,2.62413,1.560863,6.865377,2.636461,1.56366,6.860436,158.16415073811623,-167.22003674192592
172.86,170.77,2.607755,1.562963,6.874549,2.617027,1.565112,6.869035,149.26031726371238,-166.9507870241634
172.87,170.78,2.591101,1.564837,6.88405,2.597298,1.567803,6.875381,125.55892900738165,-154.42335216820396
172.88,170.79,2.574606,1.567469,6.89279,2.57673,1.571621,6.880259,99.6201797963965,-117.092500300086
172.89,170.8,2.557673,1.570263,6.901021,2.556458,1.575764,6.88571,85.46281776373714,-77.54510236031844
172.9,170.81,2.538864,1.571938,6.908613,2.535058,1.579178,6.891606,77.38560973689533,-62.26951677648374
172.91,170.82,2.517015,1.572764,6.915151,2.511767,1.581205,6.89726,73.6519070864599,-58.12965586523018
172.92,170.83,2.493212,1.573283,6.919618,2.490556,1.580447,6.903761,80.49139498867534,-69.65811080212762
172.93,170.84,2.468658,1.572906,6.923565,2.469206,1.579143,6.909781,92.27666574806224,-95.02127032974967
172.94,170.85,2.444826,1.572867,6.927449,2.44763,1.578158,6.914257,101.9998081766477,-117.92164522702741
172.95,170.86,2.42223,1.572998,6.930629,2.426698,1.577518,6.918908,110.8666536041497,-134.66851943775177
172.96,170.87,2.390612,1.577608,6.925724,2.405445,1.578362,6.922627,168.20657031509143,-177.09001108823034
172.97,170.88,2.369605,1.579712,6.928912,2.384103,1.580988,6.925425,166.47631916455714,-174.97023621572188
172.98,170.89,2.348401,1.58122,6.931746,2.361647,1.583912,6.927866,163.67370984048307,-168.51216703828052
172.99,170.9,2.327587,1.580835,6.935352,2.339487,1.584887,6.931022,160.0052967073396,-161.19607560879072
173.0,170.91,2.305236,1.579714,6.938347,2.316513,1.58403,6.934443,160.904588472762,-159.0568570457281
173.01,170.92,2.281811,1.577295,6.941054,2.293531,1.581678,6.937047,161.12473943174302,-159.49540408173758
173.02,170.93,2.25871,1.574519,6.943386,2.272093,1.578611,6.939829,165.1157578191015,-162.99840927804956
173.03,170.94,2.236812,1.572112,6.944914,2.249051,1.57664,6.941169,162.9864628930983,-159.69729692017853
173.04,170.95,2.217083,1.56998,6.945476,2.22721,1.574632,6.942613,164.21389365848495,-155.3275560174213
173.05,170.96,2.194155,1.570411,6.945091,2.207184,1.57288,6.944478,177.30628354861912,-169.26966607623132
173.06,170.97,2.173036,1.570143,6.944777,2.186893,1.572222,6.946225,-174.0344751031448,-171.46741468691644
173.07,170.98,2.150535,1.568428,6.943897,2.16463,1.571478,6.945601,-173.10674037143434,-167.79008544293956
173.08,170.99,2.127171,1.565898,6.943575,2.140935,1.569169,6.944728,-175.2115550922,-166.63170388121654
173.09,171.0,2.103577,1.560926,6.942929,2.117072,1.565319,6.943947,-175.68604348774141,-161.96848196970666
173.1,171.01,2.079293,1.555128,6.942591,2.093492,1.559699,6.943007,-178.32183758867419,-162.1553828320138
173.11,171.02,2.057928,1.549321,6.941767,2.069452,1.552994,6.942096,-178.364700396121,-162.3215601904527
173.12,171.03,2.03763,1.544538,6.940448,2.04636,1.546831,6.939748,175.41564472618882,-165.28325391911727
173.13,171.04,2.016788,1.541481,6.938528,2.026595,1.540908,6.938449,179.53846551656036,176.65614365268522
173.14,171.05,1.995095,1.53444,6.93783,2.007939,1.5362,6.937462,178.35883835873642,-172.1974128252114
173.15,171.06,1.976346,1.527324,6.937584,1.99045,1.531785,6.936537,175.75447742798517,-162.44818857407088
173.16,171.07,1.952972,1.523544,6.936473,1.972046,1.527364,6.935478,177.01385795369677,-168.67504897337167
173.17,171.08,1.929831,1.519666,6.935691,1.951902,1.522855,6.934169,176.0551701417417,-171.77833261061244
173.18,171.09,1.905668,1.514381,6.934673,1.930152,1.518153,6.932639,175.25107724420246,-171.241880455406
173.19,171.1,1.88045,1.507649,6.93362,1.906929,1.513149,6.930913,174.16281945929344,-168.26584676446905
173.2,171.11,1.854645,1.500092,6.931702,1.882367,1.507737,6.92902,174.47404510811108,-164.58254103907052
173.21,171.12,1.832087,1.492617,6.929275,1.8566,1.501808,6.926987,174.667563057128,-159.44677247545965
173.22,171.13,1.81058,1.48471,6.925182,1.829761,1.495255,6.924838,178.97254390327384,-151.1996421244007
173.23,171.14,1.77919,1.47293,6.924481,1.801983,1.487972,6.922604,175.2923240011651,-146.57760527325888
173.24,171.15,1.754796,1.465018,6.921848,1.773401,1.47985,6.92031,175.27433493672262,-141.43797051109124
173.25,171.16,1.729797,1.458155,6.918739,1.744148,1.470783,6.917984,176.98846979099275,-138.65420286979705
173.26,171.17,1.705045,1.451978,6.915671,1.714357,1.460662,6.915654,179.8954008623689,-136.9986193763281
173.27,171.18,1.679991,1.445252,6.912888,1.684162,1.44938,6.913344,-173.76084294939315,-135.2968666673248
173.28,171.19,1.641125,1.430791,6.906415,1.653697,1.436831,6.911084,-159.6259677630337,-154.33884777284894
173.29,171.2,1.626845,1.427559,6.908815,1.623142,1.423612,6.908857,-0.6498297479189432,46.826853899689105
173.3,171.21,1.600523,1.417528,6.904982,1.596556,1.413225,6.905396,-5.957876550091945,47.32657795142255
173.31,171.22,1.573963,1.407874,6.900636,1.574401,1.406229,6.900435,155.34941527731158,104.90973640590218
173.32,171.23,1.534423,1.39123,6.891589,1.551412,1.399216,6.895428,-167.2667425040251,-154.8232436412883
173.33,171.24,1.499022,1.376356,6.883306,1.52625,1.391058,6.890882,-164.45114689568715,-151.63277846081058
173.34,171.25,1.480317,1.373945,6.88154,1.499159,1.382796,6.886156,-166.2345312297511,-154.83828237683724
173.35,171.26,1.45762,1.368889,6.878505,1.471004,1.374347,6.881182,-168.689244275271,-157.8143473802383
173.36,171.27,1.429908,1.360102,6.873282,1.442646,1.36563,6.875897,-168.3988600539264,-156.54026173707206
173.37,171.28,1.401636,1.349917,6.866396,1.414948,1.356564,6.870237,-163.9052102908249,-153.46594650650852
173.38,171.29,1.377259,1.340668,6.858372,1.388775,1.347068,6.864136,-153.41107226665156,-150.93694793726863
173.39,171.3,1.356313,1.332665,6.849954,1.36365,1.33733,6.857793,-133.10542978016775,-147.5510463267835
173.4,171.31,1.329193,1.323063,6.843109,1.338064,1.328206,6.850252,-141.15870504272945,-149.89680383485785
173.41,171.32,1.30312,1.315657,6.835072,1.312407,1.320168,6.842868,-139.98812094829398,-154.0926362691103
173.42,171.33,1.275916,1.307582,6.826723,1.286241,1.312018,6.834754,-142.12347967165476,-156.74985983476142
173.43,171.34,1.247194,1.298576,6.817696,1.259309,1.303694,6.825367,-147.65874517701005,-157.09829986488432
173.44,171.35,1.218072,1.289257,6.807903,1.231987,1.295268,6.814995,-152.99361499701638,-156.63662712394142
173.45,171.36,1.189666,1.280242,6.797258,1.204655,1.286817,6.80392,-156.03680169538123,-156.3151002071452
173.46,171.37,1.163092,1.272148,6.785673,1.177691,1.278416,6.79243,-155.16341665967582,-156.7640005758968
173.47,171.38,1.139467,1.265591,6.773064,1.151472,1.270138,6.78081,-147.16863187406938,-159.25537424490784
173.48,171.39,1.117689,1.260008,6.759912,1.125753,1.261947,6.76922,-130.9040702985878,-166.47981510445695
173.49,171.4,1.091289,1.253501,6.745745,1.099949,1.256044,6.754811,-133.6879149285109,-163.63517851137863
173.5,171.41,1.066311,1.247113,6.730456,1.075129,1.250299,6.739116,-135.51793606690583,-160.13488684312384
173.51,171.42,1.041845,1.239974,6.714591,1.050131,1.243009,6.723373,-133.33543995474045,-159.8832039383418
173.52,171.43,1.021842,1.232752,6.699127,1.024664,1.233945,6.707773,-108.07635683214474,-157.08379757585712
173.53,171.44,1.00176,1.226255,6.680818,0.999876,1.225469,6.691721,-80.19630107642755,22.645773053678298
173.54,171.45,0.980721,1.219792,6.662418,0.975244,1.217466,6.675164,-66.74663705236487,23.010205572368545
173.55,171.46,0.95803,1.213463,6.643784,0.950939,1.210374,6.657625,-62.873098118257765,23.53903066766808
173.56,171.47,0.934077,1.207367,6.62483,0.926981,1.204148,6.639146,-63.633802610799705,24.400747596485974
173.57,171.48,0.909254,1.201605,6.605476,0.903391,1.198737,6.61977,-67.69792976643049,26.06646406417861
173.58,171.49,0.883951,1.196277,6.58564,0.880186,1.194095,6.599539,-74.84329158012518,30.094370928594135
173.59,171.5,0.85856,1.191482,6.56524,0.857389,1.190173,6.578496,-84.951746405057,48.18494832785502
173.6,171.51,0.833473,1.187321,6.544191,0.835018,1.186922,6.556682,-97.05104846634724,165.51961209896044
173.61,171.52,0.809079,1.183894,6.522413,0.813093,1.184296,6.53414,-108.89541015700846,-174.280927392455
173.62,171.53,0.785771,1.181301,6.499822,0.791635,1.182244,6.510911,-117.87043838374143,-170.86438088555838
173.63,171.54,0.763939,1.179641,6.476336,0.770663,1.18072,6.48704,-122.13606801841618,-170.8834704908746
173.64,171.55,0.742976,1.178482,6.452375,0.74994,1.179444,6.462861,-123.58907476138332,-172.13499390922289
173.65,171.56,0.726776,1.177951,6.427129,0.730631,1.177733,6.438154,-109.27268280996437,176.76337457655615
173.66,171.57,0.700221,1.171801,6.403424,0.708815,1.174029,6.413498,-130.46706877253263,-165.46600766512154
173.67,171.58,0.678795,1.166937,6.378762,0.686688,1.16918,6.388926,-127.83163900210663,-164.13613042232296
173.68,171.59,0.658587,1.162544,6.354037,0.665042,1.16415,6.365054,-120.36657836026453,-166.02851874342366
173.69,171.6,0.63975,1.159573,6.329581,0.646328,1.160722,6.340573,-120.8977882500056,-170.09192598751508
173.7,171.61,0.622271,1.15815,6.303745,0.628231,1.158906,6.314917,-118.07887501864819,-172.77088704837595
173.71,171.62,0.602743,1.157308,6.277392,0.610606,1.15876,6.288299,-125.78833036740554,-169.53748911090568
173.72,171.63,0.587081,1.157489,6.250046,0.593182,1.158716,6.261005,-119.1051842406939,-168.62867663482965
173.73,171.64,0.572207,1.156368,6.221808,0.576567,1.1573,6.233477,-110.4876770545157,-167.93396440915407
173.74,171.65,0.551944,1.152484,6.194572,0.558236,1.154175,6.205381,-120.20400596043687,-164.95698693588926
173.75,171.66,0.533808,1.148433,6.166547,0.537804,1.149855,6.177492,-110.05704790287551,-160.41160072597216
173.76,171.67,0.517009,1.144475,6.138872,0.520202,1.146061,6.150455,-105.41154074448833,-153.5858781489008
173.77,171.68,0.501377,1.142001,6.111048,0.506955,1.143606,6.122668,-115.64260879041747,-163.9474864990229
173.78,171.69,0.482784,1.139242,6.082571,0.493989,1.142409,6.094156,-134.0447398499635,-164.217496732703
173.79,171.7,0.468149,1.138636,6.053748,0.482012,1.142398,6.065434,-139.87034107419097,-164.81729729681925
173.8,171.71,0.459072,1.140139,6.024291,0.470678,1.143062,6.036167,-134.34123248544603,-165.8639038145917
173.81,171.72,0.452018,1.140462,5.994288,0.457989,1.141846,6.006166,-116.68840449975859,-166.9500317538092
173.82,171.73,0.444797,1.139099,5.964043,0.443955,1.13884,5.975734,-85.88060115646437,17.097947148039573
173.83,171.74,0.437668,1.136995,5.93388,0.434022,1.135972,5.945311,-72.30954179514742,15.673134923606254
173.84,171.75,0.431367,1.134582,5.904481,0.421956,1.131704,5.91603,-50.8242439504607,17.004279032039893
173.85,171.76,0.424452,1.131675,5.874314,0.410546,1.127658,5.885151,-37.92942535682524,16.112319626863368
173.86,171.77,0.415893,1.128747,5.840421,0.400624,1.12448,5.854706,-43.093042303060045,15.613291902175852
173.87,171.78,0.406219,1.126638,5.808675,0.391553,1.122605,5.824357,-46.91745019267187,15.375706442102317
173.88,171.79,0.397076,1.125366,5.782804,0.381845,1.121163,5.793672,-35.509556205352254,15.426862407043457
173.89,171.8,0.38512,1.124076,5.758378,0.372112,1.119349,5.762794,-18.751496870194895,19.970727498642205
173.9,171.81,0.373912,1.122866,5.735479,0.362782,1.116803,5.731546,19.46184302108433,28.57907124523691
173.91,171.82,0.364621,1.119584,5.705573,0.354532,1.113546,5.699948,29.141323844441665,30.899406509939272
173.92,171.83,0.358226,1.11324,5.666129,0.348039,1.109597,5.66802,-10.516046384547678,19.677692399782703
173.93,171.84,0.353314,1.105461,5.623864,0.343978,1.104977,5.635786,-51.9358563392504,2.9676899741306255
173.94,171.85,0.348475,1.097873,5.585492,0.343027,1.099705,5.603264,-72.95709858285643,-18.586257748058408
173.95,171.86,0.342298,1.092102,5.557727,0.345862,1.093802,5.570479,-105.61491100470532,-154.49922466198873
