Time (Seconds),Unnamed: 1,X1,Y1,Z1,X2,Y2,Z2,Pxy,Pxz
27.51,25.42,4.139847,1.179071,6.052868,4.143434,1.17693,6.039319,104.82845589129694,149.16796848639274
27.52,25.43,4.13177,1.190096,6.081241,4.135211,1.187943,6.067683,104.24089521805631,147.96618810464818
27.53,25.44,4.121688,1.201689,6.117027,4.127079,1.19826,6.096653,104.82091453414256,147.54118795518283
27.54,25.45,4.112237,1.212556,6.150577,4.11891,1.207489,6.126438,105.4529607964057,142.78955665201863
27.55,25.46,4.105124,1.216877,6.157639,4.110372,1.216089,6.156446,167.19290267260422,171.46069266158997
27.56,25.47,4.096478,1.225065,6.187922,4.101133,1.224512,6.186081,158.42176172796113,173.22518501773783
27.57,25.48,4.08827,1.233508,6.216541,4.090862,1.233216,6.214753,145.40151315376445,173.57248198545156
27.58,25.49,4.076437,1.243196,6.242216,4.079228,1.242656,6.241867,172.87245704795475,169.0497672457112
27.59,25.5,4.05847,1.254537,6.279425,4.0659,1.253288,6.266829,120.53507088394164,170.45766453606447
27.6,25.51,4.046491,1.265639,6.303278,4.051614,1.264667,6.290518,111.87491914341972,169.2568218996789
27.61,25.52,4.032018,1.275629,6.328095,4.037104,1.274898,6.315035,111.27759951128307,171.82101181935562
27.62,25.53,4.017348,1.284366,6.353865,4.022885,1.283886,6.341054,113.37432404471419,175.0454415747167
27.63,25.54,4.003001,1.291915,6.379966,4.010102,1.291566,6.36759,119.84598904728026,177.18629068136718
27.64,25.55,3.988219,1.300296,6.405008,3.995914,1.299788,6.392823,122.2729905445514,176.2229912544337
27.65,25.56,3.973306,1.309008,6.427544,3.98214,1.30812,6.416327,128.22236306064906,174.25986898622696
27.66,25.57,3.957168,1.318785,6.447859,3.96834,1.316205,6.438155,139.02241690718844,166.99639422486376
27.67,25.58,3.94148,1.328418,6.467207,3.952255,1.325907,6.458095,139.78009318268388,166.88194796272145
27.68,25.59,3.923783,1.337801,6.486967,3.934157,1.335705,6.476845,135.70442081138046,168.57752731885063
27.69,25.6,3.906705,1.345336,6.507555,3.915507,1.3439,6.496574,128.71448888332296,170.73412693716938
27.7,25.61,3.888924,1.351652,6.528998,3.89694,1.350982,6.517708,125.37508924782728,175.22216183717654
27.71,25.62,3.869676,1.357342,6.550112,3.87928,1.357355,6.539553,132.28827021448112,-179.9224443274926
27.72,25.63,3.850464,1.363222,6.570374,3.860985,1.363691,6.56036,136.4143199353829,-177.44758650668945
27.73,25.64,3.832003,1.369579,6.588125,3.842672,1.370172,6.578985,139.41374559077545,-176.81868272101445
27.74,25.65,3.813071,1.376885,6.604274,3.824971,1.37641,6.596062,145.391062757243,177.71419705354228
27.75,25.66,3.794674,1.383904,6.61926,3.807479,1.383081,6.612032,150.55670572106828,176.3225570054203
27.76,25.67,3.777647,1.390286,6.633985,3.790178,1.389544,6.627025,150.95121947127907,176.6112931293997
27.77,25.68,3.761319,1.394786,6.648655,3.768761,1.395895,6.640439,132.1700813719013,-171.52420807844655
27.78,25.69,3.733365,1.400804,6.660766,3.746332,1.400884,6.654443,154.0050991204753,-179.6465177599541
27.79,25.7,3.711189,1.404447,6.676525,3.725095,1.404371,6.669878,154.4524284640443,179.68686639659734
27.8,25.71,3.690497,1.406708,6.692351,3.70345,1.407763,6.685471,152.0249457835645,-175.3436337678029
27.81,25.72,3.669345,1.409297,6.706935,3.6827,1.410391,6.70026,153.44352988913406,-175.3169645128319
27.82,25.73,3.650016,1.411507,6.720332,3.662826,1.412525,6.713954,153.53164140234927,-175.45630121831385
27.83,25.74,3.632208,1.413673,6.733068,3.642071,1.415411,6.726095,144.74023538346452,-170.00627081872972
27.84,25.75,3.615344,1.4161,6.74506,3.621528,1.418719,6.737152,128.0251557155235,-157.04674527726374
27.85,25.76,3.599119,1.417988,6.755434,3.602677,1.421,6.747208,113.38997865742651,-139.75065043265042
27.86,25.77,3.582269,1.417862,6.767294,3.58197,1.422796,6.757084,88.32257167318413,-86.53212134553408
27.87,25.78,3.565014,1.41648,6.780628,3.558453,1.423651,6.766654,64.84924912302212,-47.54350884891146
27.88,25.79,3.547823,1.413907,6.794446,3.533485,1.42361,6.776008,52.1301799140388,-34.087515052425054
27.89,25.8,3.51034,1.416065,6.797835,3.50842,1.422715,6.785234,81.33654170941335,-73.89541798095021
27.9,25.81,3.470089,1.41861,6.798356,3.484615,1.421009,6.794419,164.83536739716138,-170.62212910590088
27.91,25.82,3.447362,1.416813,6.806438,3.461892,1.418911,6.803612,168.9937150065245,-171.78379508269293
27.92,25.83,3.420388,1.41694,6.81046,3.440528,1.417949,6.811877,-175.9754443465886,-177.1319192412161
27.93,25.84,3.397176,1.416696,6.815112,3.417726,1.41633,6.81796,-172.10970598130768,178.97965749676754
27.94,25.85,3.375865,1.414261,6.820945,3.393984,1.414984,6.822149,-176.1983082688348,-177.7149465485094
27.95,25.86,3.355363,1.410273,6.827409,3.370089,1.412696,6.826129,175.03227402129735,-170.65633509321304
27.96,25.87,3.331097,1.406274,6.83222,3.345779,1.409094,6.830454,173.14122338360363,-169.12750023991862
27.97,25.88,3.306459,1.401007,6.837272,3.321019,1.404328,6.835343,172.45304767858048,-167.15117953475274
27.98,25.89,3.281942,1.395162,6.842214,3.296352,1.398676,6.84076,174.23823376278438,-166.2954188829185
27.99,25.9,3.257869,1.389299,6.846105,3.272249,1.39318,6.845973,179.4740729845921,-164.89636693232373
28.0,25.91,3.234896,1.383409,6.849149,3.248553,1.387214,6.85006,-176.18369755650227,-164.43154092657457
28.01,25.92,3.209863,1.377379,6.851183,3.224405,1.381219,6.852201,-175.99559181083947,-165.20796326028525
28.02,25.93,3.185411,1.371786,6.852186,3.199889,1.375568,6.853271,-175.71419169200038,-165.36011794882316
28.03,25.94,3.161188,1.366005,6.851992,3.175403,1.370214,6.852611,-177.50659895321698,-163.50620632610034
28.04,25.95,3.136682,1.359197,6.850422,3.150992,1.363808,6.851298,-176.4969567977922,-162.1399059293213
28.05,25.96,3.11176,1.35106,6.849329,3.126037,1.355702,6.849976,-177.4052655622463,-161.9886699110692
28.06,25.97,3.086647,1.341734,6.848351,3.100863,1.346515,6.849316,-176.11664760607243,-161.41163139999574
28.07,25.98,3.062132,1.331969,6.8468,3.075898,1.337269,6.849071,-170.63219511738316,-158.9429681751408
28.08,25.99,3.037278,1.321947,6.84493,3.050708,1.327518,6.847787,-167.99034526904683,-157.47046718511388
28.09,26.0,3.012304,1.312298,6.842543,3.025748,1.317626,6.845508,-167.56282862480836,-158.38105115987452
28.1,26.01,2.987498,1.302687,6.83903,3.000898,1.308145,6.842547,-165.29369620258265,-157.83827219834055
28.11,26.02,2.962608,1.293309,6.833723,2.975637,1.299095,6.837276,-164.74636971163721,-156.0546501776438
28.12,26.03,2.93819,1.283494,6.826921,2.951094,1.289789,6.830575,-164.18957485691143,-153.99534196627948
28.13,26.04,2.914069,1.272456,6.819641,2.926764,1.278823,6.823609,-162.64263465180275,-153.36458530377143
28.14,26.05,2.889324,1.260291,6.812643,2.901717,1.266681,6.816694,-161.89856637894582,-152.72375021321847
28.15,26.06,2.864243,1.247545,6.805662,2.876387,1.254128,6.810109,-159.88782186800108,-151.53883568582103
28.16,26.07,2.839912,1.234812,6.798057,2.8514,1.241401,6.803712,-153.79115424217034,-150.1633570996411
28.17,26.08,2.815312,1.221837,6.789377,2.826567,1.228366,6.795719,-150.59948445427815,-149.88207684027134
28.18,26.09,2.790855,1.209704,6.77974,2.802402,1.215796,6.786343,-150.23748775347684,-152.18463641362408
28.19,26.1,2.766815,1.197987,6.768657,2.777908,1.204126,6.775322,-149.00131628092583,-151.0393290807608
28.2,26.11,2.743141,1.186052,6.755898,2.754167,1.192225,6.762639,-148.55950565129265,-150.75734518567015
28.21,26.12,2.719579,1.17257,6.742576,2.730547,1.178841,6.749253,-148.66815848432975,-150.24105631881372
28.22,26.13,2.695588,1.157488,6.729255,2.70634,1.164085,6.73594,-148.12893238602456,-148.46837551785939
28.23,26.14,2.671587,1.142096,6.715988,2.68211,1.148454,6.723046,-146.14940187125515,-148.85961487552402
28.24,26.15,2.649002,1.126912,6.702621,2.658741,1.132902,6.710454,-141.19055736384465,-148.4062860082507
28.25,26.16,2.625301,1.111889,6.687401,2.634968,1.117477,6.695801,-139.01146284541585,-149.96998193145114
28.26,26.17,2.602505,1.097598,6.671316,2.611975,1.102956,6.679883,-137.866049159292,-150.4993959847225
28.27,26.18,2.579792,1.084372,6.653633,2.589346,1.089725,6.662248,-137.95849598300643,-150.7385748440986
28.28,26.19,2.55791,1.070693,6.634789,2.567267,1.076224,6.64343,-137.2781507350696,-149.41231563789543
28.29,26.2,2.535951,1.055361,6.615551,2.545375,1.061047,6.624087,-137.83058201977178,-148.8951871110175
28.3,26.21,2.514637,1.037965,6.596084,2.523342,1.044376,6.604156,-137.16075776341197,-143.62934622916427
28.31,26.22,2.492777,1.021157,6.575975,2.501277,1.02694,6.585038,-133.16395368012942,-145.77047215553915
28.32,26.23,2.471374,1.004902,6.555385,2.479482,1.01024,6.564935,-130.33143132642127,-146.64060730143123
28.33,26.24,2.450043,0.989818,6.533521,2.45842,0.995236,6.543161,-130.99009919339088,-147.10638601525514
28.34,26.25,2.429696,0.976579,6.510817,2.437983,0.981338,6.520547,-130.42089658711248,-150.1324139309573
28.35,26.26,2.410243,0.96336,6.486302,2.418488,0.968375,6.495955,-130.50191894265987,-148.69004961746575
28.36,26.27,2.391702,0.948932,6.461021,2.399853,0.954123,6.470648,-130.25396217371664,-147.5087993423821
28.37,26.28,2.372544,0.93327,6.435278,2.380615,0.938429,6.445042,-129.57740608354607,-147.41320154037342
28.38,26.29,2.353818,0.91769,6.409768,2.360973,0.922624,6.420019,-124.91429668806148,-145.41033118972584
28.39,26.3,2.335142,0.902816,6.382796,2.342108,0.907572,6.393662,-122.66321251012197,-145.67689733529264
28.4,26.31,2.317733,0.889471,6.355286,2.324369,0.894055,6.366051,-121.65143138637829,-145.36415326744347
28.41,26.32,2.301538,0.877972,6.326614,2.308033,0.882348,6.337635,-120.51209785780856,-146.0299184986383
28.42,26.33,2.286258,0.866873,6.296986,2.29289,0.871196,6.308038,-120.9668059641597,-146.90210026641589
28.43,26.34,2.270869,0.854317,6.267319,2.277706,0.85875,6.278091,-122.40334019926117,-147.04127843875872
28.44,26.35,2.255025,0.841045,6.23698,2.261586,0.845406,6.247979,-120.81644721169384,-146.38859939874828
28.45,26.36,2.240395,0.828315,6.205894,2.245394,0.832101,6.217796,-112.78306046549953,-142.8614789607294
28.46,26.37,2.226561,0.816169,6.174102,2.231505,0.820207,6.185951,-112.64835698741359,-140.75985211178457
28.47,26.38,2.214018,0.806271,6.142116,2.218768,0.809754,6.154216,-111.43308454900408,-143.74877700382163
28.48,26.39,2.202824,0.798125,6.109508,2.207371,0.801363,6.121544,-110.69572845592768,-144.54465224541576
28.49,26.4,2.19235,0.789508,6.075926,2.196884,0.792669,6.08802,-110.5508532211639,-145.11668258915117
28.5,26.41,2.18231,0.779019,6.041723,2.186852,0.782367,6.053925,-110.4169805669262,-143.60532229474768
28.51,26.42,2.172843,0.767215,6.007432,2.176374,0.770682,6.019898,-105.81479741844339,-135.523982232128
28.52,26.43,2.163444,0.75586,5.972872,2.166027,0.758905,5.985573,-101.49546167692355,-130.3071374944095
28.53,26.44,2.153884,0.745975,5.937779,2.156993,0.749236,5.950417,-103.82056182215868,-133.63307596154283
28.54,26.45,2.145586,0.738146,5.903336,2.148675,0.740934,5.91582,-103.89793426410682,-137.93193359440667
28.55,26.46,2.138623,0.732556,5.867939,2.141489,0.73517,5.880745,-102.61499804526916,-137.63291456439973
28.56,26.47,2.133001,0.72766,5.831903,2.135704,0.729999,5.844701,-101.92588154396094,-139.1292233237829
28.57,26.48,2.128105,0.720834,5.795362,2.130545,0.72324,5.80818,-100.77772484797966,-135.40198607916588
28.58,26.49,2.123159,0.712933,5.758293,2.1259,0.715351,5.771263,-101.9329553342489,-138.58255714176758
28.59,26.5,2.118037,0.704036,5.721573,2.120824,0.706795,5.734605,-102.07133538016681,-135.28926581246543
28.6,26.51,2.112971,0.695186,5.683661,2.114616,0.697512,5.696863,-97.10258114303394,-125.26881721003667
28.61,26.52,2.108801,0.687943,5.646626,2.110933,0.690751,5.659581,-99.34538049491647,-127.20792192178153
28.62,26.53,2.106346,0.683525,5.609692,2.10769,0.685838,5.622625,-95.93289301698276,-120.15931008755105
28.63,26.54,2.104887,0.681082,5.573111,2.106665,0.683224,5.586427,-97.60535307068119,-129.69489039378584
28.64,26.55,2.10467,0.678994,5.535883,2.105511,0.680442,5.548856,-93.70912044449885,-120.14806716428568
28.65,26.56,2.103441,0.676669,5.498541,2.104545,0.676566,5.510931,-95.09184257427933,174.66989913175658
28.66,26.57,2.101532,0.670251,5.458587,2.102691,0.671635,5.471863,-94.98929458396424,-129.9437406594109
28.67,26.58,2.100012,0.664041,5.419888,2.100988,0.666123,5.432662,-94.3692064589201,-115.1162450008219
28.68,26.59,2.099044,0.659047,5.380502,2.099828,0.660607,5.394066,-93.30801884991828,-116.68246039698391
28.69,26.6,2.099875,0.654917,5.342615,2.100856,0.657104,5.356039,-94.17963518862504,-114.15908066042999
28.7,26.61,2.101951,0.652767,5.305386,2.102468,0.654532,5.318744,-92.21643513548935,-106.32624953245035
28.71,26.62,2.105965,0.653177,5.269022,2.105695,0.654035,5.282317,-88.83657508485263,-72.53197674872324
28.72,26.63,2.111064,0.653581,5.231186,2.110474,0.654386,5.244603,-87.48209393356511,-53.7615933905265
28.73,26.64,2.116179,0.652335,5.19207,2.116881,0.654223,5.206126,-92.85915234851082,-110.39624334361262
28.74,26.65,2.12094,0.649704,5.152732,2.121738,0.651382,5.166644,-93.28292017214427,-115.43417881076428
28.75,26.66,2.125553,0.646081,5.113495,2.126124,0.647972,5.127469,-92.33989552530366,-106.80203924768385
28.76,26.67,2.130857,0.642035,5.074724,2.130309,0.644716,5.08861,-87.74004015947139,-78.44779483595778
28.77,26.68,2.136948,0.639535,5.036984,2.135783,0.641526,5.050291,-84.99663139396532,-59.666684593876994
28.78,26.69,2.144293,0.638828,5.000213,2.142114,0.640037,5.013558,-80.72645941922666,-29.023338865465593
28.79,26.7,2.152241,0.639111,4.963043,2.150329,0.64051,4.976493,-81.90926306456178,-36.19273127675766
28.8,26.71,2.16226,0.640379,4.925875,2.160593,0.64203,4.9395,-83.02460768209866,-44.72371146275608
28.81,26.72,2.173577,0.641791,4.888004,2.171864,0.644034,4.901783,-82.91337020539294,-52.630690377435116
28.82,26.73,2.185322,0.641756,4.849982,2.183624,0.643989,4.86336,-82.76642313477716,-52.75020577572103
28.83,26.74,2.19651,0.639862,4.811149,2.194796,0.642392,4.824844,-82.8662302294177,-55.883524125923095
28.84,26.75,2.208071,0.635746,4.772175,2.205325,0.638434,4.785691,-78.51571865115808,-44.388474599884745
28.85,26.76,2.21874,0.631078,4.733439,2.215537,0.634274,4.746971,-76.68327638438743,-44.93732297286845
28.86,26.77,2.229517,0.626437,4.695235,2.226134,0.629427,4.708496,-75.68858619041708,-41.47124370785858
28.87,26.78,2.24092,0.622393,4.656984,2.237424,0.62556,4.670525,-75.52356348793433,-42.17319313219263
28.88,26.79,2.252368,0.61958,4.619058,2.249159,0.622632,4.632729,-76.79008542890996,-43.56355971032398
28.89,26.8,2.264597,0.6178,4.581116,2.261893,0.620838,4.594828,-78.84443386872327,-48.32902315202542
28.9,26.81,2.277202,0.618153,4.543259,2.274693,0.620942,4.557164,-79.7716818132071,-48.02527494379736
28.91,26.82,2.290657,0.619543,4.504981,2.28856,0.621862,4.51905,-81.52241308633054,-47.87793569385243
28.92,26.83,2.304254,0.620486,4.466869,2.302605,0.621857,4.481011,-83.34917233242902,-39.74057501227336
28.93,26.84,2.318033,0.619306,4.427896,2.316832,0.620533,4.442113,-85.1713271855735,-45.61352278846427
28.94,26.85,2.332628,0.615749,4.388629,2.331258,0.618148,4.402506,-84.3617726936776,-60.270553295107995
28.95,26.86,2.346937,0.611472,4.349425,2.345626,0.614038,4.363294,-84.60002657667548,-62.936969176716445
28.96,26.87,2.360903,0.607146,4.310236,2.359637,0.60991,4.324216,-84.82552627955644,-65.39071240063534
28.97,26.88,2.374603,0.603226,4.271838,2.373933,0.605804,4.285724,-87.23761891468153,-75.43161289076689
28.98,26.89,2.388277,0.600963,4.234325,2.387311,0.602967,4.248451,-86.08794510682955,-64.26426286231421
28.99,26.9,2.402661,0.600027,4.1966,2.401625,0.602354,4.210935,-85.86638254350163,-66.00096889810736
29.0,26.91,2.416791,0.601587,4.15914,2.415677,0.60321,4.173589,-85.59128802580378,-55.53494876386783
29.01,26.92,2.431357,0.604309,4.121474,2.430318,0.605572,4.136109,-85.93914575497246,-50.557765315044726
29.02,26.93,2.445996,0.606995,4.084169,2.445576,0.60695,4.097989,-88.25927475041874,6.11550356627899
29.03,26.94,2.461867,0.60743,4.046295,2.460784,0.607544,4.060239,-85.55887777230495,-6.009005957492079
29.04,26.95,2.477794,0.606506,4.007476,2.476337,0.606843,4.021094,-83.89311289883942,-13.023333599615434
29.05,26.96,2.493921,0.604276,3.968652,2.492249,0.605589,3.982412,-83.07186149436235,-38.1420893972925
29.06,26.97,2.51022,0.601706,3.930253,2.508205,0.603907,3.944157,-81.7539716523953,-47.526116911618246
29.07,26.98,2.525957,0.599787,3.892501,2.523971,0.601795,3.906102,-81.69245714603099,-45.315596995790656
29.08,26.99,2.540114,0.600168,3.855227,2.538807,0.600738,3.869387,-84.72641266787411,-23.562653095895175
29.09,27.0,2.554173,0.601226,3.818447,2.552998,0.601374,3.832353,-85.17021385987834,-7.179023665917433
29.1,27.01,2.567311,0.603983,3.781954,2.566356,0.604265,3.795231,-85.8858630600168,-16.451235963954492
29.11,27.02,2.579917,0.608445,3.743701,2.579036,0.608339,3.757751,-86.41198716814877,6.860724021032626
29.12,27.03,2.591978,0.611711,3.705512,2.591259,0.611369,3.719019,-86.95292658005931,25.43859393018383
29.13,27.04,2.604151,0.612923,3.666855,2.603276,0.613665,3.680335,-86.28608511158274,-40.297944576693055
29.14,27.05,2.616256,0.613529,3.628259,2.616158,0.614533,3.641787,-89.58494321610387,-84.42504467464879
29.15,27.06,2.629349,0.613623,3.589145,2.628912,0.614846,3.602916,-88.18242276040571,-70.33727309132247
29.16,27.07,2.641961,0.614557,3.550814,2.641948,0.616025,3.565066,-89.94773751564195,-89.49262556950713
29.17,27.08,2.653159,0.617209,3.513449,2.653586,0.618656,3.527625,-91.72530352705643,-106.44097664504895
29.18,27.09,2.662609,0.620718,3.478707,2.66385,0.622977,3.49023,-96.14692813894415,-118.78255051285635
29.19,27.1,2.669372,0.626522,3.444353,2.671553,0.628773,3.453726,-103.09904072456925,-134.09513287100242
29.2,27.11,2.674626,0.633122,3.408542,2.677474,0.635929,3.417157,-108.2931723602789,-135.41539978782902
29.21,27.12,2.680513,0.638771,3.37027,2.683623,0.641297,3.378959,-109.69349794201331,-140.9158524978892
29.22,27.13,2.688368,0.643038,3.328891,2.690443,0.645514,3.340046,-100.53745191862285,-129.96453008222616
29.23,27.14,2.696462,0.647034,3.287426,2.698049,0.648425,3.300937,-96.69925659685508,-138.7655472387675
29.24,27.15,2.703609,0.649889,3.248936,2.704677,0.651654,3.262681,-94.44301121784588,-121.1780967141835
29.25,27.16,2.708851,0.65461,3.211451,2.710579,0.65629,3.225236,-97.14496613204822,-135.80692945510134
29.26,27.17,2.712624,0.660003,3.175671,2.715068,0.661891,3.188846,-100.50907318263319,-142.31376695609325
29.27,27.18,2.713861,0.668462,3.139956,2.717263,0.669368,3.152663,-104.98809204059418,-165.08745287700862
29.28,27.19,2.713301,0.67758,3.103753,2.716474,0.678192,3.116658,-103.81351539019622,-169.08299837409885
29.29,27.2,2.712066,0.684458,3.066187,2.714515,0.686442,3.079058,-100.773046835445,-140.98814837577484
29.3,27.21,2.711476,0.690091,3.02739,2.71359,0.692598,3.040477,-99.17597359326054,-130.13889042847083
29.31,27.22,2.71204,0.694983,2.987963,2.714661,0.697099,3.001596,-100.88256533160772,-141.08517952870363
29.32,27.23,2.712369,0.699066,2.949494,2.714992,0.701957,2.962873,-101.09234835080161,-132.21741118248485
29.33,27.24,2.711571,0.704354,2.911951,2.714625,0.707093,2.925215,-102.96622037059088,-138.11244848669628
29.34,27.25,2.709147,0.710546,2.875982,2.713189,0.713202,2.889001,-107.24796510795053,-146.69106634206082
29.35,27.26,2.705194,0.718125,2.840625,2.709738,0.719993,2.85363,-109.25962278101765,-157.65285042483046
29.36,27.27,2.69964,0.726956,2.805537,2.704726,0.728457,2.81838,-111.6042290428702,-163.55741198546767
29.37,27.28,2.692653,0.73571,2.769469,2.697783,0.737597,2.782168,-111.99717221772852,-159.8046480557399
29.38,27.29,2.685066,0.743162,2.732094,2.690497,0.745173,2.7451,-112.66426887902306,-159.68133008807646
29.39,27.3,2.676916,0.748601,2.69388,2.682399,0.750747,2.707425,-112.03804420272333,-158.62504379741804
29.4,27.31,2.66925,0.751592,2.656077,2.675156,0.754115,2.669299,-114.06934948473048,-156.86818092741402
29.41,27.32,2.662074,0.753856,2.617665,2.668159,0.756727,2.630854,-114.76715094742609,-154.74131454086594
29.42,27.33,2.655268,0.756147,2.579055,2.661499,0.759853,2.592301,-115.1925822974673,-149.25716854483852
29.43,27.34,2.647669,0.759734,2.543263,2.65447,0.763502,2.555778,-118.52089043924344,-151.01196144324427
29.44,27.35,2.63918,0.76578,2.507841,2.646572,0.76794,2.520711,-119.87129207807146,-163.71122596994067
29.45,27.36,2.629899,0.77309,2.472542,2.637719,0.775313,2.484966,-122.18741580320801,-164.13108103439072
29.46,27.37,2.619308,0.782182,2.437626,2.62736,0.78379,2.45001,-123.0316727227282,-168.70648935972707
29.47,27.38,2.60781,0.790832,2.402171,2.615644,0.792202,2.414558,-122.31078431600596,-170.08049621687036
29.48,27.39,2.595896,0.79745,2.366541,2.603531,0.798917,2.378813,-121.88772513653771,-169.1236583066939
29.49,27.4,2.584285,0.802187,2.329847,2.591798,0.803571,2.341799,-122.15337507119116,-169.5623305456517
29.5,27.41,2.572679,0.805365,2.292599,2.580927,0.806437,2.304461,-124.81203336829019,-172.59472736081747
29.51,27.42,2.561504,0.808794,2.256126,2.570204,0.809282,2.268019,-126.1863190734201,-176.78953198914286
29.52,27.43,2.550221,0.812668,2.221326,2.559781,0.812747,2.231823,-132.32526597059794,-179.5265414691416
29.53,27.44,2.538349,0.81783,2.186033,2.548254,0.817557,2.197597,-130.581295121702,178.42122273249066
29.54,27.45,2.5266,0.82438,2.15131,2.535676,0.824032,2.162512,-129.01482229817992,177.80419032276743
29.55,27.46,2.513909,0.833006,2.117398,2.523228,0.8325,2.128471,-130.08385385578197,176.89202454194043
29.56,27.47,2.499816,0.842511,2.083241,2.50884,0.841894,2.094372,-129.0319873507262,176.08859023160147
29.57,27.48,2.484696,0.850187,2.048135,2.493786,0.850282,2.059053,-129.77975241509193,-179.40122102378962
29.58,27.49,2.469248,0.855533,2.01191,2.478091,0.856344,2.023322,-127.77160638709852,-174.76000739319161
29.59,27.5,2.453907,0.859842,1.975691,2.463242,0.861077,1.987083,-129.3323799892205,-172.46365962563223
29.6,27.51,2.439409,0.863926,1.940121,2.448632,0.865251,1.951114,-129.99626150699498,-171.82467741823774
29.61,27.52,2.424804,0.868725,1.905454,2.434637,0.87035,1.915573,-134.17875547646858,-170.61612238772508
29.62,27.53,2.409989,0.875012,1.871974,2.420138,0.876408,1.881667,-136.31651432630755,-172.16808389715905
29.63,27.54,2.394947,0.882852,1.839331,2.40498,0.883718,1.849419,-134.84338452240527,-175.0667328309627
29.64,27.55,2.379188,0.892763,1.807766,2.389535,0.893164,1.817717,-136.11765941226807,-177.7806016153438
29.65,27.56,2.361965,0.903725,1.776762,2.372248,0.903479,1.786345,-137.0180438584511,178.62957562672824
29.66,27.57,2.343663,0.913177,1.744996,2.353965,0.913057,1.75506,-135.66953622798815,179.332636128065
29.67,27.58,2.32501,0.920598,1.712543,2.335224,0.920781,1.722261,-136.42548880102547,-178.97356511217805
29.68,27.59,2.306681,0.926321,1.679407,2.317305,0.92678,1.689133,-137.52669545066368,-177.52612781592276
29.69,27.6,2.288954,0.932038,1.646466,2.299735,0.932289,1.655337,-140.55120600497045,-178.66629782841758
29.7,27.61,2.271215,0.938992,1.615617,2.282866,0.938181,1.623528,-145.82359297843288,176.01819183918246
29.71,27.62,2.253384,0.946813,1.585623,2.265133,0.945485,1.592412,-149.97911396588205,173.55117709750493
29.72,27.63,2.234587,0.955752,1.555977,2.246564,0.95454,1.562947,-149.802788950218,174.22168362553347
29.73,27.64,2.215606,0.966219,1.527396,2.227424,0.965084,1.534654,-148.44392098488433,174.5141421204208
29.74,27.65,2.195256,0.978011,1.498997,2.207074,0.976466,1.506419,-147.87014987739872,172.5518042740959
29.75,27.66,2.173694,0.988195,1.470408,2.185519,0.987212,1.47798,-147.36700958228576,175.2479872475173
29.76,27.67,2.151777,0.996441,1.440972,2.163504,0.996182,1.448679,-146.68702940230816,178.73478342549052
29.77,27.68,2.130381,1.002896,1.410914,2.142153,1.003126,1.419044,-145.37019533088528,-178.88070397044407
29.78,27.69,2.109202,1.008698,1.380765,2.120624,1.009693,1.388673,-145.30328142366415,-175.02138446100832
29.79,27.7,2.088099,1.014852,1.351476,2.10003,1.016183,1.358482,-149.57812707602008,-173.63450977890008
29.8,27.71,2.067253,1.022043,1.324073,2.079511,1.023224,1.33079,-151.2786390836164,-174.49680981744388
29.81,27.72,2.046011,1.03094,1.297743,2.058727,1.031592,1.304444,-152.21194023216123,-177.0647874751638
29.82,27.73,2.02544,1.041285,1.272717,2.037754,1.04128,1.279304,-151.85680021411912,179.976735513901
29.83,27.74,2.004866,1.051794,1.248415,2.015933,1.052617,1.254875,-149.72714884355346,-175.7470145877767
29.84,27.75,1.980505,1.063893,1.223428,1.992706,1.06353,1.230382,-150.31888017588963,178.29585816049214
29.85,27.76,1.956841,1.073197,1.197542,1.968996,1.072958,1.205026,-148.37882378294043,178.8735559889014
29.86,27.77,1.932406,1.080638,1.171706,1.944545,1.080548,1.178412,-151.08223360108616,179.5752100111836
29.87,27.78,1.908398,1.087233,1.14634,1.920585,1.087713,1.152494,-153.20785392587996,-177.7445009974156
29.88,27.79,1.884718,1.093895,1.120787,1.896974,1.094483,1.127283,-152.0752423894803,-177.25325510255777
29.89,27.8,1.861908,1.101292,1.096597,1.874438,1.102318,1.103099,-152.57454206819006,-175.31886574919656
29.9,27.81,1.839513,1.110734,1.073626,1.851815,1.111402,1.079962,-152.74980247716735,-176.89188501532777
29.91,27.82,1.817076,1.122865,1.052346,1.829558,1.122994,1.058259,-154.65204820952826,-179.40787594738075
29.92,27.83,1.793617,1.13589,1.031484,1.806563,1.135228,1.036909,-157.26395926341092,177.07270216972324
29.93,27.84,1.769667,1.147046,1.010246,1.782627,1.145709,1.015562,-157.6972880221997,174.10999849951432
29.94,27.85,1.744391,1.156368,0.988198,1.75795,1.155687,0.993118,-160.0562605855144,177.12473878317306
29.95,27.86,1.719168,1.163858,0.965522,1.7324,1.164158,0.969986,-161.35745868143147,-178.70119486349384
29.96,27.87,1.694998,1.171352,0.942868,1.707433,1.172698,0.948025,-157.47540693831533,-173.8221933290906
29.97,27.88,1.671886,1.179123,0.92178,1.684493,1.180546,0.926747,-158.49618134215933,-173.5600646445401
29.98,27.89,1.648414,1.190223,0.901934,1.662074,1.189775,0.906813,-160.3445816985402,178.12157305569477
29.99,27.9,1.626565,1.201787,0.883118,1.639775,1.201011,0.888114,-159.28346548062626,176.63811596109048
30.0,27.91,1.604323,1.21572,0.865293,1.61788,1.213284,0.869824,-161.5194193991396,169.81346619552696
30.01,27.92,1.581247,1.228722,0.846971,1.59517,1.225648,0.851126,-163.3834728430087,167.54964677235716
30.02,27.93,1.557405,1.239317,0.827663,1.571144,1.237339,0.831691,-163.65991817688894,171.8074362753102
30.03,27.94,1.53228,1.248508,0.808009,1.546233,1.246812,0.812043,-163.8747070290336,173.06964293666107
30.04,27.95,1.508015,1.257712,0.788877,1.521743,1.255856,0.792626,-164.72545959805757,172.3004034051609
30.05,27.96,1.483898,1.26716,0.769731,1.498173,1.265038,0.773185,-166.398050866634,171.54481312247808
30.06,27.97,1.46103,1.276911,0.751964,1.474655,1.275237,0.755708,-164.63498927387536,172.9956072564924
30.07,27.98,1.439057,1.288076,0.734531,1.451318,1.284334,0.736972,-168.74040108145576,163.02805532698426
30.08,27.99,1.417312,1.301184,0.718679,1.429148,1.297311,0.72143,-166.91526279353462,161.8807632798697
30.09,28.0,1.395551,1.314648,0.703523,1.407505,1.310736,0.706544,-165.8172405082911,161.87908433593964
30.1,28.01,1.372285,1.326839,0.688093,1.384194,1.323912,0.691999,-161.84116979458975,166.19151973875972
30.11,28.02,1.34747,1.337346,0.671756,1.360546,1.336276,0.674591,-167.76706504025952,175.32194903421038
30.12,28.03,1.323317,1.346872,0.655429,1.336239,1.347049,0.65695,-173.2868188203397,-179.2152361249492
30.13,28.04,1.301788,1.355936,0.640138,1.313926,1.356923,0.641021,-175.8392478557185,-175.35122868568058
30.14,28.05,1.278465,1.368741,0.624851,1.292121,1.367959,0.625657,-176.6222256842238,176.72258196446407
30.15,28.06,1.258242,1.380992,0.610815,1.27085,1.378016,0.612256,-173.47981375075756,166.71895973830536
30.16,28.07,1.240078,1.395016,0.598715,1.250662,1.391344,0.599515,-175.67747258316834,160.86635679409383
30.17,28.08,1.220234,1.409658,0.587985,1.231944,1.405606,0.586204,171.35203249810192,160.91289421482136
30.18,28.09,1.19665,1.423143,0.576686,1.213617,1.417533,0.571663,163.5088617912115,161.70395345124447
30.19,28.1,1.171183,1.434817,0.564417,1.193816,1.428176,0.556709,161.19297144539485,163.64719774227999
30.2,28.11,1.154748,1.444504,0.549371,1.166955,1.441214,0.545274,161.4468518880276,164.91619535398095
30.21,28.12,1.146468,1.45314,0.532336,1.134701,1.456676,0.536907,-21.229119733809682,-16.725596771083985
30.22,28.13,1.116313,1.469425,0.526603,1.129534,1.466171,0.522641,163.31785352337582,166.17298348335657
30.23,28.14,1.097734,1.483369,0.515885,1.110549,1.479917,0.513115,167.80299454369344,164.9239761710551
30.24,28.15,1.07932,1.498127,0.507303,1.091246,1.493379,0.504486,166.70995101341595,158.2914227575242
30.25,28.16,1.060112,1.511797,0.499748,1.07162,1.507848,0.495704,160.6381312618195,161.06020968818729
30.26,28.17,1.039581,1.523906,0.490949,1.053411,1.521308,0.488125,168.45921074238834,169.36083543588907
30.27,28.18,1.018988,1.535425,0.481922,1.030596,1.532385,0.481829,179.54097230435198,165.32448668472273
30.28,28.19,0.998253,1.546847,0.47249,1.010687,1.544774,0.474669,-170.06011830977783,170.53468884981643
30.29,28.2,0.979249,1.558352,0.463954,0.992497,1.55777,0.473755,-143.5056018137313,177.48454737400502
30.3,28.21,0.96165,1.570327,0.45688,0.974955,1.570009,0.469753,-135.94543243325256,178.63084632206358
30.31,28.22,0.944826,1.583001,0.450805,0.958139,1.582537,0.463865,-135.54962983222123,178.00386954140194
30.32,28.23,0.928534,1.596051,0.446395,0.941158,1.595415,0.456824,-140.43904185760948,177.11586404738497
30.33,28.24,0.912041,1.608281,0.442891,0.924334,1.607417,0.449772,-150.76210312363838,175.9796403438728
30.34,28.25,0.894566,1.619523,0.438911,0.906622,1.618617,0.443596,-158.76371505169473,175.7023401693916
30.35,28.26,0.876349,1.629882,0.433872,0.887722,1.629185,0.438466,-158.0042888859882,176.4929857525266
30.36,28.27,0.85701,1.639534,0.428168,0.868517,1.639222,0.433785,-153.98125435858313,178.4468667362996
30.37,28.28,0.838328,1.648721,0.423398,0.850357,1.649004,0.428968,-155.15361596053222,-178.6522807375247
30.38,28.29,0.81999,1.657516,0.419362,0.832446,1.657259,0.420556,-174.5245044045852,178.81800526952784
30.39,28.3,0.804183,1.666924,0.417129,0.815188,1.66521,0.409064,143.76422310896058,171.1474542643883
30.4,28.31,0.789634,1.677407,0.41629,0.800288,1.675569,0.408029,142.21037493146466,170.2118301822065
30.41,28.32,0.775458,1.687496,0.416436,0.785482,1.686042,0.408137,140.37820049216188,171.7467017500688
30.42,28.33,0.759964,1.696125,0.41888,0.769804,1.695357,0.408671,133.94559549647846,175.53718152795892
30.43,28.34,0.743396,1.703403,0.41901,0.752996,1.704204,0.410464,138.32425738056006,-175.23043121078558
30.44,28.35,0.729409,1.710264,0.419072,0.735248,1.710829,0.40957,121.57081690505909,-174.4730870462112
30.45,28.36,0.710912,1.716173,0.417654,0.716437,1.717375,0.408212,120.33409870460669,-167.72618534818693
30.46,28.37,0.690287,1.72109,0.416861,0.698819,1.723377,0.407932,133.69752556292255,-164.99462748566793
30.47,28.38,0.673605,1.726223,0.417609,0.683182,1.72898,0.408761,137.265771946112,-163.94009640169202
30.48,28.39,0.659109,1.73156,0.419303,0.668362,1.734127,0.412214,142.54319482350016,-164.49473325160778
30.49,28.4,0.644971,1.737534,0.422359,0.654218,1.740046,0.415148,142.0521646116684,-164.80204437616905
30.5,28.41,0.631221,1.743083,0.426865,0.640331,1.745666,0.419777,142.11543846386954,-164.17013303256698
30.51,28.42,0.621942,1.747907,0.434606,0.626497,1.750759,0.424884,115.1042645171942,-147.9482829369284
30.52,28.43,0.608969,1.751,0.440441,0.614179,1.754753,0.431065,119.05979233633718,-144.23307807470863
30.53,28.44,0.592526,1.752261,0.444804,0.603331,1.757308,0.436488,142.41654757927864,-154.96278928213866
30.54,28.45,0.576307,1.753422,0.449602,0.592436,1.759522,0.44008,149.44387703547773,-159.28334408512717
30.55,28.46,0.559077,1.753508,0.454347,0.580573,1.760721,0.445285,157.14132687312414,-161.45078100501414
30.56,28.47,0.542904,1.753426,0.459553,0.553483,1.759271,0.451442,142.52234234549027,-151.07892434909738
30.57,28.48,0.529017,1.753038,0.464933,0.535258,1.758873,0.4566,126.83137393091266,-136.9255819640686
30.58,28.49,0.515565,1.752447,0.472244,0.521673,1.758227,0.462075,120.99109190746537,-136.58043818126728
30.59,28.5,0.502716,1.751979,0.480619,0.508529,1.757644,0.472734,126.39847768842941,-135.73874415945102
30.6,28.51,0.490866,1.750262,0.490026,0.496264,1.756515,0.481459,122.21470986347187,-130.80291501197783
30.61,28.52,0.479618,1.746891,0.499996,0.484316,1.753921,0.491652,119.38122125861777,-123.75396753568145
30.62,28.53,0.467958,1.741961,0.509584,0.472277,1.750484,0.500427,115.25142509862889,-116.87345047551655
30.63,28.54,0.455454,1.7366,0.519459,0.458397,1.744859,0.510842,108.85678968486722,-109.61294278055435
30.64,28.55,0.441582,1.729949,0.528542,0.445058,1.738708,0.520015,112.17808391765998,-111.64560129901847
30.65,28.56,0.428279,1.722325,0.538544,0.431285,1.731783,0.529525,108.43304296590509,-107.63161896265403
30.66,28.57,0.416099,1.71467,0.548817,0.418786,1.72447,0.540568,108.04231785631,-105.3327585635603
30.67,28.58,0.405153,1.707422,0.559469,0.406602,1.716698,0.551165,99.89812512738176,-98.87839804772801
30.68,28.59,0.394615,1.69996,0.570649,0.39438,1.709188,0.56099,88.6062892183205,-88.5412225109556
30.69,28.6,0.38427,1.69191,0.58272,0.383923,1.70101,0.573451,87.85604107731326,-87.8162628942535
30.7,28.61,0.374712,1.683122,0.595996,0.374216,1.692637,0.586444,87.02751196482654,-87.01597400693886
30.71,28.62,0.365496,1.67309,0.609202,0.364821,1.682631,0.599977,85.81508387488172,-85.95322086601992
30.72,28.63,0.355783,1.660977,0.622545,0.355116,1.670846,0.613701,85.68701107683864,-86.13352355819143
30.73,28.64,0.345567,1.647488,0.635739,0.344752,1.657594,0.627466,84.37376111216535,-85.38935068133931
30.74,28.65,0.335067,1.633301,0.648828,0.334221,1.643543,0.640172,84.41788721810167,-85.27802795975478
30.75,28.66,0.325006,1.619054,0.662829,0.323931,1.629243,0.653878,83.15167369245574,-83.97723656918434
30.76,28.67,0.315326,1.604711,0.677384,0.314384,1.614766,0.668034,84.24693948748224,-84.64788186800384
30.77,28.68,0.306769,1.590401,0.692792,0.305209,1.600401,0.68341,80.55946627099885,-81.1333239558557
30.78,28.69,0.299047,1.576287,0.70835,0.297019,1.585832,0.699134,77.58973511379902,-78.0048955017025
30.79,28.7,0.291749,1.561965,0.726005,0.290046,1.571538,0.716604,79.73216457101744,-79.91282679741434
30.8,28.71,0.285522,1.546392,0.744541,0.283963,1.556557,0.735508,80.20782249074666,-81.28052377759121
30.81,28.72,0.279739,1.529883,0.76251,0.277976,1.53991,0.754743,77.21135811385902,-80.0278814028022
30.82,28.73,0.273793,1.511836,0.780987,0.271694,1.522091,0.772912,75.42910693776197,-78.4324347008873
30.83,28.74,0.267118,1.492409,0.799443,0.265294,1.502617,0.791206,77.51391679420793,-79.86911202917518
30.84,28.75,0.260636,1.472778,0.818179,0.258661,1.483147,0.809797,76.74157443997687,-79.21595604794123
30.85,28.76,0.254922,1.453389,0.837778,0.252426,1.463467,0.828596,74.79241211981326,-76.08956933850928
30.86,28.77,0.250685,1.434452,0.857981,0.247545,1.444137,0.84889,70.94526436876232,-72.03664734695285
30.87,28.78,0.247573,1.416544,0.879397,0.243993,1.425624,0.869761,69.61878764979001,-68.48201481284055
30.88,28.79,0.245793,1.39902,0.901583,0.241988,1.407895,0.89172,68.90412079690091,-66.79361838230494
30.89,28.8,0.24446,1.379005,0.924451,0.240755,1.388292,0.914615,69.35973668693494,-68.25073077590369
30.9,28.81,0.242713,1.357761,0.94705,0.239075,1.367014,0.937374,69.39465247557438,-68.53674736732954
30.91,28.82,0.240773,1.335426,0.969864,0.237261,1.344995,0.961071,68.22780642567282,-69.8459291845533
30.92,28.83,0.239741,1.313196,0.993607,0.235483,1.322515,0.983919,66.27389655470115,-65.44358181890213
30.93,28.84,0.239286,1.292171,1.017399,0.234875,1.300864,1.007834,65.24271556599876,-63.09586228506355
30.94,28.85,0.240062,1.272223,1.042603,0.23516,1.280495,1.032649,63.78135197532797,-59.34895231904874
30.95,28.86,0.24187,1.253096,1.069655,0.237183,1.261446,1.059356,65.53006340156836,-60.69374592373959
30.96,28.87,0.244276,1.233909,1.096619,0.239413,1.24216,1.087016,63.142152299051475,-59.48562096317517
30.97,28.88,0.247584,1.212286,1.124087,0.242553,1.220616,1.114022,63.441780321579586,-58.86963653889535
30.98,28.89,0.252112,1.1891,1.151494,0.246847,1.19798,1.142181,60.51884044346803,-59.33606913125974
30.99,28.9,0.256144,1.166569,1.179135,0.252359,1.175524,1.170011,67.46937170741568,-67.08773123069736
31.0,28.91,0.260131,1.14464,1.208244,0.254983,1.152681,1.197391,64.62319540466727,-57.37186110471014
31.01,28.92,0.263839,1.124669,1.237618,0.259014,1.132231,1.226838,65.88727742240776,-57.459733596465384
31.02,28.93,0.26865,1.106376,1.268008,0.264253,1.113569,1.257801,66.69445387850945,-58.56302437891189
31.03,28.94,0.274213,1.088384,1.299868,0.269208,1.095756,1.289452,64.33521480155224,-55.8266233795586
31.04,28.95,0.280064,1.07051,1.332002,0.275253,1.07754,1.321516,65.35423812059726,-55.61410429377564
31.05,28.96,0.286613,1.05046,1.364841,0.281821,1.057932,1.354422,65.30092854605277,-57.32682577436709
31.06,28.97,0.29332,1.029648,1.397907,0.288386,1.037013,1.387332,64.98755580406544,-56.18086795731651
31.07,28.98,0.301613,1.010914,1.430636,0.296391,1.017499,1.419051,65.73627753080318,-51.5850758639713
31.08,28.99,0.307078,0.991824,1.464399,0.301424,0.997548,1.452466,64.64783882825556,-45.35249199908013
31.09,29.0,0.315127,0.974233,1.498663,0.309321,0.980227,1.488408,60.48307279565013,-45.91277078671873
31.1,29.01,0.323343,0.95839,1.53451,0.316786,0.964435,1.522826,60.6990863341589,-42.67343961208962
31.11,29.02,0.333022,0.945056,1.570177,0.328819,0.951847,1.558557,70.1147421131288,-58.246329373165985
31.12,29.03,0.343245,0.930468,1.605805,0.336997,0.936541,1.594441,61.197722966980486,-44.186260267650916
31.13,29.04,0.351807,0.913826,1.642948,0.346016,0.920068,1.631116,63.92123641201646,-47.14645614643578
31.14,29.05,0.360483,0.896465,1.679858,0.356497,0.903019,1.668727,70.29760473793218,-58.692944300621434
31.15,29.06,0.369679,0.878527,1.71688,0.365688,0.885217,1.706082,69.71541114323114,-59.181302151104774
31.16,29.07,0.380161,0.862043,1.754326,0.375678,0.868929,1.743623,67.27340658863292,-56.93462203207161
31.17,29.08,0.39016,0.84703,1.791744,0.38618,0.854114,1.780882,69.8764069219385,-60.67143901617908
31.18,29.09,0.401662,0.834035,1.829569,0.397758,0.841276,1.818691,70.25747046634802,-61.66858233171372
31.19,29.1,0.414573,0.823506,1.868168,0.40997,0.830128,1.856756,68.033446041645,-55.19655738121327
31.2,29.11,0.427976,0.812944,1.90676,0.422888,0.818882,1.896081,64.52457684246576,-49.40824220061087
31.21,29.12,0.440846,0.800497,1.94606,0.434407,0.805645,1.934294,61.31010496527861,-38.6424416213176
31.22,29.13,0.454844,0.786178,1.985907,0.448428,0.791779,1.974508,60.62673712228179,-41.120107985079144
31.23,29.14,0.468824,0.770998,2.025108,0.46215,0.776782,2.014039,58.91232719821527,-40.9137295391828
31.24,29.15,0.482817,0.756368,2.064374,0.475713,0.762328,2.053313,57.28912816444653,-39.99543821847278
31.25,29.16,0.49693,0.743477,2.103954,0.48965,0.749107,2.093267,55.737251834103276,-37.71663300063013
31.26,29.17,0.51089,0.732519,2.143585,0.504159,0.738039,2.1328,58.03140150377156,-39.35470460026314
31.27,29.18,0.526783,0.724083,2.182542,0.519282,0.728676,2.171528,55.74348070969624,-31.479900633287194
31.28,29.19,0.543554,0.717323,2.221638,0.535508,0.720813,2.210742,53.55650056687694,-23.449073521086596
31.29,29.2,0.561315,0.711364,2.26225,0.553345,0.714915,2.251437,53.60697322147684,-24.015161552444766
31.3,29.21,0.579059,0.70344,2.303054,0.570942,0.707359,2.292237,53.11569770115556,-25.771893764004147
31.31,29.22,0.59706,0.69415,2.344282,0.589065,0.698792,2.333663,53.0240646352823,-30.140002435439484
31.32,29.23,0.614995,0.683178,2.385595,0.607291,0.688603,2.375293,53.2102736351069,-35.15242703942318
31.33,29.24,0.632888,0.672505,2.425746,0.62425,0.677146,2.415247,50.55433042117318,-28.2481222261655
31.34,29.25,0.650527,0.66251,2.465455,0.640514,0.665969,2.455498,44.839331234726544,-19.057518616444327
31.35,29.26,0.668348,0.653466,2.505808,0.658572,0.656897,2.495747,45.82311709291545,-19.33911131489179
31.36,29.27,0.686967,0.646343,2.546047,0.677578,0.65023,2.536124,46.58389354087151,-22.489315302776703
31.37,29.28,0.705832,0.642256,2.586334,0.696375,0.645415,2.576166,47.07487846344575,-18.471292477744544
31.38,29.29,0.724467,0.640997,2.626685,0.715413,0.643371,2.616572,48.162445938672164,-14.692465991791794
31.39,29.3,0.74349,0.639756,2.667598,0.734162,0.641928,2.657347,47.69905920436445,-13.107611921973007
31.4,29.31,0.763816,0.636196,2.709136,0.754432,0.638378,2.698927,47.41112192944535,-13.09000714719769
31.41,29.32,0.784954,0.631754,2.750945,0.77595,0.634665,2.740402,49.50179954679166,-17.916059281494803
31.42,29.33,0.806098,0.626741,2.791669,0.796724,0.629985,2.78168,46.81919447268399,-19.088873404756033
31.43,29.34,0.825958,0.622505,2.832496,0.816765,0.625072,2.821846,49.19948639837019,-15.601551139732956
31.44,29.35,0.844783,0.620147,2.873216,0.835932,0.622395,2.862984,49.13916960566808,-14.250804902837501
31.45,29.36,0.863321,0.619174,2.914201,0.854631,0.621622,2.903316,51.39801109227714,-15.732693074372463
31.46,29.37,0.882371,0.620145,2.954529,0.87332,0.622932,2.943953,49.442903340367295,-17.11473870443414
31.47,29.38,0.901387,0.623483,2.995602,0.892874,0.626163,2.984574,52.33386476785917,-17.47466085809874
31.48,29.39,0.92049,0.627296,3.036885,0.911867,0.63031,3.025569,52.69193305969041,-19.26606912772478
31.49,29.4,0.939688,0.630425,3.078272,0.93108,0.632658,3.066908,52.85680805989556,-14.542539646246347
31.5,29.41,0.959435,0.632809,3.119443,0.950621,0.634522,3.10861,50.867334975405285,-10.998320993019561
31.51,29.42,0.979424,0.632644,3.161475,0.970815,0.634817,3.150224,52.57763514914408,-14.166144354359892
31.52,29.43,0.998759,0.632634,3.202554,0.990307,0.63438,3.190824,54.22552987064671,-11.671883453863506
31.53,29.44,1.01798,0.632717,3.243,1.009893,0.633205,3.231443,55.01763009323066,-3.4532553952018845
31.54,29.45,1.036855,0.632534,3.284662,1.028669,0.634096,3.272996,54.942766942053396,-10.802951139980218
31.55,29.46,1.054804,0.633771,3.326313,1.04679,0.63607,3.31428,56.33631225054917,-16.006754544732438
31.56,29.47,1.072081,0.636973,3.366902,1.064139,0.639134,3.354954,56.387466925723295,-15.221539210144371
31.57,29.48,1.089054,0.641841,3.407826,1.081288,0.64422,3.395938,56.84486853996776,-17.031675890776878
31.58,29.49,1.105624,0.648046,3.448889,1.097642,0.650144,3.436787,56.59273697120773,-14.726601804967256
31.59,29.5,1.121686,0.654142,3.489718,1.113806,0.654904,3.477789,56.55224348082212,-5.523357401279753
31.6,29.51,1.137628,0.659047,3.530621,1.130012,0.658982,3.518947,56.87997554545108,0.4889883465734265
31.61,29.52,1.154113,0.661872,3.572542,1.146851,0.661681,3.560772,58.3257315065557,1.5066058271881113
31.62,29.53,1.170938,0.662838,3.615074,1.163585,0.664107,3.602433,59.81434951190271,-9.791800552423494
31.63,29.54,1.187516,0.663843,3.656394,1.180352,0.665187,3.644161,59.64552147014106,-10.625449752218989
31.64,29.55,1.203391,0.664768,3.69773,1.196423,0.666296,3.685314,60.69836547279134,-12.368510970240834
31.65,29.56,1.218207,0.667002,3.738328,1.211756,0.668447,3.725976,62.423573259401834,-12.625633902721514
31.66,29.57,1.231608,0.671223,3.778307,1.225647,0.671859,3.765567,64.92527601421256,-6.090048732733928
31.67,29.58,1.243644,0.677638,3.81791,1.238319,0.676819,3.80508,67.45945468386432,8.743736633687835
31.68,29.59,1.254506,0.684931,3.858296,1.248869,0.684859,3.84523,66.66342152310673,0.7317849581196949
31.69,29.6,1.264667,0.69232,3.898304,1.258995,0.691382,3.886082,65.104873421124,9.390231474018861
31.7,29.61,1.274439,0.697294,3.940558,1.269058,0.696896,3.928002,66.80196022196391,4.230119377082717
31.71,29.62,1.284975,0.701368,3.982092,1.279579,0.702249,3.969787,66.32154342550047,-9.27281284869578
31.72,29.63,1.294834,0.704676,4.023263,1.290217,0.705582,4.010085,70.69175105911364,-11.102158268391365
31.73,29.64,1.304706,0.70893,4.063141,1.300256,0.707845,4.047462,74.15504412108294,13.702514875311703
31.74,29.65,1.313024,0.714217,4.102018,1.309395,0.713619,4.088617,74.84767466087214,9.35731933255116
31.75,29.66,1.320492,0.720674,4.140695,1.31661,0.720197,4.127292,73.84704634322118,7.00509385736062
31.76,29.67,1.326729,0.728995,4.178667,1.322845,0.729125,4.165272,73.83001107563575,-1.9170112625427838
31.77,29.68,1.331728,0.738339,4.216484,1.32845,0.738969,4.203364,75.97197716826874,-10.879044018239162
31.78,29.69,1.33611,0.747663,4.254273,1.33327,0.748068,4.241213,77.73158358793005,-8.115979657988095
31.79,29.7,1.340318,0.7556,4.292947,1.336976,0.755328,4.279554,75.98892423063096,4.6529555097657225
31.8,29.71,1.34458,0.761709,4.332164,1.341707,0.761005,4.319242,77.46508920400312,13.768464224427252
31.81,29.72,1.348803,0.76692,4.371424,1.346277,0.765832,4.355702,80.87248794789012,23.30253576490841
31.82,29.73,1.353739,0.771313,4.410012,1.350892,0.771477,4.396146,78.39714930485526,-3.2968510979555723
31.83,29.74,1.357954,0.775313,4.44837,1.355568,0.777029,4.435479,79.51377529044203,-35.72351109018479
31.84,29.75,1.361875,0.780547,4.48629,1.359049,0.782693,4.473038,77.96194625213809,-37.21220856723343
31.85,29.76,1.365297,0.787631,4.522733,1.361766,0.788625,4.508979,75.60166870177544,-15.722264242231235
31.86,29.77,1.367766,0.796611,4.558337,1.364388,0.796655,4.544518,76.26364475257219,-0.7462616160927719
31.87,29.78,1.369833,0.806913,4.59356,1.36632,0.80586,4.579866,75.6118611288902,16.685776606054663
31.88,29.79,1.371712,0.816235,4.629694,1.368125,0.815221,4.615523,75.79549445214221,15.784933511624049
31.89,29.8,1.37244,0.823253,4.66679,1.369385,0.823317,4.653137,77.38723891121988,-1.2001288356356477
31.9,29.81,1.373333,0.829316,4.704708,1.369623,0.829539,4.691134,74.71345582704963,-3.4397856062655356
31.91,29.82,1.37508,0.833918,4.742179,1.370508,0.834061,4.728891,71.01320503125281,-1.7914755642916145
31.92,29.83,1.376464,0.83719,4.77977,1.372581,0.837558,4.766357,73.85452029721858,-5.413870364399958
31.93,29.84,1.378843,0.840373,4.816889,1.373963,0.840967,4.803343,70.18824381445016,-6.939977385373864
31.94,29.85,1.380467,0.842842,4.853209,1.375061,0.843335,4.840138,67.53063264204494,-5.210673812179503
31.95,29.86,1.381777,0.845415,4.889866,1.376337,0.845865,4.876687,67.57024649144361,-4.7287743409977425
31.96,29.87,1.383527,0.849065,4.925915,1.377982,0.849694,4.912978,66.79927146446705,-6.471713073132556
31.97,29.88,1.385588,0.853747,4.961204,1.380169,0.854146,4.948195,67.3854517129802,-4.211079048189663
31.98,29.89,1.389546,0.859984,4.996226,1.383896,0.859978,4.982951,66.94481159298059,0.060845052716330894
31.99,29.9,1.394086,0.866739,5.03196,1.388592,0.867452,5.018626,67.60689897317398,-7.394400095449534
32.0,29.91,1.399005,0.872644,5.067636,1.393346,0.87387,5.054732,66.32032953497088,-12.223994418976144
32.01,29.92,1.402996,0.87732,5.104222,1.39732,0.878632,5.091348,66.20786385504266,-13.015257543253902
32.02,29.93,1.406329,0.880875,5.140621,1.399623,0.881983,5.127863,62.27219370068775,-9.381944087095476
32.03,29.94,1.410209,0.884438,5.17629,1.40186,0.884756,5.164134,55.517890277772615,-2.1812498236221383
32.04,29.95,1.414489,0.887337,5.211936,1.406038,0.887574,5.199976,54.75476806072516,-1.6063828642354174
32.05,29.96,1.419153,0.890757,5.247735,1.410854,0.890992,5.235352,56.17028314934559,-1.6219919449795674
32.06,29.97,1.424588,0.895258,5.282168,1.416265,0.895509,5.270067,55.480024647634195,-1.7273679290602884
32.07,29.98,1.43167,0.901407,5.316004,1.423122,0.901448,5.303831,54.92309301970971,-0.27481386824030374
32.08,29.99,1.440163,0.908542,5.349887,1.431833,0.908898,5.337562,55.94673112974386,-2.4471660048110753
32.09,30.0,1.449244,0.914877,5.38388,1.441306,0.915688,5.371949,56.36315968231791,-5.833485469104954
32.1,30.01,1.458678,0.91923,5.419156,1.450851,0.920757,5.407165,56.86592613067873,-11.039392217513079
32.11,30.02,1.467686,0.921948,5.454676,1.459615,0.924162,5.443088,55.14292845159353,-15.339780671678852
32.12,30.03,1.476675,0.924864,5.489619,1.467806,0.92729,5.478848,50.53145592482191,-15.298293972521202
32.13,30.04,1.485373,0.928093,5.524008,1.47595,0.930798,5.513391,48.40969971731528,-16.01684399235372
32.14,30.05,1.494861,0.932588,5.55713,1.485411,0.934968,5.546934,47.17459666093439,-14.136061798147407
32.15,30.06,1.505815,0.938888,5.58963,1.496272,0.94063,5.579313,47.23184799735425,-10.344995823167233
32.16,30.07,1.519967,0.947361,5.620976,1.508917,0.947987,5.61053,43.39051229597007,-3.2424308584331127
32.17,30.08,1.532374,0.954023,5.652085,1.522797,0.955576,5.641977,46.545170579605326,-9.21086899069681
32.18,30.09,1.546957,0.959957,5.684134,1.537364,0.961644,5.673843,47.010462641514344,-9.973903976985444
32.19,30.1,1.561156,0.964057,5.717153,1.551766,0.966242,5.707043,47.11457588007281,-13.099297011190638
32.2,30.11,1.574953,0.967275,5.750435,1.564851,0.969258,5.740427,44.73218478120633,-11.105824012971881
32.21,30.12,1.588388,0.971132,5.782261,1.577498,0.972526,5.773179,39.82729951325229,-7.29461042883924
32.22,30.13,1.602799,0.975129,5.813511,1.590897,0.976024,5.804901,35.88227172218908,-4.300402695846605
32.23,30.14,1.617489,0.979698,5.844124,1.605615,0.980573,5.836071,34.14529621957728,-4.214532152050136
32.24,30.15,1.633258,0.985825,5.873835,1.621785,0.986131,5.865631,35.56742809309237,-1.5277915978025078
32.25,30.16,1.65088,0.993279,5.902887,1.639312,0.993553,5.89443,36.16936023429553,-1.3568558702092055
32.26,30.17,1.669433,1.000145,5.931359,1.658311,1.000613,5.923279,35.99795668001907,-2.4095140740349525
32.27,30.18,1.689188,1.004719,5.961513,1.677837,1.005946,5.953002,36.86262835037417,-6.169500860460273
32.28,30.19,1.708573,1.007069,5.991883,1.697464,1.009672,5.983661,36.50590660611449,-13.18732584616106
32.29,30.2,1.72767,1.00887,6.022717,1.716692,1.012316,6.015114,34.70519394887275,-17.427100643466378
32.3,30.21,1.746736,1.01202,6.052269,1.735125,1.015477,6.045411,30.56808682101218,-16.580105641682778
32.31,30.22,1.765863,1.016038,6.080213,1.753459,1.019406,6.074253,25.663826845282937,-15.190999752833218
32.32,30.23,1.785323,1.021737,6.107088,1.772789,1.024313,6.10104,25.75858845328062,-11.61376955034831
32.33,30.24,1.807796,1.029553,6.132658,1.793114,1.031165,6.126524,22.674708271733053,-6.26565372713625
32.34,30.25,1.827853,1.036427,6.157512,1.815213,1.038733,6.151314,26.12093496218915,-10.339147672016972
32.35,30.26,1.850696,1.043074,6.182415,1.838327,1.04491,6.176023,27.328826957641798,-8.443084702343235
32.36,30.27,1.87441,1.047154,6.208486,1.862287,1.04979,6.201896,28.528273900354623,-12.267324488770731
32.37,30.28,1.899407,1.050865,6.234969,1.886144,1.053583,6.228681,25.365671311571827,-11.581332815489601
32.38,30.29,1.920454,1.053434,6.260985,1.907587,1.056024,6.256165,20.536034939295032,-11.380990333735753
32.39,30.3,1.943695,1.058172,6.284782,1.929259,1.059539,6.282063,10.66661646624509,-5.409426140971171
32.4,30.31,1.966045,1.062731,6.307715,1.951782,1.063911,6.306039,6.701912177062312,-4.729397745252231
32.41,30.32,1.990744,1.068419,6.330534,1.976239,1.069309,6.328619,7.5208903452094376,-3.511161283945021
32.42,30.33,2.015637,1.074983,6.352489,2.001396,1.076216,6.350032,9.788873915289514,-4.94838561187502
32.43,30.34,2.042407,1.081871,6.373649,2.027972,1.083468,6.370493,12.332813309290609,-6.313180233146169
32.44,30.35,2.069142,1.086769,6.39492,2.055298,1.0889,6.391523,13.786679436901306,-8.750827181575255
32.45,30.36,2.096571,1.090187,6.416516,2.082898,1.093066,6.413115,13.968190399097926,-11.8905587263714
32.46,30.37,2.123869,1.092266,6.438626,2.109644,1.09553,6.435647,11.827949400218568,-12.923113701822388
32.47,30.38,2.150474,1.094445,6.460324,2.136475,1.098102,6.458014,9.370042516861739,-14.640365804857035
32.48,30.39,2.176617,1.097875,6.479841,2.16253,1.101286,6.479061,3.1692425674522773,-13.611511370836944
32.49,30.4,2.202435,1.102617,6.497288,2.188581,1.104947,6.498351,-4.387636151463915,-9.546803484348338
32.5,30.41,2.230463,1.1079,6.513883,2.215729,1.109989,6.515238,-5.2543789454969625,-8.06966321622471
32.51,30.42,2.258166,1.114242,6.529287,2.24408,1.116372,6.530205,-3.7287554639366784,-8.59877833907827
32.52,30.43,2.287367,1.119963,6.544415,2.273316,1.122541,6.544639,-0.9133277007207771,-10.39668207170417
32.53,30.44,2.317522,1.12423,6.56006,2.302778,1.126926,6.559981,0.30699425297995414,-10.362287198544845
32.54,30.45,2.347756,1.126553,6.576311,2.333146,1.130004,6.576331,-0.07843359852643597,-13.29012871964336
32.55,30.46,2.377614,1.128203,6.592638,2.363422,1.132105,6.593128,-1.9774368722042883,-15.373248531928647
32.56,30.47,2.407143,1.130072,6.608047,2.394286,1.134405,6.608933,-3.94212739530111,-18.624580814886848
32.57,30.48,2.436553,1.133196,6.621468,2.422383,1.136427,6.62457,-12.348010464598385,-12.84480531909921
32.58,30.49,2.464654,1.137167,6.63325,2.451081,1.13957,6.63794,-19.062024191926604,-10.0397639666855
32.59,30.5,2.493706,1.141968,6.643188,2.480415,1.143944,6.648758,-22.737611337310433,-8.456338571691736
32.6,30.51,2.524101,1.146789,6.652145,2.51087,1.149312,6.657325,-21.380581556487623,-10.796037867992588
32.61,30.52,2.555645,1.150508,6.660822,2.541831,1.153611,6.665337,-18.099583401431346,-12.660050684910189
32.62,30.53,2.586652,1.152799,6.670381,2.573675,1.156572,6.673896,-15.155696280143752,-16.211533858150002
32.63,30.54,2.618578,1.15391,6.680349,2.605808,1.158047,6.68425,-16.986947573018494,-17.950375250684697
32.64,30.55,2.651189,1.154011,6.690461,2.639853,1.159872,6.693221,-13.683687824087995,-27.340112399689588
32.65,30.56,2.682471,1.154382,6.699584,2.671684,1.160872,6.702411,-14.685505532105887,-31.03322485000665
32.66,30.57,2.713121,1.155767,6.707021,2.7011,1.160847,6.711041,-18.490696513858374,-22.9086176697551
32.67,30.58,2.743297,1.158623,6.71235,2.731394,1.162782,6.717505,-23.416669078061837,-19.259808492467155
32.68,30.59,2.77379,1.162458,6.715703,2.761767,1.166198,6.7211,-24.174817213622845,-17.279374142342842
32.69,30.6,2.804914,1.165779,6.717299,2.792652,1.169775,6.722755,-23.986762805062007,-18.050004303935125
32.7,30.61,2.836124,1.167469,6.718703,2.824271,1.171764,6.724915,-27.658437053362768,-19.918263769355868
32.71,30.62,2.86776,1.167928,6.720956,2.856609,1.172183,6.727625,-30.882080494006722,-20.885860475515
32.72,30.63,2.900159,1.16745,6.723444,2.889361,1.171895,6.730752,-34.08982737983134,-22.374530404291328
32.73,30.64,2.931498,1.167321,6.725012,2.921063,1.171116,6.733153,-37.96003385045984,-19.985310799185996
32.74,30.65,2.963063,1.167393,6.725839,2.952714,1.171285,6.734437,-39.719968805613796,-20.61002458686067
32.75,30.66,2.993981,1.168242,6.725435,2.983578,1.17197,6.7341,-39.79202509431582,-19.71555540445615
32.76,30.67,3.024565,1.170009,6.723074,3.014076,1.173784,6.731285,-38.0545534489122,-19.79384701535011
32.77,30.68,3.054763,1.172256,6.718956,3.044316,1.175839,6.726979,-37.52324148772195,-18.93039304859745
32.78,30.69,3.085503,1.172873,6.713989,3.075048,1.177209,6.722519,-39.210234019809945,-22.52524172006672
32.79,30.7,3.11675,1.171835,6.709506,3.111474,1.175154,6.7193,-61.68877950639659,-32.172974078805694
32.8,30.71,3.148616,1.169915,6.70552,3.143239,1.172591,6.715511,-61.71155693340447,-26.458394972063648
32.81,30.72,3.179792,1.167946,6.701194,3.170599,1.172718,6.710012,-43.807239274582486,-27.433402451871448
32.82,30.73,3.209615,1.166838,6.695868,3.199739,1.171569,6.704804,-42.139417641894255,-25.59628949554469
32.83,30.74,3.239393,1.165883,6.689597,3.230903,1.169871,6.699437,-49.21221499362052,-25.160809770245876
32.84,30.75,3.267845,1.165963,6.681537,3.261456,1.168953,6.691962,-58.49779536487889,-25.079211476889462
32.85,30.76,3.297572,1.166021,6.672073,3.290794,1.168663,6.682202,-56.21083876395727,-21.295364042191615
32.86,30.77,3.32692,1.165017,6.661268,3.319128,1.168756,6.670481,-49.77674704640504,-25.63407299389938
32.87,30.78,3.355909,1.162439,6.650077,3.34587,1.167612,6.657893,-37.90302663945949,-27.26161518271185
32.88,30.79,3.385912,1.158822,6.639328,3.371821,1.165879,6.644952,-21.757930817907813,-26.602447321738875
32.89,30.8,3.417453,1.154259,6.628937,3.397832,1.163788,6.632245,-9.569780663500033,-25.903672670955373
32.9,30.81,3.445008,1.151281,6.617299,3.425003,1.160952,6.620051,-7.832765821485074,-25.800476249409595
32.91,30.82,3.473434,1.14872,6.605153,3.467502,1.153557,6.615535,-60.25749607197211,-39.194076380152566
32.92,30.83,3.499209,1.147625,6.591539,3.493175,1.151785,6.602273,-60.65796129127541,-34.58341202044812
32.93,30.84,3.525725,1.146309,6.57575,3.519293,1.15071,6.586588,-59.312249088824124,-34.38130273510458
32.94,30.85,3.550881,1.144742,6.558535,3.545334,1.149049,6.569049,-62.18466557883113,-37.82775714755852
32.95,30.86,3.578156,1.140748,6.541806,3.571477,1.146076,6.551799,-56.24250548538981,-38.580211923789726
32.96,30.87,3.604961,1.135759,6.524859,3.596177,1.141778,6.533634,-44.97063261174008,-34.41984405771853
32.97,30.88,3.631736,1.130665,6.507831,3.626676,1.135718,6.518136,-63.84786412106938,-44.96034110624374
32.98,30.89,3.658103,1.126017,6.490776,3.652842,1.130846,6.501359,-63.5672013049709,-42.54839749887753
32.99,30.9,3.682596,1.122587,6.473008,3.677839,1.12687,6.484471,-67.46216823648003,-41.99852301800192
33.0,30.91,3.705739,1.119262,6.453186,3.701129,1.123188,6.46457,-67.95430094734616,-40.418608903730906
33.01,30.92,3.728354,1.116678,6.432078,3.723848,1.120457,6.443472,-68.42262488329195,-39.98520065003817
33.02,30.93,3.750222,1.113856,6.409826,3.74559,1.117886,6.421034,-67.5458553708863,-41.024395494825875
33.03,30.94,3.773396,1.109069,6.387284,3.767614,1.114049,6.398222,-62.13836066813516,-40.73811234779977
33.04,30.95,3.795565,1.103337,6.364441,3.790995,1.108237,6.375223,-67.03011855042837,-46.99577186983959
33.05,30.96,3.820015,1.095928,6.341903,3.814649,1.101495,6.352433,-62.9969891601111,-46.053247455846964
33.06,30.97,3.841273,1.089422,6.318792,3.837269,1.094883,6.329751,-69.92962724646301,-53.751165903208445
33.07,30.98,3.862954,1.083614,6.295783,3.859064,1.088936,6.307082,-71.00252831971345,-53.83587667028476
33.08,30.99,3.881596,1.079386,6.271886,3.878857,1.083827,6.283716,-76.9640047180327,-58.33566599912677
33.09,31.0,3.899675,1.075655,6.246801,3.896664,1.080031,6.258664,-75.7582496930084,-55.46925578168168
33.1,31.01,3.916451,1.071839,6.219689,3.91252,1.076653,6.231119,-71.02090678902756,-50.7657270031634
33.11,31.02,3.931703,1.066481,6.19196,3.929788,1.071422,6.203758,-80.78040497680871,-68.81499582937558
33.12,31.03,3.945975,1.060686,6.163208,3.946018,1.065029,6.17534,-90.2030751897813,-90.56726640986106
33.13,31.04,3.959265,1.054039,6.134408,3.961194,1.058321,6.146875,-98.79554057762955,-114.25110841740171
33.14,31.05,3.986642,1.042661,6.109406,3.98403,1.048823,6.120354,-76.58109083877758,-67.02847809276427
33.15,31.06,4.00293,1.035254,6.08163,4.00139,1.040972,6.093051,-82.32059330487792,-74.92648110376884
33.16,31.07,4.017326,1.029259,6.053575,4.016163,1.034744,6.065332,-84.35069194097954,-78.02871424814039
33.17,31.08,4.030538,1.024478,6.025044,4.029792,1.029346,6.037087,-86.45535936954724,-81.28744955928438
33.18,31.09,4.041884,1.020249,5.995048,4.041464,1.024812,6.007149,-88.01218316746804,-84.74104502087981
33.19,31.1,4.052191,1.014997,5.963672,4.051994,1.019837,5.975529,-89.0481377978369,-87.66920628565255
33.2,31.11,4.06423,1.007439,5.932384,4.063993,1.012718,5.944145,-88.84556907237447,-87.42943973331752
33.21,31.12,4.075797,0.998703,5.900753,4.07433,1.005005,5.912139,-82.65831867090446,-76.89587179094435
33.22,31.13,4.087872,0.988899,5.869218,4.0874,0.995255,5.880497,-87.60370263453505,-85.7529798681577
33.23,31.14,4.099067,0.979572,5.837705,4.099334,0.985734,5.848945,-91.36077372673957,-92.4810791848362
33.24,31.15,4.109037,0.971622,5.806315,4.108728,0.978063,5.817741,-88.45089430303625,-87.2534028269884
33.25,31.16,4.116916,0.965581,5.774974,4.117741,0.970886,5.786781,-93.99697761750117,-98.83947117452628
33.26,31.17,4.123569,0.960305,5.74264,4.124489,0.9653,5.754825,-94.31779186483001,-100.43601558603308
33.27,31.18,4.128879,0.955387,5.70867,4.129072,0.960618,5.720643,-90.92350520436092,-92.11299404508482
33.28,31.19,4.134206,0.949379,5.674547,4.135015,0.954595,5.68659,-93.84312468308812,-98.81631089311756
33.29,31.2,4.139827,0.9418,5.639655,4.140435,0.947391,5.651672,-92.89640963996088,-96.20631020266218
33.3,31.21,4.145608,0.932452,5.604799,4.146135,0.938584,5.616318,-92.61948391128904,-94.91207802345653
33.31,31.22,4.151401,0.922179,5.570032,4.152411,0.92853,5.58129,-95.12650814492062,-99.03608321991176
33.32,31.23,4.155706,0.912769,5.535321,4.157447,0.918846,5.546848,-98.58884803430159,-105.98648063180364
33.33,31.24,4.159855,0.904475,5.501035,4.162279,0.909894,5.512894,-101.55222592192368,-114.09968420951228
33.34,31.25,4.162197,0.897837,5.466886,4.165864,0.902227,5.479033,-106.79829021718054,-129.87226116924816
33.35,31.26,4.16368,0.891457,5.43188,4.167328,0.895936,5.443936,-106.83518116113146,-129.16169696509942
33.36,31.27,4.164234,0.885956,5.39604,4.168109,0.891243,5.408229,-107.63595953107394,-126.23880070880149
33.37,31.28,4.163925,0.880319,5.359473,4.16794,0.885682,5.371579,-108.3482942253109,-126.82029388458842
33.38,31.29,4.164076,0.873284,5.322494,4.168179,0.878528,5.334725,-108.54449547839056,-128.04026601088233
33.39,31.3,4.162837,0.8645,5.285297,4.167296,0.87018,5.297197,-110.54126969815196,-128.13316190683807
33.4,31.31,4.162789,0.854066,5.247938,4.168377,0.859355,5.258893,-117.02552447155684,-136.57461844920533
33.41,31.32,4.161338,0.843435,5.211469,4.166001,0.848691,5.223267,-111.56573961038896,-131.57868687908703
33.42,31.33,4.159997,0.83376,5.175327,4.164848,0.838026,5.187018,-112.53525165031999,-138.67139887615318
33.43,31.34,4.158655,0.824914,5.138861,4.166313,0.827927,5.149725,-125.17989074981841,-158.52310280898448
33.44,31.35,4.155962,0.816849,5.101597,4.161093,0.821094,5.113469,-113.3736818966205,-140.39822569127074
33.45,31.36,4.15245,0.810631,5.064684,4.15835,0.815069,5.076416,-116.6977342598434,-143.04939100984555
33.46,31.37,4.148157,0.805469,5.026545,4.153261,0.810208,5.038348,-113.38522105721022,-137.12367994487778
33.47,31.38,4.142206,0.800633,4.987717,4.14806,0.805601,4.9994,-116.61407219481802,-139.68038210797536
33.48,31.39,4.13675,0.7943,4.948788,4.142759,0.799277,4.960391,-117.37888480285076,-140.36648778846128
33.49,31.4,4.13098,0.786464,4.909709,4.137288,0.791366,4.921145,-118.88075380234048,-142.14891946787844
33.5,31.41,4.125125,0.777857,4.871181,4.131988,0.782319,4.882453,-121.3353038324343,-146.96997053498697
33.51,31.42,4.11974,0.768405,4.832262,4.126211,0.772864,4.843699,-119.50097428592493,-145.43027041595306
33.52,31.43,4.113258,0.759255,4.793489,4.120078,0.763858,4.804988,-120.67196988819305,-145.98353585862677
33.53,31.44,4.106578,0.751541,4.755077,4.113202,0.755774,4.766715,-119.6472320016085,-147.41980079637952
33.54,31.45,4.099041,0.745462,4.716565,4.105861,0.749569,4.728191,-120.39657673313702,-148.94367373171966
33.55,31.46,4.090964,0.74168,4.67838,4.097989,0.744961,4.690122,-120.89122572252917,-154.96524930363864
33.56,31.47,4.082464,0.739789,4.640034,4.089551,0.74206,4.651881,-120.88830745239424,-162.23215699775184
33.57,31.48,4.07357,0.73632,4.600245,4.080791,0.738775,4.612194,-121.14533895178155,-161.2229625208321
33.58,31.49,4.064464,0.730656,4.559405,4.071411,0.734439,4.5714,-120.07761995159431,-151.4294274161903
33.59,31.5,4.055111,0.724116,4.519135,4.062275,0.728349,4.530608,-121.98158555174285,-149.42238984838536
33.6,31.51,4.04566,0.71757,4.479575,4.053055,0.721741,4.491088,-122.71333816180629,-150.57570855160247
33.61,31.52,4.03652,0.711233,4.439919,4.044149,0.715151,4.451458,-123.47065017480675,-152.81647960543145
33.62,31.53,4.026887,0.705993,4.401125,4.035105,0.709311,4.412529,-125.77743940900162,-158.01371184328227
33.63,31.54,4.016861,0.702082,4.361906,4.024593,0.705307,4.373493,-123.7151647299389,-157.3590915103121
33.64,31.55,4.005496,0.700361,4.323227,4.013301,0.703543,4.334816,-123.95961512837405,-157.81989780046456
33.65,31.56,3.99236,0.700269,4.284785,4.000149,0.703336,4.29639,-123.86857264135993,-158.50744251940813
33.66,31.57,3.978784,0.69931,4.246202,3.986388,0.702909,4.257468,-124.017428332699,-154.67164121880958
33.67,31.58,3.965517,0.696833,4.206602,3.973067,0.700691,4.217891,-123.77431391950927,-152.93326845921348
33.68,31.59,3.95231,0.693857,4.167168,3.960644,0.6971,4.177136,-129.8981675137499,-158.73755185952206
33.69,31.6,3.938059,0.690005,4.127748,3.947158,0.693217,4.137406,-133.292964569103,-160.5566714591136
33.7,31.61,3.922973,0.686716,4.08942,3.932001,0.689768,4.099636,-131.46741247492807,-161.32169387431836
33.71,31.62,3.906594,0.684414,4.052231,3.915625,0.687889,4.06244,-131.49634726012368,-158.95398672953883
33.72,31.63,3.888794,0.684427,4.016201,3.898181,0.687959,4.026377,-132.6904420127423,-159.3804354691184
33.73,31.64,3.869537,0.686852,3.980783,3.878994,0.690069,3.990896,-133.08012451922116,-161.21316940313497
33.74,31.65,3.849079,0.688794,3.945885,3.858612,0.691638,3.955459,-134.87705430708516,-163.38846851779113
33.75,31.66,3.827652,0.688122,3.91018,3.837459,0.691104,3.919424,-136.69272679827432,-163.08713434401574
33.76,31.67,3.806253,0.686365,3.875006,3.816222,0.689019,3.88308,-140.99561627391532,-165.0921950455371
33.77,31.68,3.785154,0.682787,3.838186,3.795086,0.686247,3.847031,-138.31315329347126,-160.7932519028759
33.78,31.69,3.764199,0.680393,3.801942,3.773853,0.684139,3.811432,-135.49082103991125,-158.79246760863688
33.79,31.7,3.742771,0.679909,3.766839,3.752723,0.684311,3.775647,-138.4896217674296,-156.1390840147411
33.8,31.71,3.720574,0.681265,3.732654,3.730447,0.685352,3.742024,-136.49733492270917,-157.51253574367192
33.81,31.72,3.696879,0.684617,3.699977,3.707015,0.688368,3.709073,-138.0953426024451,-159.69214538327668
33.82,31.73,3.671602,0.688998,3.667995,3.682035,0.69158,3.676713,-140.11727055163513,-166.0995160119272
33.83,31.74,3.645632,0.691759,3.636427,3.656471,0.69363,3.64415,-144.52938278161292,-170.2062643044846
33.84,31.75,3.618771,0.691937,3.604388,3.629982,0.693733,3.612031,-145.71613619461792,-170.89856126614623
33.85,31.76,3.591644,0.689819,3.571498,3.602488,0.692364,3.579586,-143.2825745003327,-166.79217373732402
33.86,31.77,3.564958,0.687356,3.538545,3.575622,0.690116,3.546412,-143.58322221394155,-165.4894144299319
33.87,31.78,3.538307,0.685032,3.505736,3.549321,0.687816,3.513317,-145.46013829970235,-165.8145236265706
33.88,31.79,3.512024,0.683579,3.47351,3.523393,0.686234,3.481391,-145.27026876891637,-166.85530408366407
33.89,31.8,3.486209,0.684899,3.441914,3.497974,0.686408,3.449644,-146.69374241685122,-172.69104631113845
33.9,31.81,3.459946,0.687901,3.411207,3.471785,0.688465,3.418946,-146.82787805418977,-177.27253933337317
33.91,31.82,3.432676,0.692577,3.380705,3.444172,0.693148,3.388217,-146.8376052964444,-177.15648696093768
33.92,31.83,3.40523,0.696994,3.349789,3.416609,0.697504,3.357093,-147.30423678110077,-177.43375472138447
33.93,31.84,3.377446,0.69949,3.317101,3.388494,0.700627,3.324682,-145.54257121750413,-174.12411672011575
33.94,31.85,3.349078,0.700511,3.284227,3.360422,0.702478,3.292082,-145.29985662241793,-170.1629709778313
33.95,31.86,3.321018,0.701505,3.253386,3.332254,0.702884,3.260432,-147.90852527477156,-173.00305096519108
33.96,31.87,3.292445,0.702469,3.222726,3.30474,0.702887,3.229706,-150.41596970342368,-178.05283326865933
33.97,31.88,3.264524,0.702805,3.191581,3.276592,0.703736,3.198991,-148.4492199314028,-175.58858766372825
33.98,31.89,3.237116,0.704338,3.159841,3.248942,0.705654,3.168897,-142.55617897428377,-173.6502368014532
33.99,31.9,3.210376,0.70813,3.129241,3.221698,0.709592,3.137907,-142.56910614044835,-172.64216129953223
34.0,31.91,3.184489,0.713796,3.09855,3.195702,0.714971,3.107193,-142.374901572545,-174.0178601237723
34.01,31.92,3.1584,0.721411,3.066464,3.169577,0.722198,3.075465,-141.1550032330496,-175.9723110859746
34.02,31.93,3.132329,0.728225,3.034295,3.143221,0.728808,3.04294,-141.5609055280676,-176.93613715573633
34.03,31.94,3.104837,0.733142,3.002139,3.116014,0.7336,3.011048,-141.4422361093452,-177.65350323738724
34.04,31.95,3.077133,0.736683,2.969999,3.087784,0.737162,2.978992,-139.82446470056627,-177.42501188187435
34.05,31.96,3.048966,0.738672,2.937294,3.060296,0.739553,2.947286,-138.59072147223995,-175.55373217150202
34.06,31.97,3.022311,0.741044,2.905205,3.032917,0.742659,2.914498,-138.77508745873436,-171.3419487896404
34.07,31.98,2.996219,0.744676,2.873433,3.007231,0.746026,2.882961,-139.13239789620758,-173.01078270876212
34.08,31.99,2.971449,0.749988,2.841649,2.981967,0.751339,2.851327,-137.38169591269306,-172.6806364689985
34.09,32.0,2.947462,0.757395,2.810039,2.958167,0.758357,2.819616,-138.18327220992404,-174.86493393295774
34.1,32.01,2.923841,0.766668,2.777461,2.934261,0.767657,2.787562,-135.89059410582595,-174.57809204985205
34.11,32.02,2.901429,0.776282,2.744132,2.911535,0.776865,2.754646,-133.8664583888296,-176.69835165921776
34.12,32.03,2.878197,0.784191,2.710146,2.888427,0.784577,2.720763,-133.93649349588037,-177.83913156072188
34.13,32.04,2.854221,0.789931,2.676374,2.864533,0.790574,2.68719,-133.63349122861408,-176.4319676064604
34.14,32.05,2.829759,0.793763,2.641621,2.840054,0.795186,2.652324,-133.88685889987315,-172.13030286290837
34.15,32.06,2.805435,0.797669,2.607901,2.815831,0.799419,2.618583,-134.2226213390204,-170.44475517330153
34.16,32.07,2.781554,0.802247,2.574786,2.792028,0.80384,2.58588,-133.35341231269436,-171.35210737803
34.17,32.08,2.75766,0.807285,2.54222,2.767937,0.809476,2.553045,-133.51241437789454,-167.96503271580002
34.18,32.09,2.733735,0.81285,2.509545,2.744261,0.816513,2.519453,-136.73230898164866,-160.81233644865057
34.19,32.1,2.714779,0.820297,2.475927,2.72654,0.823987,2.481869,-153.19576405704075,-162.58081172324745
34.2,32.11,2.697165,0.830645,2.439159,2.709439,0.829808,2.444978,-154.6347640537369,176.09887264982962
34.21,32.12,2.676839,0.841877,2.406907,2.68706,0.844093,2.416459,-136.93780712223332,-167.76711376528385
34.22,32.13,2.654411,0.851213,2.374706,2.662482,0.85218,2.38679,-123.73927753941811,-173.1678640807555
34.23,32.14,2.632576,0.858188,2.341639,2.64238,0.85883,2.3522,-132.871203285042,-176.2534222952232
34.24,32.15,2.611994,0.862672,2.306143,2.621139,0.864463,2.317182,-129.6392505996007,-168.91917225043898
34.25,32.16,2.591419,0.866504,2.272,2.601169,0.869278,2.282176,-133.77525422048922,-164.11826777541722
34.26,32.17,2.571118,0.870857,2.238513,2.58072,0.873256,2.249125,-132.13957395154725,-165.97218093657762
34.27,32.18,2.551294,0.876646,2.205447,2.560125,0.878344,2.216732,-128.04471517699878,-169.11615743586853
34.28,32.19,2.532728,0.884668,2.173723,2.539698,0.884623,2.185908,-119.77019420870907,179.6300897768951
34.29,32.2,2.514567,0.8936,2.142178,2.520091,0.89261,2.154944,-113.39870900454574,169.83943368596073
34.3,32.21,2.495013,0.903885,2.108902,2.501187,0.902982,2.121766,-115.63839941715882,171.6790033228684
34.31,32.22,2.47554,0.913852,2.074776,2.482451,0.912685,2.087317,-118.8579498868137,170.41538032246996
34.32,32.23,2.455412,0.921621,2.039728,2.462978,0.921085,2.052151,-121.34273691884844,175.94775103825006
34.33,32.24,2.435214,0.927071,2.00467,2.443028,0.927116,2.016889,-122.59874697324844,-179.6700433100129
34.34,32.25,2.414879,0.931159,1.969897,2.422264,0.931181,1.982128,-121.12331224550354,-179.82931571827788
34.35,32.26,2.3944,0.934762,1.935324,2.401565,0.935486,1.947843,-119.78380338069029,-174.23003219859777
34.36,32.27,2.374532,0.939792,1.902108,2.381973,0.940876,1.914149,-121.71490137670294,-171.71149441607898
34.37,32.28,2.355166,0.946885,1.869804,2.36321,0.947314,1.88152,-124.4728091629238,-176.94721218647075
34.38,32.29,2.33631,0.956202,1.837992,2.344878,0.956016,1.84959,-126.45506361487355,178.75637939273625
34.39,32.3,2.318161,0.967904,1.806457,2.326872,0.967022,1.817713,-127.7362292847247,174.21843181053586
34.4,32.31,2.299598,0.980064,1.773939,2.308734,0.978505,1.784811,-130.04113377483228,170.31611827665589
34.41,32.32,2.28015,0.990205,1.740429,2.289908,0.988892,1.750718,-133.48271827551528,172.3365229741379
34.42,32.33,2.260541,0.99822,1.706031,2.270517,0.99724,1.71572,-135.83614143724003,174.38950659383462
34.43,32.34,2.240822,1.005459,1.672228,2.251631,1.004266,1.68143,-139.59133227383737,173.7017004834078
34.44,32.35,2.221606,1.013059,1.638954,2.232372,1.011738,1.647784,-140.64226534130853,173.00471120610428
34.45,32.36,2.203425,1.02196,1.606658,2.214106,1.020394,1.615719,-139.69109839878533,171.65897915296736
34.46,32.37,2.185913,1.03285,1.575342,2.196503,1.030755,1.584415,-139.41162908078755,168.80976967980925
34.47,32.38,2.169247,1.046258,1.544951,2.179692,1.043885,1.553989,-139.13054742519847,167.20023878587972
34.48,32.39,2.152721,1.061399,1.514505,2.162832,1.058358,1.523922,-137.0353617020259,163.26073350130304
34.49,32.4,2.135487,1.075128,1.482355,2.143996,1.072616,1.493311,-127.8347740594527,163.55251263972363
34.5,32.41,2.117159,1.086246,1.448895,2.124435,1.084407,1.460478,-122.13547553743334,165.81562441339472
34.51,32.42,2.09865,1.095846,1.415617,2.105867,1.094825,1.427409,-121.46767858029921,171.94771491592098
34.52,32.43,2.081069,1.106952,1.383325,2.08853,1.106841,1.395172,-122.2018905509354,179.14765281214886
34.53,32.44,2.064987,1.120215,1.354165,2.072339,1.120289,1.365795,-122.29936359554273,-179.42332093149767
34.54,32.45,2.050382,1.136762,1.327539,2.057132,1.136221,1.339373,-119.70002035600113,175.4176445552716
34.55,32.46,2.034495,1.156587,1.301844,2.041787,1.156485,1.313623,-121.76031736293855,179.19860279841234
34.56,32.47,2.019767,1.175695,1.275234,2.026844,1.175652,1.287118,-120.7740760911283,179.65187392946305
34.57,32.48,2.005235,1.193144,1.247325,2.012149,1.191911,1.259439,-119.7153300589512,169.88852240443975
34.58,32.49,1.990743,1.209253,1.218137,1.996567,1.208962,1.230549,-115.13706528422637,177.13955744542633
34.59,32.5,1.975317,1.2256,1.190615,1.981356,1.227343,1.202853,-116.26463365412884,-163.9005936550767
34.6,32.51,1.959464,1.243999,1.16672,1.966452,1.245269,1.178675,-120.30736646716566,-169.69948275091585
34.61,32.52,1.944993,1.26442,1.145853,1.952354,1.265477,1.157674,-121.9107429635366,-171.82849267013964
34.62,32.53,1.930454,1.286671,1.126688,1.938097,1.28676,1.138369,-123.19714176850862,-179.33284130447757
34.63,32.54,1.915969,1.307671,1.106606,1.922755,1.307175,1.119144,-118.423787332097,175.81959028909952
34.64,32.55,1.901721,1.326316,1.084518,1.906384,1.326524,1.097231,-110.14252715699801,-177.44593023506903
34.65,32.56,1.884531,1.344424,1.061297,1.890454,1.345001,1.074175,-114.69919869260757,-174.43598226574738
34.66,32.57,1.86967,1.361243,1.038957,1.875983,1.36266,1.051494,-116.72751687019218,-167.34920685885825
34.67,32.58,1.854851,1.378977,1.017802,1.862008,1.380293,1.029814,-120.78736724181068,-169.58106776304254
34.68,32.59,1.83994,1.397132,0.999207,1.848288,1.398173,1.010537,-126.38297178489721,-172.89187883070775
34.69,32.6,1.824819,1.416546,0.983052,1.835283,1.416692,0.993161,-135.98857644959674,-179.20062681178294
34.7,32.61,1.811015,1.436691,0.969764,1.821765,1.435405,0.978118,-142.14863921127863,173.17824423063144
34.71,32.62,1.796111,1.457403,0.956244,1.807349,1.455122,0.964067,-145.15743985735563,168.52642453781385
34.72,32.63,1.780976,1.477117,0.939594,1.790791,1.47491,0.94922,-135.55699610071596,167.3272566306989
34.73,32.64,1.764874,1.494592,0.921578,1.773384,1.493595,0.932344,-128.32465752258895,173.31790006037522
34.74,32.65,1.748,1.511018,0.903708,1.756755,1.510539,0.914676,-128.5979599516851,176.86837880710468
34.75,32.66,1.732466,1.526088,0.885247,1.739874,1.527149,0.896868,-122.51615215579756,-171.84932543343487
34.76,32.67,1.717113,1.541526,0.868547,1.723861,1.543448,0.88039,-119.6739739412818,-164.10171494867132
34.77,32.68,1.701786,1.557322,0.854963,1.709346,1.559083,0.866286,-123.7297516953852,-166.8875420502546
34.78,32.69,1.686254,1.573737,0.843154,1.694045,1.575159,0.853836,-126.10543298192079,-169.65632868234783
34.79,32.7,1.66955,1.590948,0.835142,1.679778,1.592035,0.844402,-137.84363549495518,-173.93355424533493
34.8,32.71,1.654098,1.607757,0.828523,1.665245,1.6081,0.836247,-145.28106530275713,-178.23752997393967
34.81,32.72,1.63653,1.624,0.821764,1.648921,1.623515,0.827609,-154.74612294879995,177.7585122213214
34.82,32.73,1.620129,1.638702,0.811647,1.632297,1.638213,0.817556,-154.09795519575474,177.6986712921179
34.83,32.74,1.602674,1.652022,0.80081,1.615295,1.651786,0.806559,-155.51022939381875,178.9287514207497
34.84,32.75,1.584724,1.663432,0.78975,1.597296,1.66477,0.795416,-155.73966947993955,-173.92505069606895
34.85,32.76,1.566529,1.674535,0.77875,1.577789,1.675765,0.782396,-162.0579915341178,-173.76594246152015
34.86,32.77,1.549351,1.684955,0.769108,1.56044,1.687875,0.772418,-163.37995117310044,-165.24753599896067
34.87,32.78,1.532027,1.695254,0.760751,1.543725,1.698958,0.763146,-168.42939870073556,-162.43037346169797
34.88,32.79,1.515892,1.706595,0.754248,1.52746,1.710375,0.75636,-169.65331653281848,-161.90449834705092
34.89,32.8,1.500988,1.719566,0.750134,1.512713,1.722361,0.751555,-173.08979443284127,-166.59208831669744
34.9,32.81,1.485984,1.732313,0.746814,1.497945,1.734128,0.748055,-174.07653575152196,-171.37158120335963
34.91,32.82,1.470475,1.743375,0.744292,1.483366,1.745565,0.744106,179.17335540045568,-170.35830489806662
34.92,32.83,1.453734,1.753336,0.739472,1.466107,1.754619,0.74064,-174.6073108140873,-174.07995620856445
34.93,32.84,1.436609,1.762008,0.733795,1.448998,1.763299,0.728939,158.59677685735156,-174.05094472553404
34.94,32.85,1.418894,1.769384,0.727812,1.431192,1.771259,0.722117,155.15192726167933,-171.33122467073466
34.95,32.86,1.401501,1.776258,0.722505,1.413886,1.77859,0.717586,158.33831072517103,-169.33649791640298
34.96,32.87,1.385769,1.782216,0.71908,1.397015,1.785365,0.712341,149.0684712631205,-164.357186618955
34.97,32.88,1.370451,1.788648,0.716104,1.381411,1.790724,0.710741,153.9263494632974,-169.27432802700542
34.98,32.89,1.354349,1.794744,0.714496,1.366115,1.797992,0.710285,160.3079333224657,-164.5678524344627
34.99,32.9,1.338499,1.800567,0.715319,1.35043,1.804332,0.70985,155.37395489853668,-162.48615377180224
35.0,32.91,1.32281,1.805236,0.716717,1.334152,1.808238,0.709808,148.65224015779356,-165.1749085267947
35.01,32.92,1.306068,1.808147,0.716182,1.317338,1.811499,0.712459,161.71923175850552,-163.43611163576503
35.02,32.93,1.288538,1.810551,0.716318,1.299805,1.814901,0.715589,176.29799566743083,-158.88926038903952
35.03,32.94,1.271446,1.813076,0.717227,1.282511,1.817842,0.714342,165.3865039193242,-156.69712532547692
35.04,32.95,1.255425,1.815152,0.71944,1.266479,1.820789,0.715222,159.11407947398772,-152.9806396745053
35.05,32.96,1.240401,1.817775,0.722834,1.251053,1.822103,0.716289,148.43182862390765,-157.88766614933473
35.06,32.97,1.226764,1.821039,0.728694,1.237428,1.82453,0.714533,126.98172757125673,-161.8734633235228
35.07,32.98,1.213254,1.822239,0.736142,1.223667,1.828248,0.731472,155.844821514097,-150.01216860405933
35.08,32.99,1.200025,1.821312,0.742929,1.210418,1.82809,0.748231,-152.97155010035252,-146.88882620595075
35.09,33.0,1.186799,1.819343,0.750143,1.195049,1.827098,0.760965,-127.31957750192899,-136.77146974003372
35.1,33.01,1.169023,1.815851,0.756246,1.178269,1.823076,0.758579,-165.8384308668469,-141.99525537071418
35.11,33.02,1.152405,1.81255,0.762251,1.161883,1.820107,0.757234,152.1063398316835,-141.43394007110015
35.12,33.03,1.136452,1.808931,0.769294,1.145628,1.815825,0.76433,151.58765530594462,-143.08217782944214
35.13,33.04,1.123175,1.804716,0.778183,1.131856,1.812736,0.771963,144.3781252203533,-137.266496235388
35.14,33.05,1.111557,1.800826,0.788377,1.119223,1.808808,0.780962,135.95351190159516,-133.84311057392352
35.15,33.06,1.100526,1.796919,0.7999,1.106473,1.804836,0.791401,124.98161257478786,-126.91271700085653
35.16,33.07,1.090627,1.79209,0.81225,1.094873,1.79996,0.802907,114.43979631638965,-118.34762275891163
35.17,33.08,1.079226,1.784288,0.825221,1.083336,1.792915,0.816155,114.38679049776485,-115.47365622437385
35.18,33.09,1.067183,1.775331,0.837672,1.071465,1.784285,0.829045,116.39744234475971,-115.55815376259842
35.19,33.1,1.053572,1.764857,0.849529,1.057489,1.773927,0.841123,114.98442155603684,-113.35774293213974
35.2,33.11,1.039852,1.753572,0.861258,1.044641,1.763243,0.853851,122.88471117161382,-116.34423641128078
35.21,33.12,1.026652,1.742345,0.873397,1.02955,1.751611,0.865288,109.66590837582577,-107.36740278123565
35.22,33.13,1.014765,1.731292,0.885926,1.016846,1.740703,0.876996,103.11779505776732,-102.46884320786056
35.23,33.14,1.003167,1.720331,0.898976,1.005113,1.729283,0.88963,101.76192365919194,-102.26424229124295
35.24,33.15,0.99186,1.708483,0.913741,0.993203,1.717044,0.903848,97.73078984717961,-98.91556734095377
35.25,33.16,0.981786,1.6963,0.929197,0.982378,1.704856,0.91889,93.28726843111352,-93.95805610725505
35.26,33.17,0.973177,1.683364,0.945059,0.97214,1.692292,0.934819,84.21739735511973,-83.3747009401236
35.27,33.18,0.962716,1.668781,0.960411,0.962327,1.67835,0.95097,87.64056157344844,-87.67208771149454
35.28,33.19,0.952026,1.653325,0.976088,0.951814,1.663198,0.967452,88.59376260154234,-88.7698937589755
35.29,33.2,0.940895,1.637094,0.991913,0.941065,1.647339,0.983577,91.16829805019425,-90.95064799338871
35.3,33.21,0.930141,1.619542,1.008087,0.929996,1.629766,0.999752,89.00335331916521,-89.1874676168139
35.31,33.22,0.920278,1.601293,1.023963,0.919945,1.611819,1.015985,87.60987390495285,-88.18799797963328
35.32,33.23,0.910976,1.582694,1.039946,0.909654,1.593576,1.032184,80.33430698119122,-83.07336377364376
35.33,33.24,0.902445,1.565025,1.057394,0.900648,1.57578,1.049431,77.28315324366959,-80.51435416869232
35.34,33.25,0.896069,1.547851,1.076292,0.893828,1.558189,1.068654,73.64823682970412,-77.7690543403772
35.35,33.26,0.891574,1.530621,1.096015,0.888464,1.541178,1.088355,67.90259069221503,-73.58548701740182
35.36,33.27,0.887766,1.512336,1.115274,0.884517,1.523704,1.108219,65.27277377490417,-74.04994449855057
35.37,33.28,0.884745,1.49376,1.135664,0.879375,1.504103,1.128411,53.484371197893225,-62.56203415718248
35.38,33.29,0.877349,1.472869,1.156464,0.874177,1.483821,1.149375,65.8936894751127,-73.84753178055364
35.39,33.3,0.873751,1.452628,1.177969,0.870082,1.46338,1.17082,62.832260398081395,-71.15836562636493
35.4,33.31,0.872612,1.433374,1.199338,0.86806,1.443565,1.192315,57.05046572361266,-65.93118295676875
35.41,33.32,0.873732,1.414469,1.221138,0.868408,1.424488,1.213615,54.713094884164576,-62.01425412107
35.42,33.33,0.876934,1.395329,1.242871,0.872139,1.405506,1.235668,56.34849817125649,-64.77204043366115
35.43,33.34,0.880497,1.374581,1.26441,0.876299,1.385341,1.25792,57.103543201029254,-68.68682172056884
35.44,33.35,0.883946,1.352812,1.288501,0.880196,1.363964,1.281695,61.14592028423452,-71.41413537298756
35.45,33.36,0.889133,1.33136,1.312798,0.884228,1.342008,1.305881,54.658690501431835,-65.26684460649159
35.46,33.37,0.895837,1.311179,1.336763,0.889981,1.321256,1.329951,49.31568810396689,-59.83804367384228
35.47,33.38,0.903865,1.291578,1.36103,0.898566,1.302066,1.35407,52.716147320733405,-63.195082070268754
35.48,33.39,0.914937,1.273869,1.385549,0.90916,1.284016,1.377913,52.890748009675065,-60.345806360602616
35.49,33.4,0.927354,1.254339,1.410022,0.920594,1.263662,1.401991,49.9113976346457,-54.054564941184736
35.5,33.41,0.939924,1.23125,1.433687,0.932792,1.240718,1.426203,46.379598835097546,-53.010228791806995
35.51,33.42,0.952983,1.208233,1.457788,0.945548,1.21807,1.450476,44.52212534987663,-52.91728751676295
35.52,33.43,0.966055,1.185991,1.48315,0.958986,1.195724,1.475415,47.57587658548212,-54.00939620217741
35.53,33.44,0.979372,1.166284,1.509357,0.972713,1.175786,1.50119,50.807764189015884,-54.977234997440306
35.54,33.45,0.994291,1.149107,1.536261,0.987131,1.157367,1.527417,51.006769617368185,-49.080335576236685
35.55,33.46,1.010872,1.131794,1.563234,1.003235,1.14017,1.554961,47.28917184502394,-47.64232557259289
35.56,33.47,1.027997,1.113573,1.58998,1.019895,1.120857,1.5813,46.97258223770797,-41.95672271317723
35.57,33.48,1.04659,1.09295,1.616517,1.03823,1.100779,1.608131,45.08895790459408,-43.12136911157077
35.58,33.49,1.065328,1.072017,1.642475,1.056665,1.079403,1.634325,43.25232745199909,-40.45062724125683
35.59,33.5,1.081843,1.051546,1.669881,1.075042,1.058558,1.66079,53.199745048669094,-45.87515161769915
35.6,33.51,1.100042,1.032201,1.699027,1.09251,1.038667,1.689186,52.570663280305844,-40.64511789439139
35.61,33.52,1.116952,1.015641,1.72909,1.109907,1.021844,1.718866,55.430635072377754,-41.36335713446587
35.62,33.53,1.133961,1.000479,1.75999,1.126875,1.006711,1.749829,55.109148737975964,-41.331003490275755
35.63,33.54,1.151101,0.986371,1.791152,1.144154,0.991996,1.780966,55.7054439569345,-38.99716222570772
35.64,33.55,1.169051,0.970847,1.822747,1.162004,0.975869,1.811959,56.84639413321885,-35.47533202820975
35.65,33.56,1.186839,0.954549,1.854603,1.179807,0.959126,1.843808,56.919268476776594,-33.05936590821156
35.66,33.57,1.203366,0.938797,1.887388,1.19719,0.943932,1.876087,61.34338188946261,-39.741636149394466
35.67,33.58,1.218045,0.924763,1.920735,1.212394,0.929841,1.909536,63.224551348371705,-41.942928403144215
35.68,33.59,1.230966,0.91348,1.955024,1.225095,0.918799,1.943537,62.92844706583699,-42.17590228015737
35.69,33.6,1.241995,0.903722,1.990173,1.236578,0.908482,1.977915,66.15862246322537,-41.30626286840308
35.7,33.61,1.253317,0.892137,2.025269,1.247934,0.896896,2.012274,67.49889072907841,-41.479239305905175
35.71,33.62,1.264707,0.880187,2.061759,1.259536,0.883674,2.049536,67.06896999992219,-33.99327089307713
35.72,33.63,1.27519,0.868888,2.098366,1.270677,0.872873,2.085787,70.26340655294936,-41.4446537041225
35.73,33.64,1.284023,0.859355,2.135221,1.279866,0.86426,2.123005,71.2070010952985,-49.71863898710597
35.74,33.65,1.290617,0.852497,2.17241,1.286667,0.85728,2.160332,71.89013821538563,-50.44869145170978
35.75,33.66,1.294084,0.846474,2.21044,1.290605,0.850368,2.197217,75.25942318497289,-48.22157676882373
35.76,33.67,1.296956,0.838855,2.249176,1.293374,0.842448,2.235598,75.22154782361194,-45.087840150642684
35.77,33.68,1.299729,0.829551,2.287843,1.296669,0.83238,2.274978,76.62054841864908,-42.75368600203464
35.78,33.69,1.302513,0.819297,2.32725,1.299771,0.823343,2.314065,78.25201579589809,-55.87425624662897
35.79,33.7,1.304712,0.811081,2.366717,1.301554,0.815423,2.353228,76.82341963325014,-53.9710574264017
35.8,33.71,1.305532,0.80521,2.405748,1.302675,0.809602,2.392634,77.70965322568958,-56.95596126463008
35.81,33.72,1.304318,0.801687,2.444779,1.301094,0.805531,2.431306,76.5425530200733,-50.01311375503449
35.82,33.73,1.301322,0.799498,2.484361,1.298336,0.802659,2.471005,77.39762908405048,-46.63072293078038
35.83,33.74,1.297684,0.795517,2.523867,1.294981,0.799438,2.508889,79.77023963356429,-55.418981336745375
35.84,33.75,1.293332,0.788817,2.564504,1.290415,0.791907,2.550853,77.93821024551544,-46.649647203719454
35.85,33.76,1.288934,0.780089,2.605408,1.286427,0.784689,2.590982,80.14140057918158,-61.40961593920871
35.86,33.77,1.28488,0.771207,2.646182,1.28261,0.776424,2.632093,80.84724254838025,-66.4853728266832
35.87,33.78,1.280528,0.762977,2.687218,1.278553,0.768429,2.674224,81.35757668528358,-70.0869598873553
35.88,33.79,1.275635,0.756204,2.728259,1.273699,0.762022,2.714623,81.91931692014393,-71.59460031293693
35.89,33.8,1.270198,0.751575,2.768356,1.267759,0.756512,2.754565,79.97069105146541,-63.709489968025856
35.9,33.81,1.264681,0.748896,2.808416,1.261454,0.752267,2.794113,77.28597270800739,-46.250270179668924
35.91,33.82,1.258612,0.747788,2.848998,1.255004,0.750108,2.834335,76.1763370707148,-32.741646686637914
35.92,33.83,1.251563,0.74549,2.891078,1.248549,0.74759,2.877379,77.59170380923175,-34.8667976862456
35.93,33.84,1.243855,0.741468,2.933994,1.240886,0.744401,2.919882,78.11891308017648,-44.650521436384416
35.94,33.85,1.237087,0.735344,2.97744,1.232735,0.738047,2.96464,71.22196677755383,-31.844157381034222
35.95,33.86,1.230748,0.727386,3.020425,1.224311,0.729163,3.007389,63.72046481697854,-15.432714130580274
35.96,33.87,1.223843,0.718953,3.062743,1.217411,0.722138,3.049981,63.25206768437738,-26.343708996370047
35.97,33.88,1.214846,0.713532,3.104189,1.209604,0.717653,3.091294,67.8775620104176,-38.172670323416696
35.98,33.89,1.204737,0.711257,3.145455,1.200461,0.714362,3.131919,72.46875957910915,-35.98512457098241
35.99,33.9,1.194542,0.711531,3.187363,1.190896,0.713843,3.174318,74.38463789819822,-32.37958426522853
36.0,33.91,1.183768,0.711837,3.230234,1.180263,0.714589,3.216758,75.4208456435566,-38.13772889400269
36.01,33.92,1.172313,0.710942,3.27258,1.16872,0.712767,3.259063,75.11423429661366,-26.927476643074616
36.02,33.93,1.16071,0.708698,3.315075,1.15726,0.709257,3.302027,75.18945289143618,-9.20359143771837
36.03,33.94,1.148859,0.70374,3.358891,1.146448,0.705983,3.344095,80.74502669804065,-42.93263574137266
36.04,33.95,1.137314,0.697708,3.402442,1.135198,0.700703,3.388397,81.43233346212786,-54.75837955284773
36.05,33.96,1.125891,0.691621,3.445769,1.124101,0.694657,3.431742,82.72773152019259,-59.47675708292562
36.06,33.97,1.114392,0.687042,3.488083,1.113554,0.690973,3.476551,85.84377238420831,-77.96597555038099
36.07,33.98,1.10341,0.68475,3.530807,1.102283,0.68745,3.517622,85.11446558489219,-67.34398154792723
36.08,33.99,1.092195,0.684154,3.572415,1.090887,0.6868,3.55954,84.19909619285266,-63.695382390733236
36.09,34.0,1.081012,0.686234,3.614519,1.079751,0.687513,3.601219,84.58386124473816,-45.40602628635759
36.1,34.01,1.0693,0.688165,3.65695,1.068472,0.689101,3.643697,86.42501137979737,-48.50353164478842
36.11,34.02,1.056945,0.688103,3.700791,1.055554,0.690109,3.687123,84.18898342496719,-55.26179707909395
36.12,34.03,1.044553,0.687145,3.744366,1.043403,0.689993,3.731873,84.7406563286777,-68.01153119678648
36.13,34.04,1.031289,0.684561,3.788318,1.030395,0.687887,3.77545,86.02578081497857,-74.95499017099853
36.14,34.05,1.018362,0.68196,3.831199,1.016955,0.684875,3.817439,84.16163155475326,-64.23452020174416
36.15,34.06,1.006235,0.680813,3.873729,1.004582,0.682941,3.859745,83.25854799313514,-52.16044972689298
36.16,34.07,0.995775,0.682248,3.914916,0.993626,0.6829,3.901734,80.74079094144808,-16.877636215100132
36.17,34.08,0.985354,0.684319,3.956697,0.982746,0.684136,3.943491,78.82863626130961,4.013792158718957
36.18,34.09,0.975452,0.688356,3.998988,0.972999,0.688713,3.985547,79.65727066571847,-8.280467473215898
36.19,34.1,0.966783,0.693756,4.041398,0.964586,0.695007,4.028063,80.64431401691549,-29.657741631759503
36.2,34.11,0.958277,0.697991,4.083798,0.956369,0.700179,4.071332,81.29805116644474,-48.9106198023673
36.21,34.12,0.949106,0.700598,4.126926,0.947601,0.701608,4.113979,83.36951626428288,-33.865417489653446
36.22,34.13,0.939652,0.701445,4.170973,0.93767,0.70286,4.157692,81.51206390874982,-35.524002729101944
36.23,34.14,0.93081,0.702162,4.213241,0.927784,0.703497,4.200006,77.12147206161707,-23.80594351845927
36.24,34.15,0.922578,0.70406,4.255097,0.918925,0.704702,4.241707,74.74017450491216,-9.96771070163146
36.25,34.16,0.915119,0.707088,4.29672,0.911451,0.708495,4.283319,74.69243748979474,-20.98620357379158
36.26,34.17,0.908568,0.71208,4.337293,0.905152,0.713073,4.323926,75.66460928699367,-16.20866525674735
36.27,34.18,0.904207,0.718919,4.377957,0.900602,0.719562,4.36481,74.66599606694916,-10.113119532567753
36.28,34.19,0.901593,0.726284,4.418944,0.897715,0.726715,4.405167,74.2789580370246,-6.3418133398725045
36.29,34.2,0.899831,0.732354,4.460405,0.895933,0.732885,4.446846,73.9608860960413,-7.757294727972454
36.3,34.21,0.898196,0.736692,4.502535,0.894225,0.737623,4.489307,73.29042454152808,-13.194671075003429
36.31,34.22,0.895706,0.739035,4.545176,0.891434,0.740212,4.532077,71.93720747102195,-15.403679364456261
36.32,34.23,0.892715,0.741019,4.587274,0.888033,0.742192,4.574451,69.94158973879574,-14.065033867750564
36.33,34.24,0.889978,0.743522,4.628619,0.884168,0.743744,4.615805,65.60996937439877,-2.1882062342675277
36.34,34.25,0.887803,0.746487,4.66995,0.881684,0.74711,4.657239,64.29411221038625,-5.813481278988546
36.35,34.26,0.885922,0.750437,4.710829,0.879944,0.751625,4.697978,65.05319650283782,-11.239875245869461
36.36,34.27,0.885327,0.755964,4.751038,0.879238,0.757039,4.738201,64.62351735871657,-10.01227411307629
36.37,34.28,0.886184,0.763441,4.791081,0.879898,0.764531,4.778399,63.63408027221417,-9.83733947786271
36.38,34.29,0.888302,0.771352,4.83132,0.882456,0.772012,4.818367,65.70920019421746,-6.441287921999106
36.39,34.3,0.890661,0.777259,4.872032,0.884232,0.778504,4.859434,62.96391112940873,-10.959881752479125
36.4,34.31,0.893185,0.781981,4.91362,0.886005,0.783351,4.901163,60.04159320541207,-10.802631343038529
36.41,34.32,0.895235,0.785361,4.954487,0.888137,0.786004,4.94233,59.721004290709644,-5.176233071304412
36.42,34.33,0.896808,0.787536,4.996357,0.889819,0.788608,4.984071,60.366232897745654,-8.720287029213804
36.43,34.34,0.898614,0.790257,5.037443,0.891636,0.79187,5.02532,60.075265020628116,-13.015603597074358
36.44,34.35,0.900933,0.79427,5.077538,0.893901,0.79572,5.065401,59.912625882255576,-11.651105167493874
36.45,34.36,0.904071,0.8002,5.116586,0.896962,0.801292,5.104406,59.7295257026906,-8.732837803759121
36.46,34.37,0.908844,0.809225,5.153297,0.900974,0.808827,5.141118,57.12968721723984,2.895083837989245
36.47,34.38,0.915327,0.819733,5.190161,0.90775,0.818722,5.178117,57.825594369856795,7.6000917599987226
36.48,34.39,0.922833,0.828442,5.22849,0.915971,0.82892,5.216275,60.67410244219223,-3.9847294055550444
36.49,34.4,0.929717,0.836416,5.267556,0.923114,0.837514,5.2554,61.48969727675383,-9.441214126341777
36.5,34.41,0.935963,0.844837,5.306491,0.928383,0.845206,5.293884,58.9834732516434,-2.7870007075140895
36.51,34.42,0.942747,0.853864,5.342955,0.933974,0.853611,5.331334,52.949880519388856,1.6518654617309387
36.52,34.43,0.951179,0.863748,5.37825,0.941839,0.862812,5.366566,51.361727013872894,5.722740309025422
36.53,34.44,0.961417,0.875592,5.41081,0.951917,0.875115,5.39977,49.287766391210404,2.874437288496739
36.54,34.45,0.972989,0.889269,5.442751,0.964686,0.888743,5.431005,54.74431423938324,3.624877730792731
36.55,34.46,0.985805,0.901756,5.475354,0.977732,0.901676,5.463039,56.75347459938248,0.5677582474701602
36.56,34.47,0.997777,0.913431,5.508202,0.989315,0.913198,5.496356,54.460492139689315,1.5772328446267037
36.57,34.48,1.009664,0.925201,5.540681,0.999899,0.924456,5.529886,47.86796481947787,4.362808559934741
36.58,34.49,1.022094,0.937252,5.571762,1.011605,0.936483,5.561939,43.12203016728647,4.193132359669371
36.59,34.5,1.036168,0.949881,5.601547,1.025294,0.948875,5.591723,42.09590102588535,5.285630867404908
36.6,34.51,1.051377,0.963024,5.629351,1.040499,0.962234,5.619608,41.84956314044729,4.15373600338535
36.61,34.52,1.068558,0.977746,5.655309,1.051443,0.973558,5.646986,25.933588469532644,13.749956235310698
36.62,34.53,1.0867,0.99157,5.681221,1.078399,0.99119,5.671261,50.19103410521888,2.6210344097657017
36.63,34.54,1.105669,1.003734,5.707021,1.097181,1.003471,5.696996,49.74596832293538,1.774737328850874
36.64,34.55,1.125148,1.014593,5.73394,1.114681,1.014086,5.7237,44.371921525144636,2.773122535695037
36.65,34.56,1.14307,1.024862,5.760769,1.132235,1.024356,5.751333,41.05200067028907,2.6737993202795676
36.66,34.57,1.16128,1.034791,5.788208,1.150936,1.034846,5.778662,42.702487516725384,-0.30464406194210447
36.67,34.58,1.180094,1.04498,5.814075,1.1697,1.045667,5.804602,42.34576637026396,-3.7815114784934627
36.68,34.59,1.199995,1.056121,5.837897,1.189151,1.056827,5.828537,40.799122821656404,-3.7249919390144113
36.69,34.6,1.219653,1.067849,5.8599,1.209145,1.068585,5.850456,41.94742292911502,-4.006560373373156
36.7,34.61,1.24119,1.080408,5.879805,1.23048,1.080613,5.870683,40.42194497803827,-1.0965640214788799
36.71,34.62,1.264409,1.092113,5.898919,1.252832,1.092189,5.890747,35.21759296819306,-0.3761265173483868
36.72,34.63,1.287616,1.101767,5.919198,1.275958,1.10236,5.910993,35.13821030227832,-2.91191793645439
36.73,34.64,1.311429,1.111094,5.938871,1.297415,1.113697,5.931779,26.842391907254605,-10.522365169007763
36.74,34.65,1.334831,1.117396,5.961278,1.322346,1.118343,5.955513,24.785325450428655,-4.337637424065874
36.75,34.66,1.358418,1.124137,5.983577,1.34556,1.125508,5.977244,26.221806206465992,-6.086237070261846
36.76,34.67,1.381613,1.130007,6.005136,1.368977,1.131946,5.998602,27.34321425475366,-8.724013502056062
36.77,34.68,1.404831,1.135783,6.025154,1.392031,1.137831,6.019013,25.630090734813628,-9.090276920822593
36.78,34.69,1.427973,1.141889,6.044362,1.415164,1.143971,6.038379,25.03697011272127,-9.232228657981608
36.79,34.7,1.451894,1.148751,6.062196,1.43844,1.150664,6.056823,21.769829832570007,-8.092537612481967
36.8,34.71,1.475417,1.156013,6.078957,1.461856,1.157681,6.074673,17.531634350505954,-7.012147616635967
36.81,34.72,1.500044,1.163523,6.094749,1.485729,1.166137,6.090606,16.14132599043921,-10.348515681847461
36.82,34.73,1.525424,1.170486,6.11013,1.511417,1.172484,6.10679,13.411851508555579,-8.118075893072383
36.83,34.74,1.550964,1.175968,6.126046,1.536924,1.178394,6.123251,11.258912202987608,-9.803451057775707
36.84,34.75,1.5769,1.179993,6.143306,1.562935,1.183098,6.140842,10.006341421654502,-12.535323776393982
36.85,34.76,1.602998,1.182392,6.161005,1.588971,1.186325,6.159138,7.581532757509319,-15.662849582695529
36.86,34.77,1.628399,1.183649,6.178952,1.614606,1.188257,6.177643,5.42131649265684,-18.47357210549882
36.87,34.78,1.653833,1.184796,6.196939,1.640193,1.189453,6.195173,7.377168648491465,-18.851048382078556
36.88,34.79,1.679075,1.186088,6.214274,1.664768,1.190184,6.212266,7.989326766396897,-15.976069006157568
36.89,34.8,1.703741,1.187574,6.230476,1.689116,1.191035,6.22904,5.607784711001723,-13.314085429917016
36.9,34.81,1.728531,1.189645,6.245971,1.714064,1.192454,6.244575,5.511718357928868,-10.988169395474173
36.91,34.82,1.752877,1.193076,6.259669,1.738353,1.194567,6.259306,1.4317019401423245,-5.8613187501831785
36.92,34.83,1.777695,1.197431,6.271899,1.764232,1.196732,6.273119,-5.1779285464069025,2.9721325617229883
36.93,34.84,1.804459,1.201105,6.283766,1.789983,1.201635,6.285184,-5.594573438530609,-2.096795077671399
36.94,34.85,1.832846,1.202204,6.297792,1.818669,1.204381,6.298345,-2.233794950497088,-8.730065810118834
36.95,34.86,1.861136,1.201815,6.312602,1.846911,1.205225,6.312169,1.743508925273422,-13.48049848595853
36.96,34.87,1.88901,1.200163,6.328142,1.875253,1.204516,6.327213,3.8632761534749576,-17.558451050936238
36.97,34.88,1.916932,1.197545,6.34369,1.903336,1.202625,6.342881,3.4052439574963325,-20.487664378493726
36.98,34.89,1.944958,1.194483,6.358948,1.931268,1.200323,6.35815,3.3360374337003114,-23.102550038026454
36.99,34.9,1.971922,1.191965,6.372942,1.958587,1.197876,6.372572,1.5893513806340684,-23.906253706915315
37.0,34.91,1.998791,1.19048,6.385458,1.985449,1.195906,6.386246,-3.3800544457149537,-22.13087025347455
37.01,34.92,2.026306,1.190002,6.396754,2.014292,1.195291,6.398304,-7.351471425909885,-23.760840856180614
37.02,34.93,2.054633,1.190417,6.406501,2.042225,1.19544,6.408628,-9.727194052099222,-22.039060900355352
37.03,34.94,2.083316,1.190815,6.41511,2.07006,1.195143,6.418194,-13.096851690364948,-18.081532314027804
37.04,34.95,2.112592,1.189417,6.423789,2.09997,1.194406,6.427312,-15.595259384770586,-21.567016118014205
37.05,34.96,2.143242,1.186047,6.43365,2.131815,1.192594,6.436169,-12.431616196334218,-29.810175911782075
37.06,34.97,2.173738,1.181674,6.444308,2.162136,1.188457,6.446133,-8.93940255839779,-30.31228906127398
37.07,34.98,2.203714,1.176735,6.45523,2.192544,1.183856,6.456989,-8.949182201188789,-32.517966511779136
37.08,34.99,2.234346,1.171577,6.465514,2.223101,1.179011,6.467528,-10.15411921129046,-33.46844431697331
37.09,35.0,2.263834,1.166888,6.474767,2.252819,1.174383,6.477305,-12.975240729191496,-34.232771804818036
37.1,35.01,2.293783,1.163633,6.482129,2.282641,1.170467,6.485461,-16.649223222881506,-31.523074039346614
37.11,35.02,2.323902,1.161509,6.487941,2.312206,1.167602,6.492323,-20.538864110360993,-27.51714030121789
37.12,35.03,2.354728,1.15972,6.491526,2.342646,1.165241,6.496676,-23.08631787496758,-24.55854118912847
37.13,35.04,2.385728,1.156251,6.494623,2.374173,1.161925,6.500047,-25.145697789753562,-26.15301595248448
37.14,35.05,2.417902,1.150732,6.498041,2.406334,1.156815,6.50323,-24.15933518579463,-27.737510656775463
37.15,35.06,2.450776,1.143703,6.502363,2.43923,1.150434,6.507421,-23.656966069815194,-30.241007614674068
37.16,35.07,2.482807,1.13618,6.506908,2.471665,1.14289,6.512027,-24.67560083785289,-31.05743625687038
37.17,35.08,2.515059,1.128893,6.510661,2.50472,1.135967,6.516276,-28.505910404454816,-34.38014605815984
37.18,35.09,2.546489,1.12274,6.513372,2.536367,1.129409,6.519636,-31.751294806462347,-33.379364463583336
37.19,35.1,2.57795,1.11775,6.514282,2.567811,1.123483,6.521485,-35.39094162283644,-29.485570929719998
37.2,35.11,2.609643,1.113712,6.512892,2.599473,1.11884,6.521142,-39.04929055911648,-26.758526059659275
37.21,35.12,2.641433,1.109262,6.509799,2.63178,1.114515,6.518172,-40.938327615613034,-28.55428775903507
37.22,35.13,2.674848,1.103238,6.506553,2.664936,1.109327,6.514482,-38.657693394371535,-31.56265119355055
37.23,35.14,2.708357,1.095539,6.503878,2.698371,1.101949,6.511217,-36.31324145859998,-32.69635099854695
37.24,35.15,2.742431,1.086465,6.501488,2.732966,1.093941,6.50852,-36.61041822824426,-38.3037034224436
37.25,35.16,2.776059,1.077202,6.499073,2.765982,1.084013,6.506006,-34.528064274688134,-34.0545877824424
37.26,35.17,2.809099,1.068551,6.495893,2.799667,1.075032,6.503208,-37.795413832179214,-34.49408320249553
37.27,35.18,2.841543,1.06108,6.491358,2.832716,1.066922,6.500062,-44.59801122327263,-33.49790632383344
37.28,35.19,2.873168,1.055016,6.48498,2.865337,1.059911,6.494888,-51.67816377108719,-32.008671420119235
37.29,35.2,2.904743,1.049699,6.476305,2.89745,1.054236,6.486951,-55.587061739356706,-31.885883119260452
37.3,35.21,2.937599,1.043752,6.466412,2.929688,1.048735,6.476753,-52.5835395354925,-32.20610567150826
37.31,35.22,2.970062,1.036332,6.456823,2.962193,1.041344,6.466573,-51.093801272965315,-32.494272065634874
37.32,35.23,3.003494,1.027327,6.447427,2.995707,1.032589,6.456737,-50.09046917081314,-34.048531352845764
37.33,35.24,3.03749,1.016907,6.43827,3.029183,1.022786,6.447654,-48.48377652385129,-35.287668095548646
37.34,35.25,3.070689,1.006769,6.429046,3.062818,1.012472,6.438321,-49.68122008325745,-35.92552781190746
37.35,35.26,3.10422,0.997253,6.41873,3.095905,1.003331,6.42831,-49.04352016446269,-36.16561361736091
37.36,35.27,3.133751,0.990792,6.406213,3.127411,0.994731,6.416315,-57.88768000313244,-31.852410390441698
37.37,35.28,3.165008,0.98465,6.392568,3.157786,0.988352,6.402681,-54.46821788320837,-27.1396947473549
37.38,35.29,3.194764,0.979439,6.376743,3.187639,0.983086,6.387147,-55.59537916116027,-27.106074753449633
37.39,35.3,3.226099,0.971979,6.359868,3.219029,0.976202,6.370217,-55.66075939766588,-30.8504036519145
37.4,35.31,3.257919,0.96289,6.343038,3.248446,0.968347,6.352017,-43.46643422544471,-29.944449401601304
37.41,35.32,3.29051,0.952689,6.326961,3.276815,0.960423,6.334028,-27.29498954651131,-29.454792290230333
37.42,35.33,3.322401,0.942619,6.310363,3.305129,0.952179,6.316107,-18.395132443290116,-28.96439590861654
37.43,35.34,3.353786,0.933889,6.293025,3.333948,0.94419,6.297778,-13.473556441293079,-27.4408653742166
37.44,35.35,3.384468,0.92616,6.2747,3.363528,0.93687,6.279594,-13.154779828355217,-27.08798729633184
37.45,35.36,3.412459,0.920937,6.25452,3.39391,0.930182,6.260606,-18.164867207804118,-26.49210706113995
37.46,35.37,3.439599,0.916375,6.232557,3.423902,0.923797,6.240179,-25.89984147046809,-25.306151886020555
37.47,35.38,3.466556,0.910197,6.209718,3.452463,0.917061,6.217887,-30.09870257142366,-25.968411987275225
37.48,35.39,3.491469,0.902801,6.185497,3.479578,0.910037,6.194285,-36.46611819897725,-31.321660778848706
37.49,35.4,3.521593,0.893607,6.163642,3.504661,0.902694,6.170886,-23.16264176325211,-28.221392907787855
37.5,35.41,3.550311,0.884014,6.140555,3.528919,0.895485,6.146731,-16.10374924625728,-28.20147747801267
37.51,35.42,3.577987,0.875533,6.116891,3.572023,0.880765,6.127709,-61.13190318133352,-41.25929763778563
37.52,35.43,3.603765,0.868954,6.092315,3.600006,0.873201,6.103903,-72.02759563951834,-48.488107570906905
37.53,35.44,3.629141,0.863767,6.067077,3.62516,0.86767,6.078621,-70.97301734393606,-44.433165271560306
37.54,35.45,3.65308,0.859944,6.040212,3.648469,0.863426,6.051809,-68.31709159235339,-37.05830468754811
37.55,35.46,3.676355,0.854677,6.012156,3.671926,0.858468,6.023667,-68.95515140069338,-40.561853101773295
37.56,35.47,3.699415,0.84755,5.983625,3.695523,0.851578,5.995225,-71.45250921380706,-45.98377023445505
37.57,35.48,3.723722,0.8387,5.954916,3.719903,0.843568,5.966107,-71.15746612503263,-51.885422381434005
37.58,35.49,3.747226,0.829857,5.92665,3.742896,0.834945,5.937832,-68.83212805918355,-49.60148520730597
37.59,35.5,3.770131,0.821503,5.898542,3.767103,0.825785,5.910472,-75.75827479556202,-54.734104910791295
37.6,35.51,3.791319,0.814675,5.869949,3.789537,0.818085,5.882299,-81.78937502386873,-62.409302746956904
37.61,35.52,3.812014,0.808007,5.839863,3.809588,0.811777,5.852133,-78.81584205318943,-57.23866527145667
37.62,35.53,3.830787,0.803602,5.80878,3.828717,0.806905,5.821207,-80.54291151229465,-57.92450451718232
37.63,35.54,3.84911,0.799463,5.776385,3.846181,0.803317,5.788544,-76.45597811444473,-52.76554296186305
37.64,35.55,3.866305,0.794467,5.743212,3.86401,0.798231,5.755324,-79.27070808148042,-58.62834809678508
37.65,35.56,3.884684,0.787452,5.709772,3.881714,0.792092,5.72171,-76.02927354172127,-57.37725302840161
37.66,35.57,3.902788,0.779323,5.67613,3.899895,0.784549,5.687832,-76.11362141105683,-61.03203964200563
37.67,35.58,3.920311,0.771327,5.643202,3.91792,0.776184,5.655133,-78.6679049588579,-63.78993671869503
37.68,35.59,3.937302,0.763888,5.610408,3.935956,0.768338,5.622711,-83.75643181250709,-73.17090853380613
37.69,35.6,3.952336,0.75853,5.577559,3.952196,0.761769,5.590248,-89.36787109537232,-87.52503260243503
37.7,35.61,3.967311,0.753138,5.54318,3.966671,0.756612,5.555837,-87.10530974116918,-79.5616851010735
37.71,35.62,3.979701,0.749341,5.50806,3.97987,0.752661,5.520686,-90.76686270638807,-92.9140470690111
37.72,35.63,3.991599,0.746011,5.471668,3.99346,0.748693,5.484211,-98.43938485885967,-124.75620684287563
37.73,35.64,4.002992,0.741058,5.434917,4.004496,0.74401,5.447237,-96.96011049928576,-116.99816437059728
37.74,35.65,4.014083,0.734461,5.397456,4.016091,0.737542,5.409672,-99.33449798901135,-123.09375316711872
37.75,35.66,4.025276,0.726895,5.360446,4.027712,0.730139,5.37259,-101.342592044594,-126.90379378437764
37.76,35.67,4.036877,0.718949,5.324062,4.03653,0.723176,5.336515,-88.40387920837296,-85.30703701692843
37.77,35.68,4.046327,0.711432,5.287282,4.047512,0.71529,5.299704,-95.4492562003374,-107.07454763918419
37.78,35.69,4.056526,0.704751,5.250088,4.057393,0.708528,5.262428,-94.01895812527532,-102.92812525914734
37.79,35.7,4.065331,0.699403,5.212827,4.066762,0.703502,5.225574,-96.4053039214703,-109.24458179071415
37.8,35.71,4.072071,0.695793,5.175248,4.07543,0.69821,5.187683,-105.11623146500058,-144.26274223373883
37.81,35.72,4.077352,0.693048,5.136665,4.07864,0.695744,5.149405,-95.7729253360508,-115.53589637276714
37.82,35.73,4.080949,0.689485,5.097743,4.085538,0.691516,5.109946,-110.60902493614634,-156.1267729668092
37.83,35.74,4.084846,0.683897,5.058059,4.088595,0.687312,5.070639,-106.5947258644577,-137.66931087391708
37.84,35.75,4.089316,0.676675,5.017731,4.094308,0.679787,5.029262,-113.40874933842012,-148.06069233363348
37.85,35.76,4.093879,0.668507,4.977948,4.097369,0.672672,4.990192,-105.90954277238008,-129.96082553423435
37.86,35.77,4.098678,0.660138,4.938208,4.101707,0.664933,4.950536,-103.80417608607941,-122.28058930272034
37.87,35.78,4.102787,0.652556,4.898549,4.107591,0.655973,4.910243,-112.33329779759609,-144.57643231943086
37.88,35.79,4.105929,0.646739,4.859646,4.108428,0.650541,4.872018,-101.41943343425861,-123.31634395469423
37.89,35.8,4.106883,0.642902,4.821332,4.112755,0.644685,4.833126,-116.46780792436465,-163.10938004267732
37.9,35.81,4.106745,0.639749,4.781968,4.111338,0.642051,4.794296,-110.4337089279675,-153.3800869338168
37.91,35.82,4.105141,0.637417,4.741287,4.110086,0.641087,4.753971,-111.29888266136004,-143.41853271484803
37.92,35.83,4.102643,0.634494,4.700545,4.108116,0.637854,4.712773,-114.11230252338574,-148.4532834277239
37.93,35.84,4.100333,0.629684,4.659085,4.105062,0.633771,4.671541,-110.78958582188581,-139.1650492414292
37.94,35.85,4.098295,0.623736,4.617793,4.103334,0.628314,4.629983,-112.45881235733523,-137.74442662476204
37.95,35.86,4.096376,0.618238,4.577608,4.102351,0.622219,4.589351,-116.96761834020711,-146.32542559592483
37.96,35.87,4.093722,0.612698,4.536829,4.100524,0.616484,4.548588,-120.04725849494913,-150.8996439282054
37.97,35.88,4.089782,0.608372,4.496401,4.096408,0.611874,4.508172,-119.3755451098402,-152.1424735378139
37.98,35.89,4.084476,0.605942,4.456957,4.091382,0.609471,4.468787,-120.27510400993188,-152.93274390649796
37.99,35.9,4.076916,0.606126,4.418067,4.084582,0.608915,4.429777,-123.21092965336874,-160.0078924445493
38.0,35.91,4.067293,0.606765,4.379036,4.075432,0.609559,4.390514,-125.34028810143171,-161.05340131749665
38.01,35.92,4.057553,0.605515,4.339291,4.065242,0.608849,4.350722,-123.92653484315224,-156.55813392130202
38.02,35.93,4.047756,0.602722,4.299194,4.055935,0.606445,4.310111,-126.84049581156636,-155.52544075763987
38.03,35.94,4.038219,0.599353,4.258693,4.046808,0.603318,4.269533,-128.39130499699016,-155.2202062932393
38.04,35.95,4.027903,0.596144,4.218766,4.036842,0.600249,4.229503,-129.77879172202367,-155.3342947780343
38.05,35.96,4.016801,0.594516,4.179962,4.025615,0.598456,4.190776,-129.18191238513919,-155.914587344886
38.06,35.97,4.004101,0.595091,4.142484,4.013123,0.598792,4.153011,-130.5977086439892,-157.6956068941171
38.07,35.98,3.989285,0.597967,4.106133,3.998369,0.601395,4.116026,-132.55892730430935,-159.32515855163857
38.08,35.99,3.972277,0.600548,4.070489,3.981836,0.603323,4.080379,-134.0249847125011,-163.81186367884945
38.09,36.0,3.954414,0.601316,4.034651,3.963989,0.60387,4.043963,-135.79778769321894,-165.06485847143378
38.1,36.01,3.936091,0.599553,3.997739,3.946067,0.602926,4.00668,-138.13168396801282,-161.31901513882607
38.11,36.02,3.918777,0.597402,3.96087,3.929116,0.600769,3.969336,-140.68796721415043,-161.96163615118357
38.12,36.03,3.90143,0.595539,3.923616,3.9116,0.599111,3.932436,-139.06631877480586,-160.64724060959742
38.13,36.04,3.883447,0.594849,3.887218,3.893696,0.598985,3.896257,-138.58964959893726,-158.02338344057955
38.14,36.05,3.86451,0.596285,3.852374,3.874941,0.600078,3.861425,-139.0517569947634,-160.01733451001755
38.15,36.06,3.844214,0.599801,3.819165,3.854961,0.602772,3.827958,-140.71059313749836,-164.5465800122337
38.16,36.07,3.822004,0.604856,3.786913,3.833189,0.606844,3.795188,-143.50484838930905,-169.9216089685201
38.17,36.08,3.798362,0.608592,3.755242,3.810263,0.610173,3.761846,-150.97360853690083,-172.4327939648996
38.18,36.09,3.774216,0.609711,3.722474,3.786105,0.611869,3.728596,-152.7547131687913,-169.71211811995715
38.19,36.1,3.75038,0.60898,3.688575,3.76208,0.611841,3.695064,-150.98657548054692,-166.25911082685505
38.2,36.11,3.727055,0.607493,3.654994,3.738898,0.61024,3.661164,-152.48125869219277,-166.9410932728487
38.21,36.12,3.703842,0.607093,3.62337,3.717123,0.608894,3.626633,-166.1964460061292,-172.27738439555552
38.22,36.13,3.680609,0.607811,3.590926,3.694121,0.609069,3.593576,-168.9038750256683,-174.68095707752278
38.23,36.14,3.656204,0.611226,3.558493,3.669463,0.612551,3.562503,-163.1727893297522,-174.29325752907917
38.24,36.15,3.631176,0.618499,3.529281,3.644762,0.618854,3.532039,-168.52471687845974,-178.5032110664147
38.25,36.16,3.605795,0.627487,3.501341,3.619533,0.626104,3.504063,-168.79276527879105,174.2514197121587
38.26,36.17,3.578129,0.633145,3.471462,3.591608,0.632683,3.474547,-167.1084945049186,178.03692474086986
38.27,36.18,3.54971,0.636458,3.441318,3.562854,0.637291,3.444766,-165.30107608136208,-176.37373396564584
38.28,36.19,3.521931,0.638737,3.410729,3.535173,0.639839,3.414761,-163.06525588105316,-175.24280384273416
38.29,36.2,3.494931,0.642162,3.381932,3.508762,0.642417,3.38301,-175.5433276718366,-178.94376627370522
38.3,36.21,3.468786,0.647025,3.353558,3.482155,0.645549,3.353193,178.43610100309425,173.6997939718664
38.31,36.22,3.441166,0.653189,3.325022,3.454625,0.652088,3.325316,-178.7486231766387,175.3233894493422
38.32,36.23,3.414436,0.661892,3.298075,3.427933,0.660797,3.298844,-176.73906272329933,175.36180100549808
38.33,36.24,3.388579,0.673314,3.272438,3.401595,0.670564,3.274477,-171.09678276990599,168.07008432151466
38.34,36.25,3.360298,0.683054,3.247859,3.373519,0.680861,3.249362,-173.51430091053905,170.5819574493635
38.35,36.26,3.330182,0.690356,3.221633,3.34362,0.69012,3.224183,-169.2552842965445,178.99386708947392
38.36,36.27,3.300524,0.696319,3.195214,3.314228,0.696887,3.197302,-171.3367985290986,-177.626577204281
38.37,36.28,3.271731,0.702516,3.169118,3.285527,0.703052,3.170393,-174.71983210007042,-177.7750725114323
38.38,36.29,3.244547,0.710336,3.14485,3.258093,0.709815,3.143742,175.32388081774914,177.7974018382343
38.39,36.3,3.217761,0.719272,3.121964,3.230944,0.71753,3.119454,169.2200959346036,172.47255270039264
38.4,36.31,3.18961,0.729263,3.099402,3.203172,0.728044,3.097761,173.1007591815957,174.86385694968348
38.41,36.32,3.161132,0.741176,3.079556,3.174651,0.740039,3.077821,172.68675663612024,175.19251800663008
38.42,36.33,3.131964,0.753816,3.060332,3.145037,0.75346,3.059074,174.50341637804723,178.44012408995854
38.43,36.34,3.103587,0.765499,3.041079,3.116443,0.766032,3.038893,170.3498755514383,-177.6259201000266
38.44,36.35,3.075416,0.776909,3.019662,3.088109,0.7767,3.015909,163.52838037769445,179.05666620311075
38.45,36.36,3.045284,0.787095,2.996658,3.0583,0.786913,2.992942,164.06623256529107,179.1988973309773
38.46,36.37,3.015207,0.795706,2.975304,3.028081,0.796081,2.972228,166.56218442103412,-178.33153303527885
38.47,36.38,2.98574,0.804625,2.956869,2.998472,0.804592,2.952857,162.5097594954742,179.85149572023553
38.48,36.39,2.957572,0.814367,2.941247,2.968889,0.813938,2.934005,147.38391770270405,177.82909552749518
38.49,36.4,2.929247,0.825004,2.926857,2.939769,0.824109,2.918376,141.13030105716683,175.1381311472419
38.5,36.41,2.898593,0.836171,2.913299,2.909506,0.835868,2.905041,142.88476343627465,178.40958836570303
38.51,36.42,2.866782,0.847277,2.900615,2.878593,0.848057,2.89285,146.67756120050433,-176.22166559506167
38.52,36.43,2.834848,0.856717,2.887874,2.846541,0.859074,2.881557,151.62040813157273,-168.60340139045232
38.53,36.44,2.802933,0.865665,2.874187,2.814507,0.868793,2.868492,153.80045450615106,-164.87649143845886
38.54,36.45,2.771644,0.874257,2.860076,2.782832,0.877058,2.853498,149.54654204200492,-165.9444784121307
38.55,36.46,2.740114,0.882278,2.845819,2.751167,0.884972,2.838841,147.7348886072577,-166.30210869244303
38.56,36.47,2.70857,0.889568,2.832592,2.719803,0.89217,2.825578,148.01892303467005,-166.95808212351238
38.57,36.48,2.677138,0.897035,2.821492,2.688418,0.899408,2.81412,146.83353320525933,-168.11978994667444
38.58,36.49,2.645848,0.904721,2.81224,2.656923,0.906809,2.80446,144.91260830568473,-169.32319387041588
38.59,36.5,2.614423,0.912494,2.805696,2.625459,0.914779,2.798522,146.9739426710519,-168.30221896080533
38.6,36.51,2.582443,0.920124,2.801873,2.592935,0.92316,2.794226,143.9138993375048,-163.8614956584243
38.61,36.52,2.550181,0.92683,2.798688,2.560779,0.931135,2.791728,146.70598571712083,-157.8925818736183
38.62,36.53,2.517262,0.932841,2.793638,2.527604,0.937189,2.786526,145.48442389306857,-157.19706449443436
38.63,36.54,2.483921,0.937927,2.787882,2.494199,0.942126,2.78073,145.16767163671437,-157.7778974784025
38.64,36.55,2.449887,0.941628,2.781432,2.46069,0.94652,2.7749,148.84087613258288,-155.6372148193554
38.65,36.56,2.416358,0.94542,2.776239,2.427364,0.950081,2.770182,151.1744200950461,-157.04752332324873
38.66,36.57,2.383303,0.949359,2.772653,2.394533,0.954434,2.767457,155.1705279676071,-155.68109876898086
38.67,36.58,2.352148,0.954685,2.772784,2.363233,0.959342,2.766849,151.83503790909683,-157.21188267870346
38.68,36.59,2.323035,0.961043,2.777291,2.333829,0.964513,2.770113,146.37613065787485,-162.1787055912603
38.69,36.6,2.291662,0.964804,2.782904,2.302758,0.968793,2.776566,150.26512922507894,-160.22654364997436
38.7,36.61,2.259612,0.967074,2.787569,2.270706,0.971352,2.781805,152.54541067284958,-158.91267018022356
38.71,36.62,2.226611,0.968369,2.791858,2.237627,0.97309,2.785687,150.74309701006388,-156.8020372133249
38.72,36.63,2.194433,0.970244,2.79634,2.205051,0.975262,2.790025,149.25815562940045,-154.70487656492654
38.73,36.64,2.164056,0.973177,2.8025,2.173731,0.978169,2.794684,141.06680520184509,-152.70766901859287
38.74,36.65,2.135379,0.977423,2.810128,2.14437,0.980805,2.80063,133.42924536899312,-159.38601258095707
38.75,36.66,2.106074,0.981304,2.819908,2.115126,0.984869,2.81039,133.56250776038047,-158.50371308223708
38.76,36.67,2.076894,0.984989,2.83164,2.085798,0.98872,2.822378,133.87100989360687,-157.26508985755672
38.77,36.68,2.047581,0.987234,2.843779,2.056559,0.991465,2.835053,135.81549714364053,-154.76722870021496
38.78,36.69,2.017101,0.987443,2.85606,2.026068,0.992187,2.847186,135.2986637090304,-152.11887813649943
38.79,36.7,1.986457,0.986624,2.867762,1.994593,0.991712,2.858604,131.61800255178156,-147.97942703100165
38.8,36.71,1.955598,0.98578,2.879879,1.962999,0.990607,2.869742,126.13309432388411,-146.8872411599725
38.81,36.72,1.926313,0.985521,2.892373,1.93213,0.989838,2.881229,117.5638801353417,-143.41959235742058
38.82,36.73,1.897532,0.986234,2.905495,1.90246,0.989407,2.893815,112.87574731067492,-147.2236589663114
38.83,36.74,1.868092,0.98693,2.920003,1.872793,0.989916,2.907703,110.916612283496,-147.57694016102704
38.84,36.75,1.840317,0.988513,2.93627,1.845225,0.99093,2.924024,111.84011957556415,-153.78153886366627
38.85,36.76,1.813862,0.989649,2.95445,1.817986,0.992398,2.942218,108.63145489055286,-146.313138729166
38.86,36.77,1.787184,0.989592,2.973671,1.790763,0.992677,2.961098,105.88940596934212,-139.23956178149567
38.87,36.78,1.759393,0.987706,2.992567,1.762719,0.991092,2.980232,105.09030769818266,-134.487834444935
38.88,36.79,1.731031,0.98493,3.010964,1.73343,0.988299,2.998022,100.50146413033511,-125.45393563634
38.89,36.8,1.702468,0.980886,3.029056,1.704423,0.984359,3.016317,98.72486862272426,-119.37576541881265
38.9,36.81,1.673405,0.976052,3.047301,1.675946,0.980675,3.034835,101.52102262750344,-118.79509118526104
38.91,36.82,1.645047,0.971695,3.065703,1.648728,0.975932,3.053767,107.13948902314593,-130.9832977571532
38.92,36.83,1.618063,0.968835,3.084865,1.621526,0.972822,3.073088,106.3858527367481,-130.97669448738196
38.93,36.84,1.592065,0.967183,3.105309,1.595634,0.970247,3.092697,105.800688668808,-139.35378511369882
38.94,36.85,1.567729,0.96672,3.126089,1.570814,0.969077,3.113869,104.1685533172513,-142.61946882574972
38.95,36.86,1.54506,0.966549,3.148162,1.546746,0.968972,3.136122,97.97147730839029,-124.83141688553532
38.96,36.87,1.519869,0.964894,3.172993,1.52233,0.96754,3.160323,100.99216272280114,-132.9253795937365
38.97,36.88,1.493682,0.960631,3.196764,1.495545,0.964359,3.18457,98.68648212328776,-116.55275462623882
38.98,36.89,1.467592,0.95538,3.220022,1.469067,0.959848,3.207589,96.76571268030615,-108.2693656748515
38.99,36.9,1.440418,0.948537,3.243187,1.442641,0.952957,3.23137,100.65390259993912,-116.69970611015862
39.0,36.91,1.414474,0.942326,3.267162,1.415931,0.947108,3.254775,96.70849494222756,-106.94515206880722
39.01,36.92,1.389348,0.936146,3.290381,1.389176,0.94047,3.27741,89.24028243617241,-87.72209036638415
39.02,36.93,1.365116,0.931817,3.31386,1.36439,0.934639,3.30101,86.76633765332271,-75.57269768697665
39.03,36.94,1.340887,0.927581,3.338789,1.339665,0.930442,3.325675,84.67638838284667,-66.87153892442136
39.04,36.95,1.317301,0.924094,3.364191,1.316994,0.926994,3.351358,88.62959168237627,-83.95705714149533
39.05,36.96,1.294766,0.921172,3.391358,1.294579,0.924695,3.378377,89.17467300633481,-86.96160506373404
39.06,36.97,1.272409,0.917666,3.419309,1.272285,0.921209,3.406729,89.43525861851366,-87.99554672669069
39.07,36.98,1.248955,0.912555,3.447763,1.249186,0.916581,3.434924,91.03075762841625,-93.28386228790454
39.08,36.99,1.225169,0.906236,3.475332,1.225408,0.90994,3.462586,91.07422616858578,-93.69188290566949
39.09,37.0,1.201859,0.898831,3.502839,1.201825,0.902217,3.490231,89.84549081684202,-89.42469254751565
39.1,37.01,1.177353,0.888763,3.530899,1.178588,0.893983,3.518422,95.65284494072782,-103.31085521977826
39.11,37.02,1.154272,0.880645,3.558685,1.155367,0.885424,3.546246,95.03075561140871,-102.90527286766003
39.12,37.03,1.131834,0.873907,3.587041,1.132762,0.878744,3.574378,94.19139249426995,-100.86048250607679
39.13,37.04,1.110846,0.868916,3.616004,1.111631,0.872961,3.603184,93.50398598736282,-100.98268741076757
39.14,37.05,1.091316,0.865858,3.645131,1.091606,0.868815,3.63232,91.29677143240309,-95.60122088480949
39.15,37.06,1.073075,0.863202,3.676142,1.072621,0.865847,3.663048,88.01421508671513,-80.26039702469737
39.16,37.07,1.054546,0.8586,3.70855,1.054185,0.862396,3.696551,88.27672813588711,-84.56750324051605
39.17,37.08,1.034528,0.851619,3.741929,1.035066,0.856007,3.7291,92.40136240055877,-96.98998361874384
39.18,37.09,1.014779,0.844366,3.774101,1.015365,0.848831,3.761587,92.6810626088308,-97.4769360909837
39.19,37.1,0.995029,0.836468,3.806426,0.995552,0.840857,3.793664,92.3467273405737,-96.79541047739075
39.2,37.11,0.97621,0.828882,3.838669,0.976135,0.833002,3.825946,89.66225468127702,-88.9571094929647
39.21,37.12,0.957878,0.822622,3.870738,0.957363,0.826996,3.858156,87.65610679814708,-83.28484310873532
39.22,37.13,0.940917,0.818668,3.902698,0.939842,0.821372,3.889315,85.4075317366131,-68.31925151739927
39.23,37.14,0.925112,0.816178,3.935377,0.924076,0.818307,3.92228,85.47720198160489,-64.05182325461722
39.24,37.15,0.909918,0.813446,3.969763,0.909118,0.816613,3.956535,86.53909415553903,-75.82336768888432
39.25,37.16,0.895289,0.809819,4.004503,0.894589,0.814078,3.992249,86.73057732638286,-80.66643704011061
39.26,37.17,0.879408,0.804322,4.039709,0.878923,0.808886,4.027364,87.75016854545173,-83.93414652771507
39.27,37.18,0.863258,0.797776,4.074766,0.862631,0.802852,4.062856,86.98645500590432,-82.95835322414625
39.28,37.19,0.846858,0.791171,4.11029,0.845878,0.796318,4.09816,85.38102456674679,-79.21979443234143
39.29,37.2,0.831617,0.785533,4.145665,0.829917,0.79035,4.133193,82.23811407085037,-70.5612095284675
39.3,37.21,0.818215,0.782099,4.180635,0.816332,0.786492,4.167762,81.67806954669952,-66.79826136660056
39.31,37.22,0.806513,0.781379,4.215471,0.804909,0.785049,4.202789,82.79159183217416,-66.39191937860531
39.32,37.23,0.7962,0.781813,4.252115,0.794752,0.785601,4.239145,83.62974903829789,-69.08015594362645
39.33,37.24,0.786361,0.780978,4.289664,0.785096,0.785912,4.276919,84.33169484809176,-75.62000234905675
39.34,37.25,0.775661,0.779354,4.327036,0.773997,0.784066,4.314587,82.38666631186246,-70.54978920540707
39.35,37.26,0.764548,0.777266,4.36448,0.762465,0.781719,4.351931,80.5754420414542,-64.93100410207965
39.36,37.27,0.754595,0.775752,4.401481,0.751796,0.779273,4.388482,77.8483633761246,-51.51724490883297
39.37,37.28,0.746695,0.775826,4.437195,0.741639,0.777666,4.42418,68.77010433175101,-19.99766337613757
39.38,37.29,0.740776,0.777558,4.472432,0.734252,0.7776,4.459553,63.13500153711554,-0.368851854040095
39.39,37.3,0.736267,0.780093,4.509937,0.729808,0.778767,4.492867,69.27420306860859,11.601342420637877
39.4,37.31,0.733278,0.782624,4.548536,0.726532,0.779008,4.525779,73.4882667071028,28.192258445768363
39.41,37.32,0.730243,0.783359,4.587461,0.72604,0.785938,4.574896,71.50488092141484,-31.53366653878888
39.42,37.33,0.726535,0.782649,4.626723,0.722135,0.785946,4.614167,70.68800449064106,-36.84488766765107
39.43,37.34,0.723128,0.782309,4.665081,0.717596,0.785711,4.652877,65.61549827511875,-31.590163008334823
39.44,37.35,0.721432,0.784064,4.70231,0.714381,0.786911,4.690365,59.44712136381398,-21.987502232925554
39.45,37.36,0.721524,0.786995,4.739217,0.714133,0.789278,4.727347,58.091039875295095,-17.165353233845135
39.46,37.37,0.723914,0.791611,4.775871,0.716463,0.793555,4.763732,58.45811715839792,-14.622752159040019
39.47,37.38,0.728472,0.79632,4.812594,0.721029,0.798391,4.800714,57.93223284431817,-15.549120758340699
39.48,37.39,0.733902,0.799725,4.849906,0.726767,0.802261,4.838133,58.78213653166958,-19.566788695517097
39.49,37.4,0.739556,0.801489,4.887848,0.73286,0.804482,4.8762,60.107013251324695,-24.083844547375396
39.5,37.41,0.744332,0.802518,4.92588,0.737312,0.805457,4.914167,59.06430670462811,-22.717157935419596
39.51,37.42,0.749712,0.804237,4.962994,0.74151,0.806523,4.951797,53.776565904462004,-15.573818763272989
39.52,37.43,0.756105,0.806312,5.000523,0.748115,0.809018,4.989168,54.86768182542888,-18.709870231446892
39.53,37.44,0.764051,0.809634,5.036329,0.756013,0.812095,5.02517,54.23421159741231,-17.023052719072446
39.54,37.45,0.773849,0.814363,5.071197,0.765953,0.816597,5.060013,54.77758009167454,-15.797697030816025
39.55,37.46,0.786437,0.820583,5.10516,0.778027,0.822267,5.093969,53.07525742380437,-11.323033443178058
39.56,37.47,0.800486,0.825321,5.139086,0.791932,0.827267,5.128119,52.04661366261464,-12.81642475071917
39.57,37.48,0.81479,0.828404,5.17353,0.805815,0.830435,5.162579,50.663329739093285,-12.751001055964279
39.58,37.49,0.828843,0.830086,5.208302,0.819768,0.832351,5.197924,48.83205930208475,-14.013958062782907
39.59,37.5,0.842349,0.831238,5.243032,0.832363,0.833238,5.233196,44.56643109266966,-11.325379053911362
39.6,37.51,0.855797,0.832061,5.278024,0.846035,0.834252,5.268146,45.33840290940248,-12.649933688777693
39.61,37.52,0.870481,0.833486,5.312098,0.860753,0.836193,5.302059,45.90137690917239,-15.550231982853504
39.62,37.53,0.886253,0.836244,5.344791,0.876478,0.838643,5.334867,45.43336759970038,-13.789107851901338
39.63,37.54,0.90383,0.840041,5.376214,0.893333,0.842275,5.366302,43.35813337741078,-12.014589274353764
39.64,37.55,0.922726,0.844876,5.406442,0.912213,0.846921,5.396718,42.76728342217117,-11.007771120378788
39.65,37.56,0.943537,0.849256,5.436173,0.932839,0.851224,5.42675,41.37420716438803,-10.423570594050224
39.66,37.57,0.965062,0.851855,5.466243,0.954247,0.854266,5.457029,40.42983079291887,-12.56750704630099
39.67,37.58,0.986132,0.852856,5.497438,0.976038,0.856033,5.488415,41.793445562372135,-17.47094870365985
39.68,37.59,1.006955,0.85267,5.528558,0.996038,0.856085,5.51992,38.352560757678106,-17.370459145206585
39.69,37.6,1.026955,0.85241,5.559085,1.01618,0.855711,5.55138,35.567846694589,-17.032828294770557
39.7,37.61,1.047898,0.851781,5.589826,1.036623,0.854981,5.582148,34.25390848264315,-15.844670930828235
39.71,37.62,1.068848,0.851714,5.619693,1.057777,0.855122,5.612037,34.6652708990989,-17.1100020837371
39.72,37.63,1.090526,0.852626,5.648962,1.07981,0.856109,5.640694,37.65221735713533,-18.005612379893567
39.73,37.64,1.113487,0.854808,5.67598,1.102637,0.857985,5.668329,35.19000923215118,-16.320614403959528
39.74,37.65,1.138163,0.85806,5.702094,1.127751,0.861231,5.694473,36.2020351918653,-16.938242077699037
39.75,37.66,1.164091,0.861003,5.72735,1.153745,0.864332,5.719998,35.39808841646727,-17.83645501426473
39.76,37.67,1.190715,0.862171,5.752682,1.179714,0.865403,5.745831,31.913063709985693,-16.372338374928763
39.77,37.68,1.217452,0.862159,5.778626,1.206096,0.865506,5.772223,29.416169012081724,-16.422040903806913
39.78,37.69,1.243176,0.860931,5.804899,1.231929,0.864478,5.799349,26.26472303377288,-17.50386681341709
39.79,37.7,1.269439,0.859674,5.830714,1.257399,0.862727,5.82625,20.3429730827338,-14.228671894756454
39.8,37.71,1.295614,0.857617,5.856739,1.283407,0.860855,5.85261,18.688032828753784,-14.856019193972461
39.81,37.72,1.322162,0.855953,5.881584,1.309878,0.859648,5.877626,17.85934286120452,-16.741170576275398
39.82,37.73,1.349331,0.855908,5.905442,1.337187,0.859286,5.901424,18.307467694444906,-15.54454926921206
39.83,37.74,1.37717,0.856599,5.92854,1.364444,0.859632,5.924325,18.325474322583126,-13.405279246148297
39.84,37.75,1.406294,0.858725,5.950288,1.394053,0.861806,5.946395,17.642202779427336,-14.127617195815679
39.85,37.76,1.436626,0.86023,5.971513,1.424623,0.863888,5.968054,16.075815257581432,-16.948974646253955
39.86,37.77,1.467405,0.860286,5.992827,1.454781,0.864155,5.989864,13.208894145905628,-17.03924000845126
39.87,37.78,1.498123,0.858669,6.015267,1.486135,0.863074,6.012066,14.950156452477247,-20.175895697819858
39.88,37.79,1.52934,0.85578,6.037661,1.515764,0.859899,6.035043,10.914952364852667,-16.8779581175454
39.89,37.8,1.559691,0.851734,6.060339,1.54665,0.85662,6.057481,12.36122902930692,-20.539191537427
39.9,37.81,1.590336,0.847622,6.082618,1.577361,0.853139,6.079643,12.913964002405352,-23.035309509805025
39.91,37.82,1.620397,0.844936,6.103798,1.607222,0.850158,6.101071,11.694114620063553,-21.621232312186702
39.92,37.83,1.651047,0.843862,6.123726,1.637661,0.848316,6.121325,10.168812206301793,-18.404125309614876
39.93,37.84,1.682505,0.844981,6.141899,1.668528,0.848679,6.139358,10.30376425243269,-14.819606730368399
39.94,37.85,1.714444,0.847223,6.158304,1.700544,0.8505,6.156034,9.27505990920404,-13.26556016878529
39.95,37.86,1.747943,0.848,6.174678,1.734339,0.851732,6.172523,9.001389011185658,-15.340613461062048
39.96,37.87,1.782225,0.846507,6.192,1.768647,0.850826,6.190204,7.534932066501082,-17.645247227379645
39.97,37.88,1.81664,0.843459,6.209753,1.802503,0.848004,6.20834,5.707784186461462,-17.822431027685692
39.98,37.89,1.849189,0.841458,6.226707,1.835245,0.845169,6.227196,-2.0084738283359163,-14.903025582427322
39.99,37.9,1.881926,0.840339,6.243938,1.867791,0.842754,6.2446,-2.6814368812371527,-9.69551096608679
40.0,37.91,1.915383,0.838995,6.259892,1.901044,0.84152,6.260565,-2.6872015120555637,-9.987007200880345
40.01,37.92,1.94975,0.838543,6.274436,1.935568,0.840431,6.275095,-2.660469470587997,-7.5829992836058855
40.02,37.93,1.985317,0.839242,6.286815,1.971119,0.841038,6.287379,-2.274816047886251,-7.209435446395744
40.03,37.94,2.02206,0.839337,6.297457,2.007761,0.841744,6.298133,-2.706701866099662,-9.555215591223162
40.04,37.95,2.059493,0.837848,6.307776,2.045406,0.841351,6.308146,-1.5045478451012213,-13.964445482692735
40.05,37.96,2.097278,0.835102,6.319783,2.083477,0.839254,6.319806,-0.09548595817494787,-16.743796523891945
40.06,37.97,2.134341,0.831491,6.332276,2.121068,0.836059,6.33312,-3.6384102426256804,-18.99127623651268
40.07,37.98,2.17121,0.828229,6.343821,2.157964,0.832595,6.346155,-9.993173670554073,-18.242681828123814
40.08,37.99,2.208141,0.825192,6.354561,2.194626,0.829339,6.357718,-13.148093340892249,-17.058330507208744
40.09,38.0,2.244503,0.823377,6.364103,2.231214,0.827206,6.367153,-12.926267700036375,-16.073439215245468
40.1,38.01,2.281629,0.823272,6.371153,2.268003,0.826583,6.374687,-14.539708361043774,-13.657679612843285
40.11,38.02,2.318605,0.824778,6.375867,2.305254,0.827345,6.380084,-17.52905987732108,-10.883457816232152
40.12,38.03,2.356494,0.825739,6.378766,2.343255,0.828213,6.38381,-20.856617624951046,-10.584898255545784
40.13,38.04,2.395476,0.82467,6.381941,2.382666,0.827941,6.386746,-20.560946693499424,-14.324238760112747
40.14,38.05,2.435083,0.821905,6.385871,2.422328,0.825889,6.390582,-20.2714748552148,-17.346095309682475
40.15,38.06,2.474,0.81869,6.390038,2.461329,0.822939,6.39547,-23.204593328813292,-18.53798404484714
40.16,38.07,2.511801,0.816282,6.393708,2.500108,0.820053,6.400333,-29.534949476495374,-17.8745446551454
40.17,38.08,2.550525,0.814614,6.396357,2.538805,0.818259,6.403388,-30.960161750884385,-17.276050404277512
40.18,38.09,2.588508,0.814168,6.397265,2.576695,0.817652,6.404234,-30.538194245515633,-16.43233344039008
40.19,38.1,2.625961,0.815453,6.395411,2.614279,0.818523,6.402683,-31.902104737898227,-14.72424759135676
40.2,38.11,2.663612,0.816847,6.391209,2.652226,0.819808,6.39857,-32.88249432941878,-14.577232792410141
40.21,38.12,2.702065,0.81602,6.385838,2.690861,0.819446,6.393397,-34.00634924437722,-17.002775339780403
40.22,38.13,2.741472,0.813182,6.381129,2.730502,0.817451,6.3886,-34.25639748333801,-21.26361072912307
40.23,38.14,2.780722,0.809436,6.376981,2.770213,0.814467,6.384929,-37.10036667561889,-25.581953936413722
40.24,38.15,2.818368,0.807211,6.372787,2.809058,0.811757,6.381748,-43.90570873836264,-26.025894168652837
40.25,38.16,2.855587,0.806078,6.367097,2.847014,0.809947,6.377456,-50.38919856367112,-24.289684875423042
40.26,38.17,2.892698,0.805837,6.359308,2.884699,0.809469,6.370157,-53.59853781630348,-24.420744779527155
40.27,38.18,2.92937,0.80657,6.349938,2.92122,0.809871,6.360869,-53.29230577341358,-22.049457328460736
40.28,38.19,2.965639,0.807897,6.337984,2.957523,0.811296,6.348808,-53.13687850923378,-22.72405081709543
40.29,38.2,3.001849,0.807479,6.32508,2.993566,0.811243,6.33526,-50.8663287075492,-24.43822171052407
40.3,38.21,3.036918,0.806533,6.311918,3.030508,0.81006,6.32234,-58.4066095610614,-28.821086582766377
40.31,38.22,3.075792,0.802945,6.300294,3.071275,0.805792,6.311031,-67.18376320024944,-32.22263999151201
40.32,38.23,3.113409,0.800058,6.288753,3.108373,0.802625,6.299484,-64.85958981748857,-27.009301028332146
40.33,38.24,3.147348,0.799866,6.275314,3.143552,0.801366,6.286766,-71.66116478709273,-21.561592337461725
40.34,38.25,3.182863,0.798736,6.260694,3.177076,0.800803,6.272102,-63.102431512910854,-19.655705631055294
40.35,38.26,3.215722,0.799711,6.243261,3.209882,0.801701,6.254641,-62.83396618407369,-18.81671925374231
40.36,38.27,3.247182,0.801115,6.224178,3.241386,0.803119,6.235382,-62.6467854347557,-19.073117995400935
40.37,38.28,3.277144,0.802255,6.20338,3.271642,0.804382,6.214337,-63.33672519441982,-21.13583866238331
40.38,38.29,3.31308,0.799471,6.183832,3.300585,0.805479,6.192141,-33.62334973809844,-25.67975231078264
40.39,38.3,3.347053,0.796515,6.16438,3.329731,0.805556,6.171288,-21.742074663304106,-27.561741117858723
40.4,38.31,3.378177,0.794705,6.144619,3.359746,0.804413,6.151299,-19.92218041710761,-27.776730997482552
40.41,38.32,3.409886,0.792837,6.124406,3.405613,0.796096,6.136147,-70.00161387259311,-37.33262100157834
40.42,38.33,3.439698,0.791756,6.102565,3.435884,0.794804,6.11464,-72.47079825421775,-38.630484078025596
40.43,38.34,3.468347,0.792003,6.079022,3.464034,0.794896,6.09086,-69.981537708967,-33.85223939272877
40.44,38.35,3.496241,0.792784,6.053665,3.491226,0.795735,6.065292,-66.66832124436071,-30.474032073597975
40.45,38.36,3.52345,0.792328,6.02703,3.51842,0.796047,6.038533,-66.38133625438674,-36.47788097266416
40.46,38.37,3.551262,0.790106,6.000268,3.546753,0.794036,6.011734,-68.53278619718056,-41.07508605890318
40.47,38.38,3.57912,0.786441,5.973593,3.573011,0.791274,5.98426,-60.20019617254375,-38.34850237250342
40.48,38.39,3.607392,0.782216,5.947246,3.598392,0.788945,5.95708,-47.53549345644595,-36.78424007570427
40.49,38.4,3.634026,0.779122,5.920937,3.630468,0.783766,5.932618,-73.0594105648434,-52.5424739379163
40.5,38.41,3.658492,0.777971,5.894172,3.656473,0.781425,5.90633,-80.57130610855558,-59.69202025532457
40.51,38.42,3.682425,0.776306,5.86571,3.680466,0.779802,5.877908,-80.87620135360699,-60.73570531027915
40.52,38.43,3.704397,0.775912,5.83595,3.701794,0.77958,5.848367,-78.16041905668524,-54.63854345490278
40.53,38.44,3.724834,0.776199,5.804731,3.722331,0.779702,5.817157,-78.6111709692108,-54.45304003192588
40.54,38.45,3.745961,0.774633,5.772852,3.742681,0.778609,5.78497,-74.85455884176936,-50.47908365787914
40.55,38.46,3.767015,0.771098,5.740542,3.763889,0.775646,5.752376,-75.20306696900323,-55.497893472298706
40.56,38.47,3.788133,0.766557,5.708411,3.785906,0.771416,5.720362,-79.44432933204297,-65.3768412414845
40.57,38.48,3.809602,0.761742,5.676854,3.807456,0.766603,5.68875,-79.77400788543135,-66.17983873482368
40.58,38.49,3.829136,0.758146,5.645377,3.828802,0.76214,5.657706,-88.44820253733003,-85.2197377612087
40.59,38.5,3.847978,0.75527,5.613575,3.849,0.758373,5.626252,-94.60912835329101,-108.22974750862912
40.6,38.51,3.86642,0.752375,5.580183,3.866573,0.755747,5.592714,-90.69953065900981,-92.59793765917952
40.61,38.52,3.882872,0.75052,5.546345,3.883053,0.754013,5.558893,-90.82641193162635,-92.9662951766204
40.62,38.53,3.897681,0.749782,5.511173,3.897979,0.753236,5.523719,-91.3606673351351,-94.93108444454022
40.63,38.54,3.912314,0.748167,5.475027,3.91413,0.750975,5.487381,-98.36241459124177,-122.89170422298137
40.64,38.55,3.927238,0.744549,5.438623,3.928344,0.748154,5.45092,-95.13939055844615,-107.0558100936287
40.65,38.56,3.942493,0.739781,5.402389,3.942218,0.744714,5.41483,-88.73372125008338,-86.80923422081891
40.66,38.57,3.957465,0.73467,5.366591,3.959851,0.73817,5.378614,-101.22467778110074,-124.28281308648026
40.67,38.58,3.971911,0.729523,5.331125,3.972363,0.733485,5.343451,-92.1001211501884,-96.50838158761074
40.68,38.59,3.984981,0.724715,5.295351,3.986493,0.72834,5.307746,-96.95484601651829,-112.6411853507133
40.69,38.6,3.99687,0.721033,5.258901,4.000028,0.724042,5.27115,-104.45699526239466,-136.38404581902287
40.7,38.61,4.007634,0.718858,5.22234,4.00853,0.722299,5.234764,-94.12494306155871,-104.59511363327024
40.71,38.62,4.01682,0.718089,5.18475,4.019888,0.720212,5.197104,-103.94672570828054,-145.31747288841555
40.72,38.63,4.024499,0.716678,5.146558,4.025434,0.720152,5.159288,-94.20074866500651,-105.06375634400057
40.73,38.64,4.032951,0.713954,5.107759,4.035261,0.717458,5.120583,-100.21124399085139,-123.39473107203771
40.74,38.65,4.039621,0.710072,5.069418,4.044618,0.712814,5.08131,-112.79207055438144,-151.24513592518497
40.75,38.66,4.047686,0.704763,5.030972,4.051536,0.708613,5.043409,-107.20044305829657,-134.99999999999918
40.76,38.67,4.056257,0.698425,4.991859,4.060003,0.702918,5.004093,-107.02437063741127,-129.81936582091615
40.77,38.68,4.064431,0.692138,4.953261,4.067915,0.697214,4.965552,-105.82588227150153,-124.46442719819031
40.78,38.69,4.071609,0.686824,4.914477,4.07649,0.690345,4.926214,-112.58068515224282,-144.19450412762924
40.79,38.7,4.077077,0.682625,4.87598,4.080436,0.687,4.888303,-105.2472500250164,-127.51602420297795
40.8,38.71,4.080764,0.680029,4.83823,4.085671,0.684167,4.850345,-112.0496741780552,-139.85956350736197
40.81,38.72,4.081893,0.67904,4.800403,4.087919,0.682083,4.812443,-116.58788879475522,-153.2072092623826
40.82,38.73,4.082421,0.677034,4.761443,4.088307,0.680698,4.773643,-115.75540443127224,-148.09798174189024
40.83,38.74,4.082532,0.673489,4.721494,4.088237,0.677626,4.733601,-115.23051672708827,-144.05212848535166
40.84,38.75,4.082853,0.668415,4.681352,4.089331,0.67243,4.693086,-118.90181128711608,-148.20977677675882
40.85,38.76,4.083538,0.66172,4.641218,4.089936,0.66645,4.652836,-118.8414536383129,-143.52472291996497
40.86,38.77,4.084352,0.654775,4.601707,4.091137,0.659417,4.613211,-120.53188512757906,-145.62177441563045
40.87,38.78,4.085588,0.649018,4.562738,4.092414,0.652979,4.57462,-119.87660980718142,-149.87420904861216
40.88,38.79,4.086005,0.643988,4.522942,4.092086,0.648253,4.534875,-117.00317445406517,-144.95552793610102
40.89,38.8,4.08458,0.64061,4.483828,4.090438,0.644635,4.49607,-115.57188785498792,-145.50725376766638
40.9,38.81,4.081315,0.639818,4.445227,4.087864,0.643272,4.457397,-118.28587396448312,-152.19244275997497
40.91,38.82,4.076678,0.639533,4.405802,4.083338,0.642789,4.417983,-118.66777156592741,-153.94650468950917
40.92,38.83,4.07115,0.63779,4.366606,4.078689,0.641012,4.378183,-123.07237510908762,-156.85922003559654
40.93,38.84,4.066423,0.633987,4.326024,4.073338,0.637901,4.337668,-120.70472463277082,-150.48944864693243
40.94,38.85,4.061779,0.629754,4.28536,4.068785,0.633997,4.296934,-121.18745355093736,-148.79990676597538
40.95,38.86,4.056498,0.626066,4.24546,4.063985,0.62986,4.256926,-123.143492675108,-153.1266145375347
40.96,38.87,4.049736,0.623962,4.206685,4.057812,0.627296,4.218087,-125.30981917819713,-157.56778761811904
40.97,38.88,4.041087,0.624654,4.169257,4.049925,0.627326,4.180358,-128.52485691140845,-163.17831383260278
40.98,38.89,4.030394,0.627974,4.132989,4.040476,0.629836,4.142563,-136.48045269547904,-169.53620171277768
40.99,38.9,4.018695,0.629938,4.096487,4.028055,0.631906,4.10656,-132.89875086649988,-168.12615089762664
41.0,38.91,4.007699,0.629623,4.057223,4.015824,0.632782,4.067865,-127.3611659112569,-158.7539185357534
41.01,38.92,3.996593,0.628106,4.018321,4.005524,0.631727,4.028324,-131.75950291581054,-157.93031349045492
41.02,38.93,3.985188,0.62661,3.979411,3.994361,0.630135,3.989402,-132.5558591539766,-158.97923306852815
41.03,38.94,3.972472,0.626779,3.941902,3.981984,0.630434,3.95188,-133.63033621682638,-158.98065491430773
41.04,38.95,3.95824,0.629341,3.907011,3.968871,0.632085,3.916141,-139.34371433757104,-165.5270979381475
41.05,38.96,3.942003,0.63468,3.873948,3.953357,0.63584,3.882691,-142.40239831640434,-174.1665233389694
41.06,38.97,3.923579,0.639532,3.840772,3.934608,0.640824,3.849109,-142.91377403970282,-173.31849803988467
41.07,38.98,3.90458,0.641386,3.80554,3.914623,0.643698,3.815031,-136.61865750961584,-167.03580316161978
41.08,38.99,3.885836,0.641948,3.77025,3.895772,0.645092,3.77898,-138.69671070805438,-162.4413203380579
41.09,39.0,3.86713,0.642396,3.734977,3.877205,0.645684,3.744321,-137.15579835622685,-161.92578431758892
41.1,39.01,3.848017,0.644672,3.701091,3.858466,0.647995,3.709875,-139.94775773589842,-162.35825040360442
41.11,39.02,3.828363,0.648891,3.669638,3.839713,0.65119,3.677949,-143.7866700660337,-168.54937299549067
41.12,39.03,3.807528,0.654119,3.639099,3.818705,0.655849,3.647516,-143.01790075380003,-171.20145691288133
41.13,39.04,3.784724,0.660587,3.609829,3.795658,0.66204,3.6185,-141.5844959706717,-172.4304146943733
41.14,39.05,3.760224,0.666207,3.580822,3.771089,0.668142,3.58917,-142.46353286809946,-169.90179543531215
41.15,39.06,3.735099,0.669918,3.551329,3.745949,0.67225,3.559749,-142.18721878003103,-167.86990543381057
41.16,39.07,3.70977,0.672264,3.52186,3.720495,0.67496,3.529905,-143.12582878218768,-165.8896173728368
41.17,39.08,3.68473,0.67399,3.492988,3.695929,0.676414,3.500233,-147.09984856430285,-167.78685039345143
41.18,39.09,3.659534,0.675707,3.463824,3.67096,0.67827,3.471494,-146.1274845203508,-167.3570891386601
41.19,39.1,3.634198,0.678438,3.435785,3.64569,0.681199,3.443513,-146.08043846975275,-166.49050212617968
41.2,39.11,3.608789,0.683019,3.409164,3.620133,0.685477,3.416796,-146.0681795647524,-167.77423408809364
41.21,39.12,3.582925,0.689073,3.383714,3.594485,0.690993,3.39134,-146.58761952999177,-170.56983030235585
41.22,39.13,3.556221,0.697064,3.358969,3.568069,0.697918,3.366751,-146.70230175760662,-175.87726877283677
41.23,39.14,3.528604,0.704673,3.335231,3.540612,0.704651,3.34193,-150.8438098986165,179.89502783653109
41.24,39.15,3.499506,0.709538,3.310949,3.511601,0.709656,3.317451,-151.73852488200947,-179.44103451916808
41.25,39.16,3.469741,0.711979,3.285742,3.481644,0.713129,3.292576,-150.13810099820444,-174.48153627336205
41.26,39.17,3.44067,0.713456,3.260334,3.452311,0.714502,3.267059,-149.98499473607689,-174.86548671706504
41.27,39.18,3.411755,0.714597,3.23424,3.423447,0.715966,3.240697,-151.08997563732683,-173.32172531511384
41.28,39.19,3.382516,0.715165,3.209183,3.39475,0.717021,3.215336,-153.30022792803226,-171.37353087368854
41.29,39.2,3.354378,0.717231,3.184624,3.367294,0.7184,3.19141,-152.28279464308974,-174.828370207486
41.3,39.21,3.32705,0.720967,3.160443,3.339163,0.721941,3.167386,-150.17927614234725,-175.40276736977563
41.31,39.22,3.299204,0.726313,3.136632,3.311112,0.727384,3.143724,-149.22340977147147,-174.8606719316998
41.32,39.23,3.271291,0.733427,3.112106,3.283168,0.734536,3.119423,-148.36424500124016,-174.66554555815142
41.33,39.24,3.242987,0.740628,3.087062,3.255007,0.741688,3.094337,-148.81594341779837,-174.96033122478644
41.34,39.25,3.21417,0.747442,3.063873,3.226206,0.74698,3.069066,-156.66194532267036,177.80178954557599
41.35,39.26,3.184172,0.749756,3.03759,3.196212,0.750304,3.04439,-150.5429314645477,-177.3939840078809
41.36,39.27,3.15427,0.751535,3.012966,3.166589,0.752172,3.020581,-148.27768189996547,-177.03994360081404
41.37,39.28,3.125087,0.754044,2.988171,3.137024,0.754372,2.995863,-147.2029558079496,-178.4260460640505
41.38,39.29,3.096779,0.756971,2.963223,3.108524,0.757321,2.971168,-145.92329689668404,-178.2930957927436
41.39,39.3,3.069335,0.761335,2.937886,3.081213,0.761895,2.946448,-144.2148650781201,-177.3007328283661
41.4,39.31,3.042909,0.767497,2.912874,3.05454,0.768127,2.92096,-145.19254558520848,-176.8995699466404
41.41,39.32,3.017409,0.77613,2.887149,3.028647,0.776618,2.895336,-143.92627228706866,-177.5135446016234
41.42,39.33,2.991807,0.785555,2.86047,3.003431,0.785855,2.868883,-144.10444002496013,-178.52160022557004
41.43,39.34,2.965642,0.793289,2.833847,2.977167,0.793587,2.841868,-145.16342284949803,-178.51884262897485
41.44,39.35,2.938421,0.79912,2.806898,2.949909,0.799514,2.815004,-144.7929822555446,-178.03571620914485
41.45,39.36,2.910754,0.803317,2.779658,2.922156,0.80376,2.788535,-142.09754336605732,-177.77501577553386
41.46,39.37,2.883178,0.80695,2.752408,2.894511,0.808087,2.761374,-141.65103698492356,-174.27088673208564
41.47,39.38,2.85689,0.811455,2.725518,2.868345,0.812559,2.734609,-141.56352661285828,-174.494999807371
41.48,39.39,2.831569,0.816864,2.699349,2.842951,0.818055,2.708047,-142.613332787409,-174.02637150889464
41.49,39.4,2.807068,0.82385,2.672953,2.818661,0.825106,2.681541,-143.4692535700759,-173.81662204794281
41.5,39.41,2.783744,0.832903,2.645891,2.794868,0.833521,2.655256,-139.90686522308533,-176.82016988013575
41.51,39.42,2.7607,0.842883,2.617579,2.771859,0.84329,2.626452,-141.51028289399295,-177.91118826189498
41.52,39.43,2.737549,0.852185,2.588872,2.748418,0.852238,2.59879,-137.61944092989577,-179.72061346526837
41.53,39.44,2.71354,0.859194,2.559125,2.724177,0.859545,2.569515,-135.67301120743025,-178.11003816672834
41.54,39.45,2.689188,0.864456,2.529773,2.69978,0.864793,2.540345,-135.05414454966728,-178.17766556462465
41.55,39.46,2.665015,0.868101,2.500986,2.675192,0.868149,2.511381,-134.39286348306638,-179.72976544918063
41.56,39.47,2.640251,0.871178,2.471558,2.650533,0.87199,2.482262,-133.848014829779,-175.48455419777784
41.57,39.48,2.61675,0.874737,2.44286,2.626709,0.87564,2.453116,-134.15826751055184,-174.8190583106028
41.58,39.49,2.593781,0.879665,2.414182,2.603785,0.880038,2.424468,-134.2037274725991,-177.8647110458251
41.59,39.5,2.571209,0.885864,2.385802,2.581159,0.886123,2.39641,-133.1667595722541,-178.50891893086987
41.6,39.51,2.549555,0.893789,2.357274,2.559329,0.893907,2.367921,-132.55208963094526,-179.30831046286468
41.61,39.52,2.527743,0.903382,2.328051,2.537016,0.902929,2.339406,-129.236610351846,177.20323835823413
41.62,39.53,2.505905,0.912257,2.298058,2.515403,0.912198,2.309208,-130.42563758253849,179.64409270247157
41.63,39.54,2.48377,0.919374,2.267293,2.49301,0.919799,2.278449,-129.63338446387968,-177.3664982764583
41.64,39.55,2.461504,0.924716,2.236233,2.470826,0.925309,2.247446,-129.73866030964467,-176.36015034567305
41.65,39.56,2.438883,0.928434,2.205268,2.448424,0.92938,2.216095,-131.38723999052857,-174.33757155434478
41.66,39.57,2.416277,0.931943,2.174629,2.426154,0.933378,2.185044,-133.48127785626315,-171.7335064426194
41.67,39.58,2.394457,0.936043,2.144484,2.404303,0.937238,2.155137,-132.74555687943672,-173.07990996784886
41.68,39.59,2.373169,0.941405,2.114761,2.38312,0.942366,2.125234,-133.53594363475804,-174.48386880468718
41.69,39.6,2.351952,0.948578,2.086252,2.362502,0.948887,2.095906,-137.5392696009392,-178.32233782997733
41.7,39.61,2.331659,0.957564,2.057962,2.342247,0.957035,2.06737,-138.37721059261892,177.13975393538922
41.71,39.62,2.311403,0.968188,2.029315,2.322151,0.966804,2.038171,-140.51259505137153,172.662505999526
41.72,39.63,2.290249,0.977657,1.999744,2.301578,0.97626,2.007884,-144.30237590437372,172.97023890964672
41.73,39.64,2.268756,0.985008,1.969085,2.280445,0.984029,1.976904,-146.22066390249753,175.21242540595796
41.74,39.65,2.247218,0.990528,1.938384,2.259212,0.989348,1.945605,-148.94991348437918,174.38117842557898
41.75,39.66,2.225852,0.994916,1.907519,2.238057,0.993225,1.914427,-150.4902455964577,172.11190027968559
41.76,39.67,2.204264,0.999144,1.876063,2.216264,0.998089,1.883435,-148.43620731210805,174.9756644102314
41.77,39.68,2.183994,1.00375,1.845975,2.195478,1.003008,1.85299,-148.58133337330173,176.30316472155116
41.78,39.69,2.163862,1.010113,1.816486,2.175434,1.008449,1.823816,-147.648787273862,171.81722335813598
41.79,39.7,2.143836,1.018101,1.787701,2.155499,1.016237,1.795158,-147.40627520258445,170.9196865294716
41.8,39.71,2.12409,1.027873,1.759603,2.135634,1.02587,1.766921,-147.62847480827045,170.1566066224355
41.81,39.72,2.103618,1.03832,1.730662,2.115112,1.036585,1.738245,-146.58574591117755,171.41610264471143
41.82,39.73,2.082551,1.047372,1.701259,2.094198,1.045971,1.708887,-146.7779036122991,173.14093273559493
41.83,39.74,2.061203,1.054406,1.670766,2.072826,1.054411,1.678339,-146.91362653412338,-179.97535241504812
41.84,39.75,2.039734,1.060078,1.639837,2.051224,1.060764,1.647356,-146.79945992422455,-176.58326348384944
41.85,39.76,2.019024,1.064815,1.609055,2.030351,1.066512,1.616876,-145.3759264748875,-171.47937606770168
41.86,39.77,1.999137,1.07042,1.579516,2.010353,1.071643,1.587172,-145.6826998147752,-173.77701636643891
41.87,39.78,1.979535,1.077477,1.550886,1.990844,1.077522,1.558959,-144.4786201168914,-179.77201375273316
41.88,39.79,1.959862,1.085858,1.523449,1.971261,1.085528,1.531164,-145.9093176576096,178.3417556139539
41.89,39.8,1.940354,1.096719,1.497481,1.952239,1.094955,1.504644,-148.922946476385,171.55765664370634
41.9,39.81,1.920471,1.108961,1.471634,1.932433,1.106264,1.478282,-150.93644966223226,167.29431648565307
41.91,39.82,1.899552,1.119543,1.444798,1.911442,1.116797,1.451121,-151.99633784241368,166.995529381426
41.92,39.83,1.87743,1.128289,1.416044,1.889471,1.126283,1.422621,-151.35587869666634,170.54153598969393
41.93,39.84,1.85559,1.135018,1.387479,1.867646,1.132839,1.393933,-151.83829347890807,169.75496994525105
41.94,39.85,1.834294,1.141239,1.358969,1.846018,1.140431,1.365795,-149.79098757018303,176.05749731975948
41.95,39.86,1.814322,1.14799,1.331437,1.825674,1.147989,1.338253,-149.0184331546947,179.99495280308554
41.96,39.87,1.793467,1.158154,1.305004,1.805588,1.156764,1.312008,-149.97895501183902,173.4580688635753
41.97,39.88,1.774628,1.169115,1.280074,1.786595,1.16822,1.287058,-149.73195437809028,175.72286847095077
41.98,39.89,1.756201,1.182387,1.256321,1.767841,1.181856,1.262923,-150.4388673289223,177.38806009070615
41.99,39.9,1.747477,1.194941,1.237915,1.74738,1.195356,1.237782,53.89585696969242,-76.84415738103476
42.0,39.91,1.714552,1.207554,1.20441,1.725882,1.20656,1.211432,-148.21058554632356,174.98618191134005
42.01,39.92,1.694116,1.216995,1.177732,1.705054,1.215602,1.184879,-146.838992415482,172.7422130350686
42.02,39.93,1.673495,1.227199,1.151689,1.685411,1.225878,1.159007,-148.44457212253195,173.67405765320592
42.03,39.94,1.654224,1.238007,1.12658,1.666308,1.236796,1.134033,-148.33512690896254,174.27720138901103
42.04,39.95,1.635991,1.249655,1.103406,1.647809,1.247313,1.11026,-149.8878631025594,168.79079577530206
42.05,39.96,1.617959,1.264,1.081313,1.630227,1.260487,1.087602,-152.85875765057972,164.02068375823328
42.06,39.97,1.600488,1.279895,1.060043,1.612428,1.275648,1.066187,-152.77087879746952,160.41977434432408
42.07,39.98,1.581345,1.2945,1.038055,1.593793,1.290678,1.043234,-157.4102096862748,162.9315620552896
42.08,39.99,1.56116,1.307985,1.015134,1.57396,1.304394,1.019693,-160.39553094167152,164.32870200512536
42.09,40.0,1.541566,1.319844,0.991922,1.55409,1.315556,0.996384,-160.39023935212944,161.0996871861304
42.1,40.01,1.522775,1.331739,0.968827,1.534376,1.327727,0.9739,-156.38072748208444,160.92296382113756
42.11,40.02,1.504291,1.34435,0.945807,1.515725,1.338935,0.948199,-168.18409397581826,154.6583477321778
42.12,40.03,1.486995,1.35757,0.924631,1.498503,1.351635,0.927235,-167.24997416418324,152.7185662679425
42.13,40.04,1.470201,1.37229,0.904925,1.481529,1.366232,0.907744,-166.02565799631628,151.86297190820756
42.14,40.05,1.453748,1.389125,0.886355,1.46471,1.382674,0.889605,-163.48602923343535,149.52372057257708
42.15,40.06,1.436232,1.404902,0.86738,1.449021,1.399038,0.870813,-164.97409658794572,155.3676427859698
42.16,40.07,1.417144,1.41849,0.846911,1.42782,1.413025,0.850953,-159.2630225780006,152.89228212543526
42.17,40.08,1.397786,1.431324,0.825777,1.409216,1.426679,0.829611,-161.45684397897787,157.88382908772707
42.18,40.09,1.379628,1.444221,0.806396,1.390493,1.439449,0.806907,-177.3072632927523,156.28851212446108
42.19,40.1,1.362979,1.457768,0.785674,1.374648,1.452689,0.787838,-169.49393017492028,156.47863642941851
42.2,40.11,1.347485,1.471841,0.768093,1.359129,1.466434,0.769851,-171.4143815060448,155.09176155045947
42.21,40.12,1.332338,1.486801,0.751398,1.343827,1.480955,0.753875,-167.83340064423652,153.03143609234613
42.22,40.13,1.317567,1.503773,0.737016,1.328957,1.497326,0.73952,-167.6012183906778,150.48914838175563
42.23,40.14,1.301523,1.519557,0.72311,1.313169,1.513912,0.724969,-170.9306391291251,154.13979965512306
42.24,40.15,1.283733,1.533258,0.707797,1.294847,1.528072,0.71027,-167.45536352161886,154.98536435018585
42.25,40.16,1.265771,1.546604,0.691255,1.27703,1.54178,0.692419,-174.0975049481383,156.80693729911886
42.26,40.17,1.249388,1.559937,0.675633,1.260938,1.555443,0.675995,-178.20482383340493,158.73944083802812
42.27,40.18,1.232535,1.573496,0.660057,1.245604,1.5687,0.657556,169.16635316262696,159.84811117622613
42.28,40.19,1.219146,1.587669,0.64715,1.230808,1.582089,0.644286,166.20214040820278,154.42995262343038
42.29,40.2,1.206188,1.60319,0.635765,1.217767,1.597584,0.632624,164.82278796123268,154.16594625555896
42.3,40.21,1.192485,1.61987,0.626254,1.204289,1.614186,0.623722,167.8933098933866,154.2877111899687
42.31,40.22,1.17825,1.63482,0.615943,1.189412,1.629987,0.61319,166.1450678596644,156.58801952233537
42.32,40.23,1.1612,1.648268,0.603283,1.173935,1.644686,0.602657,177.18584128886803,164.29018956692582
42.33,40.24,1.145149,1.661366,0.590554,1.157,1.657992,0.586926,162.97884289980365,164.10825600334556
42.34,40.25,1.129707,1.675086,0.57772,1.141904,1.671235,0.573199,159.66202402440047,162.47735431827505
42.35,40.26,1.116333,1.688822,0.56698,1.12826,1.685179,0.562701,160.26374828227125,163.01515715979377
42.36,40.27,1.10412,1.702775,0.55807,1.117123,1.700372,0.57026,-136.84834313978163,169.5296679028047
42.37,40.28,1.092966,1.718603,0.552035,1.105852,1.716955,0.572676,-121.97618097761206,172.71196333123754
42.38,40.29,1.081039,1.734248,0.547647,1.094214,1.733209,0.572678,-117.75995568669168,175.4909021333099
42.39,40.3,1.066316,1.748477,0.54193,1.079144,1.746195,0.554483,-135.62076840313946,169.91305202113477
42.4,40.31,1.051499,1.761254,0.534975,1.063111,1.758399,0.538726,-162.0980957620585,166.1868815763163
42.41,40.32,1.037133,1.77382,0.527612,1.047333,1.770205,0.52603,171.1837816499739,160.48507452927305
42.42,40.33,1.021317,1.786695,0.519461,1.032734,1.78273,0.516092,163.5593934381584,160.84844152345272
42.43,40.34,1.008368,1.798753,0.513354,1.020364,1.795278,0.507524,154.08046446157988,163.84476039492054
42.44,40.35,0.996858,1.811719,0.508492,1.0083,1.80659,0.500075,143.66093979487528,155.85517694169067
42.45,40.36,0.987107,1.825847,0.506232,0.997466,1.820655,0.493776,129.748515779082,153.3796653785638
42.46,40.37,0.977998,1.840301,0.507156,0.989702,1.837669,0.512887,-153.91078052168086,167.32613999437697
42.47,40.38,0.966204,1.853478,0.506511,0.979597,1.853068,0.526357,-124.01330033036513,178.24655152733757
42.48,40.39,0.953104,1.865624,0.50397,0.966451,1.866742,0.528039,-119.00971477099029,-175.21184591145402
42.49,40.4,0.939317,1.877727,0.500866,0.950447,1.877863,0.514481,-129.265336378195,-179.29992468726917
42.5,40.41,0.928699,1.889135,0.499472,0.936428,1.887777,0.498183,170.5316672828472,170.03473814948836
42.51,40.42,0.919233,1.899643,0.499538,0.929233,1.89783,0.491646,141.71949820118874,169.72389571311362
42.52,40.43,0.913011,1.909703,0.501298,0.927063,1.908401,0.494157,153.0610562926639,174.70632525911438
42.53,40.44,0.907238,1.920648,0.504542,0.917993,1.919085,0.496047,141.6960210249186,171.73122137347056
42.54,40.45,0.89987,1.92994,0.509778,0.909345,1.929269,0.500835,136.65451632986313,175.9491936217582
42.55,40.46,0.891889,1.937779,0.514418,0.901939,1.938694,0.505682,139.001077180726,-174.79786071961453
42.56,40.47,0.883578,1.945661,0.518961,0.892886,1.9465,0.509317,133.98430955668198,-174.84941975296414
42.57,40.48,0.873931,1.953214,0.52198,0.885674,1.954544,0.513892,145.4428434087546,-173.53827501690984
42.58,40.49,0.86787,1.959852,0.526492,0.876965,1.962242,0.517271,134.6058552991507,-165.27659480751487
42.59,40.5,0.864099,1.965335,0.531796,0.871995,1.968276,0.521298,126.94840886583047,-159.57129444271024
42.6,40.51,0.859305,1.970307,0.536054,0.865597,1.973451,0.52538,120.51806294897358,-153.4495204857593
42.61,40.52,0.859214,1.975368,0.543189,0.862428,1.978883,0.531306,105.13469385130874,-132.4387664254715
42.62,40.53,0.854288,1.979699,0.548699,0.861227,1.983059,0.538788,124.99706373865263,-154.1628233264261
42.63,40.54,0.852544,1.982329,0.556679,0.856453,1.985178,0.545478,109.2383078820129,-143.91427796689968
42.64,40.55,0.850792,1.981207,0.564799,0.856882,1.987014,0.554823,121.40260923973347,-136.3626669160405
42.65,40.56,0.846836,1.981073,0.57257,0.847672,1.986362,0.560537,93.97427294997938,-98.98208329159075
42.66,40.57,0.842609,1.98029,0.579549,0.840702,1.986423,0.566909,81.42047599730942,-72.72739840010368
42.67,40.58,0.836004,1.97902,0.585641,0.835174,1.985515,0.574474,85.7492419937802,-82.71760787658722
42.68,40.59,0.831468,1.975396,0.593756,0.831331,1.983187,0.583101,89.26334216176285,-88.99259236414846
42.69,40.6,0.829194,1.972353,0.601803,0.827713,1.980507,0.590578,82.48394152400327,-79.70566583740757
42.7,40.61,0.828018,1.969586,0.608675,0.825279,1.978423,0.598538,74.87983652682396,-72.77934398294776
42.71,40.62,0.828713,1.968068,0.616502,0.824243,1.976749,0.606779,65.31011927548664,-62.75526254656796
42.72,40.63,0.830471,1.966202,0.624898,0.825256,1.974008,0.615149,61.856485904518316,-56.25407215362139
42.73,40.64,0.832663,1.960947,0.634702,0.827348,1.969517,0.624853,61.64653998186834,-58.1933610122988
42.74,40.65,0.833783,1.953484,0.644304,0.829132,1.962669,0.634794,63.938400955133126,-63.14375606474366
42.75,40.66,0.834399,1.944079,0.654132,0.829599,1.953933,0.645192,61.76808174133647,-64.02873889028943
42.76,40.67,0.833757,1.933537,0.664163,0.828982,1.943972,0.655515,61.09468107512297,-65.4114218224958
42.77,40.68,0.833178,1.923337,0.674411,0.82828,1.933384,0.666012,59.75077390778411,-64.01036324194733
42.78,40.69,0.833774,1.912931,0.684623,0.828588,1.92301,0.676515,57.396400772500506,-62.7725863095298
42.79,40.7,0.83557,1.90219,0.694839,0.829764,1.91216,0.686879,53.89310145113002,-59.785744121712
42.8,40.71,0.838459,1.892039,0.705088,0.831656,1.901618,0.697319,48.79267497411716,-54.61765332297098
42.81,40.72,0.842376,1.882058,0.716298,0.834714,1.891074,0.708714,44.70687184764347,-49.64136689898266
42.82,40.73,0.847117,1.872072,0.727996,0.838775,1.88095,0.720354,42.492402731585564,-46.78284700687984
42.83,40.74,0.853187,1.860931,0.739018,0.844633,1.869676,0.733078,34.7765761022017,-45.63258276359035
42.84,40.75,0.859837,1.847793,0.750175,0.850833,1.856485,0.744682,31.385788088953802,-43.98991686041598
42.85,40.76,0.865304,1.832317,0.762093,0.856709,1.841848,0.75776,26.754057616211036,-47.95604424357157
42.86,40.77,0.870668,1.816134,0.774484,0.862187,1.82584,0.770169,26.966279338871594,-48.853382956972254
42.87,40.78,0.876507,1.798645,0.787756,0.867388,1.80836,0.78279,28.571706137444053,-46.81251421586131
42.88,40.79,0.881586,1.780328,0.800903,0.872633,1.79027,0.79542,31.484153457810134,-47.996235114689476
42.89,40.8,0.885409,1.761383,0.813079,0.877942,1.77185,0.808616,30.86661450232929,-54.49651193894877
42.9,40.81,0.891767,1.743748,0.825411,0.883309,1.75369,0.820772,28.743659125216187,-49.61104851588404
42.91,40.82,0.898262,1.726294,0.838261,0.889594,1.735527,0.833092,30.80894818544944,-46.807796896803126
42.92,40.83,0.906008,1.70875,0.852251,0.897459,1.718115,0.847017,31.476441407647144,-47.60807526226529
42.93,40.84,0.915467,1.692101,0.867701,0.906632,1.701085,0.861758,33.927362122514175,-45.47908817459295
42.94,40.85,0.925727,1.674437,0.882979,0.916448,1.683181,0.87714,32.18099214223298,-43.2997146227137
42.95,40.86,0.935153,1.654034,0.898516,0.925785,1.662991,0.892003,34.80853741815902,-43.71516409222541
42.96,40.87,0.945042,1.632699,0.912878,0.935475,1.64134,0.906515,33.62783011887764,-42.08863020429043
42.97,40.88,0.955337,1.610696,0.926833,0.94517,1.618762,0.920837,30.53002753276383,-38.42676252936116
42.98,40.89,0.964475,1.587184,0.941666,0.95569,1.596034,0.935904,33.26049714422196,-45.21118280710695
42.99,40.9,0.974308,1.563894,0.956978,0.965486,1.573176,0.950854,34.76736287107768,-46.455500933954326
43.0,40.91,0.98475,1.54117,0.973671,0.975792,1.549896,0.967005,36.65438525190324,-44.248368111706824
43.01,40.92,0.995959,1.519315,0.990871,0.986606,1.527784,0.983743,37.31133030396314,-42.16036402605876
43.02,40.93,1.007894,1.497913,1.00885,0.998803,1.505931,1.001336,39.5748118401775,-41.411364890551965
43.03,40.94,1.020182,1.47614,1.027142,1.011819,1.484724,1.019475,42.513859516880636,-45.74713221004672
43.04,40.95,1.033888,1.453854,1.045301,1.02555,1.462147,1.037794,41.997840890693844,-44.84497000866379
43.05,40.96,1.046919,1.429398,1.063633,1.039776,1.438432,1.05724,41.82860958933041,-51.66729517556787
43.06,40.97,1.060098,1.403923,1.082797,1.053117,1.41389,1.076663,41.304824786503445,-54.992164705537306
43.07,40.98,1.073586,1.378493,1.102016,1.065415,1.387673,1.095095,40.265264783868005,-48.328131330473
43.08,40.99,1.088092,1.353567,1.121805,1.079119,1.362055,1.114219,40.2120191655379,-43.40895080734599
43.09,41.0,1.102345,1.329666,1.141366,1.092929,1.337493,1.134145,37.48409893569142,-39.734873321131694
43.1,41.01,1.118595,1.308151,1.161771,1.108416,1.31483,1.154743,34.62279376860251,-33.27107635669415
43.11,41.02,1.136381,1.286279,1.184254,1.125838,1.293045,1.176615,35.92545537109312,-32.69043303790647
43.12,41.03,1.152942,1.262618,1.206571,1.143447,1.271008,1.199909,35.05474509880749,-41.4645534213105
43.13,41.04,1.168565,1.237453,1.229077,1.160774,1.24637,1.222746,39.097457884738816,-48.855496863059855
43.14,41.05,1.186292,1.212965,1.252727,1.176813,1.221634,1.246005,35.34222762512262,-42.44441257533646
43.15,41.06,1.203966,1.189319,1.275866,1.193466,1.197095,1.269327,31.913077648894422,-36.52259096580558
43.16,41.07,1.22246,1.16712,1.298986,1.211486,1.173733,1.292535,30.448885720411706,-31.073425868623442
43.17,41.08,1.242186,1.146229,1.323232,1.23114,1.151783,1.316431,31.62052361950876,-26.6935447159052
43.18,41.09,1.262454,1.126684,1.348583,1.251893,1.13317,1.341551,33.65750385826557,-31.55601568102571
43.19,41.1,1.284651,1.106967,1.373617,1.273788,1.113776,1.367716,28.51169880902578,-32.07975697166312
43.2,41.11,1.306459,1.085293,1.399145,1.296068,1.092505,1.39324,29.608713620426276,-34.763052053607346
43.21,41.12,1.328996,1.063702,1.424879,1.317989,1.07096,1.419006,28.083022773995644,-33.40080084423074
43.22,41.13,1.351252,1.043855,1.450372,1.339798,1.050045,1.444641,26.581056143179563,-28.38778786654222
43.23,41.14,1.374538,1.025671,1.476601,1.362858,1.031628,1.470817,26.344865351000387,-27.0223601685243
43.24,41.15,1.398311,1.009609,1.502915,1.386983,1.015445,1.497086,27.228795653944943,-27.256781857033047
43.25,41.16,1.423855,0.99502,1.529309,1.412265,1.000494,1.523363,27.15911508405748,-25.281539723570795
43.26,41.17,1.450239,0.979473,1.555919,1.438683,0.984829,1.549856,27.684312186721503,-24.866882104002546
43.27,41.18,1.477038,0.962439,1.581873,1.465619,0.968216,1.576171,26.534937770856743,-26.83535950654855
43.28,41.19,1.504208,0.946963,1.607379,1.492291,0.952113,1.602031,24.169143927439244,-23.37186409634602
43.29,41.2,1.53083,0.933899,1.63329,1.518787,0.938254,1.628159,23.076750814694133,-19.881047340015527
43.3,41.21,1.558283,0.922322,1.65973,1.546418,0.926985,1.654782,22.637349896965873,-21.455056791289906
43.31,41.22,1.587117,0.913831,1.687186,1.574932,0.917819,1.681679,24.320547585779895,-18.12263247088848
43.32,41.23,1.616042,0.905053,1.714084,1.603901,0.908923,1.70833,25.357737938611688,-17.679921948880022
43.33,41.24,1.646384,0.895117,1.739899,1.63401,0.89873,1.734659,22.95113036123388,-16.276916947298314
43.34,41.25,1.677104,0.884496,1.765673,1.664466,0.888287,1.760628,21.76153388204795,-16.697580508935598
43.35,41.26,1.706813,0.874984,1.791649,1.694293,0.87758,1.786013,24.235356239591383,-11.7141845943226
43.36,41.27,1.736714,0.866483,1.818781,1.724418,0.869332,1.812506,27.036519072437844,-13.045313480770078
43.37,41.28,1.765956,0.860282,1.846392,1.753991,0.863683,1.839845,28.686564771967266,-15.867573352182488
43.38,41.29,1.795209,0.857505,1.873917,1.783162,0.861093,1.867467,28.164730335796847,-16.585293742989393
43.39,41.3,1.824587,0.855312,1.901104,1.812322,0.858747,1.894691,27.603716180397022,-15.64571189280611
43.4,41.31,1.854156,0.851839,1.928722,1.842176,0.854403,1.921933,29.539988961555373,-12.080385117022635
43.41,41.32,1.884714,0.847578,1.956758,1.87253,0.850019,1.949897,29.384538429955036,-11.328922252049207
43.42,41.33,1.914871,0.843017,1.984375,1.902996,0.845329,1.976995,31.85986353510415,-11.017358452314268
43.43,41.34,1.944901,0.839055,2.011706,1.933187,0.841529,2.004636,31.113136014856288,-11.925629096119472
43.44,41.35,1.973975,0.836785,2.039821,1.962538,0.839935,2.032373,33.07296855765924,-15.398721093946367
43.45,41.36,2.002579,0.836871,2.06725,1.991432,0.839935,2.059658,34.257998862700035,-15.369441473235591
43.46,41.37,2.030771,0.839542,2.095281,2.019963,0.842455,2.086951,37.622353847948425,-15.084076312751169
43.47,41.38,2.058868,0.843265,2.123426,2.047954,0.84518,2.114766,38.43116584591033,-9.951966944283768
43.48,41.39,2.087495,0.844884,2.152201,2.076349,0.846537,2.144063,36.134205730688386,-8.435724887494944
43.49,41.4,2.116624,0.844535,2.181724,2.105325,0.846721,2.1737,35.380516468026,-10.94964781663538
43.5,41.41,2.146067,0.843151,2.211014,2.134581,0.84584,2.202925,35.15506997565031,-13.176276404809967
43.51,41.42,2.175455,0.841443,2.239851,2.164335,0.844488,2.231973,35.31578788447751,-15.313959580278091
43.52,41.43,2.204375,0.840156,2.26862,2.193527,0.843699,2.260191,37.847549277330245,-18.0872440628349
43.53,41.44,2.232205,0.840602,2.297275,2.221929,0.844103,2.288329,41.041924476415204,-18.813810787736227
43.54,41.45,2.259284,0.842263,2.3255,2.248954,0.845468,2.316204,41.98414796042648,-17.237097860992176
43.55,41.46,2.286086,0.845541,2.354291,2.275556,0.847891,2.344954,41.56355349598423,-12.580648653647117
43.56,41.47,2.312003,0.849642,2.383852,2.301542,0.851884,2.37429,42.429239577135135,-12.096627287858594
43.57,41.48,2.337691,0.853681,2.413957,2.327553,0.855886,2.404684,42.448452822320164,-12.27063941318532
43.58,41.49,2.363842,0.857122,2.444204,2.353292,0.858597,2.435113,40.75167809430972,-7.9589571560278545
43.59,41.5,2.390548,0.858843,2.474981,2.379733,0.859848,2.465879,40.084263039264364,-5.309048968911048
43.6,41.51,2.417421,0.858582,2.505883,2.406647,0.860262,2.496816,40.082725066717856,-8.862813435329109
43.61,41.52,2.44499,0.856992,2.536862,2.434447,0.859299,2.527082,42.849915997974776,-12.342814887199607
43.62,41.53,2.471359,0.855448,2.566827,2.460784,0.858318,2.557651,40.94840034951801,-15.184035009392444
43.63,41.54,2.496909,0.854816,2.597389,2.486559,0.857716,2.588017,42.16106845430344,-15.65251267811922
43.64,41.55,2.52149,0.855755,2.628431,2.511305,0.858534,2.61873,43.60576870700219,-15.261782552703629
43.65,41.56,2.545536,0.858182,2.659315,2.534962,0.860971,2.649975,41.45411751803114,-14.775830727186943
43.66,41.57,2.568763,0.862272,2.690848,2.558361,0.864508,2.681867,40.80705208471315,-12.131616293597126
43.67,41.58,2.592121,0.866829,2.723427,2.580795,0.868746,2.714906,36.95559829775682,-9.60664170007343
43.68,41.59,2.615227,0.87011,2.756535,2.603628,0.871254,2.748659,34.17744790837002,-5.632818765009319
43.69,41.6,2.638884,0.871157,2.790641,2.626917,0.872923,2.783685,30.16794425164078,-8.394691961085119
43.7,41.61,2.662438,0.870847,2.824727,2.650641,0.873271,2.817502,31.48512947254279,-11.611294914711012
43.71,41.62,2.685484,0.869519,2.85856,2.674139,0.872369,2.850629,34.95641528118101,-14.101581774108611
43.72,41.63,2.708249,0.868279,2.89217,2.697206,0.87116,2.88384,37.028127108070905,-14.621930034701485
43.73,41.64,2.730452,0.866955,2.925754,2.719886,0.869956,2.916747,40.44597460196036,-15.855831014154655
43.74,41.65,2.752314,0.866907,2.959262,2.742296,0.869279,2.949332,44.74724303740723,-13.320825859671018
43.75,41.66,2.773238,0.868327,2.99233,2.763812,0.870133,2.98209,47.37019004845813,-10.846293569117488
43.76,41.67,2.793381,0.871472,3.025777,2.784375,0.871775,3.014667,50.971047205153,-1.926945955414636
43.77,41.68,2.813524,0.875095,3.060494,2.805167,0.875169,3.049461,52.85771287038856,-0.5073324009693837
43.78,41.69,2.833371,0.878543,3.096587,2.824909,0.879407,3.085259,53.24032069699367,-5.829897732670686
43.79,41.7,2.853406,0.880718,3.13288,2.844675,0.881742,3.121808,51.74189785296709,-6.689275439018803
43.8,41.71,2.873845,0.881343,3.170022,2.86505,0.883353,3.159084,51.19802046952934,-12.873232652695746
43.81,41.72,2.894187,0.880521,3.207394,2.885381,0.883283,3.196268,51.6391103745773,-17.414021746189846
43.82,41.73,2.913975,0.87875,3.243554,2.906135,0.881721,3.232538,54.56084295058616,-20.75440765795834
43.83,41.74,2.934109,0.876594,3.279554,2.926855,0.879958,3.268086,57.684898376459614,-24.879236344964895
43.84,41.75,2.95379,0.874805,3.315201,2.946941,0.877987,3.30365,59.33478586126767,-24.919268593281267
43.85,41.76,2.973433,0.873561,3.350959,2.966777,0.876579,3.33908,60.7373695395701,-24.390750552281485
43.86,41.77,2.9923,0.87381,3.386769,2.985824,0.876614,3.374242,62.66269282236248,-23.411806928615427
43.87,41.78,3.010642,0.875395,3.422333,3.003316,0.877526,3.410188,58.90114974338531,-16.21875155354607
43.88,41.79,3.028369,0.878683,3.458293,3.021135,0.880277,3.446597,58.26312392880167,-12.426454974430769
43.89,41.8,3.045922,0.881837,3.49567,3.038623,0.883811,3.48373,58.562282795191514,-15.133497194169065
43.9,41.81,3.063503,0.88418,3.532939,3.057516,0.885645,3.520025,65.12730680080122,-13.749913502041586
43.91,41.82,3.081773,0.885509,3.571062,3.076344,0.886336,3.557431,68.28343226504947,-8.66128673925542
43.92,41.83,3.100018,0.884164,3.609062,3.094896,0.886276,3.595948,68.66562836280625,-22.408260370987296
43.93,41.84,3.118119,0.881637,3.64675,3.112751,0.885072,3.634124,66.96701327278006,-32.61530542511127
43.94,41.85,3.136388,0.879426,3.684773,3.130135,0.882568,3.671913,64.06929271366693,-26.678558771739617
43.95,41.86,3.154184,0.877544,3.72165,3.147873,0.880418,3.708667,64.07574301115322,-24.484298617256965
43.96,41.87,3.171942,0.877236,3.758126,3.165134,0.879539,3.745474,61.715449929876534,-18.68957264635234
43.97,41.88,3.189055,0.878891,3.793743,3.182261,0.880677,3.78152,60.93305942261362,-14.728617844472163
43.98,41.89,3.205694,0.881999,3.829534,3.198561,0.88254,3.817249,59.85940205125752,-4.337275358685265
43.99,41.9,3.222329,0.887161,3.865832,3.215316,0.886768,3.853743,59.88137296854909,3.2074312024130394
44.0,41.91,3.240059,0.89094,3.904068,3.232204,0.891281,3.891643,57.6992057997122,-2.4857544327053636
44.01,41.92,3.257791,0.893122,3.942527,3.250088,0.894121,3.930034,58.34262709101979,-7.389429786929033
44.02,41.93,3.275875,0.893434,3.980993,3.267915,0.895475,3.968717,57.039830877704446,-14.381221413579757
44.03,41.94,3.29394,0.892459,4.019044,3.286089,0.895202,4.006959,56.99029959179989,-19.25850803672794
44.04,41.95,3.311591,0.891025,4.05704,3.304128,0.894252,4.04535,57.445476978318865,-23.383647780134606
44.05,41.96,3.328903,0.890134,4.095238,3.32146,0.893833,4.082941,58.81475612580611,-26.426320747190847
44.06,41.97,3.345395,0.890863,4.132314,3.338512,0.89437,4.119643,61.48879681125659,-26.999579239078113
44.07,41.98,3.3609,0.893703,4.168598,3.354813,0.896405,4.155812,64.54239537069715,-23.936283042887396
44.08,41.99,3.3761,0.898367,4.204998,3.369745,0.900548,4.192194,63.60344951895233,-18.941930156961252
44.09,42.0,3.39094,0.905185,4.241884,3.384369,0.906515,4.228806,63.32290295209918,-11.442340212028975
44.1,42.01,3.406001,0.911888,4.27907,3.398974,0.91253,4.26629,61.1960907623537,-5.220158672654962
44.11,42.02,3.421704,0.916766,4.317046,3.414351,0.917125,4.304556,59.5142113476294,-2.795167181452956
44.12,42.03,3.438035,0.919575,4.355687,3.430457,0.920682,4.343573,57.97166481844143,-8.31102576989279
44.13,42.04,3.454232,0.920607,4.394159,3.446914,0.922028,4.381998,58.96216518046605,-10.98887085237744
44.14,42.05,3.470002,0.921409,4.432224,3.462734,0.922741,4.419654,59.96341012524534,-10.385298534512867
44.15,42.06,3.484437,0.923855,4.468981,3.477878,0.924109,4.456116,62.98601774511666,-2.2176947143245442
44.16,42.07,3.497212,0.929133,4.506041,3.491426,0.927232,4.491803,67.88429140313936,18.18802425477979
44.17,42.08,3.510145,0.935147,4.542601,3.50474,0.932819,4.527899,69.81470186099564,23.302139300719524
44.18,42.09,3.522647,0.943055,4.578815,3.516682,0.940697,4.564848,66.87373258918387,21.569182127360957
44.19,42.1,3.535175,0.950748,4.614679,3.529014,0.949477,4.60223,63.669229496614115,11.656460896989683
44.2,42.11,3.548231,0.958663,4.654169,3.541755,0.956687,4.640333,64.91785146256171,16.968343075811255
44.21,42.12,3.561543,0.963238,4.692069,3.554975,0.962792,4.679388,62.6185437077292,3.8847059758925853
44.22,42.13,3.575339,0.965879,4.729945,3.568269,0.967228,4.718519,58.252260287373694,-10.80254421894057
44.23,42.14,3.587263,0.970192,4.769763,3.581317,0.971609,4.757006,65.00991277106314,-13.404221696919889
44.24,42.15,3.598942,0.974304,4.806292,3.593885,0.976956,4.794101,67.4706316997394,-27.67348701989578
44.25,42.16,3.608343,0.981275,4.842661,3.604485,0.983801,4.830279,72.69394101922988,-33.21450900304092
44.26,42.17,3.617164,0.991008,4.878285,3.613379,0.992545,4.865541,73.45844828021917,-22.10092103805822
44.27,42.18,3.624896,1.00224,4.913445,3.621091,1.003017,4.900915,73.10797546305336,-11.541405932446855
44.28,42.19,3.632368,1.012705,4.94961,3.628245,1.012437,4.93716,71.67695415587292,3.7190631639392433
44.29,42.2,3.639148,1.021682,4.987238,3.636315,1.020376,4.97458,77.38447348818471,24.749484786595147
44.3,42.21,3.649438,1.027497,5.025473,3.645246,1.027155,5.012938,71.50884795180956,4.664087460915307
44.31,42.22,3.658417,1.033047,5.063241,3.654511,1.033341,5.050894,72.44512080370899,-4.304468960508018
44.32,42.23,3.665653,1.039419,5.099389,3.662889,1.040005,5.087455,76.95980854329049,-11.970121178354995
44.33,42.24,3.67237,1.046498,5.135226,3.669085,1.048177,5.122263,75.77982708111514,-27.0720802379927
44.34,42.25,3.679042,1.05855,5.16928,3.674333,1.057776,5.155787,70.76122845975809,9.334024721329467
44.35,42.26,3.690272,1.067971,5.200472,3.677003,1.069763,5.190314,37.43563650770485,-7.691352650468535
44.36,42.27,3.701,1.077195,5.233815,3.679324,1.081306,5.226145,19.48620185401806,-10.738985083866146
44.37,42.28,3.681642,1.091838,5.263294,3.682153,1.091513,5.263364,-172.19981211581563,147.54332031761965
44.38,42.29,3.688231,1.101407,5.314003,3.685568,1.100577,5.301038,78.39292813752593,17.31113674737929
44.39,42.3,3.689861,1.108611,5.33854,3.689059,1.109835,5.337779,43.49738427817319,-56.7660302581648
44.4,42.31,3.692939,1.116863,5.37471,3.692599,1.118719,5.373248,76.90810693565355,-79.61910684540207
44.41,42.32,3.695283,1.125852,5.409125,3.695155,1.127797,5.407657,85.01678583781455,-86.23480733274228
44.42,42.33,3.694655,1.136908,5.442127,3.695691,1.13764,5.441215,138.64225049260074,-144.75635955087375
44.43,42.34,3.692401,1.149547,5.487965,3.693172,1.148817,5.474133,93.19038322291699,136.56465221924213
44.44,42.35,3.709424,1.155231,5.515947,3.688782,1.16085,5.506802,23.894720857463287,-15.227635785823407
44.45,42.36,3.705776,1.166347,5.550415,3.684484,1.171582,5.540663,24.608366967019705,-13.813153388298858
44.46,42.37,3.702923,1.174715,5.586015,3.681836,1.181448,5.575851,25.734212236133548,-17.708087624137065
44.47,42.38,3.700155,1.183338,5.621071,3.679806,1.190111,5.610929,26.491797368283482,-18.409604186040674
44.48,42.39,3.696899,1.191999,5.654997,3.677619,1.198918,5.644526,28.50645843435564,-19.74150385185945
44.49,42.4,3.692405,1.201443,5.686625,3.673547,1.207911,5.676452,28.34476465347396,-18.931169016548296
44.5,42.41,3.685663,1.212227,5.716637,3.667708,1.218222,5.706621,29.154484204070304,-18.463663711687357
44.51,42.42,3.677403,1.224103,5.744981,3.660511,1.229628,5.735518,29.25781136630131,-18.111777180177455
44.52,42.43,3.650195,1.240688,5.765005,3.652422,1.240309,5.76545,-168.69996317001065,170.34170288945708
44.53,42.44,3.638748,1.250834,5.795796,3.642914,1.249786,5.796878,-165.44072833096195,165.87965032174637
44.54,42.45,3.629575,1.258983,5.827903,3.632533,1.258426,5.828945,-160.59442087009103,169.33591036426762
44.55,42.46,3.620423,1.267114,5.860263,3.621823,1.266599,5.860789,-159.40808326874392,159.80359402428422
44.56,42.47,3.610287,1.273372,5.905633,3.61133,1.274673,5.89155,94.23564549572063,-128.7188373214024
44.57,42.48,3.599816,1.281179,5.935117,3.601126,1.282821,5.921483,95.48832075991787,-128.5831299332279
44.58,42.49,3.587255,1.290229,5.962446,3.590182,1.291101,5.949208,102.4678430718881,-163.41036619963234
44.59,42.5,3.573083,1.300168,5.988244,3.577188,1.300559,5.975162,107.42133256906735,-174.5590092983938
44.6,42.51,3.555914,1.310402,6.013062,3.562109,1.310131,6.000371,116.01890976672071,177.49519560296477
44.61,42.52,3.540717,1.318241,6.038929,3.54609,1.318216,6.026097,112.71997856713774,179.73341072936543
44.62,42.53,3.524425,1.324708,6.066031,3.529629,1.325361,6.053277,112.19687678471503,-172.84788384017665
44.63,42.54,3.509044,1.329927,6.094104,3.514357,1.331255,6.081467,112.80344590156137,-165.9662939890923
44.64,42.55,3.493184,1.335009,6.12165,3.499188,1.336858,6.109218,115.77809112679816,-162.88318981961876
44.65,42.56,3.477054,1.340293,6.147871,3.484043,1.342036,6.135951,120.38418341148818,-165.99655319678698
44.66,42.57,3.459834,1.346215,6.171945,3.468117,1.347622,6.160472,125.82762323419954,-170.3594173566293
44.67,42.58,3.443913,1.352,6.195128,3.451288,1.353347,6.183904,123.3078804560119,-169.64935465019562
44.68,42.59,3.421123,1.360012,6.214225,3.432806,1.359879,6.205163,142.20080751978574,179.3477694504717
44.69,42.6,3.400058,1.365613,6.233703,3.412699,1.365807,6.225703,147.67186253399845,-179.12075716386505
44.7,42.61,3.378964,1.370296,6.255667,3.3908,1.370358,6.24664,142.66820483349895,-179.69987277466308
44.71,42.62,3.357722,1.373322,6.278508,3.368793,1.373854,6.268666,138.3632485664722,-177.24885509112227
44.72,42.63,3.336429,1.375081,6.301629,3.347376,1.376245,6.291737,137.89819494336493,-173.93051668490457
44.73,42.64,3.315634,1.376052,6.324905,3.326632,1.377802,6.314969,137.90417494518704,-170.95890050509487
44.74,42.65,3.294002,1.377028,6.346577,3.305151,1.379358,6.337251,140.08793692757135,-168.19580194740254
44.75,42.66,3.273327,1.37836,6.366684,3.284702,1.380769,6.357824,142.0849359719468,-168.0425650290589
44.76,42.67,3.250927,1.381014,6.383809,3.263809,1.38291,6.376984,152.08495295295634,-171.62719947744318
44.77,42.68,3.22782,1.384141,6.399009,3.24249,1.385432,6.394146,161.6600106412242,-174.9707713930559
44.78,42.69,3.203717,1.3869,6.414604,3.216995,1.388335,6.408817,156.45080464305425,-173.8317846178448
44.79,42.7,3.178842,1.388022,6.430627,3.192166,1.389337,6.424333,154.71485529764385,-174.3634989443865
44.8,42.71,3.1542,1.387946,6.447803,3.167437,1.389336,6.441364,154.05988028365505,-174.00541470692826
44.81,42.72,3.128962,1.386304,6.465373,3.142756,1.388224,6.4595,156.93740121052366,-172.07585855675092
44.82,42.73,3.104055,1.384439,6.481975,3.118264,1.386522,6.477029,160.8075428115881,-171.66000326661498
44.83,42.74,3.078684,1.382141,6.497429,3.093082,1.384374,6.493182,163.56544173199356,-171.18417634082368
44.84,42.75,3.053645,1.380329,6.512206,3.067827,1.381954,6.507573,161.9087318640707,-173.4634494278755
44.85,42.76,3.027822,1.37918,6.525529,3.042444,1.380794,6.52082,162.14889943630047,-173.70109878257898
44.86,42.77,3.001823,1.379358,6.53707,3.015739,1.381344,6.532537,161.95749036545735,-171.87796763626588
44.87,42.78,2.975061,1.378386,6.547138,2.98959,1.381065,6.543447,165.7459099563862,-169.55258818145114
44.88,42.79,2.947807,1.37634,6.558011,2.962904,1.379179,6.554161,165.69350383982348,-169.34987178254957
44.89,42.8,2.920811,1.373546,6.568808,2.935188,1.376192,6.565908,168.59583239158965,-169.57175530188988
44.9,42.81,2.891681,1.370183,6.578628,2.907156,1.372245,6.576786,173.21198157213382,-172.41020708828884
44.91,42.82,2.864368,1.366457,6.588716,2.880112,1.368574,6.586357,171.47848836032912,-172.3417195737475
44.92,42.83,2.838368,1.364047,6.597691,2.852579,1.365994,6.594735,168.2495835944781,-172.1986736522855
44.93,42.84,2.814213,1.361567,6.606263,2.825327,1.365309,6.602067,159.3163801521299,-161.39200868450797
44.94,42.85,2.791351,1.358808,6.613427,2.797131,1.364441,6.606748,130.87287993911357,-135.7379316467021
44.95,42.86,2.767595,1.355023,6.620197,2.768767,1.362557,6.611019,97.27709605427097,-98.84214457268736
44.96,42.87,2.741698,1.349862,6.627584,2.739352,1.359155,6.615789,78.75080078658262,-75.83181901701946
44.97,42.88,2.695554,1.352651,6.622453,2.709422,1.355181,6.621237,174.98890026761248,-169.6609813912691
44.98,42.89,2.665745,1.34881,6.626238,2.680104,1.351346,6.625823,178.34451346087963,-169.9840533148314
44.99,42.9,2.637037,1.345615,6.628726,2.651457,1.348093,6.628284,178.24432677979354,-170.24926353078516
45.0,42.91,2.608796,1.343459,6.628685,2.62268,1.345617,6.629345,-177.27839463843523,-171.16516960695625
45.01,42.92,2.583283,1.340227,6.628534,2.594558,1.344319,6.627883,176.69550452844206,-160.0528071485595
45.02,42.93,2.556531,1.336558,6.627069,2.56564,1.341681,6.625896,172.66219052635506,-150.64612887185635
45.03,42.94,2.526128,1.332434,6.624939,2.534096,1.338264,6.621766,158.28666909029207,-143.80793498211966
45.04,42.95,2.495958,1.327484,6.623449,2.505031,1.33298,6.621081,165.37244239922305,-148.7944749248142
45.05,42.96,2.46568,1.32254,6.621363,2.475101,1.327572,6.620006,171.8034964096462,-151.892170820664
45.06,42.97,2.436441,1.317888,6.61732,2.445978,1.323421,6.616462,174.85920207146606,-149.87934432188308
45.07,42.98,2.40887,1.313829,6.612096,2.417455,1.319426,6.611943,178.97899518442688,-146.89761654955296
45.08,42.99,2.376107,1.313293,6.60008,2.389352,1.316145,6.604782,-160.45504163110763,-167.84823838762316
45.09,43.0,2.349259,1.309401,6.589857,2.36208,1.312385,6.595392,-156.64948594983017,-166.8980505993471
45.1,43.01,2.321128,1.303406,6.579124,2.333905,1.307009,6.585085,-154.98899857314422,-164.25202164859846
45.11,43.02,2.292404,1.29656,6.569682,2.305182,1.300428,6.574959,-157.56057753776244,-163.15852782741914
45.12,43.03,2.263438,1.28887,6.561077,2.275707,1.293299,6.565522,-160.0847905524411,-160.15086797298684
45.13,43.04,2.234238,1.281491,6.550526,2.246748,1.285987,6.555602,-157.91488013369374,-160.2319440463016
45.14,43.05,2.206386,1.274405,6.539077,2.218721,1.278833,6.544454,-156.44693565102799,-160.2529523825449
45.15,43.06,2.180016,1.267863,6.526165,2.191802,1.27236,6.532127,-153.1672316146067,-159.1154269253883
45.16,43.07,2.154868,1.261926,6.511209,2.165992,1.266582,6.517573,-150.22628338616195,-157.28803383231616
45.17,43.08,2.130955,1.255787,6.494315,2.141512,1.260225,6.501332,-146.38890921230535,-157.19886617953676
45.18,43.09,2.105868,1.247533,6.476912,2.116692,1.252072,6.483621,-148.20827611619077,-157.24945931024166
45.19,43.1,2.079888,1.238358,6.459272,2.091288,1.242628,6.466488,-147.6669072331723,-159.4659894988816
45.2,43.11,2.05401,1.227769,6.442226,2.065091,1.232497,6.449667,-146.11825276310768,-156.89320654994629
45.21,43.12,2.028106,1.216822,6.424666,2.038954,1.221869,6.432203,-145.2091053232028,-155.04993502931714
45.22,43.13,2.003497,1.206575,6.406289,2.014192,1.211653,6.414008,-144.18054195762716,-154.60157105454707
45.23,43.14,1.980866,1.198039,6.386907,1.990753,1.20261,6.395422,-139.26391890048689,-155.1877538641097
45.24,43.15,1.959505,1.190438,6.36611,1.968741,1.194477,6.374782,-136.8038944459313,-156.37973496985802
45.25,43.16,1.935795,1.181332,6.344294,1.947114,1.186319,6.35146,-147.6623120691117,-156.22235216868853
45.26,43.17,1.912877,1.171262,6.321915,1.926038,1.176813,6.328343,-153.96852767972598,-157.13112783573456
45.27,43.18,1.886663,1.157489,6.300407,1.904224,1.165458,6.304615,-166.52475272419164,-155.59194482610891
45.28,43.19,1.872503,1.147585,6.271208,1.882406,1.152738,6.28026,-137.5706139822935,-152.50990403541553
45.29,43.2,1.850918,1.1339,6.247572,1.860251,1.139051,6.256459,-136.40224014896458,-151.10514208414835
45.3,43.21,1.830282,1.120994,6.223716,1.839127,1.125995,6.233077,-133.3765401649303,-150.5160005261715
45.31,43.22,1.809795,1.108698,6.198498,1.818257,1.11359,6.208231,-131.00413126317287,-149.9671953292941
45.32,43.23,1.789998,1.097602,6.172596,1.798482,1.102028,6.182568,-130.39054464190397,-152.44949646615424
45.33,43.24,1.771218,1.087518,6.145977,1.779194,1.09205,6.155531,-129.8562627896497,-150.39456191493196
45.34,43.25,1.750761,1.077393,6.118471,1.760145,1.082567,6.127037,-137.60922251577057,-151.12923866093112
45.35,43.26,1.732281,1.067248,6.089143,1.74166,1.072153,6.09841,-135.344151567671,-152.3914737483163
45.36,43.27,1.714843,1.055094,6.058627,1.723399,1.059598,6.068848,-129.93270404662334,-152.23704362433807
45.37,43.28,1.69647,1.040951,6.028744,1.7048,1.045831,6.038482,-130.54406968830202,-149.6367634904471
45.38,43.29,1.677185,1.026904,5.998593,1.685872,1.031217,6.008779,-130.4587796719458,-153.59610681311415
45.39,43.3,1.658745,1.012646,5.968596,1.667107,1.017406,5.979005,-128.77641957747218,-150.34965879538075
45.4,43.31,1.641119,0.999574,5.938666,1.649062,1.004035,5.948951,-127.67854086433456,-150.6802753060401
45.41,43.32,1.622885,0.98907,5.908631,1.631342,0.992863,5.918908,-129.45115281821785,-155.84356537992085
45.42,43.33,1.604645,0.980633,5.877794,1.612925,0.984072,5.8883,-128.24238929462314,-157.44502321344805
45.43,43.34,1.584829,0.971666,5.846423,1.594774,0.976221,5.856135,-135.67911133217802,-155.39131543049174
45.44,43.35,1.567578,0.961954,5.818724,1.576438,0.966417,5.82293,-154.60547413870708,-153.26447998237944
45.45,43.36,1.548866,0.951449,5.779395,1.557607,0.95549,5.789391,-131.16806526547927,-155.1887064843372
45.46,43.37,1.529182,0.938826,5.74596,1.538232,0.943489,5.755701,-132.89401562873127,-152.7402749982419
45.47,43.38,1.510283,0.925566,5.712946,1.518894,0.930976,5.722657,-131.5642508029797,-147.860243271988
45.48,43.39,1.49218,0.913606,5.679693,1.500553,0.918837,5.689728,-129.8409336555879,-148.00507458339916
45.49,43.4,1.474474,0.902713,5.646331,1.482572,0.908122,5.656198,-129.37625734287008,-146.25934667134854
45.5,43.41,1.459092,0.895034,5.612113,1.465117,0.898888,5.622774,-119.47270126051528,-147.39425168794494
45.51,43.42,1.442497,0.888055,5.577546,1.447853,0.891077,5.588478,-116.10198001489145,-150.5671337806273
45.52,43.43,1.426066,0.881715,5.540976,1.431206,0.885061,5.551875,-115.24870077154016,-146.93696870266902
45.53,43.44,1.409635,0.875213,5.504455,1.414921,0.878164,5.515082,-116.44631480322589,-150.82681313842394
45.54,43.45,1.388122,0.864818,5.469493,1.397643,0.869673,5.478386,-136.9532860294369,-152.98180924268632
45.55,43.46,1.370527,0.854866,5.433088,1.379687,0.85997,5.441399,-137.78208921380593,-150.87321896602185
45.56,43.47,1.352566,0.844598,5.39905,1.361399,0.848871,5.405225,-145.04325749939454,-154.18443379460336
45.57,43.48,1.338471,0.834662,5.358432,1.343553,0.837491,5.369762,-114.1583183632678,-150.89659934683147
45.58,43.49,1.322865,0.8251,5.322182,1.326959,0.826742,5.333582,-109.75437077733157,-158.14552548085865
45.59,43.5,1.304641,0.815475,5.284368,1.310795,0.816795,5.297986,-114.31830077576383,-167.89379851780348
45.6,43.51,1.288735,0.806919,5.247405,1.295713,0.809293,5.259083,-120.85974534772971,-161.21107454763774
45.61,43.52,1.274802,0.800975,5.208846,1.281088,0.80277,5.221243,-116.88765913891801,-164.06303136529215
45.62,43.53,1.262328,0.795811,5.169837,1.266908,0.797956,5.181821,-110.91566805878212,-154.90439887692236
45.63,43.54,1.24738,0.789775,5.12922,1.253553,0.792281,5.141644,-116.4209854995129,-157.9047440103225
45.64,43.55,1.233725,0.782635,5.088621,1.240024,0.785137,5.101111,-116.76288101809233,-158.33673180046017
45.65,43.56,1.219428,0.774033,5.048332,1.225964,0.776936,5.060454,-118.33287823293492,-156.05133958230803
45.66,43.57,1.205373,0.764178,5.008603,1.211469,0.767532,5.020404,-117.31935636591734,-151.1805477086755
45.67,43.58,1.191298,0.753671,4.968668,1.197053,0.757617,4.981142,-114.7666929573688,-145.56294551620456
45.68,43.59,1.178165,0.743739,4.929313,1.183589,0.747489,4.941451,-114.07800979584405,-145.34111587605602
45.69,43.6,1.165829,0.734788,4.889517,1.171227,0.738536,4.901487,-114.27350521435656,-145.22654496908584
45.7,43.61,1.15471,0.727647,4.848873,1.160019,0.73122,4.861268,-113.1863158756048,-146.0591269104146
45.71,43.62,1.145318,0.721943,4.808456,1.150493,0.725151,4.82059,-113.09764446902747,-148.20508606594342
45.72,43.63,1.136983,0.717353,4.766105,1.142144,0.720231,4.778988,-111.83130813358314,-150.85404518997274
45.73,43.64,1.129712,0.711859,4.723481,1.134106,0.714374,4.737401,-107.51887043085739,-150.2144117275499
45.74,43.65,1.123059,0.705608,4.681736,1.126262,0.706892,4.695096,-103.48194536182037,-158.15542521410543
45.75,43.66,1.11578,0.696912,4.639016,1.118449,0.698367,4.652371,-101.30168182902355,-151.40307867859732
45.76,43.67,1.108549,0.686568,4.596374,1.110611,0.688316,4.60987,-98.68681553156033,-139.71136680538294
45.77,43.68,1.10059,0.675317,4.553192,1.103402,0.678184,4.566715,-101.74679954695172,-134.44511897271843
45.78,43.69,1.093139,0.66447,4.5107,1.096033,0.667847,4.523952,-102.31897091848568,-130.5957052218566
45.79,43.7,1.086048,0.654598,4.468002,1.089028,0.658487,4.481253,-102.67431293373005,-127.46163984115728
45.8,43.71,1.080169,0.646485,4.426268,1.082851,0.650356,4.439079,-101.82417869965401,-124.7159293196208
45.81,43.72,1.076317,0.641162,4.382245,1.077273,0.643762,4.397143,-93.67161817112321,-110.18808684721166
45.82,43.73,1.071368,0.635856,4.340564,1.072885,0.638815,4.353769,-96.5534516675222,-117.14299841547155
45.83,43.74,1.068325,0.63058,4.294979,1.06926,0.633413,4.309225,-93.75507722079227,-108.26489612887008
45.84,43.75,1.064997,0.622943,4.251314,1.067065,0.626526,4.264186,-99.12707708438202,-119.99225157804636
45.85,43.76,1.062744,0.614417,4.205497,1.064865,0.618292,4.218747,-99.09449314435442,-118.69430557349578
45.86,43.77,1.060414,0.605123,4.161396,1.062618,0.608663,4.174384,-99.63106584190403,-121.90634637212513
45.87,43.78,1.057816,0.596564,4.116588,1.060379,0.598826,4.130407,-100.50721402150305,-138.5696807574518
45.88,43.79,1.054672,0.587363,4.072217,1.057343,0.589462,4.086024,-100.9487723292766,-141.83803689332711
45.89,43.8,1.050975,0.578968,4.028059,1.053964,0.58162,4.041374,-102.6522220799587,-138.41885407107893
45.9,43.81,1.04712,0.571077,3.98796,1.051422,0.575538,3.997298,-114.73543995489713,-133.96051245008766
45.91,43.82,1.045413,0.569429,3.939651,1.048918,0.571444,3.953306,-104.39603159079795,-150.10570528937595
45.92,43.83,1.043288,0.567427,3.895496,1.046896,0.569583,3.908441,-105.57409216596622,-149.13910831165165
45.93,43.84,1.041146,0.565118,3.850038,1.044772,0.56746,3.86317,-105.43586188746717,-147.14195509074088
45.94,43.85,1.039507,0.56218,3.803448,1.043073,0.563954,3.817043,-104.69770713339474,-153.55074970176366
45.95,43.86,1.038432,0.556805,3.756752,1.042083,0.559076,3.770259,-105.12582361365679,-148.1175052659951
45.96,43.87,1.037328,0.550372,3.710287,1.041053,0.552985,3.723955,-105.24483176195315,-144.9512421329954
45.97,43.88,1.036006,0.543536,3.665203,1.039351,0.546651,3.678032,-104.61378330937252,-137.03908130879958
45.98,43.89,1.034301,0.537273,3.620744,1.038165,0.541361,3.63254,-108.13717460032461,-133.38646106711963
45.99,43.9,1.033012,0.533039,3.577008,1.037269,0.537538,3.587495,-112.0937659283144,-133.41685132921592
46.0,43.91,1.032551,0.533198,3.530123,1.035919,0.535663,3.543192,-104.45119917630296,-143.80003732756123
46.01,43.92,1.031662,0.534652,3.485681,1.034468,0.535345,3.499412,-101.54966237010058,-166.1272247889968
46.02,43.93,1.029748,0.535292,3.443937,1.034036,0.537674,3.454414,-112.25817953487964,-150.9476649508402
46.03,43.94,1.029597,0.537372,3.397456,1.033713,0.540053,3.407961,-111.39591260779467,-146.92136619812985
46.04,43.95,1.029968,0.538438,3.348032,1.032985,0.540686,3.360597,-103.50176937140743,-143.3097982880051
46.05,43.96,1.029098,0.537052,3.300401,1.031744,0.539521,3.313776,-101.19043079851787,-136.98187839265566
46.06,43.97,1.027817,0.534829,3.254305,1.030582,0.537441,3.267276,-102.0335052993412,-136.6298846045152
46.07,43.98,1.025686,0.531345,3.210388,1.029144,0.534864,3.221828,-106.81863514165259,-134.49907503219347
46.08,43.99,1.025576,0.530771,3.166411,1.028847,0.53435,3.176829,-107.43102705249296,-132.425515034101
46.09,44.0,1.027657,0.53409,3.118186,1.029469,0.536152,3.131803,-97.5797598448869,-131.3076637875079
46.1,44.01,1.028149,0.538236,3.073761,1.030063,0.539794,3.087419,-97.9773453055827,-140.85433866203445
46.11,44.02,1.029259,0.544441,3.028803,1.030992,0.546006,3.042583,-97.16799853725293,-137.9161243358513
46.12,44.03,1.030718,0.551768,2.982851,1.032408,0.55297,2.997371,-96.63885254366296,-144.5779413371035
46.13,44.04,1.031461,0.557448,2.937773,1.033312,0.558245,2.951873,-97.47882831973885,-156.70434870694737
46.14,44.05,1.031851,0.561447,2.89147,1.033417,0.561841,2.906016,-96.14470871562442,-165.87770105530913
46.15,44.06,1.032248,0.564116,2.845919,1.033093,0.564382,2.860376,-93.34508632348681,-162.52636818630262
46.16,44.07,1.033736,0.566886,2.801543,1.033691,0.566528,2.815721,-89.81814773449592,82.8355915778751
46.17,44.08,1.035977,0.569976,2.757103,1.036257,0.570006,2.770937,-91.15950759845269,-173.884496433721
46.18,44.09,1.037845,0.572846,2.715904,1.039539,0.574945,2.726937,-98.72899112962769,-128.9052984827271
46.19,44.1,1.042999,0.582227,2.669593,1.043009,0.581509,2.684005,-90.03975559972136,90.7979397667036
46.2,44.11,1.047656,0.591505,2.6265,1.047442,0.590805,2.64136,-89.1749361175185,73.00085910924923
46.21,44.12,1.052841,0.601983,2.584604,1.052993,0.601814,2.598527,-90.62548391283407,131.96847613956166
46.22,44.13,1.058877,0.611829,2.541607,1.058778,0.611363,2.555307,-89.58597201159867,78.00604172738085
46.23,44.14,1.064788,0.619912,2.498106,1.064619,0.619224,2.511908,-89.29847102905902,76.19913670537632
46.24,44.15,1.070565,0.626391,2.454692,1.070292,0.625377,2.467955,-88.82081434688422,74.9315118405105
46.25,44.16,1.076704,0.632561,2.409641,1.075891,0.631193,2.424059,-86.77263193687305,59.2770584526248
46.26,44.17,1.083048,0.63844,2.36609,1.082026,0.637065,2.380934,-86.06143725418349,53.3775843361801
46.27,44.18,1.08931,0.645133,2.324913,1.088718,0.644556,2.33907,-87.60547069304168,44.26485070188276
46.28,44.19,1.097011,0.6541,2.284247,1.096624,0.653603,2.298368,-88.43014533240084,52.09310558667346
46.29,44.2,1.106424,0.665873,2.24422,1.1054,0.664788,2.259109,-86.06564350771106,46.65674177990194
46.3,44.21,1.116854,0.679967,2.205611,1.115503,0.677862,2.220194,-84.70710535808567,57.30744035059576
46.31,44.22,1.127759,0.692293,2.167392,1.1262,0.690578,2.180906,-83.4193427421616,47.727973910162085
46.32,44.23,1.140364,0.703214,2.1256,1.138485,0.701909,2.140293,-82.71234147090898,34.78068846972963
46.33,44.24,1.151953,0.711901,2.085325,1.151293,0.711287,2.099505,-87.33512394248831,42.93213390228077
46.34,44.25,1.163737,0.720009,2.044555,1.162753,0.719427,2.05889,-86.07319525690079,30.602761798051436
46.35,44.26,1.175855,0.728756,2.004469,1.173847,0.728087,2.018981,-82.1221054100542,18.42638827023994
46.36,44.27,1.186997,0.738273,1.966614,1.18508,0.737488,1.980678,-82.23810637433476,22.26880529804258
46.37,44.28,1.196945,0.749292,1.930545,1.195728,0.748073,1.944078,-84.86130923972023,45.0470408593085
46.38,44.29,1.204676,0.759948,1.898359,1.206975,0.760968,1.908615,-102.63464590513816,-156.07451931514245
46.39,44.3,1.203716,0.770183,1.868793,1.220308,0.777254,1.873252,-164.95752131483522,-156.91778870619416
46.4,44.31,1.236737,0.79568,1.823954,1.233627,0.793,1.8379,-77.4285686298617,40.75267019639622
46.41,44.32,1.250273,0.809211,1.787035,1.246933,0.807324,1.801066,-76.6102625929065,29.465147917336804
46.42,44.33,1.263654,0.821148,1.749552,1.26054,0.819448,1.763738,-77.61924307119263,28.63108171195938
46.43,44.34,1.276688,0.832522,1.712527,1.273665,0.830647,1.72654,-77.82624357425388,31.809042767287057
46.44,44.35,1.289147,0.844181,1.677027,1.286466,0.84192,1.690984,-79.1265019724273,40.14234281545483
46.45,44.36,1.301814,0.858651,1.64465,1.299117,0.853907,1.657922,-78.51334449521875,60.38144113254455
46.46,44.37,1.314489,0.873972,1.613,1.311487,0.868481,1.625701,-76.70166271148858,61.33400773256027
46.47,44.38,1.326428,0.89094,1.58154,1.32423,0.88584,1.594725,-80.53556376459166,66.68490524823231
46.48,44.39,1.33918,0.909615,1.550451,1.336777,0.903941,1.563462,-79.53596349300021,67.04682004434933
46.49,44.4,1.351847,0.926757,1.517575,1.349162,0.921933,1.531036,-78.71953813436049,60.90003586961731
46.5,44.41,1.364668,0.941926,1.483803,1.361994,0.93782,1.497664,-79.08090084408425,56.926131862190694
46.51,44.42,1.377255,0.955656,1.450346,1.374759,0.951531,1.463825,-79.5089796332646,58.82224891469309
46.52,44.43,1.390156,0.970553,1.418467,1.387421,0.965591,1.431776,-78.38738189927959,61.13692788775388
46.53,44.44,1.401749,0.985714,1.389007,1.399907,0.979992,1.40219,-82.0458209402957,72.1558326794686
46.54,44.45,1.413927,1.00286,1.360689,1.412043,0.996934,1.37369,-81.75455497222333,72.36344541274657
46.55,44.46,1.425923,1.022238,1.333575,1.423472,1.016094,1.34667,-79.39857386556855,68.25166895346185
46.56,44.47,1.436775,1.042556,1.306833,1.434608,1.0368,1.319791,-80.50613159859687,69.3698123451259
46.57,44.48,1.447873,1.061808,1.278487,1.445421,1.056682,1.2917,-79.48694066905067,64.43607984927118
46.58,44.49,1.460042,1.079695,1.249646,1.456751,1.074342,1.262466,-75.60258508402943,58.41698899948357
46.59,44.5,1.471455,1.096426,1.220547,1.468193,1.090914,1.233056,-75.3843469403028,59.38296569005045
46.6,44.51,1.48316,1.113964,1.193482,1.47869,1.107798,1.205635,-69.80595214994325,54.06001995127877
46.61,44.52,1.493866,1.131931,1.169232,1.489231,1.124762,1.180624,-67.86033912415337,57.11597061483692
46.62,44.53,1.504539,1.151381,1.146114,1.49984,1.143958,1.157367,-67.33568078455446,57.66486154547655
46.63,44.54,1.514745,1.172588,1.124888,1.510275,1.165251,1.136251,-68.52621545922655,58.648520685773505
46.64,44.55,1.525201,1.194012,1.103527,1.520831,1.186802,1.115069,-69.26247111714213,58.77983607684646
46.65,44.56,1.535895,1.213788,1.08079,1.531399,1.20705,1.092324,-68.7039615596058,56.28639110185487
46.66,44.57,1.546421,1.232485,1.057115,1.541996,1.225705,1.068389,-68.57019086497019,56.86932878473913
46.67,44.58,1.556324,1.251064,1.033941,1.551793,1.243556,1.044583,-66.937352309329,58.88945507892472
46.68,44.59,1.566136,1.269732,1.012054,1.561642,1.262729,1.023478,-68.52619940560912,57.31069705817445
46.69,44.6,1.576124,1.288892,0.993182,1.571535,1.281782,1.00467,-68.22525251245699,57.16063002398387
46.7,44.61,1.586124,1.309829,0.978445,1.581447,1.302672,0.989637,-67.32054621283773,56.835942208192165
46.71,44.62,1.597341,1.331804,0.965244,1.592222,1.32424,0.975993,-64.53479279788058,55.91149572917332
46.72,44.63,1.608336,1.352475,0.950085,1.603922,1.345095,0.961118,-68.19500913572057,59.11623034440656
46.73,44.64,1.619815,1.371885,0.933366,1.614227,1.36406,0.944071,-62.43548312710813,54.46855640996728
46.74,44.65,1.630594,1.390599,0.916497,1.624593,1.383396,0.926656,-59.429324424341885,50.201471257992615
46.75,44.66,1.641853,1.409864,0.90167,1.634349,1.402743,0.911265,-51.97196173719656,43.49987903880632
46.76,44.67,1.652647,1.428373,0.888809,1.64465,1.421072,0.897937,-48.778543398793005,42.395059335955835
46.77,44.68,1.662831,1.446592,0.878153,1.655136,1.439357,0.886406,-47.00388814383711,43.2352495961045
46.78,44.69,1.674636,1.465758,0.869339,1.666363,1.458482,0.877752,-45.480715624666146,41.3312239296433
46.79,44.7,1.68689,1.484335,0.862257,1.67842,1.477052,0.87057,-44.46403056670696,40.690864429707524
46.8,44.71,1.700368,1.501782,0.854819,1.69153,1.494585,0.863219,-43.5444858557228,39.15677061149314
46.81,44.72,1.713638,1.517977,0.845669,1.704922,1.511298,0.854186,-44.33839996744334,37.46265263563535
46.82,44.73,1.726809,1.532776,0.834483,1.717527,1.527081,0.843511,-44.20523240964833,31.531326679179443
46.83,44.74,1.740407,1.547443,0.824651,1.729906,1.542326,0.832612,-37.166430897762126,25.979368712494917
46.84,44.75,1.752946,1.561054,0.815464,1.742214,1.556793,0.82317,-35.67984064295641,21.654903920625472
46.85,44.76,1.766268,1.574598,0.808697,1.75452,1.570332,0.815083,-28.527701888905877,19.95725739008589
46.86,44.77,1.778233,1.587787,0.803128,1.766045,1.582879,0.807988,-21.739783707073798,21.93421081787516
46.87,44.78,1.790692,1.600463,0.796947,1.7786,1.596274,0.803334,-27.843034925470217,19.107486703419603
46.88,44.79,1.802269,1.613212,0.79253,1.790459,1.609772,0.799381,-30.118089256206368,16.239709990968578
46.89,44.8,1.815113,1.625612,0.790091,1.802955,1.622437,0.796379,-27.347568061530577,14.635644699232184
46.9,44.81,1.829959,1.637149,0.788785,1.816672,1.634117,0.794374,-22.813409342225732,12.854392452417766
46.91,44.82,1.843847,1.647105,0.786322,1.83114,1.645177,0.791764,-23.183895799680815,8.627535524575883
46.92,44.83,1.85726,1.655415,0.783402,1.845789,1.654932,0.787317,-18.84453910047996,2.4110822307980113
46.93,44.84,1.871912,1.662976,0.778171,1.860089,1.663749,0.782225,-18.926378951048303,-3.740733394379056
46.94,44.85,1.886786,1.66844,0.770844,1.874553,1.671459,0.777467,-28.431309241859985,-13.863091651816996
46.95,44.86,1.900887,1.674074,0.7666,1.888526,1.67771,0.77208,-23.9091381601523,-16.391296972639967
46.96,44.87,1.914205,1.679533,0.763839,1.901464,1.682656,0.768926,-21.764959327662247,-13.772473092218435
46.97,44.88,1.926156,1.684477,0.761702,1.914529,1.687629,0.767052,-24.70885607467987,-15.167935979154608
46.98,44.89,1.939408,1.689795,0.759355,1.927482,1.693217,0.765266,-26.36484498759708,-16.010096729324395
46.99,44.9,1.952459,1.695649,0.758771,1.939604,1.698971,0.764235,-23.027851459690357,-14.489433982555054
47.0,44.91,1.96401,1.701665,0.760161,1.951007,1.704277,0.763871,-15.924442761778245,-11.35822470432601
47.01,44.92,1.976069,1.705852,0.763129,1.962814,1.708824,0.763745,-2.6607939842589117,-12.637690558013876
47.02,44.93,1.990123,1.708841,0.766452,1.976603,1.711837,0.76441,8.588781177311935,-12.494700945502068
47.03,44.94,2.00452,1.709086,0.763067,1.99159,1.713577,0.765373,-10.112095019573974,-19.15373942632741
47.04,44.95,2.019059,1.708275,0.762833,2.006288,1.71313,0.765194,-10.474125463638266,-20.814709613268537
47.05,44.96,2.033567,1.706629,0.764427,2.020769,1.711737,0.76487,-1.9824894643582998,-21.758170893197455
47.06,44.97,2.048347,1.704227,0.765198,2.035692,1.709807,0.764281,4.1444931940892955,-23.79423844468886
47.07,44.98,2.061943,1.701803,0.766188,2.049426,1.707856,0.76373,11.109971077028632,-25.807590068704187
47.08,44.99,2.074479,1.699882,0.76767,2.062182,1.705412,0.764514,14.394173243553654,-24.21360108265754
47.09,45.0,2.08725,1.698594,0.769397,2.075029,1.703774,0.766178,14.756485273574423,-22.970172647681338
47.1,45.01,2.100276,1.697505,0.772855,2.087877,1.702616,0.768677,18.62189511380844,-22.401978834459694
47.11,45.02,2.113447,1.696298,0.777586,2.100986,1.701504,0.773664,17.470978130419848,-22.6743664477533
47.12,45.03,2.127305,1.693856,0.782119,2.114476,1.698492,0.777932,18.07512628365001,-19.868273248725718
47.13,45.04,2.141327,1.688118,0.786135,2.129089,1.693728,0.781908,19.054890685601073,-24.62711129467335
47.14,45.05,2.156126,1.681671,0.789444,2.144285,1.688083,0.784646,22.057902592629105,-28.435913578204882
47.15,45.06,2.170301,1.675137,0.793791,2.15967,1.682081,0.787579,30.29897623062601,-33.15193029148037
47.16,45.07,2.184686,1.668716,0.79895,2.173871,1.675393,0.792294,31.60986687244553,-31.69048776142528
47.17,45.08,2.19827,1.662249,0.804355,2.187322,1.668289,0.797209,33.133366888876424,-28.885474954985277
47.18,45.09,2.211449,1.655421,0.810268,2.201056,1.661853,0.802968,35.08404520553078,-31.752457356969103
47.19,45.1,2.225067,1.64881,0.817722,2.21489,1.65515,0.809889,37.584641190170245,-31.92180708344424
47.2,45.11,2.238385,1.642082,0.826372,2.228324,1.648977,0.818984,36.29060644994985,-34.42360313730364
47.21,45.12,2.251041,1.634056,0.835731,2.241448,1.64129,0.82798,38.93769085984932,-37.01963658288505
47.22,45.13,2.263984,1.623916,0.844663,2.254844,1.631671,0.837581,37.76980924185173,-40.31354792266514
47.23,45.14,2.277748,1.612703,0.853613,2.268938,1.620863,0.84668,38.200857979695485,-42.80647849999512
47.24,45.15,2.29133,1.601247,0.863216,2.283573,1.60962,0.855369,45.33046417429072,-47.187046302453304
47.25,45.16,2.304536,1.589651,0.872985,2.297507,1.597987,0.864543,50.218469934127086,-49.862072575407346
47.26,45.17,2.317446,1.577809,0.883429,2.30993,1.585732,0.874587,49.63433486113093,-46.51007076989914
47.27,45.18,2.329802,1.566038,0.894364,2.32274,1.573548,0.885009,52.95119416091034,-46.76094061387482
47.28,45.19,2.342417,1.554049,0.906618,2.335678,1.561535,0.897145,54.57232336945985,-48.006022500102205
47.29,45.2,2.354322,1.542271,0.920139,2.347483,1.549898,0.910792,53.80786383105733,-48.117966075910864
47.3,45.21,2.365361,1.529691,0.934413,2.358376,1.537414,0.924975,53.495107066588695,-47.87250831431062
47.31,45.22,2.376024,1.515543,0.948739,2.369549,1.523224,0.939158,55.94851472645708,-49.86947321631807
47.32,45.23,2.387091,1.500449,0.96339,2.380938,1.508286,0.953641,57.74226980798331,-51.86376667367157
47.33,45.24,2.398995,1.483549,0.978247,2.393057,1.491907,0.96921,56.69202603949671,-54.607841585491336
47.34,45.25,2.410486,1.466741,0.993303,2.404771,1.475194,0.984176,57.94667809535745,-55.9377152715167
47.35,45.26,2.42132,1.449785,1.009008,2.416119,1.458301,0.999502,61.31569038071414,-58.58622142038554
47.36,45.27,2.431479,1.432876,1.025406,2.426526,1.441295,1.015781,62.76976720510767,-59.531183636161
47.37,45.28,2.440836,1.416348,1.043062,2.436045,1.424805,1.033202,64.08476089784155,-60.46788487074531
47.38,45.29,2.449303,1.400685,1.061146,2.4444,1.408788,1.050932,64.35771763741259,-58.82251617843594
47.39,45.3,2.457025,1.383405,1.079826,2.452016,1.391554,1.069824,63.39829858715809,-58.421928700375325
47.4,45.31,2.464568,1.364828,1.099202,2.459348,1.372938,1.088966,62.98001758394946,-57.232649259814885
47.41,45.32,2.472022,1.344637,1.119012,2.466742,1.35288,1.108529,63.26685607107041,-57.35867117228065
47.42,45.33,2.479307,1.32339,1.137961,2.474022,1.331938,1.128433,60.98370306570091,-58.272605714561465
47.43,45.34,2.486912,1.303257,1.158189,2.480882,1.311478,1.148929,56.92831170530559,-53.74042195931913
47.44,45.35,2.494013,1.283597,1.179229,2.487926,1.291684,1.169824,57.08869515416241,-53.03160746377297
47.45,45.36,2.499407,1.264783,1.201711,2.493189,1.272559,1.192251,56.68332677009973,-51.35277395353122
47.46,45.37,2.503789,1.247048,1.225868,2.49786,1.255018,1.216267,58.30301734991718,-53.35389933599953
47.47,45.38,2.50868,1.229045,1.250109,2.502429,1.236731,1.240489,56.984507091722065,-50.87864888181919
47.48,45.39,2.513372,1.209544,1.274664,2.506641,1.217135,1.264939,55.311587004495735,-48.43634096592199
47.49,45.4,2.517366,1.188122,1.299399,2.511293,1.195751,1.28917,59.3022187357759,-51.478757753873516
47.5,45.41,2.520673,1.166719,1.323972,2.515134,1.17402,1.313752,61.543347273610934,-52.81374773708288
47.51,45.42,2.524943,1.145346,1.350182,2.518797,1.152876,1.340108,58.613244293678726,-50.77861276503284
47.52,45.43,2.528977,1.124638,1.376303,2.523339,1.132423,1.366103,61.06859190337022,-54.08744678437332
47.53,45.44,2.532906,1.105883,1.403681,2.527546,1.113134,1.393195,62.92580179653836,-53.52787741549165
47.54,45.45,2.536749,1.088112,1.43196,2.531853,1.095232,1.421096,65.74068482999279,-55.48601298607378
47.55,45.46,2.54075,1.070587,1.46031,2.536057,1.076999,1.449141,67.20878628281898,-53.79927024781461
47.56,45.47,2.544405,1.051006,1.489388,2.539577,1.057727,1.478183,66.68980127947225,-54.30859375161185
47.57,45.48,2.548598,1.03129,1.518971,2.543733,1.037533,1.507722,66.61234355352792,-52.07168370900974
47.58,45.49,2.552666,1.01121,1.549301,2.547664,1.018039,1.537917,66.27986009771753,-53.7785477635734
47.59,45.5,2.556302,0.993234,1.580027,2.551588,1.000007,1.568803,67.21794141462797,-55.16212878469117
47.6,45.51,2.559706,0.978076,1.611643,2.554996,0.983994,1.59973,68.42782224185576,-51.48452522339694
47.61,45.52,2.563017,0.963799,1.64383,2.55882,0.96914,1.631788,70.78501398880681,-51.839457163748236
47.62,45.53,2.56727,0.948127,1.677012,2.562841,0.953594,1.664994,69.76961744525728,-50.98790809118909
47.63,45.54,2.57244,0.930581,1.71056,2.568187,0.936647,1.698933,69.90816096009962,-54.96489598867295
47.64,45.55,2.577679,0.913107,1.743944,2.572963,0.919477,1.732502,67.60022292635195,-53.48577462408777
47.65,45.56,2.582073,0.896252,1.778255,2.577714,0.902304,1.766317,69.94101476582797,-54.236387310636644
47.66,45.57,2.585934,0.881138,1.812782,2.58155,0.88726,1.801174,69.30992475286779,-54.39332741625994
47.67,45.58,2.590099,0.868367,1.847469,2.585794,0.873707,1.835588,70.08235840311607,-51.124942220779126
47.68,45.59,2.594451,0.858115,1.882343,2.590281,0.862528,1.870317,70.87607729876396,-46.62171224723489
47.69,45.6,2.599694,0.848523,1.919355,2.595144,0.852898,1.90697,69.82768286309064,-43.87669728592435
47.7,45.61,2.604797,0.837255,1.956524,2.600373,0.841767,1.944303,70.09975229149568,-45.56421951833408
47.71,45.62,2.609652,0.824205,1.994118,2.605291,0.829271,1.981713,70.63078391904682,-49.27691435396273
47.72,45.63,2.613867,0.809874,2.031793,2.61025,0.815484,2.01997,72.98960271794566,-57.188443352881336
47.73,45.64,2.618374,0.795626,2.069279,2.614548,0.801524,2.057356,72.20895946014255,-57.02874814364248
47.74,45.65,2.62337,0.782861,2.107135,2.61919,0.788125,2.094932,71.09168241663741,-51.5478614128126
47.75,45.66,2.628062,0.772466,2.144192,2.623961,0.776765,2.131603,71.95643213791433,-46.3502933314434
47.76,45.67,2.632856,0.764182,2.181722,2.628728,0.767383,2.168839,72.23338456312624,-37.79128967920277
47.77,45.68,2.637609,0.75718,2.220818,2.633051,0.760598,2.207407,71.22863053811636,-36.86587491331566
47.78,45.69,2.642828,0.751094,2.25997,2.63798,0.754587,2.247012,69.4875780475375,-35.77287441407011
47.79,45.7,2.647551,0.743896,2.299785,2.642977,0.747327,2.286677,70.76370909394088,-36.87390588533667
47.8,45.71,2.652098,0.735128,2.34006,2.648039,0.738846,2.327011,72.72125952207757,-42.489346251732364
47.81,45.72,2.656586,0.725243,2.380499,2.652425,0.72917,2.367311,72.48877958809695,-43.34279507110087
47.82,45.73,2.661008,0.714646,2.420301,2.65675,0.718695,2.407109,72.11140583154554,-43.55877065266976
47.83,45.74,2.665797,0.705139,2.459825,2.661002,0.708067,2.446873,69.68478781802797,-31.409744770187498
47.84,45.75,2.671253,0.696883,2.499337,2.666125,0.699157,2.486355,68.44556012212992,-23.914783985283123
47.85,45.76,2.676364,0.689633,2.539634,2.670923,0.692256,2.526399,67.6520973868752,-25.737809366813604
47.86,45.77,2.68206,0.684579,2.579618,2.676522,0.686919,2.566636,66.89735722630303,-22.90576965841613
47.87,45.78,2.688425,0.681025,2.620929,2.682927,0.683764,2.607964,67.01990905483304,-26.481620905482416
47.88,45.79,2.695317,0.677675,2.662535,2.69005,0.680838,2.649664,67.74490990418744,-30.986147690857983
47.89,45.8,2.702067,0.672904,2.704261,2.697117,0.676554,2.691506,68.78960847060657,-36.40408856307929
47.9,45.81,2.708355,0.666621,2.746842,2.703817,0.67104,2.734229,70.21190178376938,-44.23883033995551
47.91,45.82,2.71479,0.659573,2.789092,2.709763,0.66399,2.776754,67.83203158200058,-41.304326340932604
47.92,45.83,2.720976,0.652289,2.830676,2.715281,0.656158,2.818157,65.53880656310014,-34.19092831844641
47.93,45.84,2.727423,0.64491,2.87251,2.721577,0.648581,2.859639,65.57248147438638,-32.126796621743495
47.94,45.85,2.73462,0.638461,2.913681,2.728494,0.642027,2.901064,64.10178604422805,-30.20407188213125
47.95,45.86,2.742549,0.633978,2.954924,2.736291,0.637594,2.942541,63.18932311403486,-30.020197836989656
47.96,45.87,2.751136,0.631707,2.995848,2.744664,0.634997,2.983815,61.72622593084916,-26.946217426936844
47.97,45.88,2.760893,0.631201,3.03778,2.754533,0.634181,3.025019,63.50863070188458,-25.10560182208587
47.98,45.89,2.771418,0.63085,3.078768,2.765078,0.633485,3.066698,62.28843437247134,-22.568510277336305
47.99,45.9,2.782513,0.628788,3.120877,2.77622,0.631264,3.107989,63.97449835466421,-21.477307976313035
48.0,45.91,2.79348,0.625192,3.162689,2.78714,0.628094,3.150218,63.05215233464671,-24.59492966009818
48.01,45.92,2.804011,0.620366,3.204689,2.797479,0.623365,3.19268,61.45710805269152,-24.66100570085092
48.02,45.93,2.814101,0.614628,3.246944,2.807807,0.618426,3.234652,62.88572182398006,-31.108118492997182
48.03,45.94,2.824123,0.609591,3.288786,2.817734,0.613411,3.276852,61.83713339287453,-30.87531478161983
48.04,45.95,2.834932,0.606479,3.330485,2.828508,0.61017,3.318777,61.2470989888476,-29.880130240659174
48.05,45.96,2.84692,0.604831,3.371444,2.840038,0.608798,3.359963,59.06046814936844,-29.96049320290884
48.06,45.97,2.859641,0.605933,3.4117,2.852801,0.60941,3.399938,59.82055369073843,-26.94574842850458
48.07,45.98,2.87343,0.608761,3.452877,2.866701,0.611795,3.440177,62.08345497636035,-24.26986258895952
48.08,45.99,2.888202,0.610482,3.492189,2.881233,0.613183,3.480506,59.18359619795484,-21.185012850431352
48.09,46.0,2.9038,0.610686,3.533213,2.896148,0.61379,3.521812,56.13170471662295,-22.079717281656006
48.1,46.01,2.918942,0.60933,3.574569,2.911324,0.612613,3.563012,56.60842302452332,-23.313771426920944
48.11,46.02,2.933822,0.607605,3.615132,2.925605,0.610298,3.603784,54.0919901439965,-18.145790307556513
48.12,46.03,2.947967,0.605443,3.656158,2.939984,0.607545,3.643868,56.99416137482761,-14.751688043300272
48.13,46.04,2.962286,0.60333,3.696867,2.954242,0.606266,3.684495,56.968970715950206,-20.051705019886636
48.14,46.05,2.976396,0.603177,3.736853,2.968345,0.605902,3.725285,55.16317762489235,-18.699277502712366
48.15,46.06,2.991326,0.604458,3.776381,2.983093,0.607277,3.764841,54.49474181001535,-18.901333412979444
48.16,46.07,3.006905,0.607827,3.815298,2.998395,0.610024,3.803835,53.41022994544389,-14.475791836420944
48.17,46.08,3.022894,0.612935,3.854381,3.014786,0.614892,3.842619,55.42000708144449,-13.56974360572261
48.18,46.09,3.040089,0.617431,3.893349,3.031766,0.619235,3.881751,54.33588080248404,-12.229615757558255
48.19,46.1,3.057433,0.620101,3.933013,3.049084,0.621968,3.921108,54.95794490673034,-12.60508096804317
48.2,46.11,3.074487,0.621206,3.973062,3.066223,0.623632,3.961305,54.896601059215975,-16.360257612383382
48.21,46.12,3.090806,0.621616,4.012764,3.082735,0.623566,4.001037,55.46266464575911,-13.582693432139196
48.22,46.13,3.106637,0.62191,4.05183,3.099127,0.622445,4.039698,58.241495433706824,-4.074773008254757
48.23,46.14,3.123173,0.621839,4.091883,3.115477,0.622969,4.079053,59.042811222719116,-8.353025792313469
48.24,46.15,3.139418,0.623037,4.130497,3.131716,0.624257,4.11805,58.25145564568151,-9.000892907380134
48.25,46.16,3.155966,0.625683,4.168961,3.148342,0.627891,4.156903,57.69576052038163,-16.15163760565989
48.26,46.17,3.172082,0.63103,4.206992,3.164349,0.632545,4.19463,57.972125155952035,-11.084629176294406
48.27,46.18,3.188172,0.638471,4.244639,3.180357,0.639558,4.232485,57.259055847791565,-7.9185509320201275
48.28,46.19,3.204578,0.645636,4.282798,3.196761,0.646656,4.270582,57.38488302565242,-7.43422809255657
48.29,46.2,3.221172,0.651436,4.321783,3.2133,0.652208,4.309207,57.95531928126502,-5.601035598729942
48.3,46.21,3.237823,0.654794,4.360802,3.230235,0.65664,4.348551,58.226836476258825,-13.673233882691402
48.31,46.22,3.254474,0.657258,4.400668,3.247032,0.659374,4.387889,59.78511748279502,-15.872156297931786
48.32,46.23,3.270586,0.658679,4.43931,3.263971,0.661318,4.426607,62.49206290398107,-21.749122788406513
48.33,46.24,3.286453,0.661269,4.476394,3.280483,0.663586,4.464183,63.945831448214946,-21.211591506057303
48.34,46.25,3.302082,0.66582,4.514359,3.295998,0.66781,4.501944,63.892727059383716,-18.112270737328874
48.35,46.26,3.317018,0.671912,4.551222,3.310696,0.673736,4.53865,63.30384576167472,-16.093712480405177
48.36,46.27,3.331208,0.680954,4.588484,3.324821,0.682192,4.575581,63.664536497210634,-10.969681791862893
48.37,46.28,3.344857,0.690507,4.624712,3.338533,0.691726,4.612323,62.95783275692719,-10.910391658706942
48.38,46.29,3.358641,0.699914,4.662378,3.352203,0.699663,4.649471,63.490020403534615,2.232674863094359
48.39,46.3,3.373359,0.70742,4.700336,3.366359,0.707325,4.688279,59.86159521749575,0.7775378448588662
48.4,46.31,3.388877,0.713037,4.738357,3.381447,0.713241,4.726224,58.51755315467422,-1.5727326081716935
48.41,46.32,3.403737,0.718107,4.775766,3.39775,0.717163,4.763012,64.85363669135236,8.960340347659244
48.42,46.33,3.417175,0.723397,4.811793,3.411964,0.722046,4.799443,67.12301187729483,14.534455080541012
48.43,46.34,3.430028,0.729825,4.848212,3.424695,0.728314,4.835858,66.6510095986789,15.819028193233738
48.44,46.35,3.443221,0.736277,4.882335,3.436179,0.737019,4.872592,54.14152548732343,-6.014935356160779
48.45,46.36,3.457275,0.742101,4.913075,3.446655,0.747396,4.908867,21.61513086733239,-26.500273613367682
48.46,46.37,3.47015,0.749688,4.945122,3.456533,0.759107,4.945681,-2.3507650104088817,-34.67195437963073
48.47,46.38,3.471094,0.770886,4.995995,3.466764,0.769146,4.982841,71.77962150755698,21.89260842168838
48.48,46.39,3.482904,0.778347,5.033859,3.477464,0.778299,5.02137,66.4628622678097,0.5055378764814643
48.49,46.4,3.494153,0.785449,5.073018,3.488747,0.785751,5.059921,67.5708154388063,-3.197439722684713
48.5,46.41,3.50502,0.791194,5.110093,3.500165,0.793658,5.098022,68.08982965555205,-26.908614654561376
48.51,46.42,3.513423,0.799776,5.147623,3.510031,0.802983,5.135096,74.84903913459478,-43.39415917286882
48.52,46.43,3.52016,0.80969,5.183012,3.51773,0.812505,5.170428,79.0705725411409,-49.19816676768853
48.53,46.44,3.525198,0.82195,5.216946,3.522719,0.824151,5.204546,78.69451050581789,-41.60052741785909
48.54,46.45,3.529579,0.834773,5.249715,3.5264,0.836618,5.238594,74.04711934673502,-30.129644524706883
48.55,46.46,3.531577,0.847469,5.281919,3.529301,0.848479,5.274296,73.375947034538,-23.929780573578864
48.56,46.47,3.536469,0.858793,5.324258,3.532407,0.859143,5.311703,72.07171572392508,-4.924695928475068
48.57,46.48,3.54125,0.867139,5.362136,3.538373,0.868468,5.349209,77.45289097857243,-24.79408132170195
48.58,46.49,3.545398,0.874966,5.399552,3.543564,0.878665,5.386898,81.7532935570523,-63.62734077366595
48.59,46.5,3.548392,0.884407,5.435472,3.546959,0.889097,5.423151,83.3659915511265,-73.00979745393327
48.6,46.51,3.549092,0.895813,5.469296,3.547586,0.900478,5.456949,83.04581577759299,-72.10838561472688
48.61,46.52,3.546999,0.910209,5.501429,3.545609,0.913704,5.488791,83.7235078055262,-68.31173927697272
48.62,46.53,3.544113,0.924648,5.533551,3.542825,0.927151,5.520761,84.24949124091162,-62.77044225002413
48.63,46.54,3.54571,0.936131,5.568419,3.540333,0.938725,5.554601,68.73748963637061,-25.753830116095777
48.64,46.55,3.54582,0.946325,5.603894,3.538227,0.949518,5.589683,61.884213194113165,-22.807673677713694
48.65,46.56,3.543333,0.954856,5.63989,3.536382,0.959344,5.626214,63.05746991958932,-32.84881411370594
48.66,46.57,3.538815,0.963095,5.675377,3.534035,0.969094,5.662652,69.41188809125246,-51.452181725112716
48.67,46.58,3.53283,0.972414,5.709319,3.530423,0.97966,5.69745,78.53604698430611,-71.6243758395713
48.68,46.59,3.525945,0.984186,5.740684,3.524781,0.991932,5.729061,84.28110977538347,-81.45404347848364
48.69,46.6,3.518797,0.997641,5.770415,3.517869,1.005355,5.758563,85.52293087579312,-83.1402399944739
48.7,46.61,3.508986,1.011835,5.80028,3.509491,1.018675,5.787868,92.32987581740296,-94.22250977548383
48.71,46.62,3.50059,1.024591,5.830942,3.50126,1.029933,5.818106,92.98795310258652,-97.14877628928092
48.72,46.63,3.492948,1.035235,5.863406,3.492826,1.040115,5.850224,89.46974013576892,-88.56790381583328
48.73,46.64,3.486107,1.045293,5.896067,3.48513,1.049178,5.882661,85.8317776935533,-75.88397194182781
48.74,46.65,3.479753,1.054951,5.928148,3.478121,1.058476,5.914614,83.12417576351176,-65.15686727637714
48.75,46.66,3.468025,1.065607,5.9579,3.468333,1.068363,5.944234,91.29109564381879,-96.37669749408397
48.76,46.67,3.454944,1.077731,5.985148,3.458216,1.078492,5.971691,103.66598342702618,-166.9069479310389
48.77,46.68,3.439948,1.09109,6.010377,3.44593,1.090215,5.997689,115.24242933172292,171.67823781964364
48.78,46.69,3.422922,1.103809,6.035243,3.431,1.101829,6.023398,124.29303039022037,166.2277443165091
48.79,46.7,3.407418,1.113508,6.06382,3.413981,1.112832,6.051172,117.4246301921893,174.11917739077498
48.8,46.71,3.394231,1.121445,6.093562,3.398438,1.121418,6.080393,107.71672485416053,179.63228789928363
48.81,46.72,3.378953,1.129007,6.123494,3.383414,1.129454,6.110361,108.7615286167084,-174.27796220332024
48.82,46.73,3.36467,1.13581,6.152633,3.369304,1.137035,6.139605,109.5802400421611,-165.19255280044757
48.83,46.74,3.351343,1.142261,6.180514,3.354267,1.145468,6.166892,102.11486287409173,-132.35716777081268
48.84,46.75,3.330532,1.152353,6.204011,3.338092,1.154194,6.192219,122.6644446581207,-166.31380276077007
48.85,46.76,3.31133,1.161807,6.226273,3.320639,1.163743,6.215397,130.56092288881254,-168.25162113916824
48.86,46.77,3.289337,1.171701,6.246779,3.300652,1.173779,6.236869,138.7871989624519,-169.59358828103464
48.87,46.78,3.269309,1.179774,6.268689,3.278166,1.182408,6.257982,129.5980914519475,-163.43794893887286
48.88,46.79,3.247871,1.187424,6.291512,3.257221,1.188932,6.280647,130.71401745877188,-170.8380382784617
48.89,46.8,3.226484,1.193873,6.315317,3.236875,1.194649,6.304921,134.98621836282027,-175.7290785416059
48.9,46.81,3.20861,1.198529,6.340661,3.2161,1.200914,6.329067,122.86342239063958,-162.33724687171556
48.91,46.82,3.186208,1.205072,6.362031,3.196816,1.206566,6.351842,136.15418974910241,-171.98335448668334
48.92,46.83,3.165053,1.211986,6.381341,3.176417,1.212848,6.372142,141.0103113417234,-175.66221722432417
48.93,46.84,3.143732,1.219728,6.398557,3.155905,1.219239,6.390302,145.85722863194457,177.6996155358923
48.94,46.85,3.120669,1.227848,6.413097,3.134201,1.226982,6.406727,154.79194386782208,176.33826683204583
48.95,46.86,3.096047,1.23462,6.428499,3.110018,1.233926,6.421992,155.02622758773546,177.1562083232014
48.96,46.87,3.071309,1.239775,6.44628,3.083844,1.238974,6.438079,146.80535829245343,176.34370921044402
48.97,46.88,3.04641,1.243253,6.464858,3.058722,1.24296,6.45638,145.4488383005648,178.6367368995348
48.98,46.89,3.021453,1.24585,6.483635,3.03361,1.246432,6.475204,145.2583083543958,-177.25913437054976
48.99,46.9,2.996363,1.248462,6.501019,3.008546,1.250562,6.493512,148.35918549528242,-170.21995531056703
49.0,46.91,2.972546,1.252386,6.515056,2.986776,1.254084,6.51075,163.16417754526577,-173.19533442636737
49.01,46.92,2.948343,1.257116,6.527489,2.96286,1.257444,6.524559,168.58915604089822,-178.7056679253307
49.02,46.93,2.922703,1.261405,6.539759,2.937534,1.261868,6.535771,164.94938550942496,-178.21189852268117
49.03,46.94,2.896676,1.26585,6.550859,2.911493,1.266257,6.546965,165.27528239238015,-178.42656948308263
49.04,46.95,2.869676,1.269495,6.562141,2.884496,1.270427,6.558444,165.99286977637942,-176.4015225157126
49.05,46.96,2.842515,1.271404,6.574043,2.857399,1.272838,6.570678,167.26063982176242,-174.49681977426303
49.06,46.97,2.815528,1.272468,6.58552,2.830286,1.273236,6.583301,171.44911175819584,-177.0210393560578
49.07,46.98,2.787667,1.272073,6.597442,2.802399,1.273156,6.59507,170.85330513289404,-175.79555318560676
49.08,46.99,2.758153,1.271286,6.607721,2.774585,1.272596,6.606063,174.2383171209655,-175.44187797259573
49.09,47.0,2.733416,1.270531,6.62044,2.747088,1.272127,6.616804,165.10719323822954,-173.34171615120565
49.1,47.01,2.705976,1.271545,6.629867,2.720724,1.272755,6.627059,169.21998672988815,-175.30967176038328
49.11,47.02,2.679136,1.273324,6.637765,2.693918,1.274345,6.635672,171.9409969786225,-176.04882772418264
49.12,47.03,2.652285,1.276029,6.644125,2.666871,1.276817,6.643119,176.05454414757352,-176.90763564809862
49.13,47.04,2.62413,1.277105,6.650154,2.638208,1.27791,6.649138,175.87215785661536,-176.72730990865173
49.14,47.05,2.594576,1.276167,6.657317,2.608744,1.277086,6.654927,170.42491936096363,-176.28873795999957
49.15,47.06,2.564687,1.273693,6.664883,2.579297,1.275001,6.662516,170.79733898251263,-174.88407875864465
49.16,47.07,2.53439,1.270324,6.671763,2.549033,1.272548,6.669841,172.522260994493,-171.36383684020086
49.17,47.08,2.50516,1.267245,6.678135,2.519696,1.270199,6.676628,174.0810836078946,-168.5128037341812
49.18,47.09,2.476747,1.265249,6.683124,2.491232,1.267819,6.682397,177.1267443094481,-169.93900094576844
49.19,47.1,2.448496,1.264281,6.687494,2.463001,1.266073,6.687255,179.05601845891223,-172.95715980102548
49.2,47.11,2.418277,1.264775,6.690326,2.433958,1.266315,6.690183,179.4775161432163,-174.391080984024
49.21,47.12,2.390257,1.265941,6.693427,2.404735,1.267784,6.692569,176.6084853096169,-172.74546006854192
49.22,47.13,2.359901,1.266681,6.69606,2.374529,1.268865,6.695286,176.97117742414562,-171.5083111813824
49.23,47.14,2.328905,1.265028,6.698836,2.342854,1.26799,6.69797,176.44744829489093,-168.0115996981279
49.24,47.15,2.297122,1.261612,6.701191,2.310423,1.265252,6.700274,176.05614429533284,-164.6949578098003
49.25,47.16,2.266577,1.257859,6.702996,2.280155,1.261013,6.703355,-178.4854622336232,-166.92281740238607
49.26,47.17,2.236891,1.255011,6.70468,2.249675,1.258585,6.705176,-177.77812423950974,-164.38069725771675
49.27,47.18,2.20428,1.255995,6.705563,2.219689,1.257824,6.706022,-178.29379008822647,-173.23084210337177
49.28,47.19,2.175539,1.258302,6.707076,2.189906,1.259935,6.706786,178.84363332876896,-173.51540513190957
49.29,47.2,2.148704,1.259789,6.708105,2.159769,1.263447,6.707981,179.35794132250274,-161.70652962764666
49.3,47.21,2.113691,1.262652,6.709362,2.127918,1.265434,6.710117,-176.96227077803266,-168.9357843537305
49.31,47.22,2.080726,1.261818,6.710358,2.094783,1.264785,6.712013,-173.2851969699693,-168.08155935596827
49.32,47.23,2.048577,1.259336,6.711682,2.06146,1.263194,6.713463,-172.12907950030885,-163.32891314377468
49.33,47.24,2.01563,1.260103,6.711422,2.029036,1.264555,6.712775,-174.23694015196497,-161.62918343092264
49.34,47.25,1.985018,1.263718,6.711236,1.998748,1.267528,6.712406,-175.12931515262036,-164.49095607741597
49.35,47.26,1.955666,1.270942,6.711297,1.96957,1.274403,6.712688,-174.28695886542837,-166.0219474623646
49.36,47.27,1.925829,1.278839,6.711743,1.939263,1.28193,6.714007,-170.43396637694906,-167.0424557514355
49.37,47.28,1.892989,1.284986,6.711923,1.90753,1.286845,6.71501,-168.01426992838822,-172.7145188501083
49.38,47.29,1.860543,1.287889,6.712713,1.874408,1.290165,6.715098,-170.23973572867,-170.67778957968272
49.39,47.3,1.828681,1.292026,6.712916,1.841509,1.295652,6.714798,-171.6536598833645,-164.21636943038666
49.4,47.31,1.798478,1.298933,6.713152,1.812019,1.302244,6.714954,-172.4197693388624,-166.25982778135813
49.41,47.32,1.771221,1.308211,6.713384,1.784159,1.310612,6.715036,-172.72351165143323,-169.48679907962492
49.42,47.33,1.747362,1.318275,6.714006,1.756874,1.321405,6.714816,-175.13268632628547,-161.78579426162912
49.43,47.34,1.722971,1.325656,6.715285,1.727589,1.332452,6.713994,164.38122655275595,-124.19678852427404
49.44,47.35,1.694435,1.333612,6.716559,1.697356,1.342135,6.714122,140.16164548928583,-108.9175975355361
49.45,47.36,1.660101,1.342567,6.717579,1.665877,1.349826,6.715524,160.41532891363298,-128.50933230240972
49.46,47.37,1.623707,1.352295,6.717977,1.634124,1.35663,6.71726,176.06255320417432,-157.40552536294175
49.47,47.38,1.588992,1.362572,6.717384,1.603069,1.363653,6.718387,-175.92450712015793,-175.60876467847024
49.48,47.39,1.559693,1.373172,6.715435,1.573688,1.371998,6.717965,-169.7528078290728,175.20484993647455
49.49,47.4,1.53435,1.383858,6.712684,1.545466,1.381373,6.716454,-161.26559323177295,167.39862735092706
49.5,47.41,1.517803,1.392322,6.712913,1.517223,1.390725,6.714878,-73.5552234268269,70.0399420128906
49.51,47.42,1.489779,1.403584,6.709079,1.488943,1.400004,6.713106,-78.27205700038807,76.85585941243882
49.52,47.43,1.460823,1.413933,6.705173,1.460639,1.409175,6.711035,-88.20215571691172,87.78537773461643
49.53,47.44,1.430705,1.423087,6.702258,1.432324,1.418201,6.708567,-104.39253733657266,108.3328676133772
49.54,47.45,1.400108,1.430798,6.70098,1.404011,1.427046,6.705599,-130.19741187357602,136.1300510570671
49.55,47.46,1.369507,1.437853,6.699946,1.375713,1.435674,6.702032,-161.42114786032695,160.6532224555971
49.56,47.47,1.339749,1.444226,6.696964,1.34744,1.444047,6.697763,-174.06895165740082,178.66674121295316
49.57,47.48,1.310963,1.450134,6.693799,1.319208,1.45213,6.692691,172.34619077610938,-166.391304590335
49.58,47.49,1.283625,1.457227,6.688578,1.291027,1.459887,6.686717,165.88728694896977,-160.2334740032157
49.59,47.5,1.262587,1.466313,6.679238,1.262912,1.46728,6.679739,-122.97157938965843,-108.57703353976483
49.6,47.51,1.236915,1.474348,6.670778,1.234873,1.474274,6.671657,-23.289960470252197,2.0754324754011186
49.61,47.52,1.193655,1.480564,6.656201,1.206924,1.480831,6.662368,-155.07252613128935,-178.84724478688565
49.62,47.53,1.166685,1.486225,6.646121,1.179024,1.487159,6.652443,-152.87125047078823,-175.6712536941908
49.63,47.54,1.143295,1.491865,6.635884,1.151355,1.492199,6.643733,-135.7598655281888,-177.6270660445189
49.64,47.55,1.116632,1.496053,6.626824,1.126068,1.497168,6.635092,-138.77454984344482,-173.26092382426475
49.65,47.56,1.095706,1.500602,6.614087,1.098986,1.500793,6.624922,-106.84225311678007,-176.66733248601588
49.66,47.57,1.062483,1.502161,6.607182,1.070455,1.503191,6.615419,-134.06335807206955,-172.63804291448983
49.67,47.58,1.037354,1.505503,6.595901,1.047386,1.50699,6.6041,-140.74139681521214,-171.568684305082
49.68,47.59,1.013422,1.509222,6.583095,1.020562,1.510481,6.591731,-129.5829778861428,-169.9998026497665
49.69,47.6,0.992733,1.513338,6.567735,1.000948,1.514863,6.577292,-130.681674077944,-169.48354989091348
49.7,47.61,0.970843,1.515727,6.551606,0.978976,1.517234,6.561482,-129.47184978659223,-169.50246864469096
49.71,47.62,0.945776,1.515989,6.535761,0.954879,1.517823,6.545134,-134.16276470108048,-168.60899264234558
49.72,47.63,0.923093,1.515198,6.519628,0.931727,1.517299,6.529206,-132.03278859939235,-166.3234436290788
49.73,47.64,0.898451,1.513732,6.503576,0.906263,1.516075,6.513339,-128.66553332352913,-163.30479309676218
49.74,47.65,0.877542,1.513357,6.487112,0.885113,1.5158,6.497,-127.44039807646922,-162.1162179341636
49.75,47.66,0.860753,1.515058,6.46943,0.863771,1.515688,6.480726,-104.95856379472181,-168.20896923401082
49.76,47.67,0.831762,1.513428,6.452221,0.84294,1.516962,6.461982,-138.87146103238678,-162.45529918411097
49.77,47.68,0.818301,1.516022,6.431355,0.824213,1.518345,6.44211,-118.79749920467953,-158.54866561464246
49.78,47.69,0.798374,1.516305,6.411092,0.805097,1.518414,6.421647,-122.4950705055577,-162.58339840253797
49.79,47.7,0.782983,1.516745,6.400535,0.783277,1.516835,6.400908,-128.24531132559935,-162.97947438849468
49.8,47.71,0.756221,1.511174,6.369391,0.760668,1.513557,6.379942,-112.8542864346834,-151.81461709699883
49.81,47.72,0.739475,1.509965,6.359649,0.739974,1.510226,6.359025,128.64860892281237,-152.38835918166768
49.82,47.73,0.722187,1.506795,6.337919,0.721501,1.506419,6.337703,17.477588667269565,28.727365807579087
49.83,47.74,0.696655,1.501716,6.304883,0.704017,1.50413,6.31556,-124.5870215285137,-161.8456813224386
49.84,47.75,0.680262,1.50111,6.281995,0.686616,1.503265,6.29287,-120.29671296802756,-161.26530222559393
49.85,47.76,0.671277,1.504565,6.269224,0.669585,1.502876,6.269571,-11.589675739835345,44.949160812351266
49.86,47.77,0.654045,1.50473,6.245012,0.653055,1.502809,6.245227,-12.252759515540113,62.73538694202109
49.87,47.78,0.63696,1.503009,6.220043,0.636675,1.502114,6.220085,-8.383248480861743,72.33666485581685
49.88,47.79,0.61406,1.497921,6.183143,0.620092,1.499842,6.194398,-118.18861920197715,-162.33497858763013
49.89,47.8,0.596192,1.4943,6.157218,0.60329,1.496464,6.168524,-122.12094092905502,-163.0448670848617
49.9,47.81,0.575567,1.490476,6.131044,0.587028,1.493714,6.142643,-134.6571238861188,-164.22377560331174
49.91,47.82,0.565787,1.489759,6.105567,0.57293,1.492111,6.116643,-122.81828969612049,-161.77466013295327
49.92,47.83,0.546844,1.488297,6.080251,0.557622,1.491311,6.091083,-134.8568271330885,-164.37668464757593
49.93,47.84,0.529702,1.488516,6.053216,0.544405,1.492568,6.064641,-142.15092469860346,-164.59232487747627
49.94,47.85,0.526617,1.490948,6.02597,0.527953,1.492965,6.038005,-96.33444393173103,-123.51929074553196
49.95,47.86,0.520767,1.491386,5.99914,0.516978,1.492393,6.010237,-71.14785627233319,-14.88340633294016
49.96,47.87,0.514295,1.490456,5.971126,0.503439,1.490271,5.981501,-43.70215457372356,0.9762982054994569
49.97,47.88,0.482978,1.483389,5.941988,0.489443,1.487055,5.953336,-119.67033414069759,-150.44444968407714
49.98,47.89,0.465226,1.478732,5.914454,0.47258,1.482842,5.924839,-125.3037119482012,-150.80006934146112
49.99,47.9,0.452367,1.474801,5.885015,0.459477,1.478854,5.896618,-121.49882412794896,-150.3150351552015
50.0,47.91,0.440206,1.471184,5.857791,0.446833,1.474993,5.868922,-120.7680584062771,-150.11100791852294
50.01,47.92,0.429465,1.468164,5.828537,0.435783,1.472151,5.840971,-116.9361659595763,-147.74585619136047
50.02,47.93,0.4197,1.466304,5.800478,0.428048,1.46992,5.813019,-123.64998506374212,-156.57978267026417
50.03,47.94,0.411697,1.464174,5.771121,0.419561,1.467767,5.783602,-122.21411532826407,-155.4447104829435
50.04,47.95,0.403855,1.46259,5.740552,0.409542,1.465547,5.753016,-114.5259843351856,-152.52747171936846
50.05,47.96,0.396463,1.460811,5.712879,0.399877,1.462078,5.722322,-109.87683091665042,-159.63915707946697
50.06,47.97,0.391218,1.457386,5.691063,0.390807,1.456546,5.691467,-44.50790111085769,63.92815712401043
50.07,47.98,0.382026,1.451413,5.659574,0.382157,1.449599,5.660524,-97.85127241791079,94.13050710613263
50.08,47.99,0.375666,1.444565,5.628774,0.373755,1.441888,5.629569,-22.58792394370721,54.478522329037254
50.09,48.0,0.365976,1.43668,5.597719,0.365427,1.434063,5.598677,-60.184319640631486,78.1521737075753
50.1,48.01,0.358571,1.428743,5.567505,0.356999,1.426774,5.567924,-14.924611376040325,51.397015161994055
50.11,48.02,0.343911,1.41644,5.525448,0.348298,1.420671,5.537385,-110.1790249533113,-136.03703475787248
50.12,48.03,0.344581,1.413981,5.507084,0.339403,1.415378,5.506979,1.1616903145460924,-15.098642368367745
50.13,48.04,0.339162,1.407798,5.47558,0.332967,1.410313,5.476127,-5.045960004130866,-22.09580265204636
50.14,48.05,0.328851,1.398244,5.430684,0.333111,1.402464,5.442971,-109.12183547577835,-135.2702611064948
